[2026-08-12T04:30:38.422+0000] {processor.py:186} INFO - Started process (PID=104) to work on /home/airflow/.local/lib/python3.12/site-packages/airflow/example_dags/example_inlet_event_extra.py
[2026-08-12T04:30:38.424+0000] {processor.py:914} INFO - Processing file /home/airflow/.local/lib/python3.12/site-packages/airflow/example_dags/example_inlet_event_extra.py for tasks to queue
[2026-08-12T04:30:38.429+0000] {logging_mixin.py:190} INFO - [2026-08-12T04:30:38.429+0000] {dagbag.py:587} INFO - Filling up the DagBag from /home/airflow/.local/lib/python3.12/site-packages/airflow/example_dags/example_inlet_event_extra.py
[2026-08-12T04:30:38.638+0000] {processor.py:925} INFO - DAG(s) 'read_dataset_event', 'read_dataset_event_from_classic' retrieved from /home/airflow/.local/lib/python3.12/site-packages/airflow/example_dags/example_inlet_event_extra.py
[2026-08-12T04:30:38.763+0000] {logging_mixin.py:190} INFO - [2026-08-12T04:30:38.762+0000] {override.py:1858} INFO - Created Permission View: can edit on DAG:read_dataset_event
[2026-08-12T04:30:38.775+0000] {logging_mixin.py:190} INFO - [2026-08-12T04:30:38.774+0000] {override.py:1858} INFO - Created Permission View: can delete on DAG:read_dataset_event
[2026-08-12T04:30:38.783+0000] {logging_mixin.py:190} INFO - [2026-08-12T04:30:38.783+0000] {override.py:1858} INFO - Created Permission View: can read on DAG:read_dataset_event
[2026-08-12T04:30:38.798+0000] {logging_mixin.py:190} INFO - [2026-08-12T04:30:38.798+0000] {override.py:1858} INFO - Created Permission View: can edit on DAG:read_dataset_event_from_classic
[2026-08-12T04:30:38.806+0000] {logging_mixin.py:190} INFO - [2026-08-12T04:30:38.806+0000] {override.py:1858} INFO - Created Permission View: can delete on DAG:read_dataset_event_from_classic
[2026-08-12T04:30:38.815+0000] {logging_mixin.py:190} INFO - [2026-08-12T04:30:38.815+0000] {override.py:1858} INFO - Created Permission View: can read on DAG:read_dataset_event_from_classic
[2026-08-12T04:30:38.816+0000] {logging_mixin.py:190} INFO - [2026-08-12T04:30:38.816+0000] {dag.py:3211} INFO - Sync 2 DAGs
[2026-08-12T04:30:38.831+0000] {logging_mixin.py:190} INFO - [2026-08-12T04:30:38.830+0000] {dag.py:3234} INFO - Creating ORM DAG for read_dataset_event
[2026-08-12T04:30:38.833+0000] {logging_mixin.py:190} INFO - [2026-08-12T04:30:38.833+0000] {dag.py:3234} INFO - Creating ORM DAG for read_dataset_event_from_classic
[2026-08-12T04:30:38.845+0000] {logging_mixin.py:190} INFO - [2026-08-12T04:30:38.845+0000] {dag.py:4138} INFO - Setting next_dagrun for read_dataset_event to 2026-08-11 00:00:00+00:00, run_after=2026-08-12 00:00:00+00:00
[2026-08-12T04:30:38.848+0000] {logging_mixin.py:190} INFO - [2026-08-12T04:30:38.848+0000] {dag.py:4138} INFO - Setting next_dagrun for read_dataset_event_from_classic to 2026-08-11 00:00:00+00:00, run_after=2026-08-12 00:00:00+00:00
[2026-08-12T04:30:38.870+0000] {processor.py:208} INFO - Processing /home/airflow/.local/lib/python3.12/site-packages/airflow/example_dags/example_inlet_event_extra.py took 0.459 seconds
[2026-08-12T04:31:08.971+0000] {processor.py:186} INFO - Started process (PID=166) to work on /home/airflow/.local/lib/python3.12/site-packages/airflow/example_dags/example_inlet_event_extra.py
[2026-08-12T04:31:08.973+0000] {processor.py:914} INFO - Processing file /home/airflow/.local/lib/python3.12/site-packages/airflow/example_dags/example_inlet_event_extra.py for tasks to queue
[2026-08-12T04:31:08.976+0000] {logging_mixin.py:190} INFO - [2026-08-12T04:31:08.975+0000] {dagbag.py:587} INFO - Filling up the DagBag from /home/airflow/.local/lib/python3.12/site-packages/airflow/example_dags/example_inlet_event_extra.py
[2026-08-12T04:31:09.116+0000] {processor.py:925} INFO - DAG(s) 'read_dataset_event', 'read_dataset_event_from_classic' retrieved from /home/airflow/.local/lib/python3.12/site-packages/airflow/example_dags/example_inlet_event_extra.py
[2026-08-12T04:31:09.138+0000] {logging_mixin.py:190} INFO - [2026-08-12T04:31:09.138+0000] {dag.py:3211} INFO - Sync 2 DAGs
[2026-08-12T04:31:09.169+0000] {logging_mixin.py:190} INFO - [2026-08-12T04:31:09.169+0000] {dag.py:4138} INFO - Setting next_dagrun for read_dataset_event to 2026-08-11 00:00:00+00:00, run_after=2026-08-12 00:00:00+00:00
[2026-08-12T04:31:09.177+0000] {logging_mixin.py:190} INFO - [2026-08-12T04:31:09.177+0000] {dag.py:4138} INFO - Setting next_dagrun for read_dataset_event_from_classic to 2026-08-11 00:00:00+00:00, run_after=2026-08-12 00:00:00+00:00
[2026-08-12T04:31:09.198+0000] {processor.py:208} INFO - Processing /home/airflow/.local/lib/python3.12/site-packages/airflow/example_dags/example_inlet_event_extra.py took 0.232 seconds
[2026-08-12T04:31:39.576+0000] {processor.py:186} INFO - Started process (PID=229) to work on /home/airflow/.local/lib/python3.12/site-packages/airflow/example_dags/example_inlet_event_extra.py
[2026-08-12T04:31:39.578+0000] {processor.py:914} INFO - Processing file /home/airflow/.local/lib/python3.12/site-packages/airflow/example_dags/example_inlet_event_extra.py for tasks to queue
[2026-08-12T04:31:39.581+0000] {logging_mixin.py:190} INFO - [2026-08-12T04:31:39.581+0000] {dagbag.py:587} INFO - Filling up the DagBag from /home/airflow/.local/lib/python3.12/site-packages/airflow/example_dags/example_inlet_event_extra.py
[2026-08-12T04:31:39.733+0000] {processor.py:925} INFO - DAG(s) 'read_dataset_event_from_classic', 'read_dataset_event' retrieved from /home/airflow/.local/lib/python3.12/site-packages/airflow/example_dags/example_inlet_event_extra.py
[2026-08-12T04:31:39.757+0000] {logging_mixin.py:190} INFO - [2026-08-12T04:31:39.757+0000] {dag.py:3211} INFO - Sync 2 DAGs
[2026-08-12T04:31:39.792+0000] {logging_mixin.py:190} INFO - [2026-08-12T04:31:39.792+0000] {dag.py:4138} INFO - Setting next_dagrun for read_dataset_event to 2026-08-11 00:00:00+00:00, run_after=2026-08-12 00:00:00+00:00
[2026-08-12T04:31:39.800+0000] {logging_mixin.py:190} INFO - [2026-08-12T04:31:39.800+0000] {dag.py:4138} INFO - Setting next_dagrun for read_dataset_event_from_classic to 2026-08-11 00:00:00+00:00, run_after=2026-08-12 00:00:00+00:00
[2026-08-12T04:31:39.833+0000] {processor.py:208} INFO - Processing /home/airflow/.local/lib/python3.12/site-packages/airflow/example_dags/example_inlet_event_extra.py took 0.262 seconds
[2026-08-12T04:32:56.730+0000] {processor.py:186} INFO - Started process (PID=95) to work on /home/airflow/.local/lib/python3.12/site-packages/airflow/example_dags/example_inlet_event_extra.py
[2026-08-12T04:32:56.733+0000] {processor.py:914} INFO - Processing file /home/airflow/.local/lib/python3.12/site-packages/airflow/example_dags/example_inlet_event_extra.py for tasks to queue
[2026-08-12T04:32:56.738+0000] {logging_mixin.py:190} INFO - [2026-08-12T04:32:56.738+0000] {dagbag.py:587} INFO - Filling up the DagBag from /home/airflow/.local/lib/python3.12/site-packages/airflow/example_dags/example_inlet_event_extra.py
[2026-08-12T04:32:56.979+0000] {processor.py:925} INFO - DAG(s) 'read_dataset_event', 'read_dataset_event_from_classic' retrieved from /home/airflow/.local/lib/python3.12/site-packages/airflow/example_dags/example_inlet_event_extra.py
[2026-08-12T04:32:57.007+0000] {logging_mixin.py:190} INFO - [2026-08-12T04:32:57.006+0000] {dag.py:3211} INFO - Sync 2 DAGs
[2026-08-12T04:32:57.038+0000] {logging_mixin.py:190} INFO - [2026-08-12T04:32:57.038+0000] {dag.py:4138} INFO - Setting next_dagrun for read_dataset_event to 2026-08-11 00:00:00+00:00, run_after=2026-08-12 00:00:00+00:00
[2026-08-12T04:32:57.045+0000] {logging_mixin.py:190} INFO - [2026-08-12T04:32:57.045+0000] {dag.py:4138} INFO - Setting next_dagrun for read_dataset_event_from_classic to 2026-08-11 00:00:00+00:00, run_after=2026-08-12 00:00:00+00:00
[2026-08-12T04:32:57.069+0000] {processor.py:208} INFO - Processing /home/airflow/.local/lib/python3.12/site-packages/airflow/example_dags/example_inlet_event_extra.py took 0.357 seconds
[2026-08-12T04:33:27.118+0000] {processor.py:186} INFO - Started process (PID=157) to work on /home/airflow/.local/lib/python3.12/site-packages/airflow/example_dags/example_inlet_event_extra.py
[2026-08-12T04:33:27.120+0000] {processor.py:914} INFO - Processing file /home/airflow/.local/lib/python3.12/site-packages/airflow/example_dags/example_inlet_event_extra.py for tasks to queue
[2026-08-12T04:33:27.125+0000] {logging_mixin.py:190} INFO - [2026-08-12T04:33:27.124+0000] {dagbag.py:587} INFO - Filling up the DagBag from /home/airflow/.local/lib/python3.12/site-packages/airflow/example_dags/example_inlet_event_extra.py
[2026-08-12T04:33:27.258+0000] {processor.py:925} INFO - DAG(s) 'read_dataset_event', 'read_dataset_event_from_classic' retrieved from /home/airflow/.local/lib/python3.12/site-packages/airflow/example_dags/example_inlet_event_extra.py
[2026-08-12T04:33:27.283+0000] {logging_mixin.py:190} INFO - [2026-08-12T04:33:27.283+0000] {dag.py:3211} INFO - Sync 2 DAGs
[2026-08-12T04:33:27.308+0000] {logging_mixin.py:190} INFO - [2026-08-12T04:33:27.308+0000] {dag.py:4138} INFO - Setting next_dagrun for read_dataset_event to 2026-08-11 00:00:00+00:00, run_after=2026-08-12 00:00:00+00:00
[2026-08-12T04:33:27.317+0000] {logging_mixin.py:190} INFO - [2026-08-12T04:33:27.317+0000] {dag.py:4138} INFO - Setting next_dagrun for read_dataset_event_from_classic to 2026-08-11 00:00:00+00:00, run_after=2026-08-12 00:00:00+00:00
[2026-08-12T04:33:27.345+0000] {processor.py:208} INFO - Processing /home/airflow/.local/lib/python3.12/site-packages/airflow/example_dags/example_inlet_event_extra.py took 0.234 seconds
[2026-08-12T04:33:57.452+0000] {processor.py:186} INFO - Started process (PID=220) to work on /home/airflow/.local/lib/python3.12/site-packages/airflow/example_dags/example_inlet_event_extra.py
[2026-08-12T04:33:57.454+0000] {processor.py:914} INFO - Processing file /home/airflow/.local/lib/python3.12/site-packages/airflow/example_dags/example_inlet_event_extra.py for tasks to queue
[2026-08-12T04:33:57.458+0000] {logging_mixin.py:190} INFO - [2026-08-12T04:33:57.457+0000] {dagbag.py:587} INFO - Filling up the DagBag from /home/airflow/.local/lib/python3.12/site-packages/airflow/example_dags/example_inlet_event_extra.py
[2026-08-12T04:33:57.605+0000] {processor.py:925} INFO - DAG(s) 'read_dataset_event_from_classic', 'read_dataset_event' retrieved from /home/airflow/.local/lib/python3.12/site-packages/airflow/example_dags/example_inlet_event_extra.py
[2026-08-12T04:33:57.628+0000] {logging_mixin.py:190} INFO - [2026-08-12T04:33:57.628+0000] {dag.py:3211} INFO - Sync 2 DAGs
[2026-08-12T04:33:57.655+0000] {logging_mixin.py:190} INFO - [2026-08-12T04:33:57.655+0000] {dag.py:4138} INFO - Setting next_dagrun for read_dataset_event to 2026-08-11 00:00:00+00:00, run_after=2026-08-12 00:00:00+00:00
[2026-08-12T04:33:57.662+0000] {logging_mixin.py:190} INFO - [2026-08-12T04:33:57.662+0000] {dag.py:4138} INFO - Setting next_dagrun for read_dataset_event_from_classic to 2026-08-11 00:00:00+00:00, run_after=2026-08-12 00:00:00+00:00
[2026-08-12T04:33:57.684+0000] {processor.py:208} INFO - Processing /home/airflow/.local/lib/python3.12/site-packages/airflow/example_dags/example_inlet_event_extra.py took 0.238 seconds
[2026-08-12T04:34:28.159+0000] {processor.py:186} INFO - Started process (PID=281) to work on /home/airflow/.local/lib/python3.12/site-packages/airflow/example_dags/example_inlet_event_extra.py
[2026-08-12T04:34:28.162+0000] {processor.py:914} INFO - Processing file /home/airflow/.local/lib/python3.12/site-packages/airflow/example_dags/example_inlet_event_extra.py for tasks to queue
[2026-08-12T04:34:28.166+0000] {logging_mixin.py:190} INFO - [2026-08-12T04:34:28.166+0000] {dagbag.py:587} INFO - Filling up the DagBag from /home/airflow/.local/lib/python3.12/site-packages/airflow/example_dags/example_inlet_event_extra.py
[2026-08-12T04:34:28.341+0000] {processor.py:925} INFO - DAG(s) 'read_dataset_event', 'read_dataset_event_from_classic' retrieved from /home/airflow/.local/lib/python3.12/site-packages/airflow/example_dags/example_inlet_event_extra.py
[2026-08-12T04:34:28.367+0000] {logging_mixin.py:190} INFO - [2026-08-12T04:34:28.367+0000] {dag.py:3211} INFO - Sync 2 DAGs
[2026-08-12T04:34:28.392+0000] {logging_mixin.py:190} INFO - [2026-08-12T04:34:28.392+0000] {dag.py:4138} INFO - Setting next_dagrun for read_dataset_event to 2026-08-11 00:00:00+00:00, run_after=2026-08-12 00:00:00+00:00
[2026-08-12T04:34:28.398+0000] {logging_mixin.py:190} INFO - [2026-08-12T04:34:28.397+0000] {dag.py:4138} INFO - Setting next_dagrun for read_dataset_event_from_classic to 2026-08-11 00:00:00+00:00, run_after=2026-08-12 00:00:00+00:00
[2026-08-12T04:34:28.415+0000] {processor.py:208} INFO - Processing /home/airflow/.local/lib/python3.12/site-packages/airflow/example_dags/example_inlet_event_extra.py took 0.266 seconds
[2026-08-12T04:34:58.496+0000] {processor.py:186} INFO - Started process (PID=343) to work on /home/airflow/.local/lib/python3.12/site-packages/airflow/example_dags/example_inlet_event_extra.py
[2026-08-12T04:34:58.498+0000] {processor.py:914} INFO - Processing file /home/airflow/.local/lib/python3.12/site-packages/airflow/example_dags/example_inlet_event_extra.py for tasks to queue
[2026-08-12T04:34:58.501+0000] {logging_mixin.py:190} INFO - [2026-08-12T04:34:58.501+0000] {dagbag.py:587} INFO - Filling up the DagBag from /home/airflow/.local/lib/python3.12/site-packages/airflow/example_dags/example_inlet_event_extra.py
[2026-08-12T04:34:58.624+0000] {processor.py:925} INFO - DAG(s) 'read_dataset_event', 'read_dataset_event_from_classic' retrieved from /home/airflow/.local/lib/python3.12/site-packages/airflow/example_dags/example_inlet_event_extra.py
[2026-08-12T04:34:58.648+0000] {logging_mixin.py:190} INFO - [2026-08-12T04:34:58.648+0000] {dag.py:3211} INFO - Sync 2 DAGs
[2026-08-12T04:34:58.670+0000] {logging_mixin.py:190} INFO - [2026-08-12T04:34:58.670+0000] {dag.py:4138} INFO - Setting next_dagrun for read_dataset_event to 2026-08-11 00:00:00+00:00, run_after=2026-08-12 00:00:00+00:00
[2026-08-12T04:34:58.676+0000] {logging_mixin.py:190} INFO - [2026-08-12T04:34:58.676+0000] {dag.py:4138} INFO - Setting next_dagrun for read_dataset_event_from_classic to 2026-08-11 00:00:00+00:00, run_after=2026-08-12 00:00:00+00:00
[2026-08-12T04:34:58.694+0000] {processor.py:208} INFO - Processing /home/airflow/.local/lib/python3.12/site-packages/airflow/example_dags/example_inlet_event_extra.py took 0.203 seconds
[2026-08-12T04:35:29.038+0000] {processor.py:186} INFO - Started process (PID=405) to work on /home/airflow/.local/lib/python3.12/site-packages/airflow/example_dags/example_inlet_event_extra.py
[2026-08-12T04:35:29.040+0000] {processor.py:914} INFO - Processing file /home/airflow/.local/lib/python3.12/site-packages/airflow/example_dags/example_inlet_event_extra.py for tasks to queue
[2026-08-12T04:35:29.043+0000] {logging_mixin.py:190} INFO - [2026-08-12T04:35:29.043+0000] {dagbag.py:587} INFO - Filling up the DagBag from /home/airflow/.local/lib/python3.12/site-packages/airflow/example_dags/example_inlet_event_extra.py
[2026-08-12T04:35:29.180+0000] {processor.py:925} INFO - DAG(s) 'read_dataset_event_from_classic', 'read_dataset_event' retrieved from /home/airflow/.local/lib/python3.12/site-packages/airflow/example_dags/example_inlet_event_extra.py
[2026-08-12T04:35:29.202+0000] {logging_mixin.py:190} INFO - [2026-08-12T04:35:29.202+0000] {dag.py:3211} INFO - Sync 2 DAGs
[2026-08-12T04:35:29.228+0000] {logging_mixin.py:190} INFO - [2026-08-12T04:35:29.228+0000] {dag.py:4138} INFO - Setting next_dagrun for read_dataset_event to 2026-08-11 00:00:00+00:00, run_after=2026-08-12 00:00:00+00:00
[2026-08-12T04:35:29.233+0000] {logging_mixin.py:190} INFO - [2026-08-12T04:35:29.233+0000] {dag.py:4138} INFO - Setting next_dagrun for read_dataset_event_from_classic to 2026-08-11 00:00:00+00:00, run_after=2026-08-12 00:00:00+00:00
[2026-08-12T04:35:29.251+0000] {processor.py:208} INFO - Processing /home/airflow/.local/lib/python3.12/site-packages/airflow/example_dags/example_inlet_event_extra.py took 0.218 seconds
[2026-08-12T04:35:59.911+0000] {processor.py:186} INFO - Started process (PID=467) to work on /home/airflow/.local/lib/python3.12/site-packages/airflow/example_dags/example_inlet_event_extra.py
[2026-08-12T04:35:59.913+0000] {processor.py:914} INFO - Processing file /home/airflow/.local/lib/python3.12/site-packages/airflow/example_dags/example_inlet_event_extra.py for tasks to queue
[2026-08-12T04:35:59.918+0000] {logging_mixin.py:190} INFO - [2026-08-12T04:35:59.917+0000] {dagbag.py:587} INFO - Filling up the DagBag from /home/airflow/.local/lib/python3.12/site-packages/airflow/example_dags/example_inlet_event_extra.py
[2026-08-12T04:36:00.065+0000] {processor.py:925} INFO - DAG(s) 'read_dataset_event_from_classic', 'read_dataset_event' retrieved from /home/airflow/.local/lib/python3.12/site-packages/airflow/example_dags/example_inlet_event_extra.py
[2026-08-12T04:36:00.087+0000] {logging_mixin.py:190} INFO - [2026-08-12T04:36:00.087+0000] {dag.py:3211} INFO - Sync 2 DAGs
[2026-08-12T04:36:00.112+0000] {logging_mixin.py:190} INFO - [2026-08-12T04:36:00.112+0000] {dag.py:4138} INFO - Setting next_dagrun for read_dataset_event to 2026-08-11 00:00:00+00:00, run_after=2026-08-12 00:00:00+00:00
[2026-08-12T04:36:00.118+0000] {logging_mixin.py:190} INFO - [2026-08-12T04:36:00.117+0000] {dag.py:4138} INFO - Setting next_dagrun for read_dataset_event_from_classic to 2026-08-11 00:00:00+00:00, run_after=2026-08-12 00:00:00+00:00
[2026-08-12T04:36:00.139+0000] {processor.py:208} INFO - Processing /home/airflow/.local/lib/python3.12/site-packages/airflow/example_dags/example_inlet_event_extra.py took 0.235 seconds
[2026-08-12T04:36:30.273+0000] {processor.py:186} INFO - Started process (PID=530) to work on /home/airflow/.local/lib/python3.12/site-packages/airflow/example_dags/example_inlet_event_extra.py
[2026-08-12T04:36:30.275+0000] {processor.py:914} INFO - Processing file /home/airflow/.local/lib/python3.12/site-packages/airflow/example_dags/example_inlet_event_extra.py for tasks to queue
[2026-08-12T04:36:30.279+0000] {logging_mixin.py:190} INFO - [2026-08-12T04:36:30.279+0000] {dagbag.py:587} INFO - Filling up the DagBag from /home/airflow/.local/lib/python3.12/site-packages/airflow/example_dags/example_inlet_event_extra.py
[2026-08-12T04:36:30.418+0000] {processor.py:925} INFO - DAG(s) 'read_dataset_event_from_classic', 'read_dataset_event' retrieved from /home/airflow/.local/lib/python3.12/site-packages/airflow/example_dags/example_inlet_event_extra.py
[2026-08-12T04:36:30.455+0000] {logging_mixin.py:190} INFO - [2026-08-12T04:36:30.454+0000] {dag.py:3211} INFO - Sync 2 DAGs
[2026-08-12T04:36:30.484+0000] {logging_mixin.py:190} INFO - [2026-08-12T04:36:30.484+0000] {dag.py:4138} INFO - Setting next_dagrun for read_dataset_event to 2026-08-11 00:00:00+00:00, run_after=2026-08-12 00:00:00+00:00
[2026-08-12T04:36:30.491+0000] {logging_mixin.py:190} INFO - [2026-08-12T04:36:30.490+0000] {dag.py:4138} INFO - Setting next_dagrun for read_dataset_event_from_classic to 2026-08-11 00:00:00+00:00, run_after=2026-08-12 00:00:00+00:00
[2026-08-12T04:36:30.512+0000] {processor.py:208} INFO - Processing /home/airflow/.local/lib/python3.12/site-packages/airflow/example_dags/example_inlet_event_extra.py took 0.245 seconds
[2026-08-12T04:37:00.957+0000] {processor.py:186} INFO - Started process (PID=591) to work on /home/airflow/.local/lib/python3.12/site-packages/airflow/example_dags/example_inlet_event_extra.py
[2026-08-12T04:37:00.959+0000] {processor.py:914} INFO - Processing file /home/airflow/.local/lib/python3.12/site-packages/airflow/example_dags/example_inlet_event_extra.py for tasks to queue
[2026-08-12T04:37:00.963+0000] {logging_mixin.py:190} INFO - [2026-08-12T04:37:00.963+0000] {dagbag.py:587} INFO - Filling up the DagBag from /home/airflow/.local/lib/python3.12/site-packages/airflow/example_dags/example_inlet_event_extra.py
[2026-08-12T04:37:01.122+0000] {processor.py:925} INFO - DAG(s) 'read_dataset_event_from_classic', 'read_dataset_event' retrieved from /home/airflow/.local/lib/python3.12/site-packages/airflow/example_dags/example_inlet_event_extra.py
[2026-08-12T04:37:01.144+0000] {logging_mixin.py:190} INFO - [2026-08-12T04:37:01.144+0000] {dag.py:3211} INFO - Sync 2 DAGs
[2026-08-12T04:37:01.169+0000] {logging_mixin.py:190} INFO - [2026-08-12T04:37:01.169+0000] {dag.py:4138} INFO - Setting next_dagrun for read_dataset_event to 2026-08-11 00:00:00+00:00, run_after=2026-08-12 00:00:00+00:00
[2026-08-12T04:37:01.174+0000] {logging_mixin.py:190} INFO - [2026-08-12T04:37:01.174+0000] {dag.py:4138} INFO - Setting next_dagrun for read_dataset_event_from_classic to 2026-08-11 00:00:00+00:00, run_after=2026-08-12 00:00:00+00:00
[2026-08-12T04:37:01.194+0000] {processor.py:208} INFO - Processing /home/airflow/.local/lib/python3.12/site-packages/airflow/example_dags/example_inlet_event_extra.py took 0.247 seconds
[2026-08-12T04:37:31.308+0000] {processor.py:186} INFO - Started process (PID=653) to work on /home/airflow/.local/lib/python3.12/site-packages/airflow/example_dags/example_inlet_event_extra.py
[2026-08-12T04:37:31.310+0000] {processor.py:914} INFO - Processing file /home/airflow/.local/lib/python3.12/site-packages/airflow/example_dags/example_inlet_event_extra.py for tasks to queue
[2026-08-12T04:37:31.313+0000] {logging_mixin.py:190} INFO - [2026-08-12T04:37:31.313+0000] {dagbag.py:587} INFO - Filling up the DagBag from /home/airflow/.local/lib/python3.12/site-packages/airflow/example_dags/example_inlet_event_extra.py
[2026-08-12T04:37:31.463+0000] {processor.py:925} INFO - DAG(s) 'read_dataset_event_from_classic', 'read_dataset_event' retrieved from /home/airflow/.local/lib/python3.12/site-packages/airflow/example_dags/example_inlet_event_extra.py
[2026-08-12T04:37:31.486+0000] {logging_mixin.py:190} INFO - [2026-08-12T04:37:31.486+0000] {dag.py:3211} INFO - Sync 2 DAGs
[2026-08-12T04:37:31.510+0000] {logging_mixin.py:190} INFO - [2026-08-12T04:37:31.510+0000] {dag.py:4138} INFO - Setting next_dagrun for read_dataset_event to 2026-08-11 00:00:00+00:00, run_after=2026-08-12 00:00:00+00:00
[2026-08-12T04:37:31.528+0000] {logging_mixin.py:190} INFO - [2026-08-12T04:37:31.528+0000] {dag.py:4138} INFO - Setting next_dagrun for read_dataset_event_from_classic to 2026-08-11 00:00:00+00:00, run_after=2026-08-12 00:00:00+00:00
[2026-08-12T04:37:31.547+0000] {processor.py:208} INFO - Processing /home/airflow/.local/lib/python3.12/site-packages/airflow/example_dags/example_inlet_event_extra.py took 0.246 seconds
[2026-08-12T04:38:02.217+0000] {processor.py:186} INFO - Started process (PID=715) to work on /home/airflow/.local/lib/python3.12/site-packages/airflow/example_dags/example_inlet_event_extra.py
[2026-08-12T04:38:02.222+0000] {processor.py:914} INFO - Processing file /home/airflow/.local/lib/python3.12/site-packages/airflow/example_dags/example_inlet_event_extra.py for tasks to queue
[2026-08-12T04:38:02.234+0000] {logging_mixin.py:190} INFO - [2026-08-12T04:38:02.234+0000] {dagbag.py:587} INFO - Filling up the DagBag from /home/airflow/.local/lib/python3.12/site-packages/airflow/example_dags/example_inlet_event_extra.py
[2026-08-12T04:38:02.368+0000] {processor.py:925} INFO - DAG(s) 'read_dataset_event_from_classic', 'read_dataset_event' retrieved from /home/airflow/.local/lib/python3.12/site-packages/airflow/example_dags/example_inlet_event_extra.py
[2026-08-12T04:38:02.391+0000] {logging_mixin.py:190} INFO - [2026-08-12T04:38:02.390+0000] {dag.py:3211} INFO - Sync 2 DAGs
[2026-08-12T04:38:02.416+0000] {logging_mixin.py:190} INFO - [2026-08-12T04:38:02.416+0000] {dag.py:4138} INFO - Setting next_dagrun for read_dataset_event to 2026-08-11 00:00:00+00:00, run_after=2026-08-12 00:00:00+00:00
[2026-08-12T04:38:02.421+0000] {logging_mixin.py:190} INFO - [2026-08-12T04:38:02.421+0000] {dag.py:4138} INFO - Setting next_dagrun for read_dataset_event_from_classic to 2026-08-11 00:00:00+00:00, run_after=2026-08-12 00:00:00+00:00
[2026-08-12T04:38:02.440+0000] {processor.py:208} INFO - Processing /home/airflow/.local/lib/python3.12/site-packages/airflow/example_dags/example_inlet_event_extra.py took 0.228 seconds
[2026-08-12T04:38:32.945+0000] {processor.py:186} INFO - Started process (PID=777) to work on /home/airflow/.local/lib/python3.12/site-packages/airflow/example_dags/example_inlet_event_extra.py
[2026-08-12T04:38:32.948+0000] {processor.py:914} INFO - Processing file /home/airflow/.local/lib/python3.12/site-packages/airflow/example_dags/example_inlet_event_extra.py for tasks to queue
[2026-08-12T04:38:32.957+0000] {logging_mixin.py:190} INFO - [2026-08-12T04:38:32.956+0000] {dagbag.py:587} INFO - Filling up the DagBag from /home/airflow/.local/lib/python3.12/site-packages/airflow/example_dags/example_inlet_event_extra.py
[2026-08-12T04:38:33.134+0000] {processor.py:925} INFO - DAG(s) 'read_dataset_event_from_classic', 'read_dataset_event' retrieved from /home/airflow/.local/lib/python3.12/site-packages/airflow/example_dags/example_inlet_event_extra.py
[2026-08-12T04:38:33.159+0000] {logging_mixin.py:190} INFO - [2026-08-12T04:38:33.159+0000] {dag.py:3211} INFO - Sync 2 DAGs
[2026-08-12T04:38:33.184+0000] {logging_mixin.py:190} INFO - [2026-08-12T04:38:33.184+0000] {dag.py:4138} INFO - Setting next_dagrun for read_dataset_event to 2026-08-11 00:00:00+00:00, run_after=2026-08-12 00:00:00+00:00
[2026-08-12T04:38:33.190+0000] {logging_mixin.py:190} INFO - [2026-08-12T04:38:33.190+0000] {dag.py:4138} INFO - Setting next_dagrun for read_dataset_event_from_classic to 2026-08-11 00:00:00+00:00, run_after=2026-08-12 00:00:00+00:00
[2026-08-12T04:38:33.207+0000] {processor.py:208} INFO - Processing /home/airflow/.local/lib/python3.12/site-packages/airflow/example_dags/example_inlet_event_extra.py took 0.273 seconds
[2026-08-12T04:39:03.344+0000] {processor.py:186} INFO - Started process (PID=840) to work on /home/airflow/.local/lib/python3.12/site-packages/airflow/example_dags/example_inlet_event_extra.py
[2026-08-12T04:39:03.346+0000] {processor.py:914} INFO - Processing file /home/airflow/.local/lib/python3.12/site-packages/airflow/example_dags/example_inlet_event_extra.py for tasks to queue
[2026-08-12T04:39:03.350+0000] {logging_mixin.py:190} INFO - [2026-08-12T04:39:03.350+0000] {dagbag.py:587} INFO - Filling up the DagBag from /home/airflow/.local/lib/python3.12/site-packages/airflow/example_dags/example_inlet_event_extra.py
[2026-08-12T04:39:03.479+0000] {processor.py:925} INFO - DAG(s) 'read_dataset_event_from_classic', 'read_dataset_event' retrieved from /home/airflow/.local/lib/python3.12/site-packages/airflow/example_dags/example_inlet_event_extra.py
[2026-08-12T04:39:03.503+0000] {logging_mixin.py:190} INFO - [2026-08-12T04:39:03.503+0000] {dag.py:3211} INFO - Sync 2 DAGs
[2026-08-12T04:39:03.526+0000] {logging_mixin.py:190} INFO - [2026-08-12T04:39:03.525+0000] {dag.py:4138} INFO - Setting next_dagrun for read_dataset_event to 2026-08-11 00:00:00+00:00, run_after=2026-08-12 00:00:00+00:00
[2026-08-12T04:39:03.531+0000] {logging_mixin.py:190} INFO - [2026-08-12T04:39:03.531+0000] {dag.py:4138} INFO - Setting next_dagrun for read_dataset_event_from_classic to 2026-08-11 00:00:00+00:00, run_after=2026-08-12 00:00:00+00:00
[2026-08-12T04:39:03.548+0000] {processor.py:208} INFO - Processing /home/airflow/.local/lib/python3.12/site-packages/airflow/example_dags/example_inlet_event_extra.py took 0.211 seconds
[2026-08-12T04:39:33.649+0000] {processor.py:186} INFO - Started process (PID=902) to work on /home/airflow/.local/lib/python3.12/site-packages/airflow/example_dags/example_inlet_event_extra.py
[2026-08-12T04:39:33.651+0000] {processor.py:914} INFO - Processing file /home/airflow/.local/lib/python3.12/site-packages/airflow/example_dags/example_inlet_event_extra.py for tasks to queue
[2026-08-12T04:39:33.655+0000] {logging_mixin.py:190} INFO - [2026-08-12T04:39:33.655+0000] {dagbag.py:587} INFO - Filling up the DagBag from /home/airflow/.local/lib/python3.12/site-packages/airflow/example_dags/example_inlet_event_extra.py
[2026-08-12T04:39:33.809+0000] {processor.py:925} INFO - DAG(s) 'read_dataset_event_from_classic', 'read_dataset_event' retrieved from /home/airflow/.local/lib/python3.12/site-packages/airflow/example_dags/example_inlet_event_extra.py
[2026-08-12T04:39:33.834+0000] {logging_mixin.py:190} INFO - [2026-08-12T04:39:33.834+0000] {dag.py:3211} INFO - Sync 2 DAGs
[2026-08-12T04:39:33.868+0000] {logging_mixin.py:190} INFO - [2026-08-12T04:39:33.868+0000] {dag.py:4138} INFO - Setting next_dagrun for read_dataset_event to 2026-08-11 00:00:00+00:00, run_after=2026-08-12 00:00:00+00:00
[2026-08-12T04:39:33.875+0000] {logging_mixin.py:190} INFO - [2026-08-12T04:39:33.875+0000] {dag.py:4138} INFO - Setting next_dagrun for read_dataset_event_from_classic to 2026-08-11 00:00:00+00:00, run_after=2026-08-12 00:00:00+00:00
[2026-08-12T04:39:33.905+0000] {processor.py:208} INFO - Processing /home/airflow/.local/lib/python3.12/site-packages/airflow/example_dags/example_inlet_event_extra.py took 0.264 seconds
[2026-08-12T04:40:04.014+0000] {processor.py:186} INFO - Started process (PID=964) to work on /home/airflow/.local/lib/python3.12/site-packages/airflow/example_dags/example_inlet_event_extra.py
[2026-08-12T04:40:04.016+0000] {processor.py:914} INFO - Processing file /home/airflow/.local/lib/python3.12/site-packages/airflow/example_dags/example_inlet_event_extra.py for tasks to queue
[2026-08-12T04:40:04.021+0000] {logging_mixin.py:190} INFO - [2026-08-12T04:40:04.021+0000] {dagbag.py:587} INFO - Filling up the DagBag from /home/airflow/.local/lib/python3.12/site-packages/airflow/example_dags/example_inlet_event_extra.py
[2026-08-12T04:40:04.175+0000] {processor.py:925} INFO - DAG(s) 'read_dataset_event_from_classic', 'read_dataset_event' retrieved from /home/airflow/.local/lib/python3.12/site-packages/airflow/example_dags/example_inlet_event_extra.py
[2026-08-12T04:40:04.205+0000] {logging_mixin.py:190} INFO - [2026-08-12T04:40:04.204+0000] {dag.py:3211} INFO - Sync 2 DAGs
[2026-08-12T04:40:04.232+0000] {logging_mixin.py:190} INFO - [2026-08-12T04:40:04.231+0000] {dag.py:4138} INFO - Setting next_dagrun for read_dataset_event to 2026-08-11 00:00:00+00:00, run_after=2026-08-12 00:00:00+00:00
[2026-08-12T04:40:04.238+0000] {logging_mixin.py:190} INFO - [2026-08-12T04:40:04.238+0000] {dag.py:4138} INFO - Setting next_dagrun for read_dataset_event_from_classic to 2026-08-11 00:00:00+00:00, run_after=2026-08-12 00:00:00+00:00
[2026-08-12T04:40:04.261+0000] {processor.py:208} INFO - Processing /home/airflow/.local/lib/python3.12/site-packages/airflow/example_dags/example_inlet_event_extra.py took 0.255 seconds
[2026-08-12T04:40:34.921+0000] {processor.py:186} INFO - Started process (PID=1025) to work on /home/airflow/.local/lib/python3.12/site-packages/airflow/example_dags/example_inlet_event_extra.py
[2026-08-12T04:40:34.923+0000] {processor.py:914} INFO - Processing file /home/airflow/.local/lib/python3.12/site-packages/airflow/example_dags/example_inlet_event_extra.py for tasks to queue
[2026-08-12T04:40:34.927+0000] {logging_mixin.py:190} INFO - [2026-08-12T04:40:34.926+0000] {dagbag.py:587} INFO - Filling up the DagBag from /home/airflow/.local/lib/python3.12/site-packages/airflow/example_dags/example_inlet_event_extra.py
[2026-08-12T04:40:35.105+0000] {processor.py:925} INFO - DAG(s) 'read_dataset_event', 'read_dataset_event_from_classic' retrieved from /home/airflow/.local/lib/python3.12/site-packages/airflow/example_dags/example_inlet_event_extra.py
[2026-08-12T04:40:35.140+0000] {logging_mixin.py:190} INFO - [2026-08-12T04:40:35.140+0000] {dag.py:3211} INFO - Sync 2 DAGs
[2026-08-12T04:40:35.168+0000] {logging_mixin.py:190} INFO - [2026-08-12T04:40:35.167+0000] {dag.py:4138} INFO - Setting next_dagrun for read_dataset_event to 2026-08-11 00:00:00+00:00, run_after=2026-08-12 00:00:00+00:00
[2026-08-12T04:40:35.174+0000] {logging_mixin.py:190} INFO - [2026-08-12T04:40:35.174+0000] {dag.py:4138} INFO - Setting next_dagrun for read_dataset_event_from_classic to 2026-08-11 00:00:00+00:00, run_after=2026-08-12 00:00:00+00:00
[2026-08-12T04:40:35.206+0000] {processor.py:208} INFO - Processing /home/airflow/.local/lib/python3.12/site-packages/airflow/example_dags/example_inlet_event_extra.py took 0.290 seconds
[2026-08-12T04:41:05.523+0000] {processor.py:186} INFO - Started process (PID=1087) to work on /home/airflow/.local/lib/python3.12/site-packages/airflow/example_dags/example_inlet_event_extra.py
[2026-08-12T04:41:05.526+0000] {processor.py:914} INFO - Processing file /home/airflow/.local/lib/python3.12/site-packages/airflow/example_dags/example_inlet_event_extra.py for tasks to queue
[2026-08-12T04:41:05.534+0000] {logging_mixin.py:190} INFO - [2026-08-12T04:41:05.533+0000] {dagbag.py:587} INFO - Filling up the DagBag from /home/airflow/.local/lib/python3.12/site-packages/airflow/example_dags/example_inlet_event_extra.py
[2026-08-12T04:41:05.733+0000] {processor.py:925} INFO - DAG(s) 'read_dataset_event_from_classic', 'read_dataset_event' retrieved from /home/airflow/.local/lib/python3.12/site-packages/airflow/example_dags/example_inlet_event_extra.py
[2026-08-12T04:41:05.760+0000] {logging_mixin.py:190} INFO - [2026-08-12T04:41:05.760+0000] {dag.py:3211} INFO - Sync 2 DAGs
[2026-08-12T04:41:05.786+0000] {logging_mixin.py:190} INFO - [2026-08-12T04:41:05.785+0000] {dag.py:4138} INFO - Setting next_dagrun for read_dataset_event to 2026-08-11 00:00:00+00:00, run_after=2026-08-12 00:00:00+00:00
[2026-08-12T04:41:05.791+0000] {logging_mixin.py:190} INFO - [2026-08-12T04:41:05.791+0000] {dag.py:4138} INFO - Setting next_dagrun for read_dataset_event_from_classic to 2026-08-11 00:00:00+00:00, run_after=2026-08-12 00:00:00+00:00
[2026-08-12T04:41:05.810+0000] {processor.py:208} INFO - Processing /home/airflow/.local/lib/python3.12/site-packages/airflow/example_dags/example_inlet_event_extra.py took 0.295 seconds
[2026-08-12T04:41:36.031+0000] {processor.py:186} INFO - Started process (PID=1149) to work on /home/airflow/.local/lib/python3.12/site-packages/airflow/example_dags/example_inlet_event_extra.py
[2026-08-12T04:41:36.032+0000] {processor.py:914} INFO - Processing file /home/airflow/.local/lib/python3.12/site-packages/airflow/example_dags/example_inlet_event_extra.py for tasks to queue
[2026-08-12T04:41:36.035+0000] {logging_mixin.py:190} INFO - [2026-08-12T04:41:36.035+0000] {dagbag.py:587} INFO - Filling up the DagBag from /home/airflow/.local/lib/python3.12/site-packages/airflow/example_dags/example_inlet_event_extra.py
[2026-08-12T04:41:36.221+0000] {processor.py:925} INFO - DAG(s) 'read_dataset_event', 'read_dataset_event_from_classic' retrieved from /home/airflow/.local/lib/python3.12/site-packages/airflow/example_dags/example_inlet_event_extra.py
[2026-08-12T04:41:36.246+0000] {logging_mixin.py:190} INFO - [2026-08-12T04:41:36.246+0000] {dag.py:3211} INFO - Sync 2 DAGs
[2026-08-12T04:41:36.285+0000] {logging_mixin.py:190} INFO - [2026-08-12T04:41:36.285+0000] {dag.py:4138} INFO - Setting next_dagrun for read_dataset_event to 2026-08-11 00:00:00+00:00, run_after=2026-08-12 00:00:00+00:00
[2026-08-12T04:41:36.291+0000] {logging_mixin.py:190} INFO - [2026-08-12T04:41:36.291+0000] {dag.py:4138} INFO - Setting next_dagrun for read_dataset_event_from_classic to 2026-08-11 00:00:00+00:00, run_after=2026-08-12 00:00:00+00:00
[2026-08-12T04:41:36.310+0000] {processor.py:208} INFO - Processing /home/airflow/.local/lib/python3.12/site-packages/airflow/example_dags/example_inlet_event_extra.py took 0.284 seconds
[2026-08-12T04:42:06.676+0000] {processor.py:186} INFO - Started process (PID=1211) to work on /home/airflow/.local/lib/python3.12/site-packages/airflow/example_dags/example_inlet_event_extra.py
[2026-08-12T04:42:06.678+0000] {processor.py:914} INFO - Processing file /home/airflow/.local/lib/python3.12/site-packages/airflow/example_dags/example_inlet_event_extra.py for tasks to queue
[2026-08-12T04:42:06.682+0000] {logging_mixin.py:190} INFO - [2026-08-12T04:42:06.682+0000] {dagbag.py:587} INFO - Filling up the DagBag from /home/airflow/.local/lib/python3.12/site-packages/airflow/example_dags/example_inlet_event_extra.py
[2026-08-12T04:42:06.840+0000] {processor.py:925} INFO - DAG(s) 'read_dataset_event', 'read_dataset_event_from_classic' retrieved from /home/airflow/.local/lib/python3.12/site-packages/airflow/example_dags/example_inlet_event_extra.py
[2026-08-12T04:42:06.862+0000] {logging_mixin.py:190} INFO - [2026-08-12T04:42:06.862+0000] {dag.py:3211} INFO - Sync 2 DAGs
[2026-08-12T04:42:06.897+0000] {logging_mixin.py:190} INFO - [2026-08-12T04:42:06.897+0000] {dag.py:4138} INFO - Setting next_dagrun for read_dataset_event to 2026-08-11 00:00:00+00:00, run_after=2026-08-12 00:00:00+00:00
[2026-08-12T04:42:06.903+0000] {logging_mixin.py:190} INFO - [2026-08-12T04:42:06.903+0000] {dag.py:4138} INFO - Setting next_dagrun for read_dataset_event_from_classic to 2026-08-11 00:00:00+00:00, run_after=2026-08-12 00:00:00+00:00
[2026-08-12T04:42:06.924+0000] {processor.py:208} INFO - Processing /home/airflow/.local/lib/python3.12/site-packages/airflow/example_dags/example_inlet_event_extra.py took 0.257 seconds
[2026-08-12T04:42:37.225+0000] {processor.py:186} INFO - Started process (PID=1273) to work on /home/airflow/.local/lib/python3.12/site-packages/airflow/example_dags/example_inlet_event_extra.py
[2026-08-12T04:42:37.227+0000] {processor.py:914} INFO - Processing file /home/airflow/.local/lib/python3.12/site-packages/airflow/example_dags/example_inlet_event_extra.py for tasks to queue
[2026-08-12T04:42:37.231+0000] {logging_mixin.py:190} INFO - [2026-08-12T04:42:37.230+0000] {dagbag.py:587} INFO - Filling up the DagBag from /home/airflow/.local/lib/python3.12/site-packages/airflow/example_dags/example_inlet_event_extra.py
[2026-08-12T04:42:37.421+0000] {processor.py:925} INFO - DAG(s) 'read_dataset_event', 'read_dataset_event_from_classic' retrieved from /home/airflow/.local/lib/python3.12/site-packages/airflow/example_dags/example_inlet_event_extra.py
[2026-08-12T04:42:37.441+0000] {logging_mixin.py:190} INFO - [2026-08-12T04:42:37.441+0000] {dag.py:3211} INFO - Sync 2 DAGs
[2026-08-12T04:42:37.464+0000] {logging_mixin.py:190} INFO - [2026-08-12T04:42:37.463+0000] {dag.py:4138} INFO - Setting next_dagrun for read_dataset_event to 2026-08-11 00:00:00+00:00, run_after=2026-08-12 00:00:00+00:00
[2026-08-12T04:42:37.469+0000] {logging_mixin.py:190} INFO - [2026-08-12T04:42:37.469+0000] {dag.py:4138} INFO - Setting next_dagrun for read_dataset_event_from_classic to 2026-08-11 00:00:00+00:00, run_after=2026-08-12 00:00:00+00:00
[2026-08-12T04:42:37.486+0000] {processor.py:208} INFO - Processing /home/airflow/.local/lib/python3.12/site-packages/airflow/example_dags/example_inlet_event_extra.py took 0.267 seconds
[2026-08-12T04:43:08.110+0000] {processor.py:186} INFO - Started process (PID=1335) to work on /home/airflow/.local/lib/python3.12/site-packages/airflow/example_dags/example_inlet_event_extra.py
[2026-08-12T04:43:08.111+0000] {processor.py:914} INFO - Processing file /home/airflow/.local/lib/python3.12/site-packages/airflow/example_dags/example_inlet_event_extra.py for tasks to queue
[2026-08-12T04:43:08.115+0000] {logging_mixin.py:190} INFO - [2026-08-12T04:43:08.114+0000] {dagbag.py:587} INFO - Filling up the DagBag from /home/airflow/.local/lib/python3.12/site-packages/airflow/example_dags/example_inlet_event_extra.py
[2026-08-12T04:43:08.272+0000] {processor.py:925} INFO - DAG(s) 'read_dataset_event_from_classic', 'read_dataset_event' retrieved from /home/airflow/.local/lib/python3.12/site-packages/airflow/example_dags/example_inlet_event_extra.py
[2026-08-12T04:43:08.296+0000] {logging_mixin.py:190} INFO - [2026-08-12T04:43:08.295+0000] {dag.py:3211} INFO - Sync 2 DAGs
[2026-08-12T04:43:08.320+0000] {logging_mixin.py:190} INFO - [2026-08-12T04:43:08.320+0000] {dag.py:4138} INFO - Setting next_dagrun for read_dataset_event to 2026-08-11 00:00:00+00:00, run_after=2026-08-12 00:00:00+00:00
[2026-08-12T04:43:08.326+0000] {logging_mixin.py:190} INFO - [2026-08-12T04:43:08.326+0000] {dag.py:4138} INFO - Setting next_dagrun for read_dataset_event_from_classic to 2026-08-11 00:00:00+00:00, run_after=2026-08-12 00:00:00+00:00
[2026-08-12T04:43:08.347+0000] {processor.py:208} INFO - Processing /home/airflow/.local/lib/python3.12/site-packages/airflow/example_dags/example_inlet_event_extra.py took 0.245 seconds
[2026-08-12T04:43:39.191+0000] {processor.py:186} INFO - Started process (PID=1397) to work on /home/airflow/.local/lib/python3.12/site-packages/airflow/example_dags/example_inlet_event_extra.py
[2026-08-12T04:43:39.193+0000] {processor.py:914} INFO - Processing file /home/airflow/.local/lib/python3.12/site-packages/airflow/example_dags/example_inlet_event_extra.py for tasks to queue
[2026-08-12T04:43:39.197+0000] {logging_mixin.py:190} INFO - [2026-08-12T04:43:39.196+0000] {dagbag.py:587} INFO - Filling up the DagBag from /home/airflow/.local/lib/python3.12/site-packages/airflow/example_dags/example_inlet_event_extra.py
[2026-08-12T04:43:39.382+0000] {processor.py:925} INFO - DAG(s) 'read_dataset_event_from_classic', 'read_dataset_event' retrieved from /home/airflow/.local/lib/python3.12/site-packages/airflow/example_dags/example_inlet_event_extra.py
[2026-08-12T04:43:39.408+0000] {logging_mixin.py:190} INFO - [2026-08-12T04:43:39.407+0000] {dag.py:3211} INFO - Sync 2 DAGs
[2026-08-12T04:43:39.433+0000] {logging_mixin.py:190} INFO - [2026-08-12T04:43:39.433+0000] {dag.py:4138} INFO - Setting next_dagrun for read_dataset_event to 2026-08-11 00:00:00+00:00, run_after=2026-08-12 00:00:00+00:00
[2026-08-12T04:43:39.439+0000] {logging_mixin.py:190} INFO - [2026-08-12T04:43:39.439+0000] {dag.py:4138} INFO - Setting next_dagrun for read_dataset_event_from_classic to 2026-08-11 00:00:00+00:00, run_after=2026-08-12 00:00:00+00:00
[2026-08-12T04:43:39.459+0000] {processor.py:208} INFO - Processing /home/airflow/.local/lib/python3.12/site-packages/airflow/example_dags/example_inlet_event_extra.py took 0.275 seconds
[2026-08-12T04:44:09.895+0000] {processor.py:186} INFO - Started process (PID=1459) to work on /home/airflow/.local/lib/python3.12/site-packages/airflow/example_dags/example_inlet_event_extra.py
[2026-08-12T04:44:09.896+0000] {processor.py:914} INFO - Processing file /home/airflow/.local/lib/python3.12/site-packages/airflow/example_dags/example_inlet_event_extra.py for tasks to queue
[2026-08-12T04:44:09.899+0000] {logging_mixin.py:190} INFO - [2026-08-12T04:44:09.899+0000] {dagbag.py:587} INFO - Filling up the DagBag from /home/airflow/.local/lib/python3.12/site-packages/airflow/example_dags/example_inlet_event_extra.py
[2026-08-12T04:44:10.047+0000] {processor.py:925} INFO - DAG(s) 'read_dataset_event', 'read_dataset_event_from_classic' retrieved from /home/airflow/.local/lib/python3.12/site-packages/airflow/example_dags/example_inlet_event_extra.py
[2026-08-12T04:44:10.068+0000] {logging_mixin.py:190} INFO - [2026-08-12T04:44:10.068+0000] {dag.py:3211} INFO - Sync 2 DAGs
[2026-08-12T04:44:10.093+0000] {logging_mixin.py:190} INFO - [2026-08-12T04:44:10.093+0000] {dag.py:4138} INFO - Setting next_dagrun for read_dataset_event to 2026-08-11 00:00:00+00:00, run_after=2026-08-12 00:00:00+00:00
[2026-08-12T04:44:10.099+0000] {logging_mixin.py:190} INFO - [2026-08-12T04:44:10.099+0000] {dag.py:4138} INFO - Setting next_dagrun for read_dataset_event_from_classic to 2026-08-11 00:00:00+00:00, run_after=2026-08-12 00:00:00+00:00
[2026-08-12T04:44:10.119+0000] {processor.py:208} INFO - Processing /home/airflow/.local/lib/python3.12/site-packages/airflow/example_dags/example_inlet_event_extra.py took 0.230 seconds
[2026-08-12T04:44:40.739+0000] {processor.py:186} INFO - Started process (PID=1521) to work on /home/airflow/.local/lib/python3.12/site-packages/airflow/example_dags/example_inlet_event_extra.py
[2026-08-12T04:44:40.741+0000] {processor.py:914} INFO - Processing file /home/airflow/.local/lib/python3.12/site-packages/airflow/example_dags/example_inlet_event_extra.py for tasks to queue
[2026-08-12T04:44:40.746+0000] {logging_mixin.py:190} INFO - [2026-08-12T04:44:40.745+0000] {dagbag.py:587} INFO - Filling up the DagBag from /home/airflow/.local/lib/python3.12/site-packages/airflow/example_dags/example_inlet_event_extra.py
[2026-08-12T04:44:40.875+0000] {processor.py:925} INFO - DAG(s) 'read_dataset_event', 'read_dataset_event_from_classic' retrieved from /home/airflow/.local/lib/python3.12/site-packages/airflow/example_dags/example_inlet_event_extra.py
[2026-08-12T04:44:40.898+0000] {logging_mixin.py:190} INFO - [2026-08-12T04:44:40.898+0000] {dag.py:3211} INFO - Sync 2 DAGs
[2026-08-12T04:44:40.921+0000] {logging_mixin.py:190} INFO - [2026-08-12T04:44:40.921+0000] {dag.py:4138} INFO - Setting next_dagrun for read_dataset_event to 2026-08-11 00:00:00+00:00, run_after=2026-08-12 00:00:00+00:00
[2026-08-12T04:44:40.927+0000] {logging_mixin.py:190} INFO - [2026-08-12T04:44:40.927+0000] {dag.py:4138} INFO - Setting next_dagrun for read_dataset_event_from_classic to 2026-08-11 00:00:00+00:00, run_after=2026-08-12 00:00:00+00:00
[2026-08-12T04:44:40.944+0000] {processor.py:208} INFO - Processing /home/airflow/.local/lib/python3.12/site-packages/airflow/example_dags/example_inlet_event_extra.py took 0.211 seconds
[2026-08-12T04:45:11.360+0000] {processor.py:186} INFO - Started process (PID=1583) to work on /home/airflow/.local/lib/python3.12/site-packages/airflow/example_dags/example_inlet_event_extra.py
[2026-08-12T04:45:11.362+0000] {processor.py:914} INFO - Processing file /home/airflow/.local/lib/python3.12/site-packages/airflow/example_dags/example_inlet_event_extra.py for tasks to queue
[2026-08-12T04:45:11.366+0000] {logging_mixin.py:190} INFO - [2026-08-12T04:45:11.366+0000] {dagbag.py:587} INFO - Filling up the DagBag from /home/airflow/.local/lib/python3.12/site-packages/airflow/example_dags/example_inlet_event_extra.py
[2026-08-12T04:45:11.498+0000] {processor.py:925} INFO - DAG(s) 'read_dataset_event_from_classic', 'read_dataset_event' retrieved from /home/airflow/.local/lib/python3.12/site-packages/airflow/example_dags/example_inlet_event_extra.py
[2026-08-12T04:45:11.522+0000] {logging_mixin.py:190} INFO - [2026-08-12T04:45:11.522+0000] {dag.py:3211} INFO - Sync 2 DAGs
[2026-08-12T04:45:11.545+0000] {logging_mixin.py:190} INFO - [2026-08-12T04:45:11.545+0000] {dag.py:4138} INFO - Setting next_dagrun for read_dataset_event to 2026-08-11 00:00:00+00:00, run_after=2026-08-12 00:00:00+00:00
[2026-08-12T04:45:11.551+0000] {logging_mixin.py:190} INFO - [2026-08-12T04:45:11.551+0000] {dag.py:4138} INFO - Setting next_dagrun for read_dataset_event_from_classic to 2026-08-11 00:00:00+00:00, run_after=2026-08-12 00:00:00+00:00
[2026-08-12T04:45:11.569+0000] {processor.py:208} INFO - Processing /home/airflow/.local/lib/python3.12/site-packages/airflow/example_dags/example_inlet_event_extra.py took 0.215 seconds
[2026-08-12T04:45:41.880+0000] {processor.py:186} INFO - Started process (PID=1645) to work on /home/airflow/.local/lib/python3.12/site-packages/airflow/example_dags/example_inlet_event_extra.py
[2026-08-12T04:45:41.882+0000] {processor.py:914} INFO - Processing file /home/airflow/.local/lib/python3.12/site-packages/airflow/example_dags/example_inlet_event_extra.py for tasks to queue
[2026-08-12T04:45:41.885+0000] {logging_mixin.py:190} INFO - [2026-08-12T04:45:41.885+0000] {dagbag.py:587} INFO - Filling up the DagBag from /home/airflow/.local/lib/python3.12/site-packages/airflow/example_dags/example_inlet_event_extra.py
[2026-08-12T04:45:42.026+0000] {processor.py:925} INFO - DAG(s) 'read_dataset_event_from_classic', 'read_dataset_event' retrieved from /home/airflow/.local/lib/python3.12/site-packages/airflow/example_dags/example_inlet_event_extra.py
[2026-08-12T04:45:42.053+0000] {logging_mixin.py:190} INFO - [2026-08-12T04:45:42.053+0000] {dag.py:3211} INFO - Sync 2 DAGs
[2026-08-12T04:45:42.076+0000] {logging_mixin.py:190} INFO - [2026-08-12T04:45:42.076+0000] {dag.py:4138} INFO - Setting next_dagrun for read_dataset_event to 2026-08-11 00:00:00+00:00, run_after=2026-08-12 00:00:00+00:00
[2026-08-12T04:45:42.082+0000] {logging_mixin.py:190} INFO - [2026-08-12T04:45:42.082+0000] {dag.py:4138} INFO - Setting next_dagrun for read_dataset_event_from_classic to 2026-08-11 00:00:00+00:00, run_after=2026-08-12 00:00:00+00:00
[2026-08-12T04:45:42.101+0000] {processor.py:208} INFO - Processing /home/airflow/.local/lib/python3.12/site-packages/airflow/example_dags/example_inlet_event_extra.py took 0.227 seconds
[2026-08-12T04:46:12.453+0000] {processor.py:186} INFO - Started process (PID=1707) to work on /home/airflow/.local/lib/python3.12/site-packages/airflow/example_dags/example_inlet_event_extra.py
[2026-08-12T04:46:12.455+0000] {processor.py:914} INFO - Processing file /home/airflow/.local/lib/python3.12/site-packages/airflow/example_dags/example_inlet_event_extra.py for tasks to queue
[2026-08-12T04:46:12.470+0000] {logging_mixin.py:190} INFO - [2026-08-12T04:46:12.469+0000] {dagbag.py:587} INFO - Filling up the DagBag from /home/airflow/.local/lib/python3.12/site-packages/airflow/example_dags/example_inlet_event_extra.py
[2026-08-12T04:46:12.602+0000] {processor.py:925} INFO - DAG(s) 'read_dataset_event', 'read_dataset_event_from_classic' retrieved from /home/airflow/.local/lib/python3.12/site-packages/airflow/example_dags/example_inlet_event_extra.py
[2026-08-12T04:46:12.624+0000] {logging_mixin.py:190} INFO - [2026-08-12T04:46:12.624+0000] {dag.py:3211} INFO - Sync 2 DAGs
[2026-08-12T04:46:12.651+0000] {logging_mixin.py:190} INFO - [2026-08-12T04:46:12.650+0000] {dag.py:4138} INFO - Setting next_dagrun for read_dataset_event to 2026-08-11 00:00:00+00:00, run_after=2026-08-12 00:00:00+00:00
[2026-08-12T04:46:12.656+0000] {logging_mixin.py:190} INFO - [2026-08-12T04:46:12.656+0000] {dag.py:4138} INFO - Setting next_dagrun for read_dataset_event_from_classic to 2026-08-11 00:00:00+00:00, run_after=2026-08-12 00:00:00+00:00
[2026-08-12T04:46:12.675+0000] {processor.py:208} INFO - Processing /home/airflow/.local/lib/python3.12/site-packages/airflow/example_dags/example_inlet_event_extra.py took 0.227 seconds
[2026-08-12T04:46:42.919+0000] {processor.py:186} INFO - Started process (PID=1770) to work on /home/airflow/.local/lib/python3.12/site-packages/airflow/example_dags/example_inlet_event_extra.py
[2026-08-12T04:46:42.921+0000] {processor.py:914} INFO - Processing file /home/airflow/.local/lib/python3.12/site-packages/airflow/example_dags/example_inlet_event_extra.py for tasks to queue
[2026-08-12T04:46:42.925+0000] {logging_mixin.py:190} INFO - [2026-08-12T04:46:42.925+0000] {dagbag.py:587} INFO - Filling up the DagBag from /home/airflow/.local/lib/python3.12/site-packages/airflow/example_dags/example_inlet_event_extra.py
[2026-08-12T04:46:43.061+0000] {processor.py:925} INFO - DAG(s) 'read_dataset_event_from_classic', 'read_dataset_event' retrieved from /home/airflow/.local/lib/python3.12/site-packages/airflow/example_dags/example_inlet_event_extra.py
[2026-08-12T04:46:43.083+0000] {logging_mixin.py:190} INFO - [2026-08-12T04:46:43.083+0000] {dag.py:3211} INFO - Sync 2 DAGs
[2026-08-12T04:46:43.109+0000] {logging_mixin.py:190} INFO - [2026-08-12T04:46:43.109+0000] {dag.py:4138} INFO - Setting next_dagrun for read_dataset_event to 2026-08-11 00:00:00+00:00, run_after=2026-08-12 00:00:00+00:00
[2026-08-12T04:46:43.115+0000] {logging_mixin.py:190} INFO - [2026-08-12T04:46:43.115+0000] {dag.py:4138} INFO - Setting next_dagrun for read_dataset_event_from_classic to 2026-08-11 00:00:00+00:00, run_after=2026-08-12 00:00:00+00:00
[2026-08-12T04:46:43.132+0000] {processor.py:208} INFO - Processing /home/airflow/.local/lib/python3.12/site-packages/airflow/example_dags/example_inlet_event_extra.py took 0.218 seconds
[2026-08-12T04:47:13.226+0000] {processor.py:186} INFO - Started process (PID=1831) to work on /home/airflow/.local/lib/python3.12/site-packages/airflow/example_dags/example_inlet_event_extra.py
[2026-08-12T04:47:13.228+0000] {processor.py:914} INFO - Processing file /home/airflow/.local/lib/python3.12/site-packages/airflow/example_dags/example_inlet_event_extra.py for tasks to queue
[2026-08-12T04:47:13.232+0000] {logging_mixin.py:190} INFO - [2026-08-12T04:47:13.232+0000] {dagbag.py:587} INFO - Filling up the DagBag from /home/airflow/.local/lib/python3.12/site-packages/airflow/example_dags/example_inlet_event_extra.py
[2026-08-12T04:47:13.395+0000] {processor.py:925} INFO - DAG(s) 'read_dataset_event', 'read_dataset_event_from_classic' retrieved from /home/airflow/.local/lib/python3.12/site-packages/airflow/example_dags/example_inlet_event_extra.py
[2026-08-12T04:47:13.421+0000] {logging_mixin.py:190} INFO - [2026-08-12T04:47:13.421+0000] {dag.py:3211} INFO - Sync 2 DAGs
[2026-08-12T04:47:13.657+0000] {logging_mixin.py:190} INFO - [2026-08-12T04:47:13.657+0000] {dag.py:4138} INFO - Setting next_dagrun for read_dataset_event to 2026-08-11 00:00:00+00:00, run_after=2026-08-12 00:00:00+00:00
[2026-08-12T04:47:13.663+0000] {logging_mixin.py:190} INFO - [2026-08-12T04:47:13.663+0000] {dag.py:4138} INFO - Setting next_dagrun for read_dataset_event_from_classic to 2026-08-11 00:00:00+00:00, run_after=2026-08-12 00:00:00+00:00
[2026-08-12T04:47:13.679+0000] {processor.py:208} INFO - Processing /home/airflow/.local/lib/python3.12/site-packages/airflow/example_dags/example_inlet_event_extra.py took 0.459 seconds
[2026-08-12T04:47:43.776+0000] {processor.py:186} INFO - Started process (PID=1893) to work on /home/airflow/.local/lib/python3.12/site-packages/airflow/example_dags/example_inlet_event_extra.py
[2026-08-12T04:47:43.778+0000] {processor.py:914} INFO - Processing file /home/airflow/.local/lib/python3.12/site-packages/airflow/example_dags/example_inlet_event_extra.py for tasks to queue
[2026-08-12T04:47:43.782+0000] {logging_mixin.py:190} INFO - [2026-08-12T04:47:43.782+0000] {dagbag.py:587} INFO - Filling up the DagBag from /home/airflow/.local/lib/python3.12/site-packages/airflow/example_dags/example_inlet_event_extra.py
[2026-08-12T04:47:43.933+0000] {processor.py:925} INFO - DAG(s) 'read_dataset_event', 'read_dataset_event_from_classic' retrieved from /home/airflow/.local/lib/python3.12/site-packages/airflow/example_dags/example_inlet_event_extra.py
[2026-08-12T04:47:43.955+0000] {logging_mixin.py:190} INFO - [2026-08-12T04:47:43.955+0000] {dag.py:3211} INFO - Sync 2 DAGs
[2026-08-12T04:47:43.985+0000] {logging_mixin.py:190} INFO - [2026-08-12T04:47:43.985+0000] {dag.py:4138} INFO - Setting next_dagrun for read_dataset_event to 2026-08-11 00:00:00+00:00, run_after=2026-08-12 00:00:00+00:00
[2026-08-12T04:47:43.991+0000] {logging_mixin.py:190} INFO - [2026-08-12T04:47:43.991+0000] {dag.py:4138} INFO - Setting next_dagrun for read_dataset_event_from_classic to 2026-08-11 00:00:00+00:00, run_after=2026-08-12 00:00:00+00:00
[2026-08-12T04:47:44.239+0000] {processor.py:208} INFO - Processing /home/airflow/.local/lib/python3.12/site-packages/airflow/example_dags/example_inlet_event_extra.py took 0.470 seconds
[2026-08-12T04:48:14.599+0000] {processor.py:186} INFO - Started process (PID=1955) to work on /home/airflow/.local/lib/python3.12/site-packages/airflow/example_dags/example_inlet_event_extra.py
[2026-08-12T04:48:14.601+0000] {processor.py:914} INFO - Processing file /home/airflow/.local/lib/python3.12/site-packages/airflow/example_dags/example_inlet_event_extra.py for tasks to queue
[2026-08-12T04:48:14.604+0000] {logging_mixin.py:190} INFO - [2026-08-12T04:48:14.604+0000] {dagbag.py:587} INFO - Filling up the DagBag from /home/airflow/.local/lib/python3.12/site-packages/airflow/example_dags/example_inlet_event_extra.py
[2026-08-12T04:48:14.739+0000] {processor.py:925} INFO - DAG(s) 'read_dataset_event', 'read_dataset_event_from_classic' retrieved from /home/airflow/.local/lib/python3.12/site-packages/airflow/example_dags/example_inlet_event_extra.py
[2026-08-12T04:48:14.762+0000] {logging_mixin.py:190} INFO - [2026-08-12T04:48:14.762+0000] {dag.py:3211} INFO - Sync 2 DAGs
[2026-08-12T04:48:14.790+0000] {logging_mixin.py:190} INFO - [2026-08-12T04:48:14.790+0000] {dag.py:4138} INFO - Setting next_dagrun for read_dataset_event to 2026-08-11 00:00:00+00:00, run_after=2026-08-12 00:00:00+00:00
[2026-08-12T04:48:14.796+0000] {logging_mixin.py:190} INFO - [2026-08-12T04:48:14.796+0000] {dag.py:4138} INFO - Setting next_dagrun for read_dataset_event_from_classic to 2026-08-11 00:00:00+00:00, run_after=2026-08-12 00:00:00+00:00
[2026-08-12T04:48:15.016+0000] {processor.py:208} INFO - Processing /home/airflow/.local/lib/python3.12/site-packages/airflow/example_dags/example_inlet_event_extra.py took 0.424 seconds
[2026-08-12T04:48:45.564+0000] {processor.py:186} INFO - Started process (PID=2017) to work on /home/airflow/.local/lib/python3.12/site-packages/airflow/example_dags/example_inlet_event_extra.py
[2026-08-12T04:48:45.566+0000] {processor.py:914} INFO - Processing file /home/airflow/.local/lib/python3.12/site-packages/airflow/example_dags/example_inlet_event_extra.py for tasks to queue
[2026-08-12T04:48:45.568+0000] {logging_mixin.py:190} INFO - [2026-08-12T04:48:45.568+0000] {dagbag.py:587} INFO - Filling up the DagBag from /home/airflow/.local/lib/python3.12/site-packages/airflow/example_dags/example_inlet_event_extra.py
[2026-08-12T04:48:45.695+0000] {processor.py:925} INFO - DAG(s) 'read_dataset_event', 'read_dataset_event_from_classic' retrieved from /home/airflow/.local/lib/python3.12/site-packages/airflow/example_dags/example_inlet_event_extra.py
[2026-08-12T04:48:45.718+0000] {logging_mixin.py:190} INFO - [2026-08-12T04:48:45.718+0000] {dag.py:3211} INFO - Sync 2 DAGs
[2026-08-12T04:48:45.740+0000] {logging_mixin.py:190} INFO - [2026-08-12T04:48:45.740+0000] {dag.py:4138} INFO - Setting next_dagrun for read_dataset_event to 2026-08-11 00:00:00+00:00, run_after=2026-08-12 00:00:00+00:00
[2026-08-12T04:48:45.746+0000] {logging_mixin.py:190} INFO - [2026-08-12T04:48:45.745+0000] {dag.py:4138} INFO - Setting next_dagrun for read_dataset_event_from_classic to 2026-08-11 00:00:00+00:00, run_after=2026-08-12 00:00:00+00:00
[2026-08-12T04:48:45.764+0000] {processor.py:208} INFO - Processing /home/airflow/.local/lib/python3.12/site-packages/airflow/example_dags/example_inlet_event_extra.py took 0.208 seconds
[2026-08-12T04:49:15.944+0000] {processor.py:186} INFO - Started process (PID=2079) to work on /home/airflow/.local/lib/python3.12/site-packages/airflow/example_dags/example_inlet_event_extra.py
[2026-08-12T04:49:15.946+0000] {processor.py:914} INFO - Processing file /home/airflow/.local/lib/python3.12/site-packages/airflow/example_dags/example_inlet_event_extra.py for tasks to queue
[2026-08-12T04:49:15.950+0000] {logging_mixin.py:190} INFO - [2026-08-12T04:49:15.949+0000] {dagbag.py:587} INFO - Filling up the DagBag from /home/airflow/.local/lib/python3.12/site-packages/airflow/example_dags/example_inlet_event_extra.py
[2026-08-12T04:49:16.126+0000] {processor.py:925} INFO - DAG(s) 'read_dataset_event_from_classic', 'read_dataset_event' retrieved from /home/airflow/.local/lib/python3.12/site-packages/airflow/example_dags/example_inlet_event_extra.py
[2026-08-12T04:49:16.158+0000] {logging_mixin.py:190} INFO - [2026-08-12T04:49:16.158+0000] {dag.py:3211} INFO - Sync 2 DAGs
[2026-08-12T04:49:16.195+0000] {logging_mixin.py:190} INFO - [2026-08-12T04:49:16.194+0000] {dag.py:4138} INFO - Setting next_dagrun for read_dataset_event to 2026-08-11 00:00:00+00:00, run_after=2026-08-12 00:00:00+00:00
[2026-08-12T04:49:16.201+0000] {logging_mixin.py:190} INFO - [2026-08-12T04:49:16.201+0000] {dag.py:4138} INFO - Setting next_dagrun for read_dataset_event_from_classic to 2026-08-11 00:00:00+00:00, run_after=2026-08-12 00:00:00+00:00
[2026-08-12T04:49:16.227+0000] {processor.py:208} INFO - Processing /home/airflow/.local/lib/python3.12/site-packages/airflow/example_dags/example_inlet_event_extra.py took 0.289 seconds
[2026-08-12T04:49:46.413+0000] {processor.py:186} INFO - Started process (PID=2143) to work on /home/airflow/.local/lib/python3.12/site-packages/airflow/example_dags/example_inlet_event_extra.py
[2026-08-12T04:49:46.415+0000] {processor.py:914} INFO - Processing file /home/airflow/.local/lib/python3.12/site-packages/airflow/example_dags/example_inlet_event_extra.py for tasks to queue
[2026-08-12T04:49:46.419+0000] {logging_mixin.py:190} INFO - [2026-08-12T04:49:46.418+0000] {dagbag.py:587} INFO - Filling up the DagBag from /home/airflow/.local/lib/python3.12/site-packages/airflow/example_dags/example_inlet_event_extra.py
[2026-08-12T04:49:46.539+0000] {processor.py:925} INFO - DAG(s) 'read_dataset_event', 'read_dataset_event_from_classic' retrieved from /home/airflow/.local/lib/python3.12/site-packages/airflow/example_dags/example_inlet_event_extra.py
[2026-08-12T04:49:46.563+0000] {logging_mixin.py:190} INFO - [2026-08-12T04:49:46.562+0000] {dag.py:3211} INFO - Sync 2 DAGs
[2026-08-12T04:49:46.584+0000] {logging_mixin.py:190} INFO - [2026-08-12T04:49:46.584+0000] {dag.py:4138} INFO - Setting next_dagrun for read_dataset_event to 2026-08-11 00:00:00+00:00, run_after=2026-08-12 00:00:00+00:00
[2026-08-12T04:49:46.589+0000] {logging_mixin.py:190} INFO - [2026-08-12T04:49:46.589+0000] {dag.py:4138} INFO - Setting next_dagrun for read_dataset_event_from_classic to 2026-08-11 00:00:00+00:00, run_after=2026-08-12 00:00:00+00:00
[2026-08-12T04:49:46.619+0000] {processor.py:208} INFO - Processing /home/airflow/.local/lib/python3.12/site-packages/airflow/example_dags/example_inlet_event_extra.py took 0.213 seconds
[2026-08-12T04:50:16.946+0000] {processor.py:186} INFO - Started process (PID=2205) to work on /home/airflow/.local/lib/python3.12/site-packages/airflow/example_dags/example_inlet_event_extra.py
[2026-08-12T04:50:16.948+0000] {processor.py:914} INFO - Processing file /home/airflow/.local/lib/python3.12/site-packages/airflow/example_dags/example_inlet_event_extra.py for tasks to queue
[2026-08-12T04:50:16.953+0000] {logging_mixin.py:190} INFO - [2026-08-12T04:50:16.953+0000] {dagbag.py:587} INFO - Filling up the DagBag from /home/airflow/.local/lib/python3.12/site-packages/airflow/example_dags/example_inlet_event_extra.py
[2026-08-12T04:50:17.126+0000] {processor.py:925} INFO - DAG(s) 'read_dataset_event_from_classic', 'read_dataset_event' retrieved from /home/airflow/.local/lib/python3.12/site-packages/airflow/example_dags/example_inlet_event_extra.py
[2026-08-12T04:50:17.381+0000] {logging_mixin.py:190} INFO - [2026-08-12T04:50:17.381+0000] {dag.py:3211} INFO - Sync 2 DAGs
[2026-08-12T04:50:17.406+0000] {logging_mixin.py:190} INFO - [2026-08-12T04:50:17.406+0000] {dag.py:4138} INFO - Setting next_dagrun for read_dataset_event to 2026-08-11 00:00:00+00:00, run_after=2026-08-12 00:00:00+00:00
[2026-08-12T04:50:17.413+0000] {logging_mixin.py:190} INFO - [2026-08-12T04:50:17.412+0000] {dag.py:4138} INFO - Setting next_dagrun for read_dataset_event_from_classic to 2026-08-11 00:00:00+00:00, run_after=2026-08-12 00:00:00+00:00
[2026-08-12T04:50:17.433+0000] {processor.py:208} INFO - Processing /home/airflow/.local/lib/python3.12/site-packages/airflow/example_dags/example_inlet_event_extra.py took 0.493 seconds
[2026-08-12T04:50:48.214+0000] {processor.py:186} INFO - Started process (PID=2270) to work on /home/airflow/.local/lib/python3.12/site-packages/airflow/example_dags/example_inlet_event_extra.py
[2026-08-12T04:50:48.215+0000] {processor.py:914} INFO - Processing file /home/airflow/.local/lib/python3.12/site-packages/airflow/example_dags/example_inlet_event_extra.py for tasks to queue
[2026-08-12T04:50:48.219+0000] {logging_mixin.py:190} INFO - [2026-08-12T04:50:48.218+0000] {dagbag.py:587} INFO - Filling up the DagBag from /home/airflow/.local/lib/python3.12/site-packages/airflow/example_dags/example_inlet_event_extra.py
[2026-08-12T04:50:48.373+0000] {processor.py:925} INFO - DAG(s) 'read_dataset_event', 'read_dataset_event_from_classic' retrieved from /home/airflow/.local/lib/python3.12/site-packages/airflow/example_dags/example_inlet_event_extra.py
[2026-08-12T04:50:48.601+0000] {logging_mixin.py:190} INFO - [2026-08-12T04:50:48.601+0000] {dag.py:3211} INFO - Sync 2 DAGs
[2026-08-12T04:50:48.622+0000] {logging_mixin.py:190} INFO - [2026-08-12T04:50:48.621+0000] {dag.py:4138} INFO - Setting next_dagrun for read_dataset_event to 2026-08-11 00:00:00+00:00, run_after=2026-08-12 00:00:00+00:00
[2026-08-12T04:50:48.626+0000] {logging_mixin.py:190} INFO - [2026-08-12T04:50:48.626+0000] {dag.py:4138} INFO - Setting next_dagrun for read_dataset_event_from_classic to 2026-08-11 00:00:00+00:00, run_after=2026-08-12 00:00:00+00:00
[2026-08-12T04:50:48.660+0000] {processor.py:208} INFO - Processing /home/airflow/.local/lib/python3.12/site-packages/airflow/example_dags/example_inlet_event_extra.py took 0.453 seconds
[2026-08-12T04:51:18.919+0000] {processor.py:186} INFO - Started process (PID=2332) to work on /home/airflow/.local/lib/python3.12/site-packages/airflow/example_dags/example_inlet_event_extra.py
[2026-08-12T04:51:18.921+0000] {processor.py:914} INFO - Processing file /home/airflow/.local/lib/python3.12/site-packages/airflow/example_dags/example_inlet_event_extra.py for tasks to queue
[2026-08-12T04:51:18.925+0000] {logging_mixin.py:190} INFO - [2026-08-12T04:51:18.925+0000] {dagbag.py:587} INFO - Filling up the DagBag from /home/airflow/.local/lib/python3.12/site-packages/airflow/example_dags/example_inlet_event_extra.py
[2026-08-12T04:51:19.071+0000] {processor.py:925} INFO - DAG(s) 'read_dataset_event', 'read_dataset_event_from_classic' retrieved from /home/airflow/.local/lib/python3.12/site-packages/airflow/example_dags/example_inlet_event_extra.py
[2026-08-12T04:51:19.096+0000] {logging_mixin.py:190} INFO - [2026-08-12T04:51:19.095+0000] {dag.py:3211} INFO - Sync 2 DAGs
[2026-08-12T04:51:19.295+0000] {logging_mixin.py:190} INFO - [2026-08-12T04:51:19.295+0000] {dag.py:4138} INFO - Setting next_dagrun for read_dataset_event to 2026-08-11 00:00:00+00:00, run_after=2026-08-12 00:00:00+00:00
[2026-08-12T04:51:19.300+0000] {logging_mixin.py:190} INFO - [2026-08-12T04:51:19.300+0000] {dag.py:4138} INFO - Setting next_dagrun for read_dataset_event_from_classic to 2026-08-11 00:00:00+00:00, run_after=2026-08-12 00:00:00+00:00
[2026-08-12T04:51:19.328+0000] {processor.py:208} INFO - Processing /home/airflow/.local/lib/python3.12/site-packages/airflow/example_dags/example_inlet_event_extra.py took 0.418 seconds
[2026-08-12T04:51:50.271+0000] {processor.py:186} INFO - Started process (PID=2396) to work on /home/airflow/.local/lib/python3.12/site-packages/airflow/example_dags/example_inlet_event_extra.py
[2026-08-12T04:51:50.273+0000] {processor.py:914} INFO - Processing file /home/airflow/.local/lib/python3.12/site-packages/airflow/example_dags/example_inlet_event_extra.py for tasks to queue
[2026-08-12T04:51:50.276+0000] {logging_mixin.py:190} INFO - [2026-08-12T04:51:50.275+0000] {dagbag.py:587} INFO - Filling up the DagBag from /home/airflow/.local/lib/python3.12/site-packages/airflow/example_dags/example_inlet_event_extra.py
[2026-08-12T04:51:50.541+0000] {processor.py:925} INFO - DAG(s) 'read_dataset_event_from_classic', 'read_dataset_event' retrieved from /home/airflow/.local/lib/python3.12/site-packages/airflow/example_dags/example_inlet_event_extra.py
[2026-08-12T04:51:50.558+0000] {logging_mixin.py:190} INFO - [2026-08-12T04:51:50.558+0000] {dag.py:3211} INFO - Sync 2 DAGs
[2026-08-12T04:51:50.578+0000] {logging_mixin.py:190} INFO - [2026-08-12T04:51:50.577+0000] {dag.py:4138} INFO - Setting next_dagrun for read_dataset_event to 2026-08-11 00:00:00+00:00, run_after=2026-08-12 00:00:00+00:00
[2026-08-12T04:51:50.583+0000] {logging_mixin.py:190} INFO - [2026-08-12T04:51:50.583+0000] {dag.py:4138} INFO - Setting next_dagrun for read_dataset_event_from_classic to 2026-08-11 00:00:00+00:00, run_after=2026-08-12 00:00:00+00:00
[2026-08-12T04:51:50.600+0000] {processor.py:208} INFO - Processing /home/airflow/.local/lib/python3.12/site-packages/airflow/example_dags/example_inlet_event_extra.py took 0.334 seconds
[2026-08-12T04:52:21.172+0000] {processor.py:186} INFO - Started process (PID=2458) to work on /home/airflow/.local/lib/python3.12/site-packages/airflow/example_dags/example_inlet_event_extra.py
[2026-08-12T04:52:21.174+0000] {processor.py:914} INFO - Processing file /home/airflow/.local/lib/python3.12/site-packages/airflow/example_dags/example_inlet_event_extra.py for tasks to queue
[2026-08-12T04:52:21.177+0000] {logging_mixin.py:190} INFO - [2026-08-12T04:52:21.177+0000] {dagbag.py:587} INFO - Filling up the DagBag from /home/airflow/.local/lib/python3.12/site-packages/airflow/example_dags/example_inlet_event_extra.py
[2026-08-12T04:52:21.477+0000] {processor.py:925} INFO - DAG(s) 'read_dataset_event_from_classic', 'read_dataset_event' retrieved from /home/airflow/.local/lib/python3.12/site-packages/airflow/example_dags/example_inlet_event_extra.py
[2026-08-12T04:52:21.495+0000] {logging_mixin.py:190} INFO - [2026-08-12T04:52:21.495+0000] {dag.py:3211} INFO - Sync 2 DAGs
[2026-08-12T04:52:21.514+0000] {logging_mixin.py:190} INFO - [2026-08-12T04:52:21.514+0000] {dag.py:4138} INFO - Setting next_dagrun for read_dataset_event to 2026-08-11 00:00:00+00:00, run_after=2026-08-12 00:00:00+00:00
[2026-08-12T04:52:21.519+0000] {logging_mixin.py:190} INFO - [2026-08-12T04:52:21.519+0000] {dag.py:4138} INFO - Setting next_dagrun for read_dataset_event_from_classic to 2026-08-11 00:00:00+00:00, run_after=2026-08-12 00:00:00+00:00
[2026-08-12T04:52:21.545+0000] {processor.py:208} INFO - Processing /home/airflow/.local/lib/python3.12/site-packages/airflow/example_dags/example_inlet_event_extra.py took 0.379 seconds
[2026-08-12T04:52:52.418+0000] {processor.py:186} INFO - Started process (PID=2520) to work on /home/airflow/.local/lib/python3.12/site-packages/airflow/example_dags/example_inlet_event_extra.py
[2026-08-12T04:52:52.420+0000] {processor.py:914} INFO - Processing file /home/airflow/.local/lib/python3.12/site-packages/airflow/example_dags/example_inlet_event_extra.py for tasks to queue
[2026-08-12T04:52:52.423+0000] {logging_mixin.py:190} INFO - [2026-08-12T04:52:52.422+0000] {dagbag.py:587} INFO - Filling up the DagBag from /home/airflow/.local/lib/python3.12/site-packages/airflow/example_dags/example_inlet_event_extra.py
[2026-08-12T04:52:52.724+0000] {processor.py:925} INFO - DAG(s) 'read_dataset_event', 'read_dataset_event_from_classic' retrieved from /home/airflow/.local/lib/python3.12/site-packages/airflow/example_dags/example_inlet_event_extra.py
[2026-08-12T04:52:52.743+0000] {logging_mixin.py:190} INFO - [2026-08-12T04:52:52.742+0000] {dag.py:3211} INFO - Sync 2 DAGs
[2026-08-12T04:52:52.762+0000] {logging_mixin.py:190} INFO - [2026-08-12T04:52:52.761+0000] {dag.py:4138} INFO - Setting next_dagrun for read_dataset_event to 2026-08-11 00:00:00+00:00, run_after=2026-08-12 00:00:00+00:00
[2026-08-12T04:52:52.767+0000] {logging_mixin.py:190} INFO - [2026-08-12T04:52:52.766+0000] {dag.py:4138} INFO - Setting next_dagrun for read_dataset_event_from_classic to 2026-08-11 00:00:00+00:00, run_after=2026-08-12 00:00:00+00:00
[2026-08-12T04:52:52.805+0000] {processor.py:208} INFO - Processing /home/airflow/.local/lib/python3.12/site-packages/airflow/example_dags/example_inlet_event_extra.py took 0.393 seconds
[2026-08-12T04:53:22.920+0000] {processor.py:186} INFO - Started process (PID=2583) to work on /home/airflow/.local/lib/python3.12/site-packages/airflow/example_dags/example_inlet_event_extra.py
[2026-08-12T04:53:22.922+0000] {processor.py:914} INFO - Processing file /home/airflow/.local/lib/python3.12/site-packages/airflow/example_dags/example_inlet_event_extra.py for tasks to queue
[2026-08-12T04:53:22.926+0000] {logging_mixin.py:190} INFO - [2026-08-12T04:53:22.926+0000] {dagbag.py:587} INFO - Filling up the DagBag from /home/airflow/.local/lib/python3.12/site-packages/airflow/example_dags/example_inlet_event_extra.py
[2026-08-12T04:53:23.089+0000] {processor.py:925} INFO - DAG(s) 'read_dataset_event', 'read_dataset_event_from_classic' retrieved from /home/airflow/.local/lib/python3.12/site-packages/airflow/example_dags/example_inlet_event_extra.py
[2026-08-12T04:53:23.280+0000] {logging_mixin.py:190} INFO - [2026-08-12T04:53:23.280+0000] {dag.py:3211} INFO - Sync 2 DAGs
[2026-08-12T04:53:23.298+0000] {logging_mixin.py:190} INFO - [2026-08-12T04:53:23.298+0000] {dag.py:4138} INFO - Setting next_dagrun for read_dataset_event to 2026-08-11 00:00:00+00:00, run_after=2026-08-12 00:00:00+00:00
[2026-08-12T04:53:23.304+0000] {logging_mixin.py:190} INFO - [2026-08-12T04:53:23.303+0000] {dag.py:4138} INFO - Setting next_dagrun for read_dataset_event_from_classic to 2026-08-11 00:00:00+00:00, run_after=2026-08-12 00:00:00+00:00
[2026-08-12T04:53:23.318+0000] {processor.py:208} INFO - Processing /home/airflow/.local/lib/python3.12/site-packages/airflow/example_dags/example_inlet_event_extra.py took 0.406 seconds
[2026-08-12T04:53:53.749+0000] {processor.py:186} INFO - Started process (PID=2646) to work on /home/airflow/.local/lib/python3.12/site-packages/airflow/example_dags/example_inlet_event_extra.py
[2026-08-12T04:53:53.751+0000] {processor.py:914} INFO - Processing file /home/airflow/.local/lib/python3.12/site-packages/airflow/example_dags/example_inlet_event_extra.py for tasks to queue
[2026-08-12T04:53:53.756+0000] {logging_mixin.py:190} INFO - [2026-08-12T04:53:53.755+0000] {dagbag.py:587} INFO - Filling up the DagBag from /home/airflow/.local/lib/python3.12/site-packages/airflow/example_dags/example_inlet_event_extra.py
[2026-08-12T04:53:54.056+0000] {processor.py:925} INFO - DAG(s) 'read_dataset_event_from_classic', 'read_dataset_event' retrieved from /home/airflow/.local/lib/python3.12/site-packages/airflow/example_dags/example_inlet_event_extra.py
[2026-08-12T04:53:54.075+0000] {logging_mixin.py:190} INFO - [2026-08-12T04:53:54.075+0000] {dag.py:3211} INFO - Sync 2 DAGs
[2026-08-12T04:53:54.093+0000] {logging_mixin.py:190} INFO - [2026-08-12T04:53:54.093+0000] {dag.py:4138} INFO - Setting next_dagrun for read_dataset_event to 2026-08-11 00:00:00+00:00, run_after=2026-08-12 00:00:00+00:00
[2026-08-12T04:53:54.098+0000] {logging_mixin.py:190} INFO - [2026-08-12T04:53:54.098+0000] {dag.py:4138} INFO - Setting next_dagrun for read_dataset_event_from_classic to 2026-08-11 00:00:00+00:00, run_after=2026-08-12 00:00:00+00:00
[2026-08-12T04:53:54.112+0000] {processor.py:208} INFO - Processing /home/airflow/.local/lib/python3.12/site-packages/airflow/example_dags/example_inlet_event_extra.py took 0.372 seconds
[2026-08-12T04:54:24.997+0000] {processor.py:186} INFO - Started process (PID=2711) to work on /home/airflow/.local/lib/python3.12/site-packages/airflow/example_dags/example_inlet_event_extra.py
[2026-08-12T04:54:24.998+0000] {processor.py:914} INFO - Processing file /home/airflow/.local/lib/python3.12/site-packages/airflow/example_dags/example_inlet_event_extra.py for tasks to queue
[2026-08-12T04:54:25.001+0000] {logging_mixin.py:190} INFO - [2026-08-12T04:54:25.001+0000] {dagbag.py:587} INFO - Filling up the DagBag from /home/airflow/.local/lib/python3.12/site-packages/airflow/example_dags/example_inlet_event_extra.py
[2026-08-12T04:54:25.311+0000] {processor.py:925} INFO - DAG(s) 'read_dataset_event', 'read_dataset_event_from_classic' retrieved from /home/airflow/.local/lib/python3.12/site-packages/airflow/example_dags/example_inlet_event_extra.py
[2026-08-12T04:54:25.328+0000] {logging_mixin.py:190} INFO - [2026-08-12T04:54:25.328+0000] {dag.py:3211} INFO - Sync 2 DAGs
[2026-08-12T04:54:25.349+0000] {logging_mixin.py:190} INFO - [2026-08-12T04:54:25.348+0000] {dag.py:4138} INFO - Setting next_dagrun for read_dataset_event to 2026-08-11 00:00:00+00:00, run_after=2026-08-12 00:00:00+00:00
[2026-08-12T04:54:25.354+0000] {logging_mixin.py:190} INFO - [2026-08-12T04:54:25.354+0000] {dag.py:4138} INFO - Setting next_dagrun for read_dataset_event_from_classic to 2026-08-11 00:00:00+00:00, run_after=2026-08-12 00:00:00+00:00
[2026-08-12T04:54:25.383+0000] {processor.py:208} INFO - Processing /home/airflow/.local/lib/python3.12/site-packages/airflow/example_dags/example_inlet_event_extra.py took 0.392 seconds
[2026-08-12T04:54:55.701+0000] {processor.py:186} INFO - Started process (PID=2774) to work on /home/airflow/.local/lib/python3.12/site-packages/airflow/example_dags/example_inlet_event_extra.py
[2026-08-12T04:54:55.702+0000] {processor.py:914} INFO - Processing file /home/airflow/.local/lib/python3.12/site-packages/airflow/example_dags/example_inlet_event_extra.py for tasks to queue
[2026-08-12T04:54:55.705+0000] {logging_mixin.py:190} INFO - [2026-08-12T04:54:55.705+0000] {dagbag.py:587} INFO - Filling up the DagBag from /home/airflow/.local/lib/python3.12/site-packages/airflow/example_dags/example_inlet_event_extra.py
[2026-08-12T04:54:55.968+0000] {processor.py:925} INFO - DAG(s) 'read_dataset_event_from_classic', 'read_dataset_event' retrieved from /home/airflow/.local/lib/python3.12/site-packages/airflow/example_dags/example_inlet_event_extra.py
[2026-08-12T04:54:55.986+0000] {logging_mixin.py:190} INFO - [2026-08-12T04:54:55.986+0000] {dag.py:3211} INFO - Sync 2 DAGs
[2026-08-12T04:54:56.006+0000] {logging_mixin.py:190} INFO - [2026-08-12T04:54:56.006+0000] {dag.py:4138} INFO - Setting next_dagrun for read_dataset_event to 2026-08-11 00:00:00+00:00, run_after=2026-08-12 00:00:00+00:00
[2026-08-12T04:54:56.011+0000] {logging_mixin.py:190} INFO - [2026-08-12T04:54:56.011+0000] {dag.py:4138} INFO - Setting next_dagrun for read_dataset_event_from_classic to 2026-08-11 00:00:00+00:00, run_after=2026-08-12 00:00:00+00:00
[2026-08-12T04:54:56.025+0000] {processor.py:208} INFO - Processing /home/airflow/.local/lib/python3.12/site-packages/airflow/example_dags/example_inlet_event_extra.py took 0.330 seconds
[2026-08-12T04:55:26.133+0000] {processor.py:186} INFO - Started process (PID=2837) to work on /home/airflow/.local/lib/python3.12/site-packages/airflow/example_dags/example_inlet_event_extra.py
[2026-08-12T04:55:26.134+0000] {processor.py:914} INFO - Processing file /home/airflow/.local/lib/python3.12/site-packages/airflow/example_dags/example_inlet_event_extra.py for tasks to queue
[2026-08-12T04:55:26.138+0000] {logging_mixin.py:190} INFO - [2026-08-12T04:55:26.137+0000] {dagbag.py:587} INFO - Filling up the DagBag from /home/airflow/.local/lib/python3.12/site-packages/airflow/example_dags/example_inlet_event_extra.py
[2026-08-12T04:55:26.449+0000] {processor.py:925} INFO - DAG(s) 'read_dataset_event_from_classic', 'read_dataset_event' retrieved from /home/airflow/.local/lib/python3.12/site-packages/airflow/example_dags/example_inlet_event_extra.py
[2026-08-12T04:55:26.466+0000] {logging_mixin.py:190} INFO - [2026-08-12T04:55:26.466+0000] {dag.py:3211} INFO - Sync 2 DAGs
[2026-08-12T04:55:26.487+0000] {logging_mixin.py:190} INFO - [2026-08-12T04:55:26.486+0000] {dag.py:4138} INFO - Setting next_dagrun for read_dataset_event to 2026-08-11 00:00:00+00:00, run_after=2026-08-12 00:00:00+00:00
[2026-08-12T04:55:26.492+0000] {logging_mixin.py:190} INFO - [2026-08-12T04:55:26.491+0000] {dag.py:4138} INFO - Setting next_dagrun for read_dataset_event_from_classic to 2026-08-11 00:00:00+00:00, run_after=2026-08-12 00:00:00+00:00
[2026-08-12T04:55:26.520+0000] {processor.py:208} INFO - Processing /home/airflow/.local/lib/python3.12/site-packages/airflow/example_dags/example_inlet_event_extra.py took 0.393 seconds
[2026-08-12T04:55:56.844+0000] {processor.py:186} INFO - Started process (PID=2906) to work on /home/airflow/.local/lib/python3.12/site-packages/airflow/example_dags/example_inlet_event_extra.py
[2026-08-12T04:55:56.846+0000] {processor.py:914} INFO - Processing file /home/airflow/.local/lib/python3.12/site-packages/airflow/example_dags/example_inlet_event_extra.py for tasks to queue
[2026-08-12T04:55:56.849+0000] {logging_mixin.py:190} INFO - [2026-08-12T04:55:56.849+0000] {dagbag.py:587} INFO - Filling up the DagBag from /home/airflow/.local/lib/python3.12/site-packages/airflow/example_dags/example_inlet_event_extra.py
[2026-08-12T04:55:57.133+0000] {processor.py:925} INFO - DAG(s) 'read_dataset_event_from_classic', 'read_dataset_event' retrieved from /home/airflow/.local/lib/python3.12/site-packages/airflow/example_dags/example_inlet_event_extra.py
[2026-08-12T04:55:57.151+0000] {logging_mixin.py:190} INFO - [2026-08-12T04:55:57.151+0000] {dag.py:3211} INFO - Sync 2 DAGs
[2026-08-12T04:55:57.178+0000] {logging_mixin.py:190} INFO - [2026-08-12T04:55:57.178+0000] {dag.py:4138} INFO - Setting next_dagrun for read_dataset_event to 2026-08-11 00:00:00+00:00, run_after=2026-08-12 00:00:00+00:00
[2026-08-12T04:55:57.183+0000] {logging_mixin.py:190} INFO - [2026-08-12T04:55:57.183+0000] {dag.py:4138} INFO - Setting next_dagrun for read_dataset_event_from_classic to 2026-08-11 00:00:00+00:00, run_after=2026-08-12 00:00:00+00:00
[2026-08-12T04:55:57.201+0000] {processor.py:208} INFO - Processing /home/airflow/.local/lib/python3.12/site-packages/airflow/example_dags/example_inlet_event_extra.py took 0.362 seconds
[2026-08-12T04:56:27.564+0000] {processor.py:186} INFO - Started process (PID=2969) to work on /home/airflow/.local/lib/python3.12/site-packages/airflow/example_dags/example_inlet_event_extra.py
[2026-08-12T04:56:27.565+0000] {processor.py:914} INFO - Processing file /home/airflow/.local/lib/python3.12/site-packages/airflow/example_dags/example_inlet_event_extra.py for tasks to queue
[2026-08-12T04:56:27.568+0000] {logging_mixin.py:190} INFO - [2026-08-12T04:56:27.568+0000] {dagbag.py:587} INFO - Filling up the DagBag from /home/airflow/.local/lib/python3.12/site-packages/airflow/example_dags/example_inlet_event_extra.py
[2026-08-12T04:56:27.857+0000] {processor.py:925} INFO - DAG(s) 'read_dataset_event_from_classic', 'read_dataset_event' retrieved from /home/airflow/.local/lib/python3.12/site-packages/airflow/example_dags/example_inlet_event_extra.py
[2026-08-12T04:56:27.875+0000] {logging_mixin.py:190} INFO - [2026-08-12T04:56:27.874+0000] {dag.py:3211} INFO - Sync 2 DAGs
[2026-08-12T04:56:27.892+0000] {logging_mixin.py:190} INFO - [2026-08-12T04:56:27.892+0000] {dag.py:4138} INFO - Setting next_dagrun for read_dataset_event to 2026-08-11 00:00:00+00:00, run_after=2026-08-12 00:00:00+00:00
[2026-08-12T04:56:27.897+0000] {logging_mixin.py:190} INFO - [2026-08-12T04:56:27.897+0000] {dag.py:4138} INFO - Setting next_dagrun for read_dataset_event_from_classic to 2026-08-11 00:00:00+00:00, run_after=2026-08-12 00:00:00+00:00
[2026-08-12T04:56:27.911+0000] {processor.py:208} INFO - Processing /home/airflow/.local/lib/python3.12/site-packages/airflow/example_dags/example_inlet_event_extra.py took 0.353 seconds
[2026-08-12T04:56:58.708+0000] {processor.py:186} INFO - Started process (PID=3032) to work on /home/airflow/.local/lib/python3.12/site-packages/airflow/example_dags/example_inlet_event_extra.py
[2026-08-12T04:56:58.711+0000] {processor.py:914} INFO - Processing file /home/airflow/.local/lib/python3.12/site-packages/airflow/example_dags/example_inlet_event_extra.py for tasks to queue
[2026-08-12T04:56:58.715+0000] {logging_mixin.py:190} INFO - [2026-08-12T04:56:58.715+0000] {dagbag.py:587} INFO - Filling up the DagBag from /home/airflow/.local/lib/python3.12/site-packages/airflow/example_dags/example_inlet_event_extra.py
[2026-08-12T04:56:59.028+0000] {processor.py:925} INFO - DAG(s) 'read_dataset_event_from_classic', 'read_dataset_event' retrieved from /home/airflow/.local/lib/python3.12/site-packages/airflow/example_dags/example_inlet_event_extra.py
[2026-08-12T04:56:59.048+0000] {logging_mixin.py:190} INFO - [2026-08-12T04:56:59.047+0000] {dag.py:3211} INFO - Sync 2 DAGs
[2026-08-12T04:56:59.068+0000] {logging_mixin.py:190} INFO - [2026-08-12T04:56:59.068+0000] {dag.py:4138} INFO - Setting next_dagrun for read_dataset_event to 2026-08-11 00:00:00+00:00, run_after=2026-08-12 00:00:00+00:00
[2026-08-12T04:56:59.074+0000] {logging_mixin.py:190} INFO - [2026-08-12T04:56:59.074+0000] {dag.py:4138} INFO - Setting next_dagrun for read_dataset_event_from_classic to 2026-08-11 00:00:00+00:00, run_after=2026-08-12 00:00:00+00:00
[2026-08-12T04:56:59.101+0000] {processor.py:208} INFO - Processing /home/airflow/.local/lib/python3.12/site-packages/airflow/example_dags/example_inlet_event_extra.py took 0.401 seconds
[2026-08-12T04:57:29.619+0000] {processor.py:186} INFO - Started process (PID=3095) to work on /home/airflow/.local/lib/python3.12/site-packages/airflow/example_dags/example_inlet_event_extra.py
[2026-08-12T04:57:29.620+0000] {processor.py:914} INFO - Processing file /home/airflow/.local/lib/python3.12/site-packages/airflow/example_dags/example_inlet_event_extra.py for tasks to queue
[2026-08-12T04:57:29.623+0000] {logging_mixin.py:190} INFO - [2026-08-12T04:57:29.622+0000] {dagbag.py:587} INFO - Filling up the DagBag from /home/airflow/.local/lib/python3.12/site-packages/airflow/example_dags/example_inlet_event_extra.py
[2026-08-12T04:57:29.881+0000] {processor.py:925} INFO - DAG(s) 'read_dataset_event', 'read_dataset_event_from_classic' retrieved from /home/airflow/.local/lib/python3.12/site-packages/airflow/example_dags/example_inlet_event_extra.py
[2026-08-12T04:57:29.901+0000] {logging_mixin.py:190} INFO - [2026-08-12T04:57:29.901+0000] {dag.py:3211} INFO - Sync 2 DAGs
[2026-08-12T04:57:29.923+0000] {logging_mixin.py:190} INFO - [2026-08-12T04:57:29.923+0000] {dag.py:4138} INFO - Setting next_dagrun for read_dataset_event to 2026-08-11 00:00:00+00:00, run_after=2026-08-12 00:00:00+00:00
[2026-08-12T04:57:29.928+0000] {logging_mixin.py:190} INFO - [2026-08-12T04:57:29.927+0000] {dag.py:4138} INFO - Setting next_dagrun for read_dataset_event_from_classic to 2026-08-11 00:00:00+00:00, run_after=2026-08-12 00:00:00+00:00
[2026-08-12T04:57:29.956+0000] {processor.py:208} INFO - Processing /home/airflow/.local/lib/python3.12/site-packages/airflow/example_dags/example_inlet_event_extra.py took 0.342 seconds
[2026-08-12T04:58:00.632+0000] {processor.py:186} INFO - Started process (PID=3158) to work on /home/airflow/.local/lib/python3.12/site-packages/airflow/example_dags/example_inlet_event_extra.py
[2026-08-12T04:58:00.633+0000] {processor.py:914} INFO - Processing file /home/airflow/.local/lib/python3.12/site-packages/airflow/example_dags/example_inlet_event_extra.py for tasks to queue
[2026-08-12T04:58:00.637+0000] {logging_mixin.py:190} INFO - [2026-08-12T04:58:00.637+0000] {dagbag.py:587} INFO - Filling up the DagBag from /home/airflow/.local/lib/python3.12/site-packages/airflow/example_dags/example_inlet_event_extra.py
[2026-08-12T04:58:00.897+0000] {processor.py:925} INFO - DAG(s) 'read_dataset_event', 'read_dataset_event_from_classic' retrieved from /home/airflow/.local/lib/python3.12/site-packages/airflow/example_dags/example_inlet_event_extra.py
[2026-08-12T04:58:00.916+0000] {logging_mixin.py:190} INFO - [2026-08-12T04:58:00.916+0000] {dag.py:3211} INFO - Sync 2 DAGs
[2026-08-12T04:58:00.935+0000] {logging_mixin.py:190} INFO - [2026-08-12T04:58:00.935+0000] {dag.py:4138} INFO - Setting next_dagrun for read_dataset_event to 2026-08-11 00:00:00+00:00, run_after=2026-08-12 00:00:00+00:00
[2026-08-12T04:58:00.940+0000] {logging_mixin.py:190} INFO - [2026-08-12T04:58:00.940+0000] {dag.py:4138} INFO - Setting next_dagrun for read_dataset_event_from_classic to 2026-08-11 00:00:00+00:00, run_after=2026-08-12 00:00:00+00:00
[2026-08-12T04:58:00.955+0000] {processor.py:208} INFO - Processing /home/airflow/.local/lib/python3.12/site-packages/airflow/example_dags/example_inlet_event_extra.py took 0.329 seconds
[2026-08-12T04:58:31.025+0000] {processor.py:186} INFO - Started process (PID=3221) to work on /home/airflow/.local/lib/python3.12/site-packages/airflow/example_dags/example_inlet_event_extra.py
[2026-08-12T04:58:31.027+0000] {processor.py:914} INFO - Processing file /home/airflow/.local/lib/python3.12/site-packages/airflow/example_dags/example_inlet_event_extra.py for tasks to queue
[2026-08-12T04:58:31.030+0000] {logging_mixin.py:190} INFO - [2026-08-12T04:58:31.030+0000] {dagbag.py:587} INFO - Filling up the DagBag from /home/airflow/.local/lib/python3.12/site-packages/airflow/example_dags/example_inlet_event_extra.py
[2026-08-12T04:58:31.326+0000] {processor.py:925} INFO - DAG(s) 'read_dataset_event_from_classic', 'read_dataset_event' retrieved from /home/airflow/.local/lib/python3.12/site-packages/airflow/example_dags/example_inlet_event_extra.py
[2026-08-12T04:58:31.347+0000] {logging_mixin.py:190} INFO - [2026-08-12T04:58:31.346+0000] {dag.py:3211} INFO - Sync 2 DAGs
[2026-08-12T04:58:31.365+0000] {logging_mixin.py:190} INFO - [2026-08-12T04:58:31.364+0000] {dag.py:4138} INFO - Setting next_dagrun for read_dataset_event to 2026-08-11 00:00:00+00:00, run_after=2026-08-12 00:00:00+00:00
[2026-08-12T04:58:31.369+0000] {logging_mixin.py:190} INFO - [2026-08-12T04:58:31.369+0000] {dag.py:4138} INFO - Setting next_dagrun for read_dataset_event_from_classic to 2026-08-11 00:00:00+00:00, run_after=2026-08-12 00:00:00+00:00
[2026-08-12T04:58:31.400+0000] {processor.py:208} INFO - Processing /home/airflow/.local/lib/python3.12/site-packages/airflow/example_dags/example_inlet_event_extra.py took 0.381 seconds
[2026-08-12T04:59:02.344+0000] {processor.py:186} INFO - Started process (PID=3284) to work on /home/airflow/.local/lib/python3.12/site-packages/airflow/example_dags/example_inlet_event_extra.py
[2026-08-12T04:59:02.346+0000] {processor.py:914} INFO - Processing file /home/airflow/.local/lib/python3.12/site-packages/airflow/example_dags/example_inlet_event_extra.py for tasks to queue
[2026-08-12T04:59:02.349+0000] {logging_mixin.py:190} INFO - [2026-08-12T04:59:02.349+0000] {dagbag.py:587} INFO - Filling up the DagBag from /home/airflow/.local/lib/python3.12/site-packages/airflow/example_dags/example_inlet_event_extra.py
[2026-08-12T04:59:02.683+0000] {processor.py:925} INFO - DAG(s) 'read_dataset_event', 'read_dataset_event_from_classic' retrieved from /home/airflow/.local/lib/python3.12/site-packages/airflow/example_dags/example_inlet_event_extra.py
[2026-08-12T04:59:02.707+0000] {logging_mixin.py:190} INFO - [2026-08-12T04:59:02.707+0000] {dag.py:3211} INFO - Sync 2 DAGs
[2026-08-12T04:59:02.747+0000] {logging_mixin.py:190} INFO - [2026-08-12T04:59:02.747+0000] {dag.py:4138} INFO - Setting next_dagrun for read_dataset_event to 2026-08-11 00:00:00+00:00, run_after=2026-08-12 00:00:00+00:00
[2026-08-12T04:59:02.755+0000] {logging_mixin.py:190} INFO - [2026-08-12T04:59:02.755+0000] {dag.py:4138} INFO - Setting next_dagrun for read_dataset_event_from_classic to 2026-08-11 00:00:00+00:00, run_after=2026-08-12 00:00:00+00:00
[2026-08-12T04:59:02.788+0000] {processor.py:208} INFO - Processing /home/airflow/.local/lib/python3.12/site-packages/airflow/example_dags/example_inlet_event_extra.py took 0.450 seconds
[2026-08-12T04:59:33.076+0000] {processor.py:186} INFO - Started process (PID=3348) to work on /home/airflow/.local/lib/python3.12/site-packages/airflow/example_dags/example_inlet_event_extra.py
[2026-08-12T04:59:33.078+0000] {processor.py:914} INFO - Processing file /home/airflow/.local/lib/python3.12/site-packages/airflow/example_dags/example_inlet_event_extra.py for tasks to queue
[2026-08-12T04:59:33.081+0000] {logging_mixin.py:190} INFO - [2026-08-12T04:59:33.080+0000] {dagbag.py:587} INFO - Filling up the DagBag from /home/airflow/.local/lib/python3.12/site-packages/airflow/example_dags/example_inlet_event_extra.py
[2026-08-12T04:59:33.341+0000] {processor.py:925} INFO - DAG(s) 'read_dataset_event', 'read_dataset_event_from_classic' retrieved from /home/airflow/.local/lib/python3.12/site-packages/airflow/example_dags/example_inlet_event_extra.py
[2026-08-12T04:59:33.358+0000] {logging_mixin.py:190} INFO - [2026-08-12T04:59:33.357+0000] {dag.py:3211} INFO - Sync 2 DAGs
[2026-08-12T04:59:33.377+0000] {logging_mixin.py:190} INFO - [2026-08-12T04:59:33.376+0000] {dag.py:4138} INFO - Setting next_dagrun for read_dataset_event to 2026-08-11 00:00:00+00:00, run_after=2026-08-12 00:00:00+00:00
[2026-08-12T04:59:33.382+0000] {logging_mixin.py:190} INFO - [2026-08-12T04:59:33.382+0000] {dag.py:4138} INFO - Setting next_dagrun for read_dataset_event_from_classic to 2026-08-11 00:00:00+00:00, run_after=2026-08-12 00:00:00+00:00
[2026-08-12T04:59:33.410+0000] {processor.py:208} INFO - Processing /home/airflow/.local/lib/python3.12/site-packages/airflow/example_dags/example_inlet_event_extra.py took 0.339 seconds
[2026-08-12T05:00:03.838+0000] {processor.py:186} INFO - Started process (PID=3411) to work on /home/airflow/.local/lib/python3.12/site-packages/airflow/example_dags/example_inlet_event_extra.py
[2026-08-12T05:00:03.851+0000] {processor.py:914} INFO - Processing file /home/airflow/.local/lib/python3.12/site-packages/airflow/example_dags/example_inlet_event_extra.py for tasks to queue
[2026-08-12T05:00:03.854+0000] {logging_mixin.py:190} INFO - [2026-08-12T05:00:03.854+0000] {dagbag.py:587} INFO - Filling up the DagBag from /home/airflow/.local/lib/python3.12/site-packages/airflow/example_dags/example_inlet_event_extra.py
[2026-08-12T05:00:04.136+0000] {processor.py:925} INFO - DAG(s) 'read_dataset_event', 'read_dataset_event_from_classic' retrieved from /home/airflow/.local/lib/python3.12/site-packages/airflow/example_dags/example_inlet_event_extra.py
[2026-08-12T05:00:04.154+0000] {logging_mixin.py:190} INFO - [2026-08-12T05:00:04.154+0000] {dag.py:3211} INFO - Sync 2 DAGs
[2026-08-12T05:00:04.175+0000] {logging_mixin.py:190} INFO - [2026-08-12T05:00:04.175+0000] {dag.py:4138} INFO - Setting next_dagrun for read_dataset_event to 2026-08-11 00:00:00+00:00, run_after=2026-08-12 00:00:00+00:00
[2026-08-12T05:00:04.180+0000] {logging_mixin.py:190} INFO - [2026-08-12T05:00:04.180+0000] {dag.py:4138} INFO - Setting next_dagrun for read_dataset_event_from_classic to 2026-08-11 00:00:00+00:00, run_after=2026-08-12 00:00:00+00:00
[2026-08-12T05:00:04.209+0000] {processor.py:208} INFO - Processing /home/airflow/.local/lib/python3.12/site-packages/airflow/example_dags/example_inlet_event_extra.py took 0.376 seconds
[2026-08-12T05:00:34.840+0000] {processor.py:186} INFO - Started process (PID=3474) to work on /home/airflow/.local/lib/python3.12/site-packages/airflow/example_dags/example_inlet_event_extra.py
[2026-08-12T05:00:34.842+0000] {processor.py:914} INFO - Processing file /home/airflow/.local/lib/python3.12/site-packages/airflow/example_dags/example_inlet_event_extra.py for tasks to queue
[2026-08-12T05:00:34.845+0000] {logging_mixin.py:190} INFO - [2026-08-12T05:00:34.844+0000] {dagbag.py:587} INFO - Filling up the DagBag from /home/airflow/.local/lib/python3.12/site-packages/airflow/example_dags/example_inlet_event_extra.py
[2026-08-12T05:00:35.153+0000] {processor.py:925} INFO - DAG(s) 'read_dataset_event', 'read_dataset_event_from_classic' retrieved from /home/airflow/.local/lib/python3.12/site-packages/airflow/example_dags/example_inlet_event_extra.py
[2026-08-12T05:00:35.172+0000] {logging_mixin.py:190} INFO - [2026-08-12T05:00:35.172+0000] {dag.py:3211} INFO - Sync 2 DAGs
[2026-08-12T05:00:35.194+0000] {logging_mixin.py:190} INFO - [2026-08-12T05:00:35.194+0000] {dag.py:4138} INFO - Setting next_dagrun for read_dataset_event to 2026-08-11 00:00:00+00:00, run_after=2026-08-12 00:00:00+00:00
[2026-08-12T05:00:35.199+0000] {logging_mixin.py:190} INFO - [2026-08-12T05:00:35.199+0000] {dag.py:4138} INFO - Setting next_dagrun for read_dataset_event_from_classic to 2026-08-11 00:00:00+00:00, run_after=2026-08-12 00:00:00+00:00
[2026-08-12T05:00:35.216+0000] {processor.py:208} INFO - Processing /home/airflow/.local/lib/python3.12/site-packages/airflow/example_dags/example_inlet_event_extra.py took 0.382 seconds
[2026-08-12T05:01:06.116+0000] {processor.py:186} INFO - Started process (PID=3537) to work on /home/airflow/.local/lib/python3.12/site-packages/airflow/example_dags/example_inlet_event_extra.py
[2026-08-12T05:01:06.118+0000] {processor.py:914} INFO - Processing file /home/airflow/.local/lib/python3.12/site-packages/airflow/example_dags/example_inlet_event_extra.py for tasks to queue
[2026-08-12T05:01:06.121+0000] {logging_mixin.py:190} INFO - [2026-08-12T05:01:06.120+0000] {dagbag.py:587} INFO - Filling up the DagBag from /home/airflow/.local/lib/python3.12/site-packages/airflow/example_dags/example_inlet_event_extra.py
[2026-08-12T05:01:06.239+0000] {processor.py:925} INFO - DAG(s) 'read_dataset_event_from_classic', 'read_dataset_event' retrieved from /home/airflow/.local/lib/python3.12/site-packages/airflow/example_dags/example_inlet_event_extra.py
[2026-08-12T05:01:06.261+0000] {logging_mixin.py:190} INFO - [2026-08-12T05:01:06.261+0000] {dag.py:3211} INFO - Sync 2 DAGs
[2026-08-12T05:01:06.287+0000] {logging_mixin.py:190} INFO - [2026-08-12T05:01:06.287+0000] {dag.py:4138} INFO - Setting next_dagrun for read_dataset_event to 2026-08-11 00:00:00+00:00, run_after=2026-08-12 00:00:00+00:00
[2026-08-12T05:01:06.293+0000] {logging_mixin.py:190} INFO - [2026-08-12T05:01:06.293+0000] {dag.py:4138} INFO - Setting next_dagrun for read_dataset_event_from_classic to 2026-08-11 00:00:00+00:00, run_after=2026-08-12 00:00:00+00:00
[2026-08-12T05:01:06.311+0000] {processor.py:208} INFO - Processing /home/airflow/.local/lib/python3.12/site-packages/airflow/example_dags/example_inlet_event_extra.py took 0.201 seconds
[2026-08-12T05:01:36.386+0000] {processor.py:186} INFO - Started process (PID=3600) to work on /home/airflow/.local/lib/python3.12/site-packages/airflow/example_dags/example_inlet_event_extra.py
[2026-08-12T05:01:36.387+0000] {processor.py:914} INFO - Processing file /home/airflow/.local/lib/python3.12/site-packages/airflow/example_dags/example_inlet_event_extra.py for tasks to queue
[2026-08-12T05:01:36.391+0000] {logging_mixin.py:190} INFO - [2026-08-12T05:01:36.390+0000] {dagbag.py:587} INFO - Filling up the DagBag from /home/airflow/.local/lib/python3.12/site-packages/airflow/example_dags/example_inlet_event_extra.py
[2026-08-12T05:01:36.505+0000] {processor.py:925} INFO - DAG(s) 'read_dataset_event', 'read_dataset_event_from_classic' retrieved from /home/airflow/.local/lib/python3.12/site-packages/airflow/example_dags/example_inlet_event_extra.py
[2026-08-12T05:01:36.527+0000] {logging_mixin.py:190} INFO - [2026-08-12T05:01:36.527+0000] {dag.py:3211} INFO - Sync 2 DAGs
[2026-08-12T05:01:36.549+0000] {logging_mixin.py:190} INFO - [2026-08-12T05:01:36.548+0000] {dag.py:4138} INFO - Setting next_dagrun for read_dataset_event to 2026-08-11 00:00:00+00:00, run_after=2026-08-12 00:00:00+00:00
[2026-08-12T05:01:36.554+0000] {logging_mixin.py:190} INFO - [2026-08-12T05:01:36.553+0000] {dag.py:4138} INFO - Setting next_dagrun for read_dataset_event_from_classic to 2026-08-11 00:00:00+00:00, run_after=2026-08-12 00:00:00+00:00
[2026-08-12T05:01:36.582+0000] {processor.py:208} INFO - Processing /home/airflow/.local/lib/python3.12/site-packages/airflow/example_dags/example_inlet_event_extra.py took 0.203 seconds
[2026-08-12T05:02:06.631+0000] {processor.py:186} INFO - Started process (PID=3664) to work on /home/airflow/.local/lib/python3.12/site-packages/airflow/example_dags/example_inlet_event_extra.py
[2026-08-12T05:02:06.632+0000] {processor.py:914} INFO - Processing file /home/airflow/.local/lib/python3.12/site-packages/airflow/example_dags/example_inlet_event_extra.py for tasks to queue
[2026-08-12T05:02:06.636+0000] {logging_mixin.py:190} INFO - [2026-08-12T05:02:06.635+0000] {dagbag.py:587} INFO - Filling up the DagBag from /home/airflow/.local/lib/python3.12/site-packages/airflow/example_dags/example_inlet_event_extra.py
[2026-08-12T05:02:06.758+0000] {processor.py:925} INFO - DAG(s) 'read_dataset_event', 'read_dataset_event_from_classic' retrieved from /home/airflow/.local/lib/python3.12/site-packages/airflow/example_dags/example_inlet_event_extra.py
[2026-08-12T05:02:06.781+0000] {logging_mixin.py:190} INFO - [2026-08-12T05:02:06.781+0000] {dag.py:3211} INFO - Sync 2 DAGs
[2026-08-12T05:02:06.803+0000] {logging_mixin.py:190} INFO - [2026-08-12T05:02:06.803+0000] {dag.py:4138} INFO - Setting next_dagrun for read_dataset_event to 2026-08-11 00:00:00+00:00, run_after=2026-08-12 00:00:00+00:00
[2026-08-12T05:02:06.809+0000] {logging_mixin.py:190} INFO - [2026-08-12T05:02:06.808+0000] {dag.py:4138} INFO - Setting next_dagrun for read_dataset_event_from_classic to 2026-08-11 00:00:00+00:00, run_after=2026-08-12 00:00:00+00:00
[2026-08-12T05:02:06.840+0000] {processor.py:208} INFO - Processing /home/airflow/.local/lib/python3.12/site-packages/airflow/example_dags/example_inlet_event_extra.py took 0.215 seconds
[2026-08-12T05:02:36.999+0000] {processor.py:186} INFO - Started process (PID=3727) to work on /home/airflow/.local/lib/python3.12/site-packages/airflow/example_dags/example_inlet_event_extra.py
[2026-08-12T05:02:37.001+0000] {processor.py:914} INFO - Processing file /home/airflow/.local/lib/python3.12/site-packages/airflow/example_dags/example_inlet_event_extra.py for tasks to queue
[2026-08-12T05:02:37.004+0000] {logging_mixin.py:190} INFO - [2026-08-12T05:02:37.003+0000] {dagbag.py:587} INFO - Filling up the DagBag from /home/airflow/.local/lib/python3.12/site-packages/airflow/example_dags/example_inlet_event_extra.py
[2026-08-12T05:02:37.121+0000] {processor.py:925} INFO - DAG(s) 'read_dataset_event', 'read_dataset_event_from_classic' retrieved from /home/airflow/.local/lib/python3.12/site-packages/airflow/example_dags/example_inlet_event_extra.py
[2026-08-12T05:02:37.143+0000] {logging_mixin.py:190} INFO - [2026-08-12T05:02:37.143+0000] {dag.py:3211} INFO - Sync 2 DAGs
[2026-08-12T05:02:37.165+0000] {logging_mixin.py:190} INFO - [2026-08-12T05:02:37.165+0000] {dag.py:4138} INFO - Setting next_dagrun for read_dataset_event to 2026-08-11 00:00:00+00:00, run_after=2026-08-12 00:00:00+00:00
[2026-08-12T05:02:37.170+0000] {logging_mixin.py:190} INFO - [2026-08-12T05:02:37.170+0000] {dag.py:4138} INFO - Setting next_dagrun for read_dataset_event_from_classic to 2026-08-11 00:00:00+00:00, run_after=2026-08-12 00:00:00+00:00
[2026-08-12T05:02:37.200+0000] {processor.py:208} INFO - Processing /home/airflow/.local/lib/python3.12/site-packages/airflow/example_dags/example_inlet_event_extra.py took 0.207 seconds
[2026-08-12T05:03:07.388+0000] {processor.py:186} INFO - Started process (PID=3790) to work on /home/airflow/.local/lib/python3.12/site-packages/airflow/example_dags/example_inlet_event_extra.py
[2026-08-12T05:03:07.390+0000] {processor.py:914} INFO - Processing file /home/airflow/.local/lib/python3.12/site-packages/airflow/example_dags/example_inlet_event_extra.py for tasks to queue
[2026-08-12T05:03:07.393+0000] {logging_mixin.py:190} INFO - [2026-08-12T05:03:07.392+0000] {dagbag.py:587} INFO - Filling up the DagBag from /home/airflow/.local/lib/python3.12/site-packages/airflow/example_dags/example_inlet_event_extra.py
[2026-08-12T05:03:07.512+0000] {processor.py:925} INFO - DAG(s) 'read_dataset_event_from_classic', 'read_dataset_event' retrieved from /home/airflow/.local/lib/python3.12/site-packages/airflow/example_dags/example_inlet_event_extra.py
[2026-08-12T05:03:07.536+0000] {logging_mixin.py:190} INFO - [2026-08-12T05:03:07.536+0000] {dag.py:3211} INFO - Sync 2 DAGs
[2026-08-12T05:03:07.557+0000] {logging_mixin.py:190} INFO - [2026-08-12T05:03:07.557+0000] {dag.py:4138} INFO - Setting next_dagrun for read_dataset_event to 2026-08-11 00:00:00+00:00, run_after=2026-08-12 00:00:00+00:00
[2026-08-12T05:03:07.562+0000] {logging_mixin.py:190} INFO - [2026-08-12T05:03:07.562+0000] {dag.py:4138} INFO - Setting next_dagrun for read_dataset_event_from_classic to 2026-08-11 00:00:00+00:00, run_after=2026-08-12 00:00:00+00:00
[2026-08-12T05:03:07.577+0000] {processor.py:208} INFO - Processing /home/airflow/.local/lib/python3.12/site-packages/airflow/example_dags/example_inlet_event_extra.py took 0.194 seconds
[2026-08-12T05:03:37.695+0000] {processor.py:186} INFO - Started process (PID=3853) to work on /home/airflow/.local/lib/python3.12/site-packages/airflow/example_dags/example_inlet_event_extra.py
[2026-08-12T05:03:37.696+0000] {processor.py:914} INFO - Processing file /home/airflow/.local/lib/python3.12/site-packages/airflow/example_dags/example_inlet_event_extra.py for tasks to queue
[2026-08-12T05:03:37.699+0000] {logging_mixin.py:190} INFO - [2026-08-12T05:03:37.699+0000] {dagbag.py:587} INFO - Filling up the DagBag from /home/airflow/.local/lib/python3.12/site-packages/airflow/example_dags/example_inlet_event_extra.py
[2026-08-12T05:03:37.814+0000] {processor.py:925} INFO - DAG(s) 'read_dataset_event_from_classic', 'read_dataset_event' retrieved from /home/airflow/.local/lib/python3.12/site-packages/airflow/example_dags/example_inlet_event_extra.py
[2026-08-12T05:03:37.836+0000] {logging_mixin.py:190} INFO - [2026-08-12T05:03:37.836+0000] {dag.py:3211} INFO - Sync 2 DAGs
[2026-08-12T05:03:37.857+0000] {logging_mixin.py:190} INFO - [2026-08-12T05:03:37.857+0000] {dag.py:4138} INFO - Setting next_dagrun for read_dataset_event to 2026-08-11 00:00:00+00:00, run_after=2026-08-12 00:00:00+00:00
[2026-08-12T05:03:37.862+0000] {logging_mixin.py:190} INFO - [2026-08-12T05:03:37.862+0000] {dag.py:4138} INFO - Setting next_dagrun for read_dataset_event_from_classic to 2026-08-11 00:00:00+00:00, run_after=2026-08-12 00:00:00+00:00
[2026-08-12T05:03:37.878+0000] {processor.py:208} INFO - Processing /home/airflow/.local/lib/python3.12/site-packages/airflow/example_dags/example_inlet_event_extra.py took 0.188 seconds
[2026-08-12T05:04:08.084+0000] {processor.py:186} INFO - Started process (PID=3916) to work on /home/airflow/.local/lib/python3.12/site-packages/airflow/example_dags/example_inlet_event_extra.py
[2026-08-12T05:04:08.085+0000] {processor.py:914} INFO - Processing file /home/airflow/.local/lib/python3.12/site-packages/airflow/example_dags/example_inlet_event_extra.py for tasks to queue
[2026-08-12T05:04:08.089+0000] {logging_mixin.py:190} INFO - [2026-08-12T05:04:08.088+0000] {dagbag.py:587} INFO - Filling up the DagBag from /home/airflow/.local/lib/python3.12/site-packages/airflow/example_dags/example_inlet_event_extra.py
[2026-08-12T05:04:08.239+0000] {processor.py:925} INFO - DAG(s) 'read_dataset_event_from_classic', 'read_dataset_event' retrieved from /home/airflow/.local/lib/python3.12/site-packages/airflow/example_dags/example_inlet_event_extra.py
[2026-08-12T05:04:08.260+0000] {logging_mixin.py:190} INFO - [2026-08-12T05:04:08.259+0000] {dag.py:3211} INFO - Sync 2 DAGs
[2026-08-12T05:04:08.285+0000] {logging_mixin.py:190} INFO - [2026-08-12T05:04:08.284+0000] {dag.py:4138} INFO - Setting next_dagrun for read_dataset_event to 2026-08-11 00:00:00+00:00, run_after=2026-08-12 00:00:00+00:00
[2026-08-12T05:04:08.290+0000] {logging_mixin.py:190} INFO - [2026-08-12T05:04:08.289+0000] {dag.py:4138} INFO - Setting next_dagrun for read_dataset_event_from_classic to 2026-08-11 00:00:00+00:00, run_after=2026-08-12 00:00:00+00:00
[2026-08-12T05:04:08.306+0000] {processor.py:208} INFO - Processing /home/airflow/.local/lib/python3.12/site-packages/airflow/example_dags/example_inlet_event_extra.py took 0.228 seconds
[2026-08-12T05:04:38.522+0000] {processor.py:186} INFO - Started process (PID=3979) to work on /home/airflow/.local/lib/python3.12/site-packages/airflow/example_dags/example_inlet_event_extra.py
[2026-08-12T05:04:38.524+0000] {processor.py:914} INFO - Processing file /home/airflow/.local/lib/python3.12/site-packages/airflow/example_dags/example_inlet_event_extra.py for tasks to queue
[2026-08-12T05:04:38.527+0000] {logging_mixin.py:190} INFO - [2026-08-12T05:04:38.526+0000] {dagbag.py:587} INFO - Filling up the DagBag from /home/airflow/.local/lib/python3.12/site-packages/airflow/example_dags/example_inlet_event_extra.py
[2026-08-12T05:04:38.683+0000] {processor.py:925} INFO - DAG(s) 'read_dataset_event', 'read_dataset_event_from_classic' retrieved from /home/airflow/.local/lib/python3.12/site-packages/airflow/example_dags/example_inlet_event_extra.py
[2026-08-12T05:04:38.704+0000] {logging_mixin.py:190} INFO - [2026-08-12T05:04:38.704+0000] {dag.py:3211} INFO - Sync 2 DAGs
[2026-08-12T05:04:38.728+0000] {logging_mixin.py:190} INFO - [2026-08-12T05:04:38.728+0000] {dag.py:4138} INFO - Setting next_dagrun for read_dataset_event to 2026-08-11 00:00:00+00:00, run_after=2026-08-12 00:00:00+00:00
[2026-08-12T05:04:38.733+0000] {logging_mixin.py:190} INFO - [2026-08-12T05:04:38.733+0000] {dag.py:4138} INFO - Setting next_dagrun for read_dataset_event_from_classic to 2026-08-11 00:00:00+00:00, run_after=2026-08-12 00:00:00+00:00
[2026-08-12T05:04:38.765+0000] {processor.py:208} INFO - Processing /home/airflow/.local/lib/python3.12/site-packages/airflow/example_dags/example_inlet_event_extra.py took 0.248 seconds
[2026-08-12T05:05:09.645+0000] {processor.py:186} INFO - Started process (PID=4042) to work on /home/airflow/.local/lib/python3.12/site-packages/airflow/example_dags/example_inlet_event_extra.py
[2026-08-12T05:05:09.646+0000] {processor.py:914} INFO - Processing file /home/airflow/.local/lib/python3.12/site-packages/airflow/example_dags/example_inlet_event_extra.py for tasks to queue
[2026-08-12T05:05:09.649+0000] {logging_mixin.py:190} INFO - [2026-08-12T05:05:09.649+0000] {dagbag.py:587} INFO - Filling up the DagBag from /home/airflow/.local/lib/python3.12/site-packages/airflow/example_dags/example_inlet_event_extra.py
[2026-08-12T05:05:09.785+0000] {processor.py:925} INFO - DAG(s) 'read_dataset_event', 'read_dataset_event_from_classic' retrieved from /home/airflow/.local/lib/python3.12/site-packages/airflow/example_dags/example_inlet_event_extra.py
[2026-08-12T05:05:09.807+0000] {logging_mixin.py:190} INFO - [2026-08-12T05:05:09.807+0000] {dag.py:3211} INFO - Sync 2 DAGs
[2026-08-12T05:05:09.829+0000] {logging_mixin.py:190} INFO - [2026-08-12T05:05:09.829+0000] {dag.py:4138} INFO - Setting next_dagrun for read_dataset_event to 2026-08-11 00:00:00+00:00, run_after=2026-08-12 00:00:00+00:00
[2026-08-12T05:05:09.835+0000] {logging_mixin.py:190} INFO - [2026-08-12T05:05:09.835+0000] {dag.py:4138} INFO - Setting next_dagrun for read_dataset_event_from_classic to 2026-08-11 00:00:00+00:00, run_after=2026-08-12 00:00:00+00:00
[2026-08-12T05:05:09.852+0000] {processor.py:208} INFO - Processing /home/airflow/.local/lib/python3.12/site-packages/airflow/example_dags/example_inlet_event_extra.py took 0.213 seconds
[2026-08-12T05:05:40.126+0000] {processor.py:186} INFO - Started process (PID=4105) to work on /home/airflow/.local/lib/python3.12/site-packages/airflow/example_dags/example_inlet_event_extra.py
[2026-08-12T05:05:40.128+0000] {processor.py:914} INFO - Processing file /home/airflow/.local/lib/python3.12/site-packages/airflow/example_dags/example_inlet_event_extra.py for tasks to queue
[2026-08-12T05:05:40.131+0000] {logging_mixin.py:190} INFO - [2026-08-12T05:05:40.131+0000] {dagbag.py:587} INFO - Filling up the DagBag from /home/airflow/.local/lib/python3.12/site-packages/airflow/example_dags/example_inlet_event_extra.py
[2026-08-12T05:05:40.252+0000] {processor.py:925} INFO - DAG(s) 'read_dataset_event_from_classic', 'read_dataset_event' retrieved from /home/airflow/.local/lib/python3.12/site-packages/airflow/example_dags/example_inlet_event_extra.py
[2026-08-12T05:05:40.272+0000] {logging_mixin.py:190} INFO - [2026-08-12T05:05:40.272+0000] {dag.py:3211} INFO - Sync 2 DAGs
[2026-08-12T05:05:40.295+0000] {logging_mixin.py:190} INFO - [2026-08-12T05:05:40.294+0000] {dag.py:4138} INFO - Setting next_dagrun for read_dataset_event to 2026-08-11 00:00:00+00:00, run_after=2026-08-12 00:00:00+00:00
[2026-08-12T05:05:40.300+0000] {logging_mixin.py:190} INFO - [2026-08-12T05:05:40.299+0000] {dag.py:4138} INFO - Setting next_dagrun for read_dataset_event_from_classic to 2026-08-11 00:00:00+00:00, run_after=2026-08-12 00:00:00+00:00
[2026-08-12T05:05:40.316+0000] {processor.py:208} INFO - Processing /home/airflow/.local/lib/python3.12/site-packages/airflow/example_dags/example_inlet_event_extra.py took 0.197 seconds
[2026-08-12T05:06:11.162+0000] {processor.py:186} INFO - Started process (PID=4168) to work on /home/airflow/.local/lib/python3.12/site-packages/airflow/example_dags/example_inlet_event_extra.py
[2026-08-12T05:06:11.165+0000] {processor.py:914} INFO - Processing file /home/airflow/.local/lib/python3.12/site-packages/airflow/example_dags/example_inlet_event_extra.py for tasks to queue
[2026-08-12T05:06:11.169+0000] {logging_mixin.py:190} INFO - [2026-08-12T05:06:11.168+0000] {dagbag.py:587} INFO - Filling up the DagBag from /home/airflow/.local/lib/python3.12/site-packages/airflow/example_dags/example_inlet_event_extra.py
[2026-08-12T05:06:11.305+0000] {processor.py:925} INFO - DAG(s) 'read_dataset_event_from_classic', 'read_dataset_event' retrieved from /home/airflow/.local/lib/python3.12/site-packages/airflow/example_dags/example_inlet_event_extra.py
[2026-08-12T05:06:11.330+0000] {logging_mixin.py:190} INFO - [2026-08-12T05:06:11.329+0000] {dag.py:3211} INFO - Sync 2 DAGs
[2026-08-12T05:06:11.352+0000] {logging_mixin.py:190} INFO - [2026-08-12T05:06:11.351+0000] {dag.py:4138} INFO - Setting next_dagrun for read_dataset_event to 2026-08-11 00:00:00+00:00, run_after=2026-08-12 00:00:00+00:00
[2026-08-12T05:06:11.356+0000] {logging_mixin.py:190} INFO - [2026-08-12T05:06:11.356+0000] {dag.py:4138} INFO - Setting next_dagrun for read_dataset_event_from_classic to 2026-08-11 00:00:00+00:00, run_after=2026-08-12 00:00:00+00:00
[2026-08-12T05:06:11.373+0000] {processor.py:208} INFO - Processing /home/airflow/.local/lib/python3.12/site-packages/airflow/example_dags/example_inlet_event_extra.py took 0.219 seconds
[2026-08-12T05:06:41.523+0000] {processor.py:186} INFO - Started process (PID=4231) to work on /home/airflow/.local/lib/python3.12/site-packages/airflow/example_dags/example_inlet_event_extra.py
[2026-08-12T05:06:41.524+0000] {processor.py:914} INFO - Processing file /home/airflow/.local/lib/python3.12/site-packages/airflow/example_dags/example_inlet_event_extra.py for tasks to queue
[2026-08-12T05:06:41.527+0000] {logging_mixin.py:190} INFO - [2026-08-12T05:06:41.527+0000] {dagbag.py:587} INFO - Filling up the DagBag from /home/airflow/.local/lib/python3.12/site-packages/airflow/example_dags/example_inlet_event_extra.py
[2026-08-12T05:06:41.650+0000] {processor.py:925} INFO - DAG(s) 'read_dataset_event_from_classic', 'read_dataset_event' retrieved from /home/airflow/.local/lib/python3.12/site-packages/airflow/example_dags/example_inlet_event_extra.py
[2026-08-12T05:06:41.674+0000] {logging_mixin.py:190} INFO - [2026-08-12T05:06:41.674+0000] {dag.py:3211} INFO - Sync 2 DAGs
[2026-08-12T05:06:41.699+0000] {logging_mixin.py:190} INFO - [2026-08-12T05:06:41.698+0000] {dag.py:4138} INFO - Setting next_dagrun for read_dataset_event to 2026-08-11 00:00:00+00:00, run_after=2026-08-12 00:00:00+00:00
[2026-08-12T05:06:41.704+0000] {logging_mixin.py:190} INFO - [2026-08-12T05:06:41.703+0000] {dag.py:4138} INFO - Setting next_dagrun for read_dataset_event_from_classic to 2026-08-11 00:00:00+00:00, run_after=2026-08-12 00:00:00+00:00
[2026-08-12T05:06:41.719+0000] {processor.py:208} INFO - Processing /home/airflow/.local/lib/python3.12/site-packages/airflow/example_dags/example_inlet_event_extra.py took 0.202 seconds
[2026-08-12T05:07:12.460+0000] {processor.py:186} INFO - Started process (PID=4294) to work on /home/airflow/.local/lib/python3.12/site-packages/airflow/example_dags/example_inlet_event_extra.py
[2026-08-12T05:07:12.461+0000] {processor.py:914} INFO - Processing file /home/airflow/.local/lib/python3.12/site-packages/airflow/example_dags/example_inlet_event_extra.py for tasks to queue
[2026-08-12T05:07:12.465+0000] {logging_mixin.py:190} INFO - [2026-08-12T05:07:12.464+0000] {dagbag.py:587} INFO - Filling up the DagBag from /home/airflow/.local/lib/python3.12/site-packages/airflow/example_dags/example_inlet_event_extra.py
[2026-08-12T05:07:12.656+0000] {processor.py:925} INFO - DAG(s) 'read_dataset_event', 'read_dataset_event_from_classic' retrieved from /home/airflow/.local/lib/python3.12/site-packages/airflow/example_dags/example_inlet_event_extra.py
[2026-08-12T05:07:12.689+0000] {logging_mixin.py:190} INFO - [2026-08-12T05:07:12.689+0000] {dag.py:3211} INFO - Sync 2 DAGs
[2026-08-12T05:07:12.725+0000] {logging_mixin.py:190} INFO - [2026-08-12T05:07:12.724+0000] {dag.py:4138} INFO - Setting next_dagrun for read_dataset_event to 2026-08-11 00:00:00+00:00, run_after=2026-08-12 00:00:00+00:00
[2026-08-12T05:07:12.734+0000] {logging_mixin.py:190} INFO - [2026-08-12T05:07:12.733+0000] {dag.py:4138} INFO - Setting next_dagrun for read_dataset_event_from_classic to 2026-08-11 00:00:00+00:00, run_after=2026-08-12 00:00:00+00:00
[2026-08-12T05:07:12.758+0000] {processor.py:208} INFO - Processing /home/airflow/.local/lib/python3.12/site-packages/airflow/example_dags/example_inlet_event_extra.py took 0.305 seconds
[2026-08-12T05:07:43.244+0000] {processor.py:186} INFO - Started process (PID=4357) to work on /home/airflow/.local/lib/python3.12/site-packages/airflow/example_dags/example_inlet_event_extra.py
[2026-08-12T05:07:43.245+0000] {processor.py:914} INFO - Processing file /home/airflow/.local/lib/python3.12/site-packages/airflow/example_dags/example_inlet_event_extra.py for tasks to queue
[2026-08-12T05:07:43.248+0000] {logging_mixin.py:190} INFO - [2026-08-12T05:07:43.248+0000] {dagbag.py:587} INFO - Filling up the DagBag from /home/airflow/.local/lib/python3.12/site-packages/airflow/example_dags/example_inlet_event_extra.py
[2026-08-12T05:07:43.392+0000] {processor.py:925} INFO - DAG(s) 'read_dataset_event_from_classic', 'read_dataset_event' retrieved from /home/airflow/.local/lib/python3.12/site-packages/airflow/example_dags/example_inlet_event_extra.py
[2026-08-12T05:07:43.416+0000] {logging_mixin.py:190} INFO - [2026-08-12T05:07:43.416+0000] {dag.py:3211} INFO - Sync 2 DAGs
[2026-08-12T05:07:43.442+0000] {logging_mixin.py:190} INFO - [2026-08-12T05:07:43.442+0000] {dag.py:4138} INFO - Setting next_dagrun for read_dataset_event to 2026-08-11 00:00:00+00:00, run_after=2026-08-12 00:00:00+00:00
[2026-08-12T05:07:43.448+0000] {logging_mixin.py:190} INFO - [2026-08-12T05:07:43.448+0000] {dag.py:4138} INFO - Setting next_dagrun for read_dataset_event_from_classic to 2026-08-11 00:00:00+00:00, run_after=2026-08-12 00:00:00+00:00
[2026-08-12T05:07:43.465+0000] {processor.py:208} INFO - Processing /home/airflow/.local/lib/python3.12/site-packages/airflow/example_dags/example_inlet_event_extra.py took 0.227 seconds
[2026-08-12T05:08:13.541+0000] {processor.py:186} INFO - Started process (PID=4420) to work on /home/airflow/.local/lib/python3.12/site-packages/airflow/example_dags/example_inlet_event_extra.py
[2026-08-12T05:08:13.542+0000] {processor.py:914} INFO - Processing file /home/airflow/.local/lib/python3.12/site-packages/airflow/example_dags/example_inlet_event_extra.py for tasks to queue
[2026-08-12T05:08:13.545+0000] {logging_mixin.py:190} INFO - [2026-08-12T05:08:13.545+0000] {dagbag.py:587} INFO - Filling up the DagBag from /home/airflow/.local/lib/python3.12/site-packages/airflow/example_dags/example_inlet_event_extra.py
[2026-08-12T05:08:13.664+0000] {processor.py:925} INFO - DAG(s) 'read_dataset_event_from_classic', 'read_dataset_event' retrieved from /home/airflow/.local/lib/python3.12/site-packages/airflow/example_dags/example_inlet_event_extra.py
[2026-08-12T05:08:13.685+0000] {logging_mixin.py:190} INFO - [2026-08-12T05:08:13.684+0000] {dag.py:3211} INFO - Sync 2 DAGs
[2026-08-12T05:08:13.710+0000] {logging_mixin.py:190} INFO - [2026-08-12T05:08:13.709+0000] {dag.py:4138} INFO - Setting next_dagrun for read_dataset_event to 2026-08-11 00:00:00+00:00, run_after=2026-08-12 00:00:00+00:00
[2026-08-12T05:08:13.715+0000] {logging_mixin.py:190} INFO - [2026-08-12T05:08:13.715+0000] {dag.py:4138} INFO - Setting next_dagrun for read_dataset_event_from_classic to 2026-08-11 00:00:00+00:00, run_after=2026-08-12 00:00:00+00:00
[2026-08-12T05:08:13.737+0000] {processor.py:208} INFO - Processing /home/airflow/.local/lib/python3.12/site-packages/airflow/example_dags/example_inlet_event_extra.py took 0.202 seconds
[2026-08-12T05:08:44.351+0000] {processor.py:186} INFO - Started process (PID=4483) to work on /home/airflow/.local/lib/python3.12/site-packages/airflow/example_dags/example_inlet_event_extra.py
[2026-08-12T05:08:44.352+0000] {processor.py:914} INFO - Processing file /home/airflow/.local/lib/python3.12/site-packages/airflow/example_dags/example_inlet_event_extra.py for tasks to queue
[2026-08-12T05:08:44.356+0000] {logging_mixin.py:190} INFO - [2026-08-12T05:08:44.355+0000] {dagbag.py:587} INFO - Filling up the DagBag from /home/airflow/.local/lib/python3.12/site-packages/airflow/example_dags/example_inlet_event_extra.py
[2026-08-12T05:08:44.477+0000] {processor.py:925} INFO - DAG(s) 'read_dataset_event_from_classic', 'read_dataset_event' retrieved from /home/airflow/.local/lib/python3.12/site-packages/airflow/example_dags/example_inlet_event_extra.py
[2026-08-12T05:08:44.515+0000] {logging_mixin.py:190} INFO - [2026-08-12T05:08:44.515+0000] {dag.py:3211} INFO - Sync 2 DAGs
[2026-08-12T05:08:44.545+0000] {logging_mixin.py:190} INFO - [2026-08-12T05:08:44.545+0000] {dag.py:4138} INFO - Setting next_dagrun for read_dataset_event to 2026-08-11 00:00:00+00:00, run_after=2026-08-12 00:00:00+00:00
[2026-08-12T05:08:44.552+0000] {logging_mixin.py:190} INFO - [2026-08-12T05:08:44.552+0000] {dag.py:4138} INFO - Setting next_dagrun for read_dataset_event_from_classic to 2026-08-11 00:00:00+00:00, run_after=2026-08-12 00:00:00+00:00
[2026-08-12T05:08:44.599+0000] {processor.py:208} INFO - Processing /home/airflow/.local/lib/python3.12/site-packages/airflow/example_dags/example_inlet_event_extra.py took 0.256 seconds
[2026-08-12T05:09:14.900+0000] {processor.py:186} INFO - Started process (PID=4546) to work on /home/airflow/.local/lib/python3.12/site-packages/airflow/example_dags/example_inlet_event_extra.py
[2026-08-12T05:09:14.901+0000] {processor.py:914} INFO - Processing file /home/airflow/.local/lib/python3.12/site-packages/airflow/example_dags/example_inlet_event_extra.py for tasks to queue
[2026-08-12T05:09:14.904+0000] {logging_mixin.py:190} INFO - [2026-08-12T05:09:14.903+0000] {dagbag.py:587} INFO - Filling up the DagBag from /home/airflow/.local/lib/python3.12/site-packages/airflow/example_dags/example_inlet_event_extra.py
[2026-08-12T05:09:15.050+0000] {processor.py:925} INFO - DAG(s) 'read_dataset_event_from_classic', 'read_dataset_event' retrieved from /home/airflow/.local/lib/python3.12/site-packages/airflow/example_dags/example_inlet_event_extra.py
[2026-08-12T05:09:15.072+0000] {logging_mixin.py:190} INFO - [2026-08-12T05:09:15.071+0000] {dag.py:3211} INFO - Sync 2 DAGs
[2026-08-12T05:09:15.095+0000] {logging_mixin.py:190} INFO - [2026-08-12T05:09:15.095+0000] {dag.py:4138} INFO - Setting next_dagrun for read_dataset_event to 2026-08-11 00:00:00+00:00, run_after=2026-08-12 00:00:00+00:00
[2026-08-12T05:09:15.101+0000] {logging_mixin.py:190} INFO - [2026-08-12T05:09:15.101+0000] {dag.py:4138} INFO - Setting next_dagrun for read_dataset_event_from_classic to 2026-08-11 00:00:00+00:00, run_after=2026-08-12 00:00:00+00:00
[2026-08-12T05:09:15.121+0000] {processor.py:208} INFO - Processing /home/airflow/.local/lib/python3.12/site-packages/airflow/example_dags/example_inlet_event_extra.py took 0.227 seconds
[2026-08-12T05:09:45.631+0000] {processor.py:186} INFO - Started process (PID=4609) to work on /home/airflow/.local/lib/python3.12/site-packages/airflow/example_dags/example_inlet_event_extra.py
[2026-08-12T05:09:45.632+0000] {processor.py:914} INFO - Processing file /home/airflow/.local/lib/python3.12/site-packages/airflow/example_dags/example_inlet_event_extra.py for tasks to queue
[2026-08-12T05:09:45.635+0000] {logging_mixin.py:190} INFO - [2026-08-12T05:09:45.635+0000] {dagbag.py:587} INFO - Filling up the DagBag from /home/airflow/.local/lib/python3.12/site-packages/airflow/example_dags/example_inlet_event_extra.py
[2026-08-12T05:09:45.756+0000] {processor.py:925} INFO - DAG(s) 'read_dataset_event', 'read_dataset_event_from_classic' retrieved from /home/airflow/.local/lib/python3.12/site-packages/airflow/example_dags/example_inlet_event_extra.py
[2026-08-12T05:09:45.778+0000] {logging_mixin.py:190} INFO - [2026-08-12T05:09:45.778+0000] {dag.py:3211} INFO - Sync 2 DAGs
[2026-08-12T05:09:45.801+0000] {logging_mixin.py:190} INFO - [2026-08-12T05:09:45.801+0000] {dag.py:4138} INFO - Setting next_dagrun for read_dataset_event to 2026-08-11 00:00:00+00:00, run_after=2026-08-12 00:00:00+00:00
[2026-08-12T05:09:45.806+0000] {logging_mixin.py:190} INFO - [2026-08-12T05:09:45.806+0000] {dag.py:4138} INFO - Setting next_dagrun for read_dataset_event_from_classic to 2026-08-11 00:00:00+00:00, run_after=2026-08-12 00:00:00+00:00
[2026-08-12T05:09:45.824+0000] {processor.py:208} INFO - Processing /home/airflow/.local/lib/python3.12/site-packages/airflow/example_dags/example_inlet_event_extra.py took 0.199 seconds
