[2026-08-12T04:30:36.203+0000] {processor.py:186} INFO - Started process (PID=90) to work on /home/airflow/.local/lib/python3.12/site-packages/airflow/example_dags/example_short_circuit_operator.py
[2026-08-12T04:30:36.205+0000] {processor.py:914} INFO - Processing file /home/airflow/.local/lib/python3.12/site-packages/airflow/example_dags/example_short_circuit_operator.py for tasks to queue
[2026-08-12T04:30:36.210+0000] {logging_mixin.py:190} INFO - [2026-08-12T04:30:36.210+0000] {dagbag.py:587} INFO - Filling up the DagBag from /home/airflow/.local/lib/python3.12/site-packages/airflow/example_dags/example_short_circuit_operator.py
[2026-08-12T04:30:36.228+0000] {processor.py:925} INFO - DAG(s) 'example_short_circuit_operator' retrieved from /home/airflow/.local/lib/python3.12/site-packages/airflow/example_dags/example_short_circuit_operator.py
[2026-08-12T04:30:36.378+0000] {logging_mixin.py:190} INFO - [2026-08-12T04:30:36.377+0000] {override.py:1858} INFO - Created Permission View: can edit on DAG:example_short_circuit_operator
[2026-08-12T04:30:36.391+0000] {logging_mixin.py:190} INFO - [2026-08-12T04:30:36.390+0000] {override.py:1858} INFO - Created Permission View: can delete on DAG:example_short_circuit_operator
[2026-08-12T04:30:36.400+0000] {logging_mixin.py:190} INFO - [2026-08-12T04:30:36.400+0000] {override.py:1858} INFO - Created Permission View: can read on DAG:example_short_circuit_operator
[2026-08-12T04:30:36.402+0000] {logging_mixin.py:190} INFO - [2026-08-12T04:30:36.401+0000] {dag.py:3211} INFO - Sync 1 DAGs
[2026-08-12T04:30:36.419+0000] {logging_mixin.py:190} INFO - [2026-08-12T04:30:36.419+0000] {dag.py:3234} INFO - Creating ORM DAG for example_short_circuit_operator
[2026-08-12T04:30:36.438+0000] {logging_mixin.py:190} INFO - [2026-08-12T04:30:36.438+0000] {dag.py:4138} INFO - Setting next_dagrun for example_short_circuit_operator to 2026-08-11 00:00:00+00:00, run_after=2026-08-12 00:00:00+00:00
[2026-08-12T04:30:36.461+0000] {processor.py:208} INFO - Processing /home/airflow/.local/lib/python3.12/site-packages/airflow/example_dags/example_short_circuit_operator.py took 0.270 seconds
[2026-08-12T04:31:06.826+0000] {processor.py:186} INFO - Started process (PID=152) to work on /home/airflow/.local/lib/python3.12/site-packages/airflow/example_dags/example_short_circuit_operator.py
[2026-08-12T04:31:06.827+0000] {processor.py:914} INFO - Processing file /home/airflow/.local/lib/python3.12/site-packages/airflow/example_dags/example_short_circuit_operator.py for tasks to queue
[2026-08-12T04:31:06.830+0000] {logging_mixin.py:190} INFO - [2026-08-12T04:31:06.829+0000] {dagbag.py:587} INFO - Filling up the DagBag from /home/airflow/.local/lib/python3.12/site-packages/airflow/example_dags/example_short_circuit_operator.py
[2026-08-12T04:31:06.837+0000] {processor.py:925} INFO - DAG(s) 'example_short_circuit_operator' retrieved from /home/airflow/.local/lib/python3.12/site-packages/airflow/example_dags/example_short_circuit_operator.py
[2026-08-12T04:31:06.860+0000] {logging_mixin.py:190} INFO - [2026-08-12T04:31:06.860+0000] {dag.py:3211} INFO - Sync 1 DAGs
[2026-08-12T04:31:06.884+0000] {logging_mixin.py:190} INFO - [2026-08-12T04:31:06.884+0000] {dag.py:4138} INFO - Setting next_dagrun for example_short_circuit_operator to 2026-08-11 00:00:00+00:00, run_after=2026-08-12 00:00:00+00:00
[2026-08-12T04:31:06.906+0000] {processor.py:208} INFO - Processing /home/airflow/.local/lib/python3.12/site-packages/airflow/example_dags/example_short_circuit_operator.py took 0.085 seconds
[2026-08-12T04:31:37.514+0000] {processor.py:186} INFO - Started process (PID=215) to work on /home/airflow/.local/lib/python3.12/site-packages/airflow/example_dags/example_short_circuit_operator.py
[2026-08-12T04:31:37.516+0000] {processor.py:914} INFO - Processing file /home/airflow/.local/lib/python3.12/site-packages/airflow/example_dags/example_short_circuit_operator.py for tasks to queue
[2026-08-12T04:31:37.519+0000] {logging_mixin.py:190} INFO - [2026-08-12T04:31:37.519+0000] {dagbag.py:587} INFO - Filling up the DagBag from /home/airflow/.local/lib/python3.12/site-packages/airflow/example_dags/example_short_circuit_operator.py
[2026-08-12T04:31:37.533+0000] {processor.py:925} INFO - DAG(s) 'example_short_circuit_operator' retrieved from /home/airflow/.local/lib/python3.12/site-packages/airflow/example_dags/example_short_circuit_operator.py
[2026-08-12T04:31:37.565+0000] {logging_mixin.py:190} INFO - [2026-08-12T04:31:37.565+0000] {dag.py:3211} INFO - Sync 1 DAGs
[2026-08-12T04:31:37.599+0000] {logging_mixin.py:190} INFO - [2026-08-12T04:31:37.598+0000] {dag.py:4138} INFO - Setting next_dagrun for example_short_circuit_operator to 2026-08-11 00:00:00+00:00, run_after=2026-08-12 00:00:00+00:00
[2026-08-12T04:31:37.624+0000] {processor.py:208} INFO - Processing /home/airflow/.local/lib/python3.12/site-packages/airflow/example_dags/example_short_circuit_operator.py took 0.119 seconds
[2026-08-12T04:32:55.158+0000] {processor.py:186} INFO - Started process (PID=81) to work on /home/airflow/.local/lib/python3.12/site-packages/airflow/example_dags/example_short_circuit_operator.py
[2026-08-12T04:32:55.160+0000] {processor.py:914} INFO - Processing file /home/airflow/.local/lib/python3.12/site-packages/airflow/example_dags/example_short_circuit_operator.py for tasks to queue
[2026-08-12T04:32:55.166+0000] {logging_mixin.py:190} INFO - [2026-08-12T04:32:55.165+0000] {dagbag.py:587} INFO - Filling up the DagBag from /home/airflow/.local/lib/python3.12/site-packages/airflow/example_dags/example_short_circuit_operator.py
[2026-08-12T04:32:55.180+0000] {processor.py:925} INFO - DAG(s) 'example_short_circuit_operator' retrieved from /home/airflow/.local/lib/python3.12/site-packages/airflow/example_dags/example_short_circuit_operator.py
[2026-08-12T04:32:55.218+0000] {logging_mixin.py:190} INFO - [2026-08-12T04:32:55.218+0000] {dag.py:3211} INFO - Sync 1 DAGs
[2026-08-12T04:32:55.266+0000] {logging_mixin.py:190} INFO - [2026-08-12T04:32:55.266+0000] {dag.py:4138} INFO - Setting next_dagrun for example_short_circuit_operator to 2026-08-11 00:00:00+00:00, run_after=2026-08-12 00:00:00+00:00
[2026-08-12T04:32:55.316+0000] {processor.py:208} INFO - Processing /home/airflow/.local/lib/python3.12/site-packages/airflow/example_dags/example_short_circuit_operator.py took 0.170 seconds
[2026-08-12T04:33:25.867+0000] {processor.py:186} INFO - Started process (PID=143) to work on /home/airflow/.local/lib/python3.12/site-packages/airflow/example_dags/example_short_circuit_operator.py
[2026-08-12T04:33:25.869+0000] {processor.py:914} INFO - Processing file /home/airflow/.local/lib/python3.12/site-packages/airflow/example_dags/example_short_circuit_operator.py for tasks to queue
[2026-08-12T04:33:25.871+0000] {logging_mixin.py:190} INFO - [2026-08-12T04:33:25.871+0000] {dagbag.py:587} INFO - Filling up the DagBag from /home/airflow/.local/lib/python3.12/site-packages/airflow/example_dags/example_short_circuit_operator.py
[2026-08-12T04:33:25.879+0000] {processor.py:925} INFO - DAG(s) 'example_short_circuit_operator' retrieved from /home/airflow/.local/lib/python3.12/site-packages/airflow/example_dags/example_short_circuit_operator.py
[2026-08-12T04:33:25.902+0000] {logging_mixin.py:190} INFO - [2026-08-12T04:33:25.902+0000] {dag.py:3211} INFO - Sync 1 DAGs
[2026-08-12T04:33:25.923+0000] {logging_mixin.py:190} INFO - [2026-08-12T04:33:25.922+0000] {dag.py:4138} INFO - Setting next_dagrun for example_short_circuit_operator to 2026-08-11 00:00:00+00:00, run_after=2026-08-12 00:00:00+00:00
[2026-08-12T04:33:25.942+0000] {processor.py:208} INFO - Processing /home/airflow/.local/lib/python3.12/site-packages/airflow/example_dags/example_short_circuit_operator.py took 0.080 seconds
[2026-08-12T04:33:56.508+0000] {processor.py:186} INFO - Started process (PID=205) to work on /home/airflow/.local/lib/python3.12/site-packages/airflow/example_dags/example_short_circuit_operator.py
[2026-08-12T04:33:56.510+0000] {processor.py:914} INFO - Processing file /home/airflow/.local/lib/python3.12/site-packages/airflow/example_dags/example_short_circuit_operator.py for tasks to queue
[2026-08-12T04:33:56.513+0000] {logging_mixin.py:190} INFO - [2026-08-12T04:33:56.513+0000] {dagbag.py:587} INFO - Filling up the DagBag from /home/airflow/.local/lib/python3.12/site-packages/airflow/example_dags/example_short_circuit_operator.py
[2026-08-12T04:33:56.523+0000] {processor.py:925} INFO - DAG(s) 'example_short_circuit_operator' retrieved from /home/airflow/.local/lib/python3.12/site-packages/airflow/example_dags/example_short_circuit_operator.py
[2026-08-12T04:33:56.547+0000] {logging_mixin.py:190} INFO - [2026-08-12T04:33:56.547+0000] {dag.py:3211} INFO - Sync 1 DAGs
[2026-08-12T04:33:56.582+0000] {logging_mixin.py:190} INFO - [2026-08-12T04:33:56.582+0000] {dag.py:4138} INFO - Setting next_dagrun for example_short_circuit_operator to 2026-08-11 00:00:00+00:00, run_after=2026-08-12 00:00:00+00:00
[2026-08-12T04:33:56.602+0000] {processor.py:208} INFO - Processing /home/airflow/.local/lib/python3.12/site-packages/airflow/example_dags/example_short_circuit_operator.py took 0.100 seconds
[2026-08-12T04:34:27.111+0000] {processor.py:186} INFO - Started process (PID=267) to work on /home/airflow/.local/lib/python3.12/site-packages/airflow/example_dags/example_short_circuit_operator.py
[2026-08-12T04:34:27.113+0000] {processor.py:914} INFO - Processing file /home/airflow/.local/lib/python3.12/site-packages/airflow/example_dags/example_short_circuit_operator.py for tasks to queue
[2026-08-12T04:34:27.116+0000] {logging_mixin.py:190} INFO - [2026-08-12T04:34:27.116+0000] {dagbag.py:587} INFO - Filling up the DagBag from /home/airflow/.local/lib/python3.12/site-packages/airflow/example_dags/example_short_circuit_operator.py
[2026-08-12T04:34:27.139+0000] {processor.py:925} INFO - DAG(s) 'example_short_circuit_operator' retrieved from /home/airflow/.local/lib/python3.12/site-packages/airflow/example_dags/example_short_circuit_operator.py
[2026-08-12T04:34:27.165+0000] {logging_mixin.py:190} INFO - [2026-08-12T04:34:27.165+0000] {dag.py:3211} INFO - Sync 1 DAGs
[2026-08-12T04:34:27.191+0000] {logging_mixin.py:190} INFO - [2026-08-12T04:34:27.191+0000] {dag.py:4138} INFO - Setting next_dagrun for example_short_circuit_operator to 2026-08-11 00:00:00+00:00, run_after=2026-08-12 00:00:00+00:00
[2026-08-12T04:34:27.212+0000] {processor.py:208} INFO - Processing /home/airflow/.local/lib/python3.12/site-packages/airflow/example_dags/example_short_circuit_operator.py took 0.107 seconds
[2026-08-12T04:34:57.526+0000] {processor.py:186} INFO - Started process (PID=329) to work on /home/airflow/.local/lib/python3.12/site-packages/airflow/example_dags/example_short_circuit_operator.py
[2026-08-12T04:34:57.528+0000] {processor.py:914} INFO - Processing file /home/airflow/.local/lib/python3.12/site-packages/airflow/example_dags/example_short_circuit_operator.py for tasks to queue
[2026-08-12T04:34:57.531+0000] {logging_mixin.py:190} INFO - [2026-08-12T04:34:57.531+0000] {dagbag.py:587} INFO - Filling up the DagBag from /home/airflow/.local/lib/python3.12/site-packages/airflow/example_dags/example_short_circuit_operator.py
[2026-08-12T04:34:57.540+0000] {processor.py:925} INFO - DAG(s) 'example_short_circuit_operator' retrieved from /home/airflow/.local/lib/python3.12/site-packages/airflow/example_dags/example_short_circuit_operator.py
[2026-08-12T04:34:57.566+0000] {logging_mixin.py:190} INFO - [2026-08-12T04:34:57.565+0000] {dag.py:3211} INFO - Sync 1 DAGs
[2026-08-12T04:34:57.590+0000] {logging_mixin.py:190} INFO - [2026-08-12T04:34:57.590+0000] {dag.py:4138} INFO - Setting next_dagrun for example_short_circuit_operator to 2026-08-11 00:00:00+00:00, run_after=2026-08-12 00:00:00+00:00
[2026-08-12T04:34:57.611+0000] {processor.py:208} INFO - Processing /home/airflow/.local/lib/python3.12/site-packages/airflow/example_dags/example_short_circuit_operator.py took 0.090 seconds
[2026-08-12T04:35:28.101+0000] {processor.py:186} INFO - Started process (PID=391) to work on /home/airflow/.local/lib/python3.12/site-packages/airflow/example_dags/example_short_circuit_operator.py
[2026-08-12T04:35:28.103+0000] {processor.py:914} INFO - Processing file /home/airflow/.local/lib/python3.12/site-packages/airflow/example_dags/example_short_circuit_operator.py for tasks to queue
[2026-08-12T04:35:28.107+0000] {logging_mixin.py:190} INFO - [2026-08-12T04:35:28.106+0000] {dagbag.py:587} INFO - Filling up the DagBag from /home/airflow/.local/lib/python3.12/site-packages/airflow/example_dags/example_short_circuit_operator.py
[2026-08-12T04:35:28.119+0000] {processor.py:925} INFO - DAG(s) 'example_short_circuit_operator' retrieved from /home/airflow/.local/lib/python3.12/site-packages/airflow/example_dags/example_short_circuit_operator.py
[2026-08-12T04:35:28.152+0000] {logging_mixin.py:190} INFO - [2026-08-12T04:35:28.152+0000] {dag.py:3211} INFO - Sync 1 DAGs
[2026-08-12T04:35:28.178+0000] {logging_mixin.py:190} INFO - [2026-08-12T04:35:28.178+0000] {dag.py:4138} INFO - Setting next_dagrun for example_short_circuit_operator to 2026-08-11 00:00:00+00:00, run_after=2026-08-12 00:00:00+00:00
[2026-08-12T04:35:28.202+0000] {processor.py:208} INFO - Processing /home/airflow/.local/lib/python3.12/site-packages/airflow/example_dags/example_short_circuit_operator.py took 0.110 seconds
[2026-08-12T04:35:58.575+0000] {processor.py:186} INFO - Started process (PID=453) to work on /home/airflow/.local/lib/python3.12/site-packages/airflow/example_dags/example_short_circuit_operator.py
[2026-08-12T04:35:58.577+0000] {processor.py:914} INFO - Processing file /home/airflow/.local/lib/python3.12/site-packages/airflow/example_dags/example_short_circuit_operator.py for tasks to queue
[2026-08-12T04:35:58.580+0000] {logging_mixin.py:190} INFO - [2026-08-12T04:35:58.580+0000] {dagbag.py:587} INFO - Filling up the DagBag from /home/airflow/.local/lib/python3.12/site-packages/airflow/example_dags/example_short_circuit_operator.py
[2026-08-12T04:35:58.593+0000] {processor.py:925} INFO - DAG(s) 'example_short_circuit_operator' retrieved from /home/airflow/.local/lib/python3.12/site-packages/airflow/example_dags/example_short_circuit_operator.py
[2026-08-12T04:35:58.618+0000] {logging_mixin.py:190} INFO - [2026-08-12T04:35:58.618+0000] {dag.py:3211} INFO - Sync 1 DAGs
[2026-08-12T04:35:58.642+0000] {logging_mixin.py:190} INFO - [2026-08-12T04:35:58.641+0000] {dag.py:4138} INFO - Setting next_dagrun for example_short_circuit_operator to 2026-08-11 00:00:00+00:00, run_after=2026-08-12 00:00:00+00:00
[2026-08-12T04:35:58.663+0000] {processor.py:208} INFO - Processing /home/airflow/.local/lib/python3.12/site-packages/airflow/example_dags/example_short_circuit_operator.py took 0.095 seconds
[2026-08-12T04:36:29.262+0000] {processor.py:186} INFO - Started process (PID=515) to work on /home/airflow/.local/lib/python3.12/site-packages/airflow/example_dags/example_short_circuit_operator.py
[2026-08-12T04:36:29.264+0000] {processor.py:914} INFO - Processing file /home/airflow/.local/lib/python3.12/site-packages/airflow/example_dags/example_short_circuit_operator.py for tasks to queue
[2026-08-12T04:36:29.268+0000] {logging_mixin.py:190} INFO - [2026-08-12T04:36:29.267+0000] {dagbag.py:587} INFO - Filling up the DagBag from /home/airflow/.local/lib/python3.12/site-packages/airflow/example_dags/example_short_circuit_operator.py
[2026-08-12T04:36:29.292+0000] {processor.py:925} INFO - DAG(s) 'example_short_circuit_operator' retrieved from /home/airflow/.local/lib/python3.12/site-packages/airflow/example_dags/example_short_circuit_operator.py
[2026-08-12T04:36:29.315+0000] {logging_mixin.py:190} INFO - [2026-08-12T04:36:29.315+0000] {dag.py:3211} INFO - Sync 1 DAGs
[2026-08-12T04:36:29.339+0000] {logging_mixin.py:190} INFO - [2026-08-12T04:36:29.338+0000] {dag.py:4138} INFO - Setting next_dagrun for example_short_circuit_operator to 2026-08-11 00:00:00+00:00, run_after=2026-08-12 00:00:00+00:00
[2026-08-12T04:36:29.359+0000] {processor.py:208} INFO - Processing /home/airflow/.local/lib/python3.12/site-packages/airflow/example_dags/example_short_circuit_operator.py took 0.104 seconds
[2026-08-12T04:36:59.831+0000] {processor.py:186} INFO - Started process (PID=577) to work on /home/airflow/.local/lib/python3.12/site-packages/airflow/example_dags/example_short_circuit_operator.py
[2026-08-12T04:36:59.832+0000] {processor.py:914} INFO - Processing file /home/airflow/.local/lib/python3.12/site-packages/airflow/example_dags/example_short_circuit_operator.py for tasks to queue
[2026-08-12T04:36:59.836+0000] {logging_mixin.py:190} INFO - [2026-08-12T04:36:59.836+0000] {dagbag.py:587} INFO - Filling up the DagBag from /home/airflow/.local/lib/python3.12/site-packages/airflow/example_dags/example_short_circuit_operator.py
[2026-08-12T04:36:59.850+0000] {processor.py:925} INFO - DAG(s) 'example_short_circuit_operator' retrieved from /home/airflow/.local/lib/python3.12/site-packages/airflow/example_dags/example_short_circuit_operator.py
[2026-08-12T04:36:59.892+0000] {logging_mixin.py:190} INFO - [2026-08-12T04:36:59.892+0000] {dag.py:3211} INFO - Sync 1 DAGs
[2026-08-12T04:36:59.922+0000] {logging_mixin.py:190} INFO - [2026-08-12T04:36:59.921+0000] {dag.py:4138} INFO - Setting next_dagrun for example_short_circuit_operator to 2026-08-11 00:00:00+00:00, run_after=2026-08-12 00:00:00+00:00
[2026-08-12T04:36:59.946+0000] {processor.py:208} INFO - Processing /home/airflow/.local/lib/python3.12/site-packages/airflow/example_dags/example_short_circuit_operator.py took 0.122 seconds
[2026-08-12T04:37:30.059+0000] {processor.py:186} INFO - Started process (PID=639) to work on /home/airflow/.local/lib/python3.12/site-packages/airflow/example_dags/example_short_circuit_operator.py
[2026-08-12T04:37:30.060+0000] {processor.py:914} INFO - Processing file /home/airflow/.local/lib/python3.12/site-packages/airflow/example_dags/example_short_circuit_operator.py for tasks to queue
[2026-08-12T04:37:30.063+0000] {logging_mixin.py:190} INFO - [2026-08-12T04:37:30.063+0000] {dagbag.py:587} INFO - Filling up the DagBag from /home/airflow/.local/lib/python3.12/site-packages/airflow/example_dags/example_short_circuit_operator.py
[2026-08-12T04:37:30.072+0000] {processor.py:925} INFO - DAG(s) 'example_short_circuit_operator' retrieved from /home/airflow/.local/lib/python3.12/site-packages/airflow/example_dags/example_short_circuit_operator.py
[2026-08-12T04:37:30.102+0000] {logging_mixin.py:190} INFO - [2026-08-12T04:37:30.102+0000] {dag.py:3211} INFO - Sync 1 DAGs
[2026-08-12T04:37:30.133+0000] {logging_mixin.py:190} INFO - [2026-08-12T04:37:30.133+0000] {dag.py:4138} INFO - Setting next_dagrun for example_short_circuit_operator to 2026-08-11 00:00:00+00:00, run_after=2026-08-12 00:00:00+00:00
[2026-08-12T04:37:30.156+0000] {processor.py:208} INFO - Processing /home/airflow/.local/lib/python3.12/site-packages/airflow/example_dags/example_short_circuit_operator.py took 0.102 seconds
[2026-08-12T04:38:00.264+0000] {processor.py:186} INFO - Started process (PID=701) to work on /home/airflow/.local/lib/python3.12/site-packages/airflow/example_dags/example_short_circuit_operator.py
[2026-08-12T04:38:00.265+0000] {processor.py:914} INFO - Processing file /home/airflow/.local/lib/python3.12/site-packages/airflow/example_dags/example_short_circuit_operator.py for tasks to queue
[2026-08-12T04:38:00.268+0000] {logging_mixin.py:190} INFO - [2026-08-12T04:38:00.268+0000] {dagbag.py:587} INFO - Filling up the DagBag from /home/airflow/.local/lib/python3.12/site-packages/airflow/example_dags/example_short_circuit_operator.py
[2026-08-12T04:38:00.292+0000] {processor.py:925} INFO - DAG(s) 'example_short_circuit_operator' retrieved from /home/airflow/.local/lib/python3.12/site-packages/airflow/example_dags/example_short_circuit_operator.py
[2026-08-12T04:38:00.323+0000] {logging_mixin.py:190} INFO - [2026-08-12T04:38:00.323+0000] {dag.py:3211} INFO - Sync 1 DAGs
[2026-08-12T04:38:00.356+0000] {logging_mixin.py:190} INFO - [2026-08-12T04:38:00.355+0000] {dag.py:4138} INFO - Setting next_dagrun for example_short_circuit_operator to 2026-08-11 00:00:00+00:00, run_after=2026-08-12 00:00:00+00:00
[2026-08-12T04:38:00.387+0000] {processor.py:208} INFO - Processing /home/airflow/.local/lib/python3.12/site-packages/airflow/example_dags/example_short_circuit_operator.py took 0.129 seconds
[2026-08-12T04:38:30.943+0000] {processor.py:186} INFO - Started process (PID=763) to work on /home/airflow/.local/lib/python3.12/site-packages/airflow/example_dags/example_short_circuit_operator.py
[2026-08-12T04:38:30.944+0000] {processor.py:914} INFO - Processing file /home/airflow/.local/lib/python3.12/site-packages/airflow/example_dags/example_short_circuit_operator.py for tasks to queue
[2026-08-12T04:38:30.948+0000] {logging_mixin.py:190} INFO - [2026-08-12T04:38:30.947+0000] {dagbag.py:587} INFO - Filling up the DagBag from /home/airflow/.local/lib/python3.12/site-packages/airflow/example_dags/example_short_circuit_operator.py
[2026-08-12T04:38:30.957+0000] {processor.py:925} INFO - DAG(s) 'example_short_circuit_operator' retrieved from /home/airflow/.local/lib/python3.12/site-packages/airflow/example_dags/example_short_circuit_operator.py
[2026-08-12T04:38:31.008+0000] {logging_mixin.py:190} INFO - [2026-08-12T04:38:31.008+0000] {dag.py:3211} INFO - Sync 1 DAGs
[2026-08-12T04:38:31.033+0000] {logging_mixin.py:190} INFO - [2026-08-12T04:38:31.033+0000] {dag.py:4138} INFO - Setting next_dagrun for example_short_circuit_operator to 2026-08-11 00:00:00+00:00, run_after=2026-08-12 00:00:00+00:00
[2026-08-12T04:38:31.053+0000] {processor.py:208} INFO - Processing /home/airflow/.local/lib/python3.12/site-packages/airflow/example_dags/example_short_circuit_operator.py took 0.116 seconds
[2026-08-12T04:39:01.334+0000] {processor.py:186} INFO - Started process (PID=825) to work on /home/airflow/.local/lib/python3.12/site-packages/airflow/example_dags/example_short_circuit_operator.py
[2026-08-12T04:39:01.336+0000] {processor.py:914} INFO - Processing file /home/airflow/.local/lib/python3.12/site-packages/airflow/example_dags/example_short_circuit_operator.py for tasks to queue
[2026-08-12T04:39:01.352+0000] {logging_mixin.py:190} INFO - [2026-08-12T04:39:01.352+0000] {dagbag.py:587} INFO - Filling up the DagBag from /home/airflow/.local/lib/python3.12/site-packages/airflow/example_dags/example_short_circuit_operator.py
[2026-08-12T04:39:01.362+0000] {processor.py:925} INFO - DAG(s) 'example_short_circuit_operator' retrieved from /home/airflow/.local/lib/python3.12/site-packages/airflow/example_dags/example_short_circuit_operator.py
[2026-08-12T04:39:01.385+0000] {logging_mixin.py:190} INFO - [2026-08-12T04:39:01.385+0000] {dag.py:3211} INFO - Sync 1 DAGs
[2026-08-12T04:39:01.411+0000] {logging_mixin.py:190} INFO - [2026-08-12T04:39:01.411+0000] {dag.py:4138} INFO - Setting next_dagrun for example_short_circuit_operator to 2026-08-11 00:00:00+00:00, run_after=2026-08-12 00:00:00+00:00
[2026-08-12T04:39:01.431+0000] {processor.py:208} INFO - Processing /home/airflow/.local/lib/python3.12/site-packages/airflow/example_dags/example_short_circuit_operator.py took 0.103 seconds
[2026-08-12T04:39:31.732+0000] {processor.py:186} INFO - Started process (PID=887) to work on /home/airflow/.local/lib/python3.12/site-packages/airflow/example_dags/example_short_circuit_operator.py
[2026-08-12T04:39:31.735+0000] {processor.py:914} INFO - Processing file /home/airflow/.local/lib/python3.12/site-packages/airflow/example_dags/example_short_circuit_operator.py for tasks to queue
[2026-08-12T04:39:31.740+0000] {logging_mixin.py:190} INFO - [2026-08-12T04:39:31.740+0000] {dagbag.py:587} INFO - Filling up the DagBag from /home/airflow/.local/lib/python3.12/site-packages/airflow/example_dags/example_short_circuit_operator.py
[2026-08-12T04:39:31.752+0000] {processor.py:925} INFO - DAG(s) 'example_short_circuit_operator' retrieved from /home/airflow/.local/lib/python3.12/site-packages/airflow/example_dags/example_short_circuit_operator.py
[2026-08-12T04:39:31.776+0000] {logging_mixin.py:190} INFO - [2026-08-12T04:39:31.775+0000] {dag.py:3211} INFO - Sync 1 DAGs
[2026-08-12T04:39:31.799+0000] {logging_mixin.py:190} INFO - [2026-08-12T04:39:31.799+0000] {dag.py:4138} INFO - Setting next_dagrun for example_short_circuit_operator to 2026-08-11 00:00:00+00:00, run_after=2026-08-12 00:00:00+00:00
[2026-08-12T04:39:31.821+0000] {processor.py:208} INFO - Processing /home/airflow/.local/lib/python3.12/site-packages/airflow/example_dags/example_short_circuit_operator.py took 0.096 seconds
[2026-08-12T04:40:02.121+0000] {processor.py:186} INFO - Started process (PID=949) to work on /home/airflow/.local/lib/python3.12/site-packages/airflow/example_dags/example_short_circuit_operator.py
[2026-08-12T04:40:02.123+0000] {processor.py:914} INFO - Processing file /home/airflow/.local/lib/python3.12/site-packages/airflow/example_dags/example_short_circuit_operator.py for tasks to queue
[2026-08-12T04:40:02.127+0000] {logging_mixin.py:190} INFO - [2026-08-12T04:40:02.126+0000] {dagbag.py:587} INFO - Filling up the DagBag from /home/airflow/.local/lib/python3.12/site-packages/airflow/example_dags/example_short_circuit_operator.py
[2026-08-12T04:40:02.137+0000] {processor.py:925} INFO - DAG(s) 'example_short_circuit_operator' retrieved from /home/airflow/.local/lib/python3.12/site-packages/airflow/example_dags/example_short_circuit_operator.py
[2026-08-12T04:40:02.161+0000] {logging_mixin.py:190} INFO - [2026-08-12T04:40:02.161+0000] {dag.py:3211} INFO - Sync 1 DAGs
[2026-08-12T04:40:02.187+0000] {logging_mixin.py:190} INFO - [2026-08-12T04:40:02.187+0000] {dag.py:4138} INFO - Setting next_dagrun for example_short_circuit_operator to 2026-08-11 00:00:00+00:00, run_after=2026-08-12 00:00:00+00:00
[2026-08-12T04:40:02.223+0000] {processor.py:208} INFO - Processing /home/airflow/.local/lib/python3.12/site-packages/airflow/example_dags/example_short_circuit_operator.py took 0.109 seconds
[2026-08-12T04:40:32.792+0000] {processor.py:186} INFO - Started process (PID=1011) to work on /home/airflow/.local/lib/python3.12/site-packages/airflow/example_dags/example_short_circuit_operator.py
[2026-08-12T04:40:32.794+0000] {processor.py:914} INFO - Processing file /home/airflow/.local/lib/python3.12/site-packages/airflow/example_dags/example_short_circuit_operator.py for tasks to queue
[2026-08-12T04:40:32.798+0000] {logging_mixin.py:190} INFO - [2026-08-12T04:40:32.798+0000] {dagbag.py:587} INFO - Filling up the DagBag from /home/airflow/.local/lib/python3.12/site-packages/airflow/example_dags/example_short_circuit_operator.py
[2026-08-12T04:40:32.813+0000] {processor.py:925} INFO - DAG(s) 'example_short_circuit_operator' retrieved from /home/airflow/.local/lib/python3.12/site-packages/airflow/example_dags/example_short_circuit_operator.py
[2026-08-12T04:40:32.845+0000] {logging_mixin.py:190} INFO - [2026-08-12T04:40:32.845+0000] {dag.py:3211} INFO - Sync 1 DAGs
[2026-08-12T04:40:32.880+0000] {logging_mixin.py:190} INFO - [2026-08-12T04:40:32.880+0000] {dag.py:4138} INFO - Setting next_dagrun for example_short_circuit_operator to 2026-08-11 00:00:00+00:00, run_after=2026-08-12 00:00:00+00:00
[2026-08-12T04:40:32.910+0000] {processor.py:208} INFO - Processing /home/airflow/.local/lib/python3.12/site-packages/airflow/example_dags/example_short_circuit_operator.py took 0.126 seconds
[2026-08-12T04:41:03.426+0000] {processor.py:186} INFO - Started process (PID=1073) to work on /home/airflow/.local/lib/python3.12/site-packages/airflow/example_dags/example_short_circuit_operator.py
[2026-08-12T04:41:03.429+0000] {processor.py:914} INFO - Processing file /home/airflow/.local/lib/python3.12/site-packages/airflow/example_dags/example_short_circuit_operator.py for tasks to queue
[2026-08-12T04:41:03.433+0000] {logging_mixin.py:190} INFO - [2026-08-12T04:41:03.432+0000] {dagbag.py:587} INFO - Filling up the DagBag from /home/airflow/.local/lib/python3.12/site-packages/airflow/example_dags/example_short_circuit_operator.py
[2026-08-12T04:41:03.444+0000] {processor.py:925} INFO - DAG(s) 'example_short_circuit_operator' retrieved from /home/airflow/.local/lib/python3.12/site-packages/airflow/example_dags/example_short_circuit_operator.py
[2026-08-12T04:41:03.482+0000] {logging_mixin.py:190} INFO - [2026-08-12T04:41:03.482+0000] {dag.py:3211} INFO - Sync 1 DAGs
[2026-08-12T04:41:03.505+0000] {logging_mixin.py:190} INFO - [2026-08-12T04:41:03.505+0000] {dag.py:4138} INFO - Setting next_dagrun for example_short_circuit_operator to 2026-08-11 00:00:00+00:00, run_after=2026-08-12 00:00:00+00:00
[2026-08-12T04:41:03.525+0000] {processor.py:208} INFO - Processing /home/airflow/.local/lib/python3.12/site-packages/airflow/example_dags/example_short_circuit_operator.py took 0.106 seconds
[2026-08-12T04:41:34.010+0000] {processor.py:186} INFO - Started process (PID=1135) to work on /home/airflow/.local/lib/python3.12/site-packages/airflow/example_dags/example_short_circuit_operator.py
[2026-08-12T04:41:34.012+0000] {processor.py:914} INFO - Processing file /home/airflow/.local/lib/python3.12/site-packages/airflow/example_dags/example_short_circuit_operator.py for tasks to queue
[2026-08-12T04:41:34.015+0000] {logging_mixin.py:190} INFO - [2026-08-12T04:41:34.015+0000] {dagbag.py:587} INFO - Filling up the DagBag from /home/airflow/.local/lib/python3.12/site-packages/airflow/example_dags/example_short_circuit_operator.py
[2026-08-12T04:41:34.024+0000] {processor.py:925} INFO - DAG(s) 'example_short_circuit_operator' retrieved from /home/airflow/.local/lib/python3.12/site-packages/airflow/example_dags/example_short_circuit_operator.py
[2026-08-12T04:41:34.047+0000] {logging_mixin.py:190} INFO - [2026-08-12T04:41:34.047+0000] {dag.py:3211} INFO - Sync 1 DAGs
[2026-08-12T04:41:34.071+0000] {logging_mixin.py:190} INFO - [2026-08-12T04:41:34.071+0000] {dag.py:4138} INFO - Setting next_dagrun for example_short_circuit_operator to 2026-08-11 00:00:00+00:00, run_after=2026-08-12 00:00:00+00:00
[2026-08-12T04:41:34.093+0000] {processor.py:208} INFO - Processing /home/airflow/.local/lib/python3.12/site-packages/airflow/example_dags/example_short_circuit_operator.py took 0.088 seconds
[2026-08-12T04:42:04.656+0000] {processor.py:186} INFO - Started process (PID=1197) to work on /home/airflow/.local/lib/python3.12/site-packages/airflow/example_dags/example_short_circuit_operator.py
[2026-08-12T04:42:04.658+0000] {processor.py:914} INFO - Processing file /home/airflow/.local/lib/python3.12/site-packages/airflow/example_dags/example_short_circuit_operator.py for tasks to queue
[2026-08-12T04:42:04.660+0000] {logging_mixin.py:190} INFO - [2026-08-12T04:42:04.660+0000] {dagbag.py:587} INFO - Filling up the DagBag from /home/airflow/.local/lib/python3.12/site-packages/airflow/example_dags/example_short_circuit_operator.py
[2026-08-12T04:42:04.669+0000] {processor.py:925} INFO - DAG(s) 'example_short_circuit_operator' retrieved from /home/airflow/.local/lib/python3.12/site-packages/airflow/example_dags/example_short_circuit_operator.py
[2026-08-12T04:42:04.690+0000] {logging_mixin.py:190} INFO - [2026-08-12T04:42:04.690+0000] {dag.py:3211} INFO - Sync 1 DAGs
[2026-08-12T04:42:04.711+0000] {logging_mixin.py:190} INFO - [2026-08-12T04:42:04.711+0000] {dag.py:4138} INFO - Setting next_dagrun for example_short_circuit_operator to 2026-08-11 00:00:00+00:00, run_after=2026-08-12 00:00:00+00:00
[2026-08-12T04:42:04.729+0000] {processor.py:208} INFO - Processing /home/airflow/.local/lib/python3.12/site-packages/airflow/example_dags/example_short_circuit_operator.py took 0.079 seconds
[2026-08-12T04:42:35.315+0000] {processor.py:186} INFO - Started process (PID=1259) to work on /home/airflow/.local/lib/python3.12/site-packages/airflow/example_dags/example_short_circuit_operator.py
[2026-08-12T04:42:35.316+0000] {processor.py:914} INFO - Processing file /home/airflow/.local/lib/python3.12/site-packages/airflow/example_dags/example_short_circuit_operator.py for tasks to queue
[2026-08-12T04:42:35.319+0000] {logging_mixin.py:190} INFO - [2026-08-12T04:42:35.319+0000] {dagbag.py:587} INFO - Filling up the DagBag from /home/airflow/.local/lib/python3.12/site-packages/airflow/example_dags/example_short_circuit_operator.py
[2026-08-12T04:42:35.328+0000] {processor.py:925} INFO - DAG(s) 'example_short_circuit_operator' retrieved from /home/airflow/.local/lib/python3.12/site-packages/airflow/example_dags/example_short_circuit_operator.py
[2026-08-12T04:42:35.350+0000] {logging_mixin.py:190} INFO - [2026-08-12T04:42:35.350+0000] {dag.py:3211} INFO - Sync 1 DAGs
[2026-08-12T04:42:35.376+0000] {logging_mixin.py:190} INFO - [2026-08-12T04:42:35.375+0000] {dag.py:4138} INFO - Setting next_dagrun for example_short_circuit_operator to 2026-08-11 00:00:00+00:00, run_after=2026-08-12 00:00:00+00:00
[2026-08-12T04:42:35.394+0000] {processor.py:208} INFO - Processing /home/airflow/.local/lib/python3.12/site-packages/airflow/example_dags/example_short_circuit_operator.py took 0.085 seconds
[2026-08-12T04:43:06.146+0000] {processor.py:186} INFO - Started process (PID=1321) to work on /home/airflow/.local/lib/python3.12/site-packages/airflow/example_dags/example_short_circuit_operator.py
[2026-08-12T04:43:06.148+0000] {processor.py:914} INFO - Processing file /home/airflow/.local/lib/python3.12/site-packages/airflow/example_dags/example_short_circuit_operator.py for tasks to queue
[2026-08-12T04:43:06.152+0000] {logging_mixin.py:190} INFO - [2026-08-12T04:43:06.151+0000] {dagbag.py:587} INFO - Filling up the DagBag from /home/airflow/.local/lib/python3.12/site-packages/airflow/example_dags/example_short_circuit_operator.py
[2026-08-12T04:43:06.162+0000] {processor.py:925} INFO - DAG(s) 'example_short_circuit_operator' retrieved from /home/airflow/.local/lib/python3.12/site-packages/airflow/example_dags/example_short_circuit_operator.py
[2026-08-12T04:43:06.186+0000] {logging_mixin.py:190} INFO - [2026-08-12T04:43:06.186+0000] {dag.py:3211} INFO - Sync 1 DAGs
[2026-08-12T04:43:06.211+0000] {logging_mixin.py:190} INFO - [2026-08-12T04:43:06.211+0000] {dag.py:4138} INFO - Setting next_dagrun for example_short_circuit_operator to 2026-08-11 00:00:00+00:00, run_after=2026-08-12 00:00:00+00:00
[2026-08-12T04:43:06.232+0000] {processor.py:208} INFO - Processing /home/airflow/.local/lib/python3.12/site-packages/airflow/example_dags/example_short_circuit_operator.py took 0.092 seconds
[2026-08-12T04:43:36.618+0000] {processor.py:186} INFO - Started process (PID=1383) to work on /home/airflow/.local/lib/python3.12/site-packages/airflow/example_dags/example_short_circuit_operator.py
[2026-08-12T04:43:36.620+0000] {processor.py:914} INFO - Processing file /home/airflow/.local/lib/python3.12/site-packages/airflow/example_dags/example_short_circuit_operator.py for tasks to queue
[2026-08-12T04:43:36.625+0000] {logging_mixin.py:190} INFO - [2026-08-12T04:43:36.624+0000] {dagbag.py:587} INFO - Filling up the DagBag from /home/airflow/.local/lib/python3.12/site-packages/airflow/example_dags/example_short_circuit_operator.py
[2026-08-12T04:43:36.645+0000] {processor.py:925} INFO - DAG(s) 'example_short_circuit_operator' retrieved from /home/airflow/.local/lib/python3.12/site-packages/airflow/example_dags/example_short_circuit_operator.py
[2026-08-12T04:43:36.698+0000] {logging_mixin.py:190} INFO - [2026-08-12T04:43:36.691+0000] {dag.py:3211} INFO - Sync 1 DAGs
[2026-08-12T04:43:36.754+0000] {logging_mixin.py:190} INFO - [2026-08-12T04:43:36.753+0000] {dag.py:4138} INFO - Setting next_dagrun for example_short_circuit_operator to 2026-08-11 00:00:00+00:00, run_after=2026-08-12 00:00:00+00:00
[2026-08-12T04:43:36.821+0000] {processor.py:208} INFO - Processing /home/airflow/.local/lib/python3.12/site-packages/airflow/example_dags/example_short_circuit_operator.py took 0.212 seconds
[2026-08-12T04:44:06.931+0000] {processor.py:186} INFO - Started process (PID=1445) to work on /home/airflow/.local/lib/python3.12/site-packages/airflow/example_dags/example_short_circuit_operator.py
[2026-08-12T04:44:06.932+0000] {processor.py:914} INFO - Processing file /home/airflow/.local/lib/python3.12/site-packages/airflow/example_dags/example_short_circuit_operator.py for tasks to queue
[2026-08-12T04:44:06.935+0000] {logging_mixin.py:190} INFO - [2026-08-12T04:44:06.935+0000] {dagbag.py:587} INFO - Filling up the DagBag from /home/airflow/.local/lib/python3.12/site-packages/airflow/example_dags/example_short_circuit_operator.py
[2026-08-12T04:44:06.945+0000] {processor.py:925} INFO - DAG(s) 'example_short_circuit_operator' retrieved from /home/airflow/.local/lib/python3.12/site-packages/airflow/example_dags/example_short_circuit_operator.py
[2026-08-12T04:44:06.968+0000] {logging_mixin.py:190} INFO - [2026-08-12T04:44:06.968+0000] {dag.py:3211} INFO - Sync 1 DAGs
[2026-08-12T04:44:06.989+0000] {logging_mixin.py:190} INFO - [2026-08-12T04:44:06.989+0000] {dag.py:4138} INFO - Setting next_dagrun for example_short_circuit_operator to 2026-08-11 00:00:00+00:00, run_after=2026-08-12 00:00:00+00:00
[2026-08-12T04:44:07.007+0000] {processor.py:208} INFO - Processing /home/airflow/.local/lib/python3.12/site-packages/airflow/example_dags/example_short_circuit_operator.py took 0.082 seconds
[2026-08-12T04:44:37.897+0000] {processor.py:186} INFO - Started process (PID=1507) to work on /home/airflow/.local/lib/python3.12/site-packages/airflow/example_dags/example_short_circuit_operator.py
[2026-08-12T04:44:37.898+0000] {processor.py:914} INFO - Processing file /home/airflow/.local/lib/python3.12/site-packages/airflow/example_dags/example_short_circuit_operator.py for tasks to queue
[2026-08-12T04:44:37.901+0000] {logging_mixin.py:190} INFO - [2026-08-12T04:44:37.901+0000] {dagbag.py:587} INFO - Filling up the DagBag from /home/airflow/.local/lib/python3.12/site-packages/airflow/example_dags/example_short_circuit_operator.py
[2026-08-12T04:44:37.910+0000] {processor.py:925} INFO - DAG(s) 'example_short_circuit_operator' retrieved from /home/airflow/.local/lib/python3.12/site-packages/airflow/example_dags/example_short_circuit_operator.py
[2026-08-12T04:44:37.931+0000] {logging_mixin.py:190} INFO - [2026-08-12T04:44:37.931+0000] {dag.py:3211} INFO - Sync 1 DAGs
[2026-08-12T04:44:37.952+0000] {logging_mixin.py:190} INFO - [2026-08-12T04:44:37.952+0000] {dag.py:4138} INFO - Setting next_dagrun for example_short_circuit_operator to 2026-08-11 00:00:00+00:00, run_after=2026-08-12 00:00:00+00:00
[2026-08-12T04:44:37.970+0000] {processor.py:208} INFO - Processing /home/airflow/.local/lib/python3.12/site-packages/airflow/example_dags/example_short_circuit_operator.py took 0.079 seconds
[2026-08-12T04:45:08.040+0000] {processor.py:186} INFO - Started process (PID=1569) to work on /home/airflow/.local/lib/python3.12/site-packages/airflow/example_dags/example_short_circuit_operator.py
[2026-08-12T04:45:08.042+0000] {processor.py:914} INFO - Processing file /home/airflow/.local/lib/python3.12/site-packages/airflow/example_dags/example_short_circuit_operator.py for tasks to queue
[2026-08-12T04:45:08.045+0000] {logging_mixin.py:190} INFO - [2026-08-12T04:45:08.045+0000] {dagbag.py:587} INFO - Filling up the DagBag from /home/airflow/.local/lib/python3.12/site-packages/airflow/example_dags/example_short_circuit_operator.py
[2026-08-12T04:45:08.055+0000] {processor.py:925} INFO - DAG(s) 'example_short_circuit_operator' retrieved from /home/airflow/.local/lib/python3.12/site-packages/airflow/example_dags/example_short_circuit_operator.py
[2026-08-12T04:45:08.079+0000] {logging_mixin.py:190} INFO - [2026-08-12T04:45:08.079+0000] {dag.py:3211} INFO - Sync 1 DAGs
[2026-08-12T04:45:08.102+0000] {logging_mixin.py:190} INFO - [2026-08-12T04:45:08.102+0000] {dag.py:4138} INFO - Setting next_dagrun for example_short_circuit_operator to 2026-08-11 00:00:00+00:00, run_after=2026-08-12 00:00:00+00:00
[2026-08-12T04:45:08.123+0000] {processor.py:208} INFO - Processing /home/airflow/.local/lib/python3.12/site-packages/airflow/example_dags/example_short_circuit_operator.py took 0.089 seconds
[2026-08-12T04:45:38.856+0000] {processor.py:186} INFO - Started process (PID=1631) to work on /home/airflow/.local/lib/python3.12/site-packages/airflow/example_dags/example_short_circuit_operator.py
[2026-08-12T04:45:38.858+0000] {processor.py:914} INFO - Processing file /home/airflow/.local/lib/python3.12/site-packages/airflow/example_dags/example_short_circuit_operator.py for tasks to queue
[2026-08-12T04:45:38.860+0000] {logging_mixin.py:190} INFO - [2026-08-12T04:45:38.860+0000] {dagbag.py:587} INFO - Filling up the DagBag from /home/airflow/.local/lib/python3.12/site-packages/airflow/example_dags/example_short_circuit_operator.py
[2026-08-12T04:45:38.876+0000] {processor.py:925} INFO - DAG(s) 'example_short_circuit_operator' retrieved from /home/airflow/.local/lib/python3.12/site-packages/airflow/example_dags/example_short_circuit_operator.py
[2026-08-12T04:45:38.916+0000] {logging_mixin.py:190} INFO - [2026-08-12T04:45:38.915+0000] {dag.py:3211} INFO - Sync 1 DAGs
[2026-08-12T04:45:38.939+0000] {logging_mixin.py:190} INFO - [2026-08-12T04:45:38.939+0000] {dag.py:4138} INFO - Setting next_dagrun for example_short_circuit_operator to 2026-08-11 00:00:00+00:00, run_after=2026-08-12 00:00:00+00:00
[2026-08-12T04:45:38.959+0000] {processor.py:208} INFO - Processing /home/airflow/.local/lib/python3.12/site-packages/airflow/example_dags/example_short_circuit_operator.py took 0.109 seconds
[2026-08-12T04:46:09.173+0000] {processor.py:186} INFO - Started process (PID=1693) to work on /home/airflow/.local/lib/python3.12/site-packages/airflow/example_dags/example_short_circuit_operator.py
[2026-08-12T04:46:09.175+0000] {processor.py:914} INFO - Processing file /home/airflow/.local/lib/python3.12/site-packages/airflow/example_dags/example_short_circuit_operator.py for tasks to queue
[2026-08-12T04:46:09.178+0000] {logging_mixin.py:190} INFO - [2026-08-12T04:46:09.178+0000] {dagbag.py:587} INFO - Filling up the DagBag from /home/airflow/.local/lib/python3.12/site-packages/airflow/example_dags/example_short_circuit_operator.py
[2026-08-12T04:46:09.187+0000] {processor.py:925} INFO - DAG(s) 'example_short_circuit_operator' retrieved from /home/airflow/.local/lib/python3.12/site-packages/airflow/example_dags/example_short_circuit_operator.py
[2026-08-12T04:46:09.212+0000] {logging_mixin.py:190} INFO - [2026-08-12T04:46:09.212+0000] {dag.py:3211} INFO - Sync 1 DAGs
[2026-08-12T04:46:09.235+0000] {logging_mixin.py:190} INFO - [2026-08-12T04:46:09.235+0000] {dag.py:4138} INFO - Setting next_dagrun for example_short_circuit_operator to 2026-08-11 00:00:00+00:00, run_after=2026-08-12 00:00:00+00:00
[2026-08-12T04:46:09.254+0000] {processor.py:208} INFO - Processing /home/airflow/.local/lib/python3.12/site-packages/airflow/example_dags/example_short_circuit_operator.py took 0.087 seconds
[2026-08-12T04:46:39.835+0000] {processor.py:186} INFO - Started process (PID=1755) to work on /home/airflow/.local/lib/python3.12/site-packages/airflow/example_dags/example_short_circuit_operator.py
[2026-08-12T04:46:39.837+0000] {processor.py:914} INFO - Processing file /home/airflow/.local/lib/python3.12/site-packages/airflow/example_dags/example_short_circuit_operator.py for tasks to queue
[2026-08-12T04:46:39.840+0000] {logging_mixin.py:190} INFO - [2026-08-12T04:46:39.839+0000] {dagbag.py:587} INFO - Filling up the DagBag from /home/airflow/.local/lib/python3.12/site-packages/airflow/example_dags/example_short_circuit_operator.py
[2026-08-12T04:46:39.849+0000] {processor.py:925} INFO - DAG(s) 'example_short_circuit_operator' retrieved from /home/airflow/.local/lib/python3.12/site-packages/airflow/example_dags/example_short_circuit_operator.py
[2026-08-12T04:46:39.873+0000] {logging_mixin.py:190} INFO - [2026-08-12T04:46:39.873+0000] {dag.py:3211} INFO - Sync 1 DAGs
[2026-08-12T04:46:39.896+0000] {logging_mixin.py:190} INFO - [2026-08-12T04:46:39.895+0000] {dag.py:4138} INFO - Setting next_dagrun for example_short_circuit_operator to 2026-08-11 00:00:00+00:00, run_after=2026-08-12 00:00:00+00:00
[2026-08-12T04:46:39.928+0000] {processor.py:208} INFO - Processing /home/airflow/.local/lib/python3.12/site-packages/airflow/example_dags/example_short_circuit_operator.py took 0.098 seconds
[2026-08-12T04:47:10.341+0000] {processor.py:186} INFO - Started process (PID=1817) to work on /home/airflow/.local/lib/python3.12/site-packages/airflow/example_dags/example_short_circuit_operator.py
[2026-08-12T04:47:10.343+0000] {processor.py:914} INFO - Processing file /home/airflow/.local/lib/python3.12/site-packages/airflow/example_dags/example_short_circuit_operator.py for tasks to queue
[2026-08-12T04:47:10.347+0000] {logging_mixin.py:190} INFO - [2026-08-12T04:47:10.347+0000] {dagbag.py:587} INFO - Filling up the DagBag from /home/airflow/.local/lib/python3.12/site-packages/airflow/example_dags/example_short_circuit_operator.py
[2026-08-12T04:47:10.358+0000] {processor.py:925} INFO - DAG(s) 'example_short_circuit_operator' retrieved from /home/airflow/.local/lib/python3.12/site-packages/airflow/example_dags/example_short_circuit_operator.py
[2026-08-12T04:47:10.380+0000] {logging_mixin.py:190} INFO - [2026-08-12T04:47:10.380+0000] {dag.py:3211} INFO - Sync 1 DAGs
[2026-08-12T04:47:10.401+0000] {logging_mixin.py:190} INFO - [2026-08-12T04:47:10.401+0000] {dag.py:4138} INFO - Setting next_dagrun for example_short_circuit_operator to 2026-08-11 00:00:00+00:00, run_after=2026-08-12 00:00:00+00:00
[2026-08-12T04:47:10.426+0000] {processor.py:208} INFO - Processing /home/airflow/.local/lib/python3.12/site-packages/airflow/example_dags/example_short_circuit_operator.py took 0.091 seconds
[2026-08-12T04:47:40.656+0000] {processor.py:186} INFO - Started process (PID=1879) to work on /home/airflow/.local/lib/python3.12/site-packages/airflow/example_dags/example_short_circuit_operator.py
[2026-08-12T04:47:40.658+0000] {processor.py:914} INFO - Processing file /home/airflow/.local/lib/python3.12/site-packages/airflow/example_dags/example_short_circuit_operator.py for tasks to queue
[2026-08-12T04:47:40.661+0000] {logging_mixin.py:190} INFO - [2026-08-12T04:47:40.661+0000] {dagbag.py:587} INFO - Filling up the DagBag from /home/airflow/.local/lib/python3.12/site-packages/airflow/example_dags/example_short_circuit_operator.py
[2026-08-12T04:47:40.671+0000] {processor.py:925} INFO - DAG(s) 'example_short_circuit_operator' retrieved from /home/airflow/.local/lib/python3.12/site-packages/airflow/example_dags/example_short_circuit_operator.py
[2026-08-12T04:47:40.694+0000] {logging_mixin.py:190} INFO - [2026-08-12T04:47:40.693+0000] {dag.py:3211} INFO - Sync 1 DAGs
[2026-08-12T04:47:40.715+0000] {logging_mixin.py:190} INFO - [2026-08-12T04:47:40.715+0000] {dag.py:4138} INFO - Setting next_dagrun for example_short_circuit_operator to 2026-08-11 00:00:00+00:00, run_after=2026-08-12 00:00:00+00:00
[2026-08-12T04:47:40.732+0000] {processor.py:208} INFO - Processing /home/airflow/.local/lib/python3.12/site-packages/airflow/example_dags/example_short_circuit_operator.py took 0.082 seconds
[2026-08-12T04:48:11.631+0000] {processor.py:186} INFO - Started process (PID=1941) to work on /home/airflow/.local/lib/python3.12/site-packages/airflow/example_dags/example_short_circuit_operator.py
[2026-08-12T04:48:11.633+0000] {processor.py:914} INFO - Processing file /home/airflow/.local/lib/python3.12/site-packages/airflow/example_dags/example_short_circuit_operator.py for tasks to queue
[2026-08-12T04:48:11.636+0000] {logging_mixin.py:190} INFO - [2026-08-12T04:48:11.635+0000] {dagbag.py:587} INFO - Filling up the DagBag from /home/airflow/.local/lib/python3.12/site-packages/airflow/example_dags/example_short_circuit_operator.py
[2026-08-12T04:48:11.647+0000] {processor.py:925} INFO - DAG(s) 'example_short_circuit_operator' retrieved from /home/airflow/.local/lib/python3.12/site-packages/airflow/example_dags/example_short_circuit_operator.py
[2026-08-12T04:48:11.675+0000] {logging_mixin.py:190} INFO - [2026-08-12T04:48:11.675+0000] {dag.py:3211} INFO - Sync 1 DAGs
[2026-08-12T04:48:11.703+0000] {logging_mixin.py:190} INFO - [2026-08-12T04:48:11.703+0000] {dag.py:4138} INFO - Setting next_dagrun for example_short_circuit_operator to 2026-08-11 00:00:00+00:00, run_after=2026-08-12 00:00:00+00:00
[2026-08-12T04:48:11.730+0000] {processor.py:208} INFO - Processing /home/airflow/.local/lib/python3.12/site-packages/airflow/example_dags/example_short_circuit_operator.py took 0.107 seconds
[2026-08-12T04:48:42.209+0000] {processor.py:186} INFO - Started process (PID=2003) to work on /home/airflow/.local/lib/python3.12/site-packages/airflow/example_dags/example_short_circuit_operator.py
[2026-08-12T04:48:42.211+0000] {processor.py:914} INFO - Processing file /home/airflow/.local/lib/python3.12/site-packages/airflow/example_dags/example_short_circuit_operator.py for tasks to queue
[2026-08-12T04:48:42.214+0000] {logging_mixin.py:190} INFO - [2026-08-12T04:48:42.214+0000] {dagbag.py:587} INFO - Filling up the DagBag from /home/airflow/.local/lib/python3.12/site-packages/airflow/example_dags/example_short_circuit_operator.py
[2026-08-12T04:48:42.223+0000] {processor.py:925} INFO - DAG(s) 'example_short_circuit_operator' retrieved from /home/airflow/.local/lib/python3.12/site-packages/airflow/example_dags/example_short_circuit_operator.py
[2026-08-12T04:48:42.248+0000] {logging_mixin.py:190} INFO - [2026-08-12T04:48:42.248+0000] {dag.py:3211} INFO - Sync 1 DAGs
[2026-08-12T04:48:42.274+0000] {logging_mixin.py:190} INFO - [2026-08-12T04:48:42.274+0000] {dag.py:4138} INFO - Setting next_dagrun for example_short_circuit_operator to 2026-08-11 00:00:00+00:00, run_after=2026-08-12 00:00:00+00:00
[2026-08-12T04:48:42.298+0000] {processor.py:208} INFO - Processing /home/airflow/.local/lib/python3.12/site-packages/airflow/example_dags/example_short_circuit_operator.py took 0.096 seconds
[2026-08-12T04:49:13.414+0000] {processor.py:186} INFO - Started process (PID=2065) to work on /home/airflow/.local/lib/python3.12/site-packages/airflow/example_dags/example_short_circuit_operator.py
[2026-08-12T04:49:13.417+0000] {processor.py:914} INFO - Processing file /home/airflow/.local/lib/python3.12/site-packages/airflow/example_dags/example_short_circuit_operator.py for tasks to queue
[2026-08-12T04:49:13.420+0000] {logging_mixin.py:190} INFO - [2026-08-12T04:49:13.419+0000] {dagbag.py:587} INFO - Filling up the DagBag from /home/airflow/.local/lib/python3.12/site-packages/airflow/example_dags/example_short_circuit_operator.py
[2026-08-12T04:49:13.428+0000] {processor.py:925} INFO - DAG(s) 'example_short_circuit_operator' retrieved from /home/airflow/.local/lib/python3.12/site-packages/airflow/example_dags/example_short_circuit_operator.py
[2026-08-12T04:49:13.450+0000] {logging_mixin.py:190} INFO - [2026-08-12T04:49:13.450+0000] {dag.py:3211} INFO - Sync 1 DAGs
[2026-08-12T04:49:13.471+0000] {logging_mixin.py:190} INFO - [2026-08-12T04:49:13.471+0000] {dag.py:4138} INFO - Setting next_dagrun for example_short_circuit_operator to 2026-08-11 00:00:00+00:00, run_after=2026-08-12 00:00:00+00:00
[2026-08-12T04:49:13.489+0000] {processor.py:208} INFO - Processing /home/airflow/.local/lib/python3.12/site-packages/airflow/example_dags/example_short_circuit_operator.py took 0.081 seconds
[2026-08-12T04:49:43.786+0000] {processor.py:186} INFO - Started process (PID=2127) to work on /home/airflow/.local/lib/python3.12/site-packages/airflow/example_dags/example_short_circuit_operator.py
[2026-08-12T04:49:43.788+0000] {processor.py:914} INFO - Processing file /home/airflow/.local/lib/python3.12/site-packages/airflow/example_dags/example_short_circuit_operator.py for tasks to queue
[2026-08-12T04:49:43.796+0000] {logging_mixin.py:190} INFO - [2026-08-12T04:49:43.793+0000] {dagbag.py:587} INFO - Filling up the DagBag from /home/airflow/.local/lib/python3.12/site-packages/airflow/example_dags/example_short_circuit_operator.py
[2026-08-12T04:49:43.815+0000] {processor.py:925} INFO - DAG(s) 'example_short_circuit_operator' retrieved from /home/airflow/.local/lib/python3.12/site-packages/airflow/example_dags/example_short_circuit_operator.py
[2026-08-12T04:49:43.864+0000] {logging_mixin.py:190} INFO - [2026-08-12T04:49:43.864+0000] {dag.py:3211} INFO - Sync 1 DAGs
[2026-08-12T04:49:43.944+0000] {logging_mixin.py:190} INFO - [2026-08-12T04:49:43.944+0000] {dag.py:4138} INFO - Setting next_dagrun for example_short_circuit_operator to 2026-08-11 00:00:00+00:00, run_after=2026-08-12 00:00:00+00:00
[2026-08-12T04:49:43.992+0000] {processor.py:208} INFO - Processing /home/airflow/.local/lib/python3.12/site-packages/airflow/example_dags/example_short_circuit_operator.py took 0.215 seconds
[2026-08-12T04:50:14.538+0000] {processor.py:186} INFO - Started process (PID=2189) to work on /home/airflow/.local/lib/python3.12/site-packages/airflow/example_dags/example_short_circuit_operator.py
[2026-08-12T04:50:14.539+0000] {processor.py:914} INFO - Processing file /home/airflow/.local/lib/python3.12/site-packages/airflow/example_dags/example_short_circuit_operator.py for tasks to queue
[2026-08-12T04:50:14.542+0000] {logging_mixin.py:190} INFO - [2026-08-12T04:50:14.542+0000] {dagbag.py:587} INFO - Filling up the DagBag from /home/airflow/.local/lib/python3.12/site-packages/airflow/example_dags/example_short_circuit_operator.py
[2026-08-12T04:50:14.551+0000] {processor.py:925} INFO - DAG(s) 'example_short_circuit_operator' retrieved from /home/airflow/.local/lib/python3.12/site-packages/airflow/example_dags/example_short_circuit_operator.py
[2026-08-12T04:50:14.573+0000] {logging_mixin.py:190} INFO - [2026-08-12T04:50:14.573+0000] {dag.py:3211} INFO - Sync 1 DAGs
[2026-08-12T04:50:14.595+0000] {logging_mixin.py:190} INFO - [2026-08-12T04:50:14.595+0000] {dag.py:4138} INFO - Setting next_dagrun for example_short_circuit_operator to 2026-08-11 00:00:00+00:00, run_after=2026-08-12 00:00:00+00:00
[2026-08-12T04:50:14.616+0000] {processor.py:208} INFO - Processing /home/airflow/.local/lib/python3.12/site-packages/airflow/example_dags/example_short_circuit_operator.py took 0.083 seconds
[2026-08-12T04:50:44.858+0000] {processor.py:186} INFO - Started process (PID=2251) to work on /home/airflow/.local/lib/python3.12/site-packages/airflow/example_dags/example_short_circuit_operator.py
[2026-08-12T04:50:44.859+0000] {processor.py:914} INFO - Processing file /home/airflow/.local/lib/python3.12/site-packages/airflow/example_dags/example_short_circuit_operator.py for tasks to queue
[2026-08-12T04:50:44.863+0000] {logging_mixin.py:190} INFO - [2026-08-12T04:50:44.863+0000] {dagbag.py:587} INFO - Filling up the DagBag from /home/airflow/.local/lib/python3.12/site-packages/airflow/example_dags/example_short_circuit_operator.py
[2026-08-12T04:50:44.876+0000] {processor.py:925} INFO - DAG(s) 'example_short_circuit_operator' retrieved from /home/airflow/.local/lib/python3.12/site-packages/airflow/example_dags/example_short_circuit_operator.py
[2026-08-12T04:50:44.903+0000] {logging_mixin.py:190} INFO - [2026-08-12T04:50:44.903+0000] {dag.py:3211} INFO - Sync 1 DAGs
[2026-08-12T04:50:44.944+0000] {logging_mixin.py:190} INFO - [2026-08-12T04:50:44.943+0000] {dag.py:4138} INFO - Setting next_dagrun for example_short_circuit_operator to 2026-08-11 00:00:00+00:00, run_after=2026-08-12 00:00:00+00:00
[2026-08-12T04:50:44.967+0000] {processor.py:208} INFO - Processing /home/airflow/.local/lib/python3.12/site-packages/airflow/example_dags/example_short_circuit_operator.py took 0.119 seconds
[2026-08-12T04:51:15.759+0000] {processor.py:186} INFO - Started process (PID=2313) to work on /home/airflow/.local/lib/python3.12/site-packages/airflow/example_dags/example_short_circuit_operator.py
[2026-08-12T04:51:15.761+0000] {processor.py:914} INFO - Processing file /home/airflow/.local/lib/python3.12/site-packages/airflow/example_dags/example_short_circuit_operator.py for tasks to queue
[2026-08-12T04:51:15.764+0000] {logging_mixin.py:190} INFO - [2026-08-12T04:51:15.763+0000] {dagbag.py:587} INFO - Filling up the DagBag from /home/airflow/.local/lib/python3.12/site-packages/airflow/example_dags/example_short_circuit_operator.py
[2026-08-12T04:51:15.775+0000] {processor.py:925} INFO - DAG(s) 'example_short_circuit_operator' retrieved from /home/airflow/.local/lib/python3.12/site-packages/airflow/example_dags/example_short_circuit_operator.py
[2026-08-12T04:51:15.797+0000] {logging_mixin.py:190} INFO - [2026-08-12T04:51:15.796+0000] {dag.py:3211} INFO - Sync 1 DAGs
[2026-08-12T04:51:15.831+0000] {logging_mixin.py:190} INFO - [2026-08-12T04:51:15.831+0000] {dag.py:4138} INFO - Setting next_dagrun for example_short_circuit_operator to 2026-08-11 00:00:00+00:00, run_after=2026-08-12 00:00:00+00:00
[2026-08-12T04:51:15.852+0000] {processor.py:208} INFO - Processing /home/airflow/.local/lib/python3.12/site-packages/airflow/example_dags/example_short_circuit_operator.py took 0.101 seconds
[2026-08-12T04:51:46.859+0000] {processor.py:186} INFO - Started process (PID=2375) to work on /home/airflow/.local/lib/python3.12/site-packages/airflow/example_dags/example_short_circuit_operator.py
[2026-08-12T04:51:46.860+0000] {processor.py:914} INFO - Processing file /home/airflow/.local/lib/python3.12/site-packages/airflow/example_dags/example_short_circuit_operator.py for tasks to queue
[2026-08-12T04:51:46.864+0000] {logging_mixin.py:190} INFO - [2026-08-12T04:51:46.863+0000] {dagbag.py:587} INFO - Filling up the DagBag from /home/airflow/.local/lib/python3.12/site-packages/airflow/example_dags/example_short_circuit_operator.py
[2026-08-12T04:51:46.874+0000] {processor.py:925} INFO - DAG(s) 'example_short_circuit_operator' retrieved from /home/airflow/.local/lib/python3.12/site-packages/airflow/example_dags/example_short_circuit_operator.py
[2026-08-12T04:51:46.904+0000] {logging_mixin.py:190} INFO - [2026-08-12T04:51:46.904+0000] {dag.py:3211} INFO - Sync 1 DAGs
[2026-08-12T04:51:46.928+0000] {logging_mixin.py:190} INFO - [2026-08-12T04:51:46.928+0000] {dag.py:4138} INFO - Setting next_dagrun for example_short_circuit_operator to 2026-08-11 00:00:00+00:00, run_after=2026-08-12 00:00:00+00:00
[2026-08-12T04:51:46.950+0000] {processor.py:208} INFO - Processing /home/airflow/.local/lib/python3.12/site-packages/airflow/example_dags/example_short_circuit_operator.py took 0.098 seconds
[2026-08-12T04:52:17.504+0000] {processor.py:186} INFO - Started process (PID=2437) to work on /home/airflow/.local/lib/python3.12/site-packages/airflow/example_dags/example_short_circuit_operator.py
[2026-08-12T04:52:17.505+0000] {processor.py:914} INFO - Processing file /home/airflow/.local/lib/python3.12/site-packages/airflow/example_dags/example_short_circuit_operator.py for tasks to queue
[2026-08-12T04:52:17.509+0000] {logging_mixin.py:190} INFO - [2026-08-12T04:52:17.508+0000] {dagbag.py:587} INFO - Filling up the DagBag from /home/airflow/.local/lib/python3.12/site-packages/airflow/example_dags/example_short_circuit_operator.py
[2026-08-12T04:52:17.518+0000] {processor.py:925} INFO - DAG(s) 'example_short_circuit_operator' retrieved from /home/airflow/.local/lib/python3.12/site-packages/airflow/example_dags/example_short_circuit_operator.py
[2026-08-12T04:52:17.539+0000] {logging_mixin.py:190} INFO - [2026-08-12T04:52:17.538+0000] {dag.py:3211} INFO - Sync 1 DAGs
[2026-08-12T04:52:17.574+0000] {logging_mixin.py:190} INFO - [2026-08-12T04:52:17.573+0000] {dag.py:4138} INFO - Setting next_dagrun for example_short_circuit_operator to 2026-08-11 00:00:00+00:00, run_after=2026-08-12 00:00:00+00:00
[2026-08-12T04:52:17.592+0000] {processor.py:208} INFO - Processing /home/airflow/.local/lib/python3.12/site-packages/airflow/example_dags/example_short_circuit_operator.py took 0.097 seconds
[2026-08-12T04:52:48.761+0000] {processor.py:186} INFO - Started process (PID=2499) to work on /home/airflow/.local/lib/python3.12/site-packages/airflow/example_dags/example_short_circuit_operator.py
[2026-08-12T04:52:48.763+0000] {processor.py:914} INFO - Processing file /home/airflow/.local/lib/python3.12/site-packages/airflow/example_dags/example_short_circuit_operator.py for tasks to queue
[2026-08-12T04:52:48.765+0000] {logging_mixin.py:190} INFO - [2026-08-12T04:52:48.765+0000] {dagbag.py:587} INFO - Filling up the DagBag from /home/airflow/.local/lib/python3.12/site-packages/airflow/example_dags/example_short_circuit_operator.py
[2026-08-12T04:52:48.774+0000] {processor.py:925} INFO - DAG(s) 'example_short_circuit_operator' retrieved from /home/airflow/.local/lib/python3.12/site-packages/airflow/example_dags/example_short_circuit_operator.py
[2026-08-12T04:52:48.795+0000] {logging_mixin.py:190} INFO - [2026-08-12T04:52:48.795+0000] {dag.py:3211} INFO - Sync 1 DAGs
[2026-08-12T04:52:48.816+0000] {logging_mixin.py:190} INFO - [2026-08-12T04:52:48.816+0000] {dag.py:4138} INFO - Setting next_dagrun for example_short_circuit_operator to 2026-08-11 00:00:00+00:00, run_after=2026-08-12 00:00:00+00:00
[2026-08-12T04:52:48.835+0000] {processor.py:208} INFO - Processing /home/airflow/.local/lib/python3.12/site-packages/airflow/example_dags/example_short_circuit_operator.py took 0.079 seconds
[2026-08-12T04:53:19.566+0000] {processor.py:186} INFO - Started process (PID=2562) to work on /home/airflow/.local/lib/python3.12/site-packages/airflow/example_dags/example_short_circuit_operator.py
[2026-08-12T04:53:19.567+0000] {processor.py:914} INFO - Processing file /home/airflow/.local/lib/python3.12/site-packages/airflow/example_dags/example_short_circuit_operator.py for tasks to queue
[2026-08-12T04:53:19.570+0000] {logging_mixin.py:190} INFO - [2026-08-12T04:53:19.570+0000] {dagbag.py:587} INFO - Filling up the DagBag from /home/airflow/.local/lib/python3.12/site-packages/airflow/example_dags/example_short_circuit_operator.py
[2026-08-12T04:53:19.579+0000] {processor.py:925} INFO - DAG(s) 'example_short_circuit_operator' retrieved from /home/airflow/.local/lib/python3.12/site-packages/airflow/example_dags/example_short_circuit_operator.py
[2026-08-12T04:53:19.601+0000] {logging_mixin.py:190} INFO - [2026-08-12T04:53:19.601+0000] {dag.py:3211} INFO - Sync 1 DAGs
[2026-08-12T04:53:19.624+0000] {logging_mixin.py:190} INFO - [2026-08-12T04:53:19.623+0000] {dag.py:4138} INFO - Setting next_dagrun for example_short_circuit_operator to 2026-08-11 00:00:00+00:00, run_after=2026-08-12 00:00:00+00:00
[2026-08-12T04:53:19.645+0000] {processor.py:208} INFO - Processing /home/airflow/.local/lib/python3.12/site-packages/airflow/example_dags/example_short_circuit_operator.py took 0.085 seconds
[2026-08-12T04:53:50.069+0000] {processor.py:186} INFO - Started process (PID=2625) to work on /home/airflow/.local/lib/python3.12/site-packages/airflow/example_dags/example_short_circuit_operator.py
[2026-08-12T04:53:50.070+0000] {processor.py:914} INFO - Processing file /home/airflow/.local/lib/python3.12/site-packages/airflow/example_dags/example_short_circuit_operator.py for tasks to queue
[2026-08-12T04:53:50.073+0000] {logging_mixin.py:190} INFO - [2026-08-12T04:53:50.073+0000] {dagbag.py:587} INFO - Filling up the DagBag from /home/airflow/.local/lib/python3.12/site-packages/airflow/example_dags/example_short_circuit_operator.py
[2026-08-12T04:53:50.081+0000] {processor.py:925} INFO - DAG(s) 'example_short_circuit_operator' retrieved from /home/airflow/.local/lib/python3.12/site-packages/airflow/example_dags/example_short_circuit_operator.py
[2026-08-12T04:53:50.102+0000] {logging_mixin.py:190} INFO - [2026-08-12T04:53:50.102+0000] {dag.py:3211} INFO - Sync 1 DAGs
[2026-08-12T04:53:50.125+0000] {logging_mixin.py:190} INFO - [2026-08-12T04:53:50.125+0000] {dag.py:4138} INFO - Setting next_dagrun for example_short_circuit_operator to 2026-08-11 00:00:00+00:00, run_after=2026-08-12 00:00:00+00:00
[2026-08-12T04:53:50.143+0000] {processor.py:208} INFO - Processing /home/airflow/.local/lib/python3.12/site-packages/airflow/example_dags/example_short_circuit_operator.py took 0.079 seconds
[2026-08-12T04:54:20.269+0000] {processor.py:186} INFO - Started process (PID=2688) to work on /home/airflow/.local/lib/python3.12/site-packages/airflow/example_dags/example_short_circuit_operator.py
[2026-08-12T04:54:20.271+0000] {processor.py:914} INFO - Processing file /home/airflow/.local/lib/python3.12/site-packages/airflow/example_dags/example_short_circuit_operator.py for tasks to queue
[2026-08-12T04:54:20.274+0000] {logging_mixin.py:190} INFO - [2026-08-12T04:54:20.273+0000] {dagbag.py:587} INFO - Filling up the DagBag from /home/airflow/.local/lib/python3.12/site-packages/airflow/example_dags/example_short_circuit_operator.py
[2026-08-12T04:54:20.283+0000] {processor.py:925} INFO - DAG(s) 'example_short_circuit_operator' retrieved from /home/airflow/.local/lib/python3.12/site-packages/airflow/example_dags/example_short_circuit_operator.py
[2026-08-12T04:54:20.306+0000] {logging_mixin.py:190} INFO - [2026-08-12T04:54:20.306+0000] {dag.py:3211} INFO - Sync 1 DAGs
[2026-08-12T04:54:20.331+0000] {logging_mixin.py:190} INFO - [2026-08-12T04:54:20.331+0000] {dag.py:4138} INFO - Setting next_dagrun for example_short_circuit_operator to 2026-08-11 00:00:00+00:00, run_after=2026-08-12 00:00:00+00:00
[2026-08-12T04:54:20.353+0000] {processor.py:208} INFO - Processing /home/airflow/.local/lib/python3.12/site-packages/airflow/example_dags/example_short_circuit_operator.py took 0.089 seconds
[2026-08-12T04:54:50.950+0000] {processor.py:186} INFO - Started process (PID=2751) to work on /home/airflow/.local/lib/python3.12/site-packages/airflow/example_dags/example_short_circuit_operator.py
[2026-08-12T04:54:50.951+0000] {processor.py:914} INFO - Processing file /home/airflow/.local/lib/python3.12/site-packages/airflow/example_dags/example_short_circuit_operator.py for tasks to queue
[2026-08-12T04:54:50.954+0000] {logging_mixin.py:190} INFO - [2026-08-12T04:54:50.954+0000] {dagbag.py:587} INFO - Filling up the DagBag from /home/airflow/.local/lib/python3.12/site-packages/airflow/example_dags/example_short_circuit_operator.py
[2026-08-12T04:54:50.962+0000] {processor.py:925} INFO - DAG(s) 'example_short_circuit_operator' retrieved from /home/airflow/.local/lib/python3.12/site-packages/airflow/example_dags/example_short_circuit_operator.py
[2026-08-12T04:54:50.983+0000] {logging_mixin.py:190} INFO - [2026-08-12T04:54:50.983+0000] {dag.py:3211} INFO - Sync 1 DAGs
[2026-08-12T04:54:51.002+0000] {logging_mixin.py:190} INFO - [2026-08-12T04:54:51.002+0000] {dag.py:4138} INFO - Setting next_dagrun for example_short_circuit_operator to 2026-08-11 00:00:00+00:00, run_after=2026-08-12 00:00:00+00:00
[2026-08-12T04:54:51.020+0000] {processor.py:208} INFO - Processing /home/airflow/.local/lib/python3.12/site-packages/airflow/example_dags/example_short_circuit_operator.py took 0.075 seconds
[2026-08-12T04:55:21.715+0000] {processor.py:186} INFO - Started process (PID=2814) to work on /home/airflow/.local/lib/python3.12/site-packages/airflow/example_dags/example_short_circuit_operator.py
[2026-08-12T04:55:21.717+0000] {processor.py:914} INFO - Processing file /home/airflow/.local/lib/python3.12/site-packages/airflow/example_dags/example_short_circuit_operator.py for tasks to queue
[2026-08-12T04:55:21.720+0000] {logging_mixin.py:190} INFO - [2026-08-12T04:55:21.719+0000] {dagbag.py:587} INFO - Filling up the DagBag from /home/airflow/.local/lib/python3.12/site-packages/airflow/example_dags/example_short_circuit_operator.py
[2026-08-12T04:55:21.729+0000] {processor.py:925} INFO - DAG(s) 'example_short_circuit_operator' retrieved from /home/airflow/.local/lib/python3.12/site-packages/airflow/example_dags/example_short_circuit_operator.py
[2026-08-12T04:55:21.753+0000] {logging_mixin.py:190} INFO - [2026-08-12T04:55:21.753+0000] {dag.py:3211} INFO - Sync 1 DAGs
[2026-08-12T04:55:21.778+0000] {logging_mixin.py:190} INFO - [2026-08-12T04:55:21.778+0000] {dag.py:4138} INFO - Setting next_dagrun for example_short_circuit_operator to 2026-08-11 00:00:00+00:00, run_after=2026-08-12 00:00:00+00:00
[2026-08-12T04:55:21.798+0000] {processor.py:208} INFO - Processing /home/airflow/.local/lib/python3.12/site-packages/airflow/example_dags/example_short_circuit_operator.py took 0.090 seconds
[2026-08-12T04:55:52.375+0000] {processor.py:186} INFO - Started process (PID=2877) to work on /home/airflow/.local/lib/python3.12/site-packages/airflow/example_dags/example_short_circuit_operator.py
[2026-08-12T04:55:52.377+0000] {processor.py:914} INFO - Processing file /home/airflow/.local/lib/python3.12/site-packages/airflow/example_dags/example_short_circuit_operator.py for tasks to queue
[2026-08-12T04:55:52.381+0000] {logging_mixin.py:190} INFO - [2026-08-12T04:55:52.380+0000] {dagbag.py:587} INFO - Filling up the DagBag from /home/airflow/.local/lib/python3.12/site-packages/airflow/example_dags/example_short_circuit_operator.py
[2026-08-12T04:55:52.391+0000] {processor.py:925} INFO - DAG(s) 'example_short_circuit_operator' retrieved from /home/airflow/.local/lib/python3.12/site-packages/airflow/example_dags/example_short_circuit_operator.py
[2026-08-12T04:55:52.418+0000] {logging_mixin.py:190} INFO - [2026-08-12T04:55:52.418+0000] {dag.py:3211} INFO - Sync 1 DAGs
[2026-08-12T04:55:52.445+0000] {logging_mixin.py:190} INFO - [2026-08-12T04:55:52.445+0000] {dag.py:4138} INFO - Setting next_dagrun for example_short_circuit_operator to 2026-08-11 00:00:00+00:00, run_after=2026-08-12 00:00:00+00:00
[2026-08-12T04:55:52.470+0000] {processor.py:208} INFO - Processing /home/airflow/.local/lib/python3.12/site-packages/airflow/example_dags/example_short_circuit_operator.py took 0.101 seconds
[2026-08-12T04:56:23.182+0000] {processor.py:186} INFO - Started process (PID=2940) to work on /home/airflow/.local/lib/python3.12/site-packages/airflow/example_dags/example_short_circuit_operator.py
[2026-08-12T04:56:23.183+0000] {processor.py:914} INFO - Processing file /home/airflow/.local/lib/python3.12/site-packages/airflow/example_dags/example_short_circuit_operator.py for tasks to queue
[2026-08-12T04:56:23.187+0000] {logging_mixin.py:190} INFO - [2026-08-12T04:56:23.186+0000] {dagbag.py:587} INFO - Filling up the DagBag from /home/airflow/.local/lib/python3.12/site-packages/airflow/example_dags/example_short_circuit_operator.py
[2026-08-12T04:56:23.196+0000] {processor.py:925} INFO - DAG(s) 'example_short_circuit_operator' retrieved from /home/airflow/.local/lib/python3.12/site-packages/airflow/example_dags/example_short_circuit_operator.py
[2026-08-12T04:56:23.222+0000] {logging_mixin.py:190} INFO - [2026-08-12T04:56:23.222+0000] {dag.py:3211} INFO - Sync 1 DAGs
[2026-08-12T04:56:23.245+0000] {logging_mixin.py:190} INFO - [2026-08-12T04:56:23.245+0000] {dag.py:4138} INFO - Setting next_dagrun for example_short_circuit_operator to 2026-08-11 00:00:00+00:00, run_after=2026-08-12 00:00:00+00:00
[2026-08-12T04:56:23.279+0000] {processor.py:208} INFO - Processing /home/airflow/.local/lib/python3.12/site-packages/airflow/example_dags/example_short_circuit_operator.py took 0.103 seconds
[2026-08-12T04:56:54.092+0000] {processor.py:186} INFO - Started process (PID=3003) to work on /home/airflow/.local/lib/python3.12/site-packages/airflow/example_dags/example_short_circuit_operator.py
[2026-08-12T04:56:54.094+0000] {processor.py:914} INFO - Processing file /home/airflow/.local/lib/python3.12/site-packages/airflow/example_dags/example_short_circuit_operator.py for tasks to queue
[2026-08-12T04:56:54.096+0000] {logging_mixin.py:190} INFO - [2026-08-12T04:56:54.096+0000] {dagbag.py:587} INFO - Filling up the DagBag from /home/airflow/.local/lib/python3.12/site-packages/airflow/example_dags/example_short_circuit_operator.py
[2026-08-12T04:56:54.105+0000] {processor.py:925} INFO - DAG(s) 'example_short_circuit_operator' retrieved from /home/airflow/.local/lib/python3.12/site-packages/airflow/example_dags/example_short_circuit_operator.py
[2026-08-12T04:56:54.129+0000] {logging_mixin.py:190} INFO - [2026-08-12T04:56:54.129+0000] {dag.py:3211} INFO - Sync 1 DAGs
[2026-08-12T04:56:54.153+0000] {logging_mixin.py:190} INFO - [2026-08-12T04:56:54.152+0000] {dag.py:4138} INFO - Setting next_dagrun for example_short_circuit_operator to 2026-08-11 00:00:00+00:00, run_after=2026-08-12 00:00:00+00:00
[2026-08-12T04:56:54.174+0000] {processor.py:208} INFO - Processing /home/airflow/.local/lib/python3.12/site-packages/airflow/example_dags/example_short_circuit_operator.py took 0.087 seconds
[2026-08-12T04:57:24.836+0000] {processor.py:186} INFO - Started process (PID=3066) to work on /home/airflow/.local/lib/python3.12/site-packages/airflow/example_dags/example_short_circuit_operator.py
[2026-08-12T04:57:24.838+0000] {processor.py:914} INFO - Processing file /home/airflow/.local/lib/python3.12/site-packages/airflow/example_dags/example_short_circuit_operator.py for tasks to queue
[2026-08-12T04:57:24.843+0000] {logging_mixin.py:190} INFO - [2026-08-12T04:57:24.842+0000] {dagbag.py:587} INFO - Filling up the DagBag from /home/airflow/.local/lib/python3.12/site-packages/airflow/example_dags/example_short_circuit_operator.py
[2026-08-12T04:57:24.858+0000] {processor.py:925} INFO - DAG(s) 'example_short_circuit_operator' retrieved from /home/airflow/.local/lib/python3.12/site-packages/airflow/example_dags/example_short_circuit_operator.py
[2026-08-12T04:57:24.886+0000] {logging_mixin.py:190} INFO - [2026-08-12T04:57:24.886+0000] {dag.py:3211} INFO - Sync 1 DAGs
[2026-08-12T04:57:24.914+0000] {logging_mixin.py:190} INFO - [2026-08-12T04:57:24.914+0000] {dag.py:4138} INFO - Setting next_dagrun for example_short_circuit_operator to 2026-08-11 00:00:00+00:00, run_after=2026-08-12 00:00:00+00:00
[2026-08-12T04:57:25.160+0000] {processor.py:208} INFO - Processing /home/airflow/.local/lib/python3.12/site-packages/airflow/example_dags/example_short_circuit_operator.py took 0.331 seconds
[2026-08-12T04:57:55.995+0000] {processor.py:186} INFO - Started process (PID=3129) to work on /home/airflow/.local/lib/python3.12/site-packages/airflow/example_dags/example_short_circuit_operator.py
[2026-08-12T04:57:55.997+0000] {processor.py:914} INFO - Processing file /home/airflow/.local/lib/python3.12/site-packages/airflow/example_dags/example_short_circuit_operator.py for tasks to queue
[2026-08-12T04:57:56.001+0000] {logging_mixin.py:190} INFO - [2026-08-12T04:57:56.000+0000] {dagbag.py:587} INFO - Filling up the DagBag from /home/airflow/.local/lib/python3.12/site-packages/airflow/example_dags/example_short_circuit_operator.py
[2026-08-12T04:57:56.010+0000] {processor.py:925} INFO - DAG(s) 'example_short_circuit_operator' retrieved from /home/airflow/.local/lib/python3.12/site-packages/airflow/example_dags/example_short_circuit_operator.py
[2026-08-12T04:57:56.033+0000] {logging_mixin.py:190} INFO - [2026-08-12T04:57:56.033+0000] {dag.py:3211} INFO - Sync 1 DAGs
[2026-08-12T04:57:56.054+0000] {logging_mixin.py:190} INFO - [2026-08-12T04:57:56.053+0000] {dag.py:4138} INFO - Setting next_dagrun for example_short_circuit_operator to 2026-08-11 00:00:00+00:00, run_after=2026-08-12 00:00:00+00:00
[2026-08-12T04:57:56.266+0000] {processor.py:208} INFO - Processing /home/airflow/.local/lib/python3.12/site-packages/airflow/example_dags/example_short_circuit_operator.py took 0.277 seconds
[2026-08-12T04:58:26.331+0000] {processor.py:186} INFO - Started process (PID=3193) to work on /home/airflow/.local/lib/python3.12/site-packages/airflow/example_dags/example_short_circuit_operator.py
[2026-08-12T04:58:26.333+0000] {processor.py:914} INFO - Processing file /home/airflow/.local/lib/python3.12/site-packages/airflow/example_dags/example_short_circuit_operator.py for tasks to queue
[2026-08-12T04:58:26.336+0000] {logging_mixin.py:190} INFO - [2026-08-12T04:58:26.336+0000] {dagbag.py:587} INFO - Filling up the DagBag from /home/airflow/.local/lib/python3.12/site-packages/airflow/example_dags/example_short_circuit_operator.py
[2026-08-12T04:58:26.349+0000] {processor.py:925} INFO - DAG(s) 'example_short_circuit_operator' retrieved from /home/airflow/.local/lib/python3.12/site-packages/airflow/example_dags/example_short_circuit_operator.py
[2026-08-12T04:58:26.378+0000] {logging_mixin.py:190} INFO - [2026-08-12T04:58:26.378+0000] {dag.py:3211} INFO - Sync 1 DAGs
[2026-08-12T04:58:26.403+0000] {logging_mixin.py:190} INFO - [2026-08-12T04:58:26.403+0000] {dag.py:4138} INFO - Setting next_dagrun for example_short_circuit_operator to 2026-08-11 00:00:00+00:00, run_after=2026-08-12 00:00:00+00:00
[2026-08-12T04:58:26.424+0000] {processor.py:208} INFO - Processing /home/airflow/.local/lib/python3.12/site-packages/airflow/example_dags/example_short_circuit_operator.py took 0.099 seconds
[2026-08-12T04:58:56.620+0000] {processor.py:186} INFO - Started process (PID=3256) to work on /home/airflow/.local/lib/python3.12/site-packages/airflow/example_dags/example_short_circuit_operator.py
[2026-08-12T04:58:56.622+0000] {processor.py:914} INFO - Processing file /home/airflow/.local/lib/python3.12/site-packages/airflow/example_dags/example_short_circuit_operator.py for tasks to queue
[2026-08-12T04:58:56.626+0000] {logging_mixin.py:190} INFO - [2026-08-12T04:58:56.626+0000] {dagbag.py:587} INFO - Filling up the DagBag from /home/airflow/.local/lib/python3.12/site-packages/airflow/example_dags/example_short_circuit_operator.py
[2026-08-12T04:58:56.639+0000] {processor.py:925} INFO - DAG(s) 'example_short_circuit_operator' retrieved from /home/airflow/.local/lib/python3.12/site-packages/airflow/example_dags/example_short_circuit_operator.py
[2026-08-12T04:58:56.668+0000] {logging_mixin.py:190} INFO - [2026-08-12T04:58:56.667+0000] {dag.py:3211} INFO - Sync 1 DAGs
[2026-08-12T04:58:56.697+0000] {logging_mixin.py:190} INFO - [2026-08-12T04:58:56.697+0000] {dag.py:4138} INFO - Setting next_dagrun for example_short_circuit_operator to 2026-08-11 00:00:00+00:00, run_after=2026-08-12 00:00:00+00:00
[2026-08-12T04:58:56.718+0000] {processor.py:208} INFO - Processing /home/airflow/.local/lib/python3.12/site-packages/airflow/example_dags/example_short_circuit_operator.py took 0.106 seconds
[2026-08-12T04:59:28.516+0000] {processor.py:186} INFO - Started process (PID=3325) to work on /home/airflow/.local/lib/python3.12/site-packages/airflow/example_dags/example_short_circuit_operator.py
[2026-08-12T04:59:28.517+0000] {processor.py:914} INFO - Processing file /home/airflow/.local/lib/python3.12/site-packages/airflow/example_dags/example_short_circuit_operator.py for tasks to queue
[2026-08-12T04:59:28.520+0000] {logging_mixin.py:190} INFO - [2026-08-12T04:59:28.520+0000] {dagbag.py:587} INFO - Filling up the DagBag from /home/airflow/.local/lib/python3.12/site-packages/airflow/example_dags/example_short_circuit_operator.py
[2026-08-12T04:59:28.543+0000] {processor.py:925} INFO - DAG(s) 'example_short_circuit_operator' retrieved from /home/airflow/.local/lib/python3.12/site-packages/airflow/example_dags/example_short_circuit_operator.py
[2026-08-12T04:59:28.565+0000] {logging_mixin.py:190} INFO - [2026-08-12T04:59:28.565+0000] {dag.py:3211} INFO - Sync 1 DAGs
[2026-08-12T04:59:28.587+0000] {logging_mixin.py:190} INFO - [2026-08-12T04:59:28.586+0000] {dag.py:4138} INFO - Setting next_dagrun for example_short_circuit_operator to 2026-08-11 00:00:00+00:00, run_after=2026-08-12 00:00:00+00:00
[2026-08-12T04:59:28.607+0000] {processor.py:208} INFO - Processing /home/airflow/.local/lib/python3.12/site-packages/airflow/example_dags/example_short_circuit_operator.py took 0.097 seconds
[2026-08-12T04:59:59.374+0000] {processor.py:186} INFO - Started process (PID=3388) to work on /home/airflow/.local/lib/python3.12/site-packages/airflow/example_dags/example_short_circuit_operator.py
[2026-08-12T04:59:59.376+0000] {processor.py:914} INFO - Processing file /home/airflow/.local/lib/python3.12/site-packages/airflow/example_dags/example_short_circuit_operator.py for tasks to queue
[2026-08-12T04:59:59.379+0000] {logging_mixin.py:190} INFO - [2026-08-12T04:59:59.379+0000] {dagbag.py:587} INFO - Filling up the DagBag from /home/airflow/.local/lib/python3.12/site-packages/airflow/example_dags/example_short_circuit_operator.py
[2026-08-12T04:59:59.388+0000] {processor.py:925} INFO - DAG(s) 'example_short_circuit_operator' retrieved from /home/airflow/.local/lib/python3.12/site-packages/airflow/example_dags/example_short_circuit_operator.py
[2026-08-12T04:59:59.412+0000] {logging_mixin.py:190} INFO - [2026-08-12T04:59:59.412+0000] {dag.py:3211} INFO - Sync 1 DAGs
[2026-08-12T04:59:59.683+0000] {logging_mixin.py:190} INFO - [2026-08-12T04:59:59.683+0000] {dag.py:4138} INFO - Setting next_dagrun for example_short_circuit_operator to 2026-08-11 00:00:00+00:00, run_after=2026-08-12 00:00:00+00:00
[2026-08-12T04:59:59.714+0000] {processor.py:208} INFO - Processing /home/airflow/.local/lib/python3.12/site-packages/airflow/example_dags/example_short_circuit_operator.py took 0.345 seconds
[2026-08-12T05:00:30.709+0000] {processor.py:186} INFO - Started process (PID=3451) to work on /home/airflow/.local/lib/python3.12/site-packages/airflow/example_dags/example_short_circuit_operator.py
[2026-08-12T05:00:30.711+0000] {processor.py:914} INFO - Processing file /home/airflow/.local/lib/python3.12/site-packages/airflow/example_dags/example_short_circuit_operator.py for tasks to queue
[2026-08-12T05:00:30.714+0000] {logging_mixin.py:190} INFO - [2026-08-12T05:00:30.714+0000] {dagbag.py:587} INFO - Filling up the DagBag from /home/airflow/.local/lib/python3.12/site-packages/airflow/example_dags/example_short_circuit_operator.py
[2026-08-12T05:00:30.736+0000] {processor.py:925} INFO - DAG(s) 'example_short_circuit_operator' retrieved from /home/airflow/.local/lib/python3.12/site-packages/airflow/example_dags/example_short_circuit_operator.py
[2026-08-12T05:00:30.759+0000] {logging_mixin.py:190} INFO - [2026-08-12T05:00:30.759+0000] {dag.py:3211} INFO - Sync 1 DAGs
[2026-08-12T05:00:30.780+0000] {logging_mixin.py:190} INFO - [2026-08-12T05:00:30.780+0000] {dag.py:4138} INFO - Setting next_dagrun for example_short_circuit_operator to 2026-08-11 00:00:00+00:00, run_after=2026-08-12 00:00:00+00:00
[2026-08-12T05:00:30.985+0000] {processor.py:208} INFO - Processing /home/airflow/.local/lib/python3.12/site-packages/airflow/example_dags/example_short_circuit_operator.py took 0.281 seconds
[2026-08-12T05:01:01.390+0000] {processor.py:186} INFO - Started process (PID=3514) to work on /home/airflow/.local/lib/python3.12/site-packages/airflow/example_dags/example_short_circuit_operator.py
[2026-08-12T05:01:01.392+0000] {processor.py:914} INFO - Processing file /home/airflow/.local/lib/python3.12/site-packages/airflow/example_dags/example_short_circuit_operator.py for tasks to queue
[2026-08-12T05:01:01.395+0000] {logging_mixin.py:190} INFO - [2026-08-12T05:01:01.394+0000] {dagbag.py:587} INFO - Filling up the DagBag from /home/airflow/.local/lib/python3.12/site-packages/airflow/example_dags/example_short_circuit_operator.py
[2026-08-12T05:01:01.406+0000] {processor.py:925} INFO - DAG(s) 'example_short_circuit_operator' retrieved from /home/airflow/.local/lib/python3.12/site-packages/airflow/example_dags/example_short_circuit_operator.py
[2026-08-12T05:01:01.434+0000] {logging_mixin.py:190} INFO - [2026-08-12T05:01:01.434+0000] {dag.py:3211} INFO - Sync 1 DAGs
[2026-08-12T05:01:01.461+0000] {logging_mixin.py:190} INFO - [2026-08-12T05:01:01.461+0000] {dag.py:4138} INFO - Setting next_dagrun for example_short_circuit_operator to 2026-08-11 00:00:00+00:00, run_after=2026-08-12 00:00:00+00:00
[2026-08-12T05:01:01.485+0000] {processor.py:208} INFO - Processing /home/airflow/.local/lib/python3.12/site-packages/airflow/example_dags/example_short_circuit_operator.py took 0.103 seconds
[2026-08-12T05:01:31.705+0000] {processor.py:186} INFO - Started process (PID=3577) to work on /home/airflow/.local/lib/python3.12/site-packages/airflow/example_dags/example_short_circuit_operator.py
[2026-08-12T05:01:31.707+0000] {processor.py:914} INFO - Processing file /home/airflow/.local/lib/python3.12/site-packages/airflow/example_dags/example_short_circuit_operator.py for tasks to queue
[2026-08-12T05:01:31.712+0000] {logging_mixin.py:190} INFO - [2026-08-12T05:01:31.711+0000] {dagbag.py:587} INFO - Filling up the DagBag from /home/airflow/.local/lib/python3.12/site-packages/airflow/example_dags/example_short_circuit_operator.py
[2026-08-12T05:01:31.736+0000] {processor.py:925} INFO - DAG(s) 'example_short_circuit_operator' retrieved from /home/airflow/.local/lib/python3.12/site-packages/airflow/example_dags/example_short_circuit_operator.py
[2026-08-12T05:01:31.765+0000] {logging_mixin.py:190} INFO - [2026-08-12T05:01:31.765+0000] {dag.py:3211} INFO - Sync 1 DAGs
[2026-08-12T05:01:31.788+0000] {logging_mixin.py:190} INFO - [2026-08-12T05:01:31.788+0000] {dag.py:4138} INFO - Setting next_dagrun for example_short_circuit_operator to 2026-08-11 00:00:00+00:00, run_after=2026-08-12 00:00:00+00:00
[2026-08-12T05:01:31.809+0000] {processor.py:208} INFO - Processing /home/airflow/.local/lib/python3.12/site-packages/airflow/example_dags/example_short_circuit_operator.py took 0.112 seconds
[2026-08-12T05:02:02.104+0000] {processor.py:186} INFO - Started process (PID=3642) to work on /home/airflow/.local/lib/python3.12/site-packages/airflow/example_dags/example_short_circuit_operator.py
[2026-08-12T05:02:02.105+0000] {processor.py:914} INFO - Processing file /home/airflow/.local/lib/python3.12/site-packages/airflow/example_dags/example_short_circuit_operator.py for tasks to queue
[2026-08-12T05:02:02.108+0000] {logging_mixin.py:190} INFO - [2026-08-12T05:02:02.108+0000] {dagbag.py:587} INFO - Filling up the DagBag from /home/airflow/.local/lib/python3.12/site-packages/airflow/example_dags/example_short_circuit_operator.py
[2026-08-12T05:02:02.118+0000] {processor.py:925} INFO - DAG(s) 'example_short_circuit_operator' retrieved from /home/airflow/.local/lib/python3.12/site-packages/airflow/example_dags/example_short_circuit_operator.py
[2026-08-12T05:02:02.154+0000] {logging_mixin.py:190} INFO - [2026-08-12T05:02:02.152+0000] {dag.py:3211} INFO - Sync 1 DAGs
[2026-08-12T05:02:02.178+0000] {logging_mixin.py:190} INFO - [2026-08-12T05:02:02.178+0000] {dag.py:4138} INFO - Setting next_dagrun for example_short_circuit_operator to 2026-08-11 00:00:00+00:00, run_after=2026-08-12 00:00:00+00:00
[2026-08-12T05:02:02.199+0000] {processor.py:208} INFO - Processing /home/airflow/.local/lib/python3.12/site-packages/airflow/example_dags/example_short_circuit_operator.py took 0.102 seconds
[2026-08-12T05:02:32.321+0000] {processor.py:186} INFO - Started process (PID=3705) to work on /home/airflow/.local/lib/python3.12/site-packages/airflow/example_dags/example_short_circuit_operator.py
[2026-08-12T05:02:32.323+0000] {processor.py:914} INFO - Processing file /home/airflow/.local/lib/python3.12/site-packages/airflow/example_dags/example_short_circuit_operator.py for tasks to queue
[2026-08-12T05:02:32.326+0000] {logging_mixin.py:190} INFO - [2026-08-12T05:02:32.326+0000] {dagbag.py:587} INFO - Filling up the DagBag from /home/airflow/.local/lib/python3.12/site-packages/airflow/example_dags/example_short_circuit_operator.py
[2026-08-12T05:02:32.337+0000] {processor.py:925} INFO - DAG(s) 'example_short_circuit_operator' retrieved from /home/airflow/.local/lib/python3.12/site-packages/airflow/example_dags/example_short_circuit_operator.py
[2026-08-12T05:02:32.361+0000] {logging_mixin.py:190} INFO - [2026-08-12T05:02:32.361+0000] {dag.py:3211} INFO - Sync 1 DAGs
[2026-08-12T05:02:32.384+0000] {logging_mixin.py:190} INFO - [2026-08-12T05:02:32.384+0000] {dag.py:4138} INFO - Setting next_dagrun for example_short_circuit_operator to 2026-08-11 00:00:00+00:00, run_after=2026-08-12 00:00:00+00:00
[2026-08-12T05:02:32.404+0000] {processor.py:208} INFO - Processing /home/airflow/.local/lib/python3.12/site-packages/airflow/example_dags/example_short_circuit_operator.py took 0.090 seconds
[2026-08-12T05:03:02.806+0000] {processor.py:186} INFO - Started process (PID=3768) to work on /home/airflow/.local/lib/python3.12/site-packages/airflow/example_dags/example_short_circuit_operator.py
[2026-08-12T05:03:02.807+0000] {processor.py:914} INFO - Processing file /home/airflow/.local/lib/python3.12/site-packages/airflow/example_dags/example_short_circuit_operator.py for tasks to queue
[2026-08-12T05:03:02.810+0000] {logging_mixin.py:190} INFO - [2026-08-12T05:03:02.810+0000] {dagbag.py:587} INFO - Filling up the DagBag from /home/airflow/.local/lib/python3.12/site-packages/airflow/example_dags/example_short_circuit_operator.py
[2026-08-12T05:03:02.819+0000] {processor.py:925} INFO - DAG(s) 'example_short_circuit_operator' retrieved from /home/airflow/.local/lib/python3.12/site-packages/airflow/example_dags/example_short_circuit_operator.py
[2026-08-12T05:03:02.842+0000] {logging_mixin.py:190} INFO - [2026-08-12T05:03:02.842+0000] {dag.py:3211} INFO - Sync 1 DAGs
[2026-08-12T05:03:02.865+0000] {logging_mixin.py:190} INFO - [2026-08-12T05:03:02.865+0000] {dag.py:4138} INFO - Setting next_dagrun for example_short_circuit_operator to 2026-08-11 00:00:00+00:00, run_after=2026-08-12 00:00:00+00:00
[2026-08-12T05:03:02.900+0000] {processor.py:208} INFO - Processing /home/airflow/.local/lib/python3.12/site-packages/airflow/example_dags/example_short_circuit_operator.py took 0.099 seconds
[2026-08-12T05:03:33.163+0000] {processor.py:186} INFO - Started process (PID=3831) to work on /home/airflow/.local/lib/python3.12/site-packages/airflow/example_dags/example_short_circuit_operator.py
[2026-08-12T05:03:33.164+0000] {processor.py:914} INFO - Processing file /home/airflow/.local/lib/python3.12/site-packages/airflow/example_dags/example_short_circuit_operator.py for tasks to queue
[2026-08-12T05:03:33.168+0000] {logging_mixin.py:190} INFO - [2026-08-12T05:03:33.167+0000] {dagbag.py:587} INFO - Filling up the DagBag from /home/airflow/.local/lib/python3.12/site-packages/airflow/example_dags/example_short_circuit_operator.py
[2026-08-12T05:03:33.179+0000] {processor.py:925} INFO - DAG(s) 'example_short_circuit_operator' retrieved from /home/airflow/.local/lib/python3.12/site-packages/airflow/example_dags/example_short_circuit_operator.py
[2026-08-12T05:03:33.203+0000] {logging_mixin.py:190} INFO - [2026-08-12T05:03:33.203+0000] {dag.py:3211} INFO - Sync 1 DAGs
[2026-08-12T05:03:33.233+0000] {logging_mixin.py:190} INFO - [2026-08-12T05:03:33.232+0000] {dag.py:4138} INFO - Setting next_dagrun for example_short_circuit_operator to 2026-08-11 00:00:00+00:00, run_after=2026-08-12 00:00:00+00:00
[2026-08-12T05:03:33.259+0000] {processor.py:208} INFO - Processing /home/airflow/.local/lib/python3.12/site-packages/airflow/example_dags/example_short_circuit_operator.py took 0.103 seconds
[2026-08-12T05:04:03.518+0000] {processor.py:186} INFO - Started process (PID=3894) to work on /home/airflow/.local/lib/python3.12/site-packages/airflow/example_dags/example_short_circuit_operator.py
[2026-08-12T05:04:03.519+0000] {processor.py:914} INFO - Processing file /home/airflow/.local/lib/python3.12/site-packages/airflow/example_dags/example_short_circuit_operator.py for tasks to queue
[2026-08-12T05:04:03.522+0000] {logging_mixin.py:190} INFO - [2026-08-12T05:04:03.522+0000] {dagbag.py:587} INFO - Filling up the DagBag from /home/airflow/.local/lib/python3.12/site-packages/airflow/example_dags/example_short_circuit_operator.py
[2026-08-12T05:04:03.532+0000] {processor.py:925} INFO - DAG(s) 'example_short_circuit_operator' retrieved from /home/airflow/.local/lib/python3.12/site-packages/airflow/example_dags/example_short_circuit_operator.py
[2026-08-12T05:04:03.552+0000] {logging_mixin.py:190} INFO - [2026-08-12T05:04:03.552+0000] {dag.py:3211} INFO - Sync 1 DAGs
[2026-08-12T05:04:03.577+0000] {logging_mixin.py:190} INFO - [2026-08-12T05:04:03.577+0000] {dag.py:4138} INFO - Setting next_dagrun for example_short_circuit_operator to 2026-08-11 00:00:00+00:00, run_after=2026-08-12 00:00:00+00:00
[2026-08-12T05:04:03.597+0000] {processor.py:208} INFO - Processing /home/airflow/.local/lib/python3.12/site-packages/airflow/example_dags/example_short_circuit_operator.py took 0.084 seconds
[2026-08-12T05:04:33.953+0000] {processor.py:186} INFO - Started process (PID=3957) to work on /home/airflow/.local/lib/python3.12/site-packages/airflow/example_dags/example_short_circuit_operator.py
[2026-08-12T05:04:33.954+0000] {processor.py:914} INFO - Processing file /home/airflow/.local/lib/python3.12/site-packages/airflow/example_dags/example_short_circuit_operator.py for tasks to queue
[2026-08-12T05:04:33.957+0000] {logging_mixin.py:190} INFO - [2026-08-12T05:04:33.957+0000] {dagbag.py:587} INFO - Filling up the DagBag from /home/airflow/.local/lib/python3.12/site-packages/airflow/example_dags/example_short_circuit_operator.py
[2026-08-12T05:04:33.966+0000] {processor.py:925} INFO - DAG(s) 'example_short_circuit_operator' retrieved from /home/airflow/.local/lib/python3.12/site-packages/airflow/example_dags/example_short_circuit_operator.py
[2026-08-12T05:04:33.989+0000] {logging_mixin.py:190} INFO - [2026-08-12T05:04:33.988+0000] {dag.py:3211} INFO - Sync 1 DAGs
[2026-08-12T05:04:34.025+0000] {logging_mixin.py:190} INFO - [2026-08-12T05:04:34.024+0000] {dag.py:4138} INFO - Setting next_dagrun for example_short_circuit_operator to 2026-08-11 00:00:00+00:00, run_after=2026-08-12 00:00:00+00:00
[2026-08-12T05:04:34.047+0000] {processor.py:208} INFO - Processing /home/airflow/.local/lib/python3.12/site-packages/airflow/example_dags/example_short_circuit_operator.py took 0.099 seconds
[2026-08-12T05:05:04.190+0000] {processor.py:186} INFO - Started process (PID=4020) to work on /home/airflow/.local/lib/python3.12/site-packages/airflow/example_dags/example_short_circuit_operator.py
[2026-08-12T05:05:04.191+0000] {processor.py:914} INFO - Processing file /home/airflow/.local/lib/python3.12/site-packages/airflow/example_dags/example_short_circuit_operator.py for tasks to queue
[2026-08-12T05:05:04.194+0000] {logging_mixin.py:190} INFO - [2026-08-12T05:05:04.194+0000] {dagbag.py:587} INFO - Filling up the DagBag from /home/airflow/.local/lib/python3.12/site-packages/airflow/example_dags/example_short_circuit_operator.py
[2026-08-12T05:05:04.203+0000] {processor.py:925} INFO - DAG(s) 'example_short_circuit_operator' retrieved from /home/airflow/.local/lib/python3.12/site-packages/airflow/example_dags/example_short_circuit_operator.py
[2026-08-12T05:05:04.224+0000] {logging_mixin.py:190} INFO - [2026-08-12T05:05:04.224+0000] {dag.py:3211} INFO - Sync 1 DAGs
[2026-08-12T05:05:04.260+0000] {logging_mixin.py:190} INFO - [2026-08-12T05:05:04.260+0000] {dag.py:4138} INFO - Setting next_dagrun for example_short_circuit_operator to 2026-08-11 00:00:00+00:00, run_after=2026-08-12 00:00:00+00:00
[2026-08-12T05:05:04.280+0000] {processor.py:208} INFO - Processing /home/airflow/.local/lib/python3.12/site-packages/airflow/example_dags/example_short_circuit_operator.py took 0.095 seconds
[2026-08-12T05:05:34.648+0000] {processor.py:186} INFO - Started process (PID=4083) to work on /home/airflow/.local/lib/python3.12/site-packages/airflow/example_dags/example_short_circuit_operator.py
[2026-08-12T05:05:34.650+0000] {processor.py:914} INFO - Processing file /home/airflow/.local/lib/python3.12/site-packages/airflow/example_dags/example_short_circuit_operator.py for tasks to queue
[2026-08-12T05:05:34.653+0000] {logging_mixin.py:190} INFO - [2026-08-12T05:05:34.652+0000] {dagbag.py:587} INFO - Filling up the DagBag from /home/airflow/.local/lib/python3.12/site-packages/airflow/example_dags/example_short_circuit_operator.py
[2026-08-12T05:05:34.664+0000] {processor.py:925} INFO - DAG(s) 'example_short_circuit_operator' retrieved from /home/airflow/.local/lib/python3.12/site-packages/airflow/example_dags/example_short_circuit_operator.py
[2026-08-12T05:05:34.687+0000] {logging_mixin.py:190} INFO - [2026-08-12T05:05:34.686+0000] {dag.py:3211} INFO - Sync 1 DAGs
[2026-08-12T05:05:34.710+0000] {logging_mixin.py:190} INFO - [2026-08-12T05:05:34.710+0000] {dag.py:4138} INFO - Setting next_dagrun for example_short_circuit_operator to 2026-08-11 00:00:00+00:00, run_after=2026-08-12 00:00:00+00:00
[2026-08-12T05:05:34.732+0000] {processor.py:208} INFO - Processing /home/airflow/.local/lib/python3.12/site-packages/airflow/example_dags/example_short_circuit_operator.py took 0.090 seconds
[2026-08-12T05:06:05.236+0000] {processor.py:186} INFO - Started process (PID=4146) to work on /home/airflow/.local/lib/python3.12/site-packages/airflow/example_dags/example_short_circuit_operator.py
[2026-08-12T05:06:05.239+0000] {processor.py:914} INFO - Processing file /home/airflow/.local/lib/python3.12/site-packages/airflow/example_dags/example_short_circuit_operator.py for tasks to queue
[2026-08-12T05:06:05.244+0000] {logging_mixin.py:190} INFO - [2026-08-12T05:06:05.243+0000] {dagbag.py:587} INFO - Filling up the DagBag from /home/airflow/.local/lib/python3.12/site-packages/airflow/example_dags/example_short_circuit_operator.py
[2026-08-12T05:06:05.259+0000] {processor.py:925} INFO - DAG(s) 'example_short_circuit_operator' retrieved from /home/airflow/.local/lib/python3.12/site-packages/airflow/example_dags/example_short_circuit_operator.py
[2026-08-12T05:06:05.298+0000] {logging_mixin.py:190} INFO - [2026-08-12T05:06:05.297+0000] {dag.py:3211} INFO - Sync 1 DAGs
[2026-08-12T05:06:05.342+0000] {logging_mixin.py:190} INFO - [2026-08-12T05:06:05.342+0000] {dag.py:4138} INFO - Setting next_dagrun for example_short_circuit_operator to 2026-08-11 00:00:00+00:00, run_after=2026-08-12 00:00:00+00:00
[2026-08-12T05:06:05.385+0000] {processor.py:208} INFO - Processing /home/airflow/.local/lib/python3.12/site-packages/airflow/example_dags/example_short_circuit_operator.py took 0.160 seconds
[2026-08-12T05:06:35.521+0000] {processor.py:186} INFO - Started process (PID=4209) to work on /home/airflow/.local/lib/python3.12/site-packages/airflow/example_dags/example_short_circuit_operator.py
[2026-08-12T05:06:35.523+0000] {processor.py:914} INFO - Processing file /home/airflow/.local/lib/python3.12/site-packages/airflow/example_dags/example_short_circuit_operator.py for tasks to queue
[2026-08-12T05:06:35.527+0000] {logging_mixin.py:190} INFO - [2026-08-12T05:06:35.526+0000] {dagbag.py:587} INFO - Filling up the DagBag from /home/airflow/.local/lib/python3.12/site-packages/airflow/example_dags/example_short_circuit_operator.py
[2026-08-12T05:06:35.540+0000] {processor.py:925} INFO - DAG(s) 'example_short_circuit_operator' retrieved from /home/airflow/.local/lib/python3.12/site-packages/airflow/example_dags/example_short_circuit_operator.py
[2026-08-12T05:06:35.567+0000] {logging_mixin.py:190} INFO - [2026-08-12T05:06:35.566+0000] {dag.py:3211} INFO - Sync 1 DAGs
[2026-08-12T05:06:35.597+0000] {logging_mixin.py:190} INFO - [2026-08-12T05:06:35.596+0000] {dag.py:4138} INFO - Setting next_dagrun for example_short_circuit_operator to 2026-08-11 00:00:00+00:00, run_after=2026-08-12 00:00:00+00:00
[2026-08-12T05:06:35.620+0000] {processor.py:208} INFO - Processing /home/airflow/.local/lib/python3.12/site-packages/airflow/example_dags/example_short_circuit_operator.py took 0.108 seconds
[2026-08-12T05:07:05.700+0000] {processor.py:186} INFO - Started process (PID=4272) to work on /home/airflow/.local/lib/python3.12/site-packages/airflow/example_dags/example_short_circuit_operator.py
[2026-08-12T05:07:05.702+0000] {processor.py:914} INFO - Processing file /home/airflow/.local/lib/python3.12/site-packages/airflow/example_dags/example_short_circuit_operator.py for tasks to queue
[2026-08-12T05:07:05.704+0000] {logging_mixin.py:190} INFO - [2026-08-12T05:07:05.704+0000] {dagbag.py:587} INFO - Filling up the DagBag from /home/airflow/.local/lib/python3.12/site-packages/airflow/example_dags/example_short_circuit_operator.py
[2026-08-12T05:07:05.713+0000] {processor.py:925} INFO - DAG(s) 'example_short_circuit_operator' retrieved from /home/airflow/.local/lib/python3.12/site-packages/airflow/example_dags/example_short_circuit_operator.py
[2026-08-12T05:07:05.734+0000] {logging_mixin.py:190} INFO - [2026-08-12T05:07:05.734+0000] {dag.py:3211} INFO - Sync 1 DAGs
[2026-08-12T05:07:05.756+0000] {logging_mixin.py:190} INFO - [2026-08-12T05:07:05.756+0000] {dag.py:4138} INFO - Setting next_dagrun for example_short_circuit_operator to 2026-08-11 00:00:00+00:00, run_after=2026-08-12 00:00:00+00:00
[2026-08-12T05:07:05.775+0000] {processor.py:208} INFO - Processing /home/airflow/.local/lib/python3.12/site-packages/airflow/example_dags/example_short_circuit_operator.py took 0.081 seconds
[2026-08-12T05:07:36.599+0000] {processor.py:186} INFO - Started process (PID=4335) to work on /home/airflow/.local/lib/python3.12/site-packages/airflow/example_dags/example_short_circuit_operator.py
[2026-08-12T05:07:36.601+0000] {processor.py:914} INFO - Processing file /home/airflow/.local/lib/python3.12/site-packages/airflow/example_dags/example_short_circuit_operator.py for tasks to queue
[2026-08-12T05:07:36.604+0000] {logging_mixin.py:190} INFO - [2026-08-12T05:07:36.604+0000] {dagbag.py:587} INFO - Filling up the DagBag from /home/airflow/.local/lib/python3.12/site-packages/airflow/example_dags/example_short_circuit_operator.py
[2026-08-12T05:07:36.613+0000] {processor.py:925} INFO - DAG(s) 'example_short_circuit_operator' retrieved from /home/airflow/.local/lib/python3.12/site-packages/airflow/example_dags/example_short_circuit_operator.py
[2026-08-12T05:07:36.644+0000] {logging_mixin.py:190} INFO - [2026-08-12T05:07:36.644+0000] {dag.py:3211} INFO - Sync 1 DAGs
[2026-08-12T05:07:36.687+0000] {logging_mixin.py:190} INFO - [2026-08-12T05:07:36.687+0000] {dag.py:4138} INFO - Setting next_dagrun for example_short_circuit_operator to 2026-08-11 00:00:00+00:00, run_after=2026-08-12 00:00:00+00:00
[2026-08-12T05:07:36.714+0000] {processor.py:208} INFO - Processing /home/airflow/.local/lib/python3.12/site-packages/airflow/example_dags/example_short_circuit_operator.py took 0.121 seconds
[2026-08-12T05:08:07.053+0000] {processor.py:186} INFO - Started process (PID=4398) to work on /home/airflow/.local/lib/python3.12/site-packages/airflow/example_dags/example_short_circuit_operator.py
[2026-08-12T05:08:07.054+0000] {processor.py:914} INFO - Processing file /home/airflow/.local/lib/python3.12/site-packages/airflow/example_dags/example_short_circuit_operator.py for tasks to queue
[2026-08-12T05:08:07.058+0000] {logging_mixin.py:190} INFO - [2026-08-12T05:08:07.057+0000] {dagbag.py:587} INFO - Filling up the DagBag from /home/airflow/.local/lib/python3.12/site-packages/airflow/example_dags/example_short_circuit_operator.py
[2026-08-12T05:08:07.068+0000] {processor.py:925} INFO - DAG(s) 'example_short_circuit_operator' retrieved from /home/airflow/.local/lib/python3.12/site-packages/airflow/example_dags/example_short_circuit_operator.py
[2026-08-12T05:08:07.092+0000] {logging_mixin.py:190} INFO - [2026-08-12T05:08:07.091+0000] {dag.py:3211} INFO - Sync 1 DAGs
[2026-08-12T05:08:07.114+0000] {logging_mixin.py:190} INFO - [2026-08-12T05:08:07.114+0000] {dag.py:4138} INFO - Setting next_dagrun for example_short_circuit_operator to 2026-08-11 00:00:00+00:00, run_after=2026-08-12 00:00:00+00:00
[2026-08-12T05:08:07.135+0000] {processor.py:208} INFO - Processing /home/airflow/.local/lib/python3.12/site-packages/airflow/example_dags/example_short_circuit_operator.py took 0.089 seconds
[2026-08-12T05:08:37.786+0000] {processor.py:186} INFO - Started process (PID=4461) to work on /home/airflow/.local/lib/python3.12/site-packages/airflow/example_dags/example_short_circuit_operator.py
[2026-08-12T05:08:37.788+0000] {processor.py:914} INFO - Processing file /home/airflow/.local/lib/python3.12/site-packages/airflow/example_dags/example_short_circuit_operator.py for tasks to queue
[2026-08-12T05:08:37.790+0000] {logging_mixin.py:190} INFO - [2026-08-12T05:08:37.790+0000] {dagbag.py:587} INFO - Filling up the DagBag from /home/airflow/.local/lib/python3.12/site-packages/airflow/example_dags/example_short_circuit_operator.py
[2026-08-12T05:08:37.799+0000] {processor.py:925} INFO - DAG(s) 'example_short_circuit_operator' retrieved from /home/airflow/.local/lib/python3.12/site-packages/airflow/example_dags/example_short_circuit_operator.py
[2026-08-12T05:08:37.822+0000] {logging_mixin.py:190} INFO - [2026-08-12T05:08:37.822+0000] {dag.py:3211} INFO - Sync 1 DAGs
[2026-08-12T05:08:37.846+0000] {logging_mixin.py:190} INFO - [2026-08-12T05:08:37.846+0000] {dag.py:4138} INFO - Setting next_dagrun for example_short_circuit_operator to 2026-08-11 00:00:00+00:00, run_after=2026-08-12 00:00:00+00:00
[2026-08-12T05:08:37.866+0000] {processor.py:208} INFO - Processing /home/airflow/.local/lib/python3.12/site-packages/airflow/example_dags/example_short_circuit_operator.py took 0.087 seconds
[2026-08-12T05:09:08.272+0000] {processor.py:186} INFO - Started process (PID=4524) to work on /home/airflow/.local/lib/python3.12/site-packages/airflow/example_dags/example_short_circuit_operator.py
[2026-08-12T05:09:08.274+0000] {processor.py:914} INFO - Processing file /home/airflow/.local/lib/python3.12/site-packages/airflow/example_dags/example_short_circuit_operator.py for tasks to queue
[2026-08-12T05:09:08.276+0000] {logging_mixin.py:190} INFO - [2026-08-12T05:09:08.276+0000] {dagbag.py:587} INFO - Filling up the DagBag from /home/airflow/.local/lib/python3.12/site-packages/airflow/example_dags/example_short_circuit_operator.py
[2026-08-12T05:09:08.286+0000] {processor.py:925} INFO - DAG(s) 'example_short_circuit_operator' retrieved from /home/airflow/.local/lib/python3.12/site-packages/airflow/example_dags/example_short_circuit_operator.py
[2026-08-12T05:09:08.309+0000] {logging_mixin.py:190} INFO - [2026-08-12T05:09:08.309+0000] {dag.py:3211} INFO - Sync 1 DAGs
[2026-08-12T05:09:08.331+0000] {logging_mixin.py:190} INFO - [2026-08-12T05:09:08.331+0000] {dag.py:4138} INFO - Setting next_dagrun for example_short_circuit_operator to 2026-08-11 00:00:00+00:00, run_after=2026-08-12 00:00:00+00:00
[2026-08-12T05:09:08.354+0000] {processor.py:208} INFO - Processing /home/airflow/.local/lib/python3.12/site-packages/airflow/example_dags/example_short_circuit_operator.py took 0.087 seconds
[2026-08-12T05:09:39.083+0000] {processor.py:186} INFO - Started process (PID=4587) to work on /home/airflow/.local/lib/python3.12/site-packages/airflow/example_dags/example_short_circuit_operator.py
[2026-08-12T05:09:39.085+0000] {processor.py:914} INFO - Processing file /home/airflow/.local/lib/python3.12/site-packages/airflow/example_dags/example_short_circuit_operator.py for tasks to queue
[2026-08-12T05:09:39.089+0000] {logging_mixin.py:190} INFO - [2026-08-12T05:09:39.088+0000] {dagbag.py:587} INFO - Filling up the DagBag from /home/airflow/.local/lib/python3.12/site-packages/airflow/example_dags/example_short_circuit_operator.py
[2026-08-12T05:09:39.097+0000] {processor.py:925} INFO - DAG(s) 'example_short_circuit_operator' retrieved from /home/airflow/.local/lib/python3.12/site-packages/airflow/example_dags/example_short_circuit_operator.py
[2026-08-12T05:09:39.120+0000] {logging_mixin.py:190} INFO - [2026-08-12T05:09:39.120+0000] {dag.py:3211} INFO - Sync 1 DAGs
[2026-08-12T05:09:39.144+0000] {logging_mixin.py:190} INFO - [2026-08-12T05:09:39.144+0000] {dag.py:4138} INFO - Setting next_dagrun for example_short_circuit_operator to 2026-08-11 00:00:00+00:00, run_after=2026-08-12 00:00:00+00:00
[2026-08-12T05:09:39.164+0000] {processor.py:208} INFO - Processing /home/airflow/.local/lib/python3.12/site-packages/airflow/example_dags/example_short_circuit_operator.py took 0.087 seconds
