[2026-08-12T04:30:33.281+0000] {processor.py:186} INFO - Started process (PID=77) to work on /home/airflow/.local/lib/python3.12/site-packages/airflow/example_dags/example_dag_decorator.py
[2026-08-12T04:30:33.284+0000] {processor.py:914} INFO - Processing file /home/airflow/.local/lib/python3.12/site-packages/airflow/example_dags/example_dag_decorator.py for tasks to queue
[2026-08-12T04:30:33.288+0000] {logging_mixin.py:190} INFO - [2026-08-12T04:30:33.288+0000] {dagbag.py:587} INFO - Filling up the DagBag from /home/airflow/.local/lib/python3.12/site-packages/airflow/example_dags/example_dag_decorator.py
[2026-08-12T04:30:33.320+0000] {processor.py:925} INFO - DAG(s) 'example_dag_decorator' retrieved from /home/airflow/.local/lib/python3.12/site-packages/airflow/example_dags/example_dag_decorator.py
[2026-08-12T04:30:33.521+0000] {logging_mixin.py:190} INFO - [2026-08-12T04:30:33.520+0000] {override.py:1858} INFO - Created Permission View: can edit on DAG:example_dag_decorator
[2026-08-12T04:30:33.541+0000] {logging_mixin.py:190} INFO - [2026-08-12T04:30:33.540+0000] {override.py:1858} INFO - Created Permission View: can delete on DAG:example_dag_decorator
[2026-08-12T04:30:33.554+0000] {logging_mixin.py:190} INFO - [2026-08-12T04:30:33.554+0000] {override.py:1858} INFO - Created Permission View: can read on DAG:example_dag_decorator
[2026-08-12T04:30:33.557+0000] {logging_mixin.py:190} INFO - [2026-08-12T04:30:33.556+0000] {dag.py:3211} INFO - Sync 1 DAGs
[2026-08-12T04:30:33.578+0000] {logging_mixin.py:190} INFO - [2026-08-12T04:30:33.578+0000] {dag.py:3234} INFO - Creating ORM DAG for example_dag_decorator
[2026-08-12T04:30:33.580+0000] {logging_mixin.py:190} INFO - [2026-08-12T04:30:33.580+0000] {dag.py:4138} INFO - Setting next_dagrun for example_dag_decorator to None, run_after=None
[2026-08-12T04:30:33.607+0000] {processor.py:208} INFO - Processing /home/airflow/.local/lib/python3.12/site-packages/airflow/example_dags/example_dag_decorator.py took 0.332 seconds
[2026-08-12T04:31:03.697+0000] {processor.py:186} INFO - Started process (PID=139) to work on /home/airflow/.local/lib/python3.12/site-packages/airflow/example_dags/example_dag_decorator.py
[2026-08-12T04:31:03.699+0000] {processor.py:914} INFO - Processing file /home/airflow/.local/lib/python3.12/site-packages/airflow/example_dags/example_dag_decorator.py for tasks to queue
[2026-08-12T04:31:03.703+0000] {logging_mixin.py:190} INFO - [2026-08-12T04:31:03.703+0000] {dagbag.py:587} INFO - Filling up the DagBag from /home/airflow/.local/lib/python3.12/site-packages/airflow/example_dags/example_dag_decorator.py
[2026-08-12T04:31:03.716+0000] {processor.py:925} INFO - DAG(s) 'example_dag_decorator' retrieved from /home/airflow/.local/lib/python3.12/site-packages/airflow/example_dags/example_dag_decorator.py
[2026-08-12T04:31:03.836+0000] {logging_mixin.py:190} INFO - [2026-08-12T04:31:03.836+0000] {dag.py:3211} INFO - Sync 1 DAGs
[2026-08-12T04:31:03.846+0000] {logging_mixin.py:190} INFO - [2026-08-12T04:31:03.846+0000] {dag.py:4138} INFO - Setting next_dagrun for example_dag_decorator to None, run_after=None
[2026-08-12T04:31:03.867+0000] {processor.py:208} INFO - Processing /home/airflow/.local/lib/python3.12/site-packages/airflow/example_dags/example_dag_decorator.py took 0.176 seconds
[2026-08-12T04:31:34.392+0000] {processor.py:186} INFO - Started process (PID=202) to work on /home/airflow/.local/lib/python3.12/site-packages/airflow/example_dags/example_dag_decorator.py
[2026-08-12T04:31:34.395+0000] {processor.py:914} INFO - Processing file /home/airflow/.local/lib/python3.12/site-packages/airflow/example_dags/example_dag_decorator.py for tasks to queue
[2026-08-12T04:31:34.398+0000] {logging_mixin.py:190} INFO - [2026-08-12T04:31:34.397+0000] {dagbag.py:587} INFO - Filling up the DagBag from /home/airflow/.local/lib/python3.12/site-packages/airflow/example_dags/example_dag_decorator.py
[2026-08-12T04:31:34.424+0000] {processor.py:925} INFO - DAG(s) 'example_dag_decorator' retrieved from /home/airflow/.local/lib/python3.12/site-packages/airflow/example_dags/example_dag_decorator.py
[2026-08-12T04:31:34.536+0000] {logging_mixin.py:190} INFO - [2026-08-12T04:31:34.536+0000] {dag.py:3211} INFO - Sync 1 DAGs
[2026-08-12T04:31:34.550+0000] {logging_mixin.py:190} INFO - [2026-08-12T04:31:34.550+0000] {dag.py:4138} INFO - Setting next_dagrun for example_dag_decorator to None, run_after=None
[2026-08-12T04:31:34.573+0000] {processor.py:208} INFO - Processing /home/airflow/.local/lib/python3.12/site-packages/airflow/example_dags/example_dag_decorator.py took 0.186 seconds
[2026-08-12T04:32:04.969+0000] {processor.py:186} INFO - Started process (PID=264) to work on /home/airflow/.local/lib/python3.12/site-packages/airflow/example_dags/example_dag_decorator.py
[2026-08-12T04:32:04.971+0000] {processor.py:914} INFO - Processing file /home/airflow/.local/lib/python3.12/site-packages/airflow/example_dags/example_dag_decorator.py for tasks to queue
[2026-08-12T04:32:04.974+0000] {logging_mixin.py:190} INFO - [2026-08-12T04:32:04.974+0000] {dagbag.py:587} INFO - Filling up the DagBag from /home/airflow/.local/lib/python3.12/site-packages/airflow/example_dags/example_dag_decorator.py
[2026-08-12T04:32:04.987+0000] {processor.py:925} INFO - DAG(s) 'example_dag_decorator' retrieved from /home/airflow/.local/lib/python3.12/site-packages/airflow/example_dags/example_dag_decorator.py
[2026-08-12T04:32:05.086+0000] {logging_mixin.py:190} INFO - [2026-08-12T04:32:05.085+0000] {dag.py:3211} INFO - Sync 1 DAGs
[2026-08-12T04:32:05.098+0000] {logging_mixin.py:190} INFO - [2026-08-12T04:32:05.098+0000] {dag.py:4138} INFO - Setting next_dagrun for example_dag_decorator to None, run_after=None
[2026-08-12T04:32:05.117+0000] {processor.py:208} INFO - Processing /home/airflow/.local/lib/python3.12/site-packages/airflow/example_dags/example_dag_decorator.py took 0.154 seconds
[2026-08-12T04:32:53.213+0000] {processor.py:186} INFO - Started process (PID=61) to work on /home/airflow/.local/lib/python3.12/site-packages/airflow/example_dags/example_dag_decorator.py
[2026-08-12T04:32:53.216+0000] {processor.py:914} INFO - Processing file /home/airflow/.local/lib/python3.12/site-packages/airflow/example_dags/example_dag_decorator.py for tasks to queue
[2026-08-12T04:32:53.222+0000] {logging_mixin.py:190} INFO - [2026-08-12T04:32:53.222+0000] {dagbag.py:587} INFO - Filling up the DagBag from /home/airflow/.local/lib/python3.12/site-packages/airflow/example_dags/example_dag_decorator.py
[2026-08-12T04:32:53.259+0000] {processor.py:925} INFO - DAG(s) 'example_dag_decorator' retrieved from /home/airflow/.local/lib/python3.12/site-packages/airflow/example_dags/example_dag_decorator.py
[2026-08-12T04:32:53.459+0000] {logging_mixin.py:190} INFO - [2026-08-12T04:32:53.459+0000] {dag.py:3211} INFO - Sync 1 DAGs
[2026-08-12T04:32:53.483+0000] {logging_mixin.py:190} INFO - [2026-08-12T04:32:53.482+0000] {dag.py:4138} INFO - Setting next_dagrun for example_dag_decorator to None, run_after=None
[2026-08-12T04:32:53.519+0000] {processor.py:208} INFO - Processing /home/airflow/.local/lib/python3.12/site-packages/airflow/example_dags/example_dag_decorator.py took 0.319 seconds
[2026-08-12T04:33:23.757+0000] {processor.py:186} INFO - Started process (PID=124) to work on /home/airflow/.local/lib/python3.12/site-packages/airflow/example_dags/example_dag_decorator.py
[2026-08-12T04:33:23.760+0000] {processor.py:914} INFO - Processing file /home/airflow/.local/lib/python3.12/site-packages/airflow/example_dags/example_dag_decorator.py for tasks to queue
[2026-08-12T04:33:23.764+0000] {logging_mixin.py:190} INFO - [2026-08-12T04:33:23.764+0000] {dagbag.py:587} INFO - Filling up the DagBag from /home/airflow/.local/lib/python3.12/site-packages/airflow/example_dags/example_dag_decorator.py
[2026-08-12T04:33:23.783+0000] {processor.py:925} INFO - DAG(s) 'example_dag_decorator' retrieved from /home/airflow/.local/lib/python3.12/site-packages/airflow/example_dags/example_dag_decorator.py
[2026-08-12T04:33:23.924+0000] {logging_mixin.py:190} INFO - [2026-08-12T04:33:23.924+0000] {dag.py:3211} INFO - Sync 1 DAGs
[2026-08-12T04:33:23.951+0000] {logging_mixin.py:190} INFO - [2026-08-12T04:33:23.951+0000] {dag.py:4138} INFO - Setting next_dagrun for example_dag_decorator to None, run_after=None
[2026-08-12T04:33:23.976+0000] {processor.py:208} INFO - Processing /home/airflow/.local/lib/python3.12/site-packages/airflow/example_dags/example_dag_decorator.py took 0.241 seconds
[2026-08-12T04:33:54.596+0000] {processor.py:186} INFO - Started process (PID=192) to work on /home/airflow/.local/lib/python3.12/site-packages/airflow/example_dags/example_dag_decorator.py
[2026-08-12T04:33:54.598+0000] {processor.py:914} INFO - Processing file /home/airflow/.local/lib/python3.12/site-packages/airflow/example_dags/example_dag_decorator.py for tasks to queue
[2026-08-12T04:33:54.602+0000] {logging_mixin.py:190} INFO - [2026-08-12T04:33:54.601+0000] {dagbag.py:587} INFO - Filling up the DagBag from /home/airflow/.local/lib/python3.12/site-packages/airflow/example_dags/example_dag_decorator.py
[2026-08-12T04:33:54.628+0000] {processor.py:925} INFO - DAG(s) 'example_dag_decorator' retrieved from /home/airflow/.local/lib/python3.12/site-packages/airflow/example_dags/example_dag_decorator.py
[2026-08-12T04:33:54.758+0000] {logging_mixin.py:190} INFO - [2026-08-12T04:33:54.757+0000] {dag.py:3211} INFO - Sync 1 DAGs
[2026-08-12T04:33:54.774+0000] {logging_mixin.py:190} INFO - [2026-08-12T04:33:54.773+0000] {dag.py:4138} INFO - Setting next_dagrun for example_dag_decorator to None, run_after=None
[2026-08-12T04:33:54.796+0000] {processor.py:208} INFO - Processing /home/airflow/.local/lib/python3.12/site-packages/airflow/example_dags/example_dag_decorator.py took 0.205 seconds
[2026-08-12T04:34:25.038+0000] {processor.py:186} INFO - Started process (PID=254) to work on /home/airflow/.local/lib/python3.12/site-packages/airflow/example_dags/example_dag_decorator.py
[2026-08-12T04:34:25.040+0000] {processor.py:914} INFO - Processing file /home/airflow/.local/lib/python3.12/site-packages/airflow/example_dags/example_dag_decorator.py for tasks to queue
[2026-08-12T04:34:25.045+0000] {logging_mixin.py:190} INFO - [2026-08-12T04:34:25.044+0000] {dagbag.py:587} INFO - Filling up the DagBag from /home/airflow/.local/lib/python3.12/site-packages/airflow/example_dags/example_dag_decorator.py
[2026-08-12T04:34:25.061+0000] {processor.py:925} INFO - DAG(s) 'example_dag_decorator' retrieved from /home/airflow/.local/lib/python3.12/site-packages/airflow/example_dags/example_dag_decorator.py
[2026-08-12T04:34:25.215+0000] {logging_mixin.py:190} INFO - [2026-08-12T04:34:25.215+0000] {dag.py:3211} INFO - Sync 1 DAGs
[2026-08-12T04:34:25.230+0000] {logging_mixin.py:190} INFO - [2026-08-12T04:34:25.228+0000] {dag.py:4138} INFO - Setting next_dagrun for example_dag_decorator to None, run_after=None
[2026-08-12T04:34:25.254+0000] {processor.py:208} INFO - Processing /home/airflow/.local/lib/python3.12/site-packages/airflow/example_dags/example_dag_decorator.py took 0.223 seconds
[2026-08-12T04:34:55.711+0000] {processor.py:186} INFO - Started process (PID=316) to work on /home/airflow/.local/lib/python3.12/site-packages/airflow/example_dags/example_dag_decorator.py
[2026-08-12T04:34:55.713+0000] {processor.py:914} INFO - Processing file /home/airflow/.local/lib/python3.12/site-packages/airflow/example_dags/example_dag_decorator.py for tasks to queue
[2026-08-12T04:34:55.717+0000] {logging_mixin.py:190} INFO - [2026-08-12T04:34:55.716+0000] {dagbag.py:587} INFO - Filling up the DagBag from /home/airflow/.local/lib/python3.12/site-packages/airflow/example_dags/example_dag_decorator.py
[2026-08-12T04:34:55.742+0000] {processor.py:925} INFO - DAG(s) 'example_dag_decorator' retrieved from /home/airflow/.local/lib/python3.12/site-packages/airflow/example_dags/example_dag_decorator.py
[2026-08-12T04:34:55.777+0000] {logging_mixin.py:190} INFO - [2026-08-12T04:34:55.776+0000] {dag.py:3211} INFO - Sync 1 DAGs
[2026-08-12T04:34:55.795+0000] {logging_mixin.py:190} INFO - [2026-08-12T04:34:55.795+0000] {dag.py:4138} INFO - Setting next_dagrun for example_dag_decorator to None, run_after=None
[2026-08-12T04:34:55.818+0000] {processor.py:208} INFO - Processing /home/airflow/.local/lib/python3.12/site-packages/airflow/example_dags/example_dag_decorator.py took 0.113 seconds
[2026-08-12T04:35:26.158+0000] {processor.py:186} INFO - Started process (PID=378) to work on /home/airflow/.local/lib/python3.12/site-packages/airflow/example_dags/example_dag_decorator.py
[2026-08-12T04:35:26.160+0000] {processor.py:914} INFO - Processing file /home/airflow/.local/lib/python3.12/site-packages/airflow/example_dags/example_dag_decorator.py for tasks to queue
[2026-08-12T04:35:26.162+0000] {logging_mixin.py:190} INFO - [2026-08-12T04:35:26.162+0000] {dagbag.py:587} INFO - Filling up the DagBag from /home/airflow/.local/lib/python3.12/site-packages/airflow/example_dags/example_dag_decorator.py
[2026-08-12T04:35:26.177+0000] {processor.py:925} INFO - DAG(s) 'example_dag_decorator' retrieved from /home/airflow/.local/lib/python3.12/site-packages/airflow/example_dags/example_dag_decorator.py
[2026-08-12T04:35:26.299+0000] {logging_mixin.py:190} INFO - [2026-08-12T04:35:26.299+0000] {dag.py:3211} INFO - Sync 1 DAGs
[2026-08-12T04:35:26.313+0000] {logging_mixin.py:190} INFO - [2026-08-12T04:35:26.313+0000] {dag.py:4138} INFO - Setting next_dagrun for example_dag_decorator to None, run_after=None
[2026-08-12T04:35:26.336+0000] {processor.py:208} INFO - Processing /home/airflow/.local/lib/python3.12/site-packages/airflow/example_dags/example_dag_decorator.py took 0.184 seconds
[2026-08-12T04:35:56.439+0000] {processor.py:186} INFO - Started process (PID=440) to work on /home/airflow/.local/lib/python3.12/site-packages/airflow/example_dags/example_dag_decorator.py
[2026-08-12T04:35:56.441+0000] {processor.py:914} INFO - Processing file /home/airflow/.local/lib/python3.12/site-packages/airflow/example_dags/example_dag_decorator.py for tasks to queue
[2026-08-12T04:35:56.445+0000] {logging_mixin.py:190} INFO - [2026-08-12T04:35:56.445+0000] {dagbag.py:587} INFO - Filling up the DagBag from /home/airflow/.local/lib/python3.12/site-packages/airflow/example_dags/example_dag_decorator.py
[2026-08-12T04:35:56.460+0000] {processor.py:925} INFO - DAG(s) 'example_dag_decorator' retrieved from /home/airflow/.local/lib/python3.12/site-packages/airflow/example_dags/example_dag_decorator.py
[2026-08-12T04:35:56.582+0000] {logging_mixin.py:190} INFO - [2026-08-12T04:35:56.582+0000] {dag.py:3211} INFO - Sync 1 DAGs
[2026-08-12T04:35:56.595+0000] {logging_mixin.py:190} INFO - [2026-08-12T04:35:56.595+0000] {dag.py:4138} INFO - Setting next_dagrun for example_dag_decorator to None, run_after=None
[2026-08-12T04:35:56.614+0000] {processor.py:208} INFO - Processing /home/airflow/.local/lib/python3.12/site-packages/airflow/example_dags/example_dag_decorator.py took 0.183 seconds
[2026-08-12T04:36:27.346+0000] {processor.py:186} INFO - Started process (PID=502) to work on /home/airflow/.local/lib/python3.12/site-packages/airflow/example_dags/example_dag_decorator.py
[2026-08-12T04:36:27.348+0000] {processor.py:914} INFO - Processing file /home/airflow/.local/lib/python3.12/site-packages/airflow/example_dags/example_dag_decorator.py for tasks to queue
[2026-08-12T04:36:27.351+0000] {logging_mixin.py:190} INFO - [2026-08-12T04:36:27.351+0000] {dagbag.py:587} INFO - Filling up the DagBag from /home/airflow/.local/lib/python3.12/site-packages/airflow/example_dags/example_dag_decorator.py
[2026-08-12T04:36:27.364+0000] {processor.py:925} INFO - DAG(s) 'example_dag_decorator' retrieved from /home/airflow/.local/lib/python3.12/site-packages/airflow/example_dags/example_dag_decorator.py
[2026-08-12T04:36:27.390+0000] {logging_mixin.py:190} INFO - [2026-08-12T04:36:27.390+0000] {dag.py:3211} INFO - Sync 1 DAGs
[2026-08-12T04:36:27.404+0000] {logging_mixin.py:190} INFO - [2026-08-12T04:36:27.404+0000] {dag.py:4138} INFO - Setting next_dagrun for example_dag_decorator to None, run_after=None
[2026-08-12T04:36:27.427+0000] {processor.py:208} INFO - Processing /home/airflow/.local/lib/python3.12/site-packages/airflow/example_dags/example_dag_decorator.py took 0.086 seconds
[2026-08-12T04:36:57.779+0000] {processor.py:186} INFO - Started process (PID=564) to work on /home/airflow/.local/lib/python3.12/site-packages/airflow/example_dags/example_dag_decorator.py
[2026-08-12T04:36:57.781+0000] {processor.py:914} INFO - Processing file /home/airflow/.local/lib/python3.12/site-packages/airflow/example_dags/example_dag_decorator.py for tasks to queue
[2026-08-12T04:36:57.784+0000] {logging_mixin.py:190} INFO - [2026-08-12T04:36:57.783+0000] {dagbag.py:587} INFO - Filling up the DagBag from /home/airflow/.local/lib/python3.12/site-packages/airflow/example_dags/example_dag_decorator.py
[2026-08-12T04:36:57.796+0000] {processor.py:925} INFO - DAG(s) 'example_dag_decorator' retrieved from /home/airflow/.local/lib/python3.12/site-packages/airflow/example_dags/example_dag_decorator.py
[2026-08-12T04:36:57.820+0000] {logging_mixin.py:190} INFO - [2026-08-12T04:36:57.820+0000] {dag.py:3211} INFO - Sync 1 DAGs
[2026-08-12T04:36:57.834+0000] {logging_mixin.py:190} INFO - [2026-08-12T04:36:57.834+0000] {dag.py:4138} INFO - Setting next_dagrun for example_dag_decorator to None, run_after=None
[2026-08-12T04:36:57.854+0000] {processor.py:208} INFO - Processing /home/airflow/.local/lib/python3.12/site-packages/airflow/example_dags/example_dag_decorator.py took 0.080 seconds
[2026-08-12T04:37:28.712+0000] {processor.py:186} INFO - Started process (PID=626) to work on /home/airflow/.local/lib/python3.12/site-packages/airflow/example_dags/example_dag_decorator.py
[2026-08-12T04:37:28.714+0000] {processor.py:914} INFO - Processing file /home/airflow/.local/lib/python3.12/site-packages/airflow/example_dags/example_dag_decorator.py for tasks to queue
[2026-08-12T04:37:28.718+0000] {logging_mixin.py:190} INFO - [2026-08-12T04:37:28.717+0000] {dagbag.py:587} INFO - Filling up the DagBag from /home/airflow/.local/lib/python3.12/site-packages/airflow/example_dags/example_dag_decorator.py
[2026-08-12T04:37:28.729+0000] {processor.py:925} INFO - DAG(s) 'example_dag_decorator' retrieved from /home/airflow/.local/lib/python3.12/site-packages/airflow/example_dags/example_dag_decorator.py
[2026-08-12T04:37:28.818+0000] {logging_mixin.py:190} INFO - [2026-08-12T04:37:28.818+0000] {dag.py:3211} INFO - Sync 1 DAGs
[2026-08-12T04:37:28.830+0000] {logging_mixin.py:190} INFO - [2026-08-12T04:37:28.829+0000] {dag.py:4138} INFO - Setting next_dagrun for example_dag_decorator to None, run_after=None
[2026-08-12T04:37:28.853+0000] {processor.py:208} INFO - Processing /home/airflow/.local/lib/python3.12/site-packages/airflow/example_dags/example_dag_decorator.py took 0.145 seconds
[2026-08-12T04:37:59.303+0000] {processor.py:186} INFO - Started process (PID=688) to work on /home/airflow/.local/lib/python3.12/site-packages/airflow/example_dags/example_dag_decorator.py
[2026-08-12T04:37:59.306+0000] {processor.py:914} INFO - Processing file /home/airflow/.local/lib/python3.12/site-packages/airflow/example_dags/example_dag_decorator.py for tasks to queue
[2026-08-12T04:37:59.311+0000] {logging_mixin.py:190} INFO - [2026-08-12T04:37:59.310+0000] {dagbag.py:587} INFO - Filling up the DagBag from /home/airflow/.local/lib/python3.12/site-packages/airflow/example_dags/example_dag_decorator.py
[2026-08-12T04:37:59.335+0000] {processor.py:925} INFO - DAG(s) 'example_dag_decorator' retrieved from /home/airflow/.local/lib/python3.12/site-packages/airflow/example_dags/example_dag_decorator.py
[2026-08-12T04:37:59.472+0000] {logging_mixin.py:190} INFO - [2026-08-12T04:37:59.471+0000] {dag.py:3211} INFO - Sync 1 DAGs
[2026-08-12T04:37:59.486+0000] {logging_mixin.py:190} INFO - [2026-08-12T04:37:59.486+0000] {dag.py:4138} INFO - Setting next_dagrun for example_dag_decorator to None, run_after=None
[2026-08-12T04:37:59.518+0000] {processor.py:208} INFO - Processing /home/airflow/.local/lib/python3.12/site-packages/airflow/example_dags/example_dag_decorator.py took 0.224 seconds
[2026-08-12T04:38:30.039+0000] {processor.py:186} INFO - Started process (PID=750) to work on /home/airflow/.local/lib/python3.12/site-packages/airflow/example_dags/example_dag_decorator.py
[2026-08-12T04:38:30.041+0000] {processor.py:914} INFO - Processing file /home/airflow/.local/lib/python3.12/site-packages/airflow/example_dags/example_dag_decorator.py for tasks to queue
[2026-08-12T04:38:30.044+0000] {logging_mixin.py:190} INFO - [2026-08-12T04:38:30.044+0000] {dagbag.py:587} INFO - Filling up the DagBag from /home/airflow/.local/lib/python3.12/site-packages/airflow/example_dags/example_dag_decorator.py
[2026-08-12T04:38:30.071+0000] {processor.py:925} INFO - DAG(s) 'example_dag_decorator' retrieved from /home/airflow/.local/lib/python3.12/site-packages/airflow/example_dags/example_dag_decorator.py
[2026-08-12T04:38:30.175+0000] {logging_mixin.py:190} INFO - [2026-08-12T04:38:30.175+0000] {dag.py:3211} INFO - Sync 1 DAGs
[2026-08-12T04:38:30.187+0000] {logging_mixin.py:190} INFO - [2026-08-12T04:38:30.187+0000] {dag.py:4138} INFO - Setting next_dagrun for example_dag_decorator to None, run_after=None
[2026-08-12T04:38:30.207+0000] {processor.py:208} INFO - Processing /home/airflow/.local/lib/python3.12/site-packages/airflow/example_dags/example_dag_decorator.py took 0.175 seconds
[2026-08-12T04:39:00.440+0000] {processor.py:186} INFO - Started process (PID=812) to work on /home/airflow/.local/lib/python3.12/site-packages/airflow/example_dags/example_dag_decorator.py
[2026-08-12T04:39:00.443+0000] {processor.py:914} INFO - Processing file /home/airflow/.local/lib/python3.12/site-packages/airflow/example_dags/example_dag_decorator.py for tasks to queue
[2026-08-12T04:39:00.447+0000] {logging_mixin.py:190} INFO - [2026-08-12T04:39:00.447+0000] {dagbag.py:587} INFO - Filling up the DagBag from /home/airflow/.local/lib/python3.12/site-packages/airflow/example_dags/example_dag_decorator.py
[2026-08-12T04:39:00.462+0000] {processor.py:925} INFO - DAG(s) 'example_dag_decorator' retrieved from /home/airflow/.local/lib/python3.12/site-packages/airflow/example_dags/example_dag_decorator.py
[2026-08-12T04:39:00.558+0000] {logging_mixin.py:190} INFO - [2026-08-12T04:39:00.558+0000] {dag.py:3211} INFO - Sync 1 DAGs
[2026-08-12T04:39:00.583+0000] {logging_mixin.py:190} INFO - [2026-08-12T04:39:00.583+0000] {dag.py:4138} INFO - Setting next_dagrun for example_dag_decorator to None, run_after=None
[2026-08-12T04:39:00.606+0000] {processor.py:208} INFO - Processing /home/airflow/.local/lib/python3.12/site-packages/airflow/example_dags/example_dag_decorator.py took 0.174 seconds
[2026-08-12T04:39:30.832+0000] {processor.py:186} INFO - Started process (PID=874) to work on /home/airflow/.local/lib/python3.12/site-packages/airflow/example_dags/example_dag_decorator.py
[2026-08-12T04:39:30.833+0000] {processor.py:914} INFO - Processing file /home/airflow/.local/lib/python3.12/site-packages/airflow/example_dags/example_dag_decorator.py for tasks to queue
[2026-08-12T04:39:30.836+0000] {logging_mixin.py:190} INFO - [2026-08-12T04:39:30.836+0000] {dagbag.py:587} INFO - Filling up the DagBag from /home/airflow/.local/lib/python3.12/site-packages/airflow/example_dags/example_dag_decorator.py
[2026-08-12T04:39:30.847+0000] {processor.py:925} INFO - DAG(s) 'example_dag_decorator' retrieved from /home/airflow/.local/lib/python3.12/site-packages/airflow/example_dags/example_dag_decorator.py
[2026-08-12T04:39:30.871+0000] {logging_mixin.py:190} INFO - [2026-08-12T04:39:30.870+0000] {dag.py:3211} INFO - Sync 1 DAGs
[2026-08-12T04:39:30.886+0000] {logging_mixin.py:190} INFO - [2026-08-12T04:39:30.886+0000] {dag.py:4138} INFO - Setting next_dagrun for example_dag_decorator to None, run_after=None
[2026-08-12T04:39:30.909+0000] {processor.py:208} INFO - Processing /home/airflow/.local/lib/python3.12/site-packages/airflow/example_dags/example_dag_decorator.py took 0.082 seconds
[2026-08-12T04:40:01.278+0000] {processor.py:186} INFO - Started process (PID=936) to work on /home/airflow/.local/lib/python3.12/site-packages/airflow/example_dags/example_dag_decorator.py
[2026-08-12T04:40:01.281+0000] {processor.py:914} INFO - Processing file /home/airflow/.local/lib/python3.12/site-packages/airflow/example_dags/example_dag_decorator.py for tasks to queue
[2026-08-12T04:40:01.285+0000] {logging_mixin.py:190} INFO - [2026-08-12T04:40:01.285+0000] {dagbag.py:587} INFO - Filling up the DagBag from /home/airflow/.local/lib/python3.12/site-packages/airflow/example_dags/example_dag_decorator.py
[2026-08-12T04:40:01.300+0000] {processor.py:925} INFO - DAG(s) 'example_dag_decorator' retrieved from /home/airflow/.local/lib/python3.12/site-packages/airflow/example_dags/example_dag_decorator.py
[2026-08-12T04:40:01.404+0000] {logging_mixin.py:190} INFO - [2026-08-12T04:40:01.404+0000] {dag.py:3211} INFO - Sync 1 DAGs
[2026-08-12T04:40:01.416+0000] {logging_mixin.py:190} INFO - [2026-08-12T04:40:01.416+0000] {dag.py:4138} INFO - Setting next_dagrun for example_dag_decorator to None, run_after=None
[2026-08-12T04:40:01.451+0000] {processor.py:208} INFO - Processing /home/airflow/.local/lib/python3.12/site-packages/airflow/example_dags/example_dag_decorator.py took 0.191 seconds
[2026-08-12T04:40:31.745+0000] {processor.py:186} INFO - Started process (PID=999) to work on /home/airflow/.local/lib/python3.12/site-packages/airflow/example_dags/example_dag_decorator.py
[2026-08-12T04:40:31.746+0000] {processor.py:914} INFO - Processing file /home/airflow/.local/lib/python3.12/site-packages/airflow/example_dags/example_dag_decorator.py for tasks to queue
[2026-08-12T04:40:31.750+0000] {logging_mixin.py:190} INFO - [2026-08-12T04:40:31.750+0000] {dagbag.py:587} INFO - Filling up the DagBag from /home/airflow/.local/lib/python3.12/site-packages/airflow/example_dags/example_dag_decorator.py
[2026-08-12T04:40:31.767+0000] {processor.py:925} INFO - DAG(s) 'example_dag_decorator' retrieved from /home/airflow/.local/lib/python3.12/site-packages/airflow/example_dags/example_dag_decorator.py
[2026-08-12T04:40:31.884+0000] {logging_mixin.py:190} INFO - [2026-08-12T04:40:31.884+0000] {dag.py:3211} INFO - Sync 1 DAGs
[2026-08-12T04:40:31.897+0000] {logging_mixin.py:190} INFO - [2026-08-12T04:40:31.897+0000] {dag.py:4138} INFO - Setting next_dagrun for example_dag_decorator to None, run_after=None
[2026-08-12T04:40:31.917+0000] {processor.py:208} INFO - Processing /home/airflow/.local/lib/python3.12/site-packages/airflow/example_dags/example_dag_decorator.py took 0.177 seconds
[2026-08-12T04:41:02.390+0000] {processor.py:186} INFO - Started process (PID=1060) to work on /home/airflow/.local/lib/python3.12/site-packages/airflow/example_dags/example_dag_decorator.py
[2026-08-12T04:41:02.392+0000] {processor.py:914} INFO - Processing file /home/airflow/.local/lib/python3.12/site-packages/airflow/example_dags/example_dag_decorator.py for tasks to queue
[2026-08-12T04:41:02.396+0000] {logging_mixin.py:190} INFO - [2026-08-12T04:41:02.395+0000] {dagbag.py:587} INFO - Filling up the DagBag from /home/airflow/.local/lib/python3.12/site-packages/airflow/example_dags/example_dag_decorator.py
[2026-08-12T04:41:02.409+0000] {processor.py:925} INFO - DAG(s) 'example_dag_decorator' retrieved from /home/airflow/.local/lib/python3.12/site-packages/airflow/example_dags/example_dag_decorator.py
[2026-08-12T04:41:02.510+0000] {logging_mixin.py:190} INFO - [2026-08-12T04:41:02.510+0000] {dag.py:3211} INFO - Sync 1 DAGs
[2026-08-12T04:41:02.528+0000] {logging_mixin.py:190} INFO - [2026-08-12T04:41:02.528+0000] {dag.py:4138} INFO - Setting next_dagrun for example_dag_decorator to None, run_after=None
[2026-08-12T04:41:02.553+0000] {processor.py:208} INFO - Processing /home/airflow/.local/lib/python3.12/site-packages/airflow/example_dags/example_dag_decorator.py took 0.169 seconds
[2026-08-12T04:41:33.024+0000] {processor.py:186} INFO - Started process (PID=1122) to work on /home/airflow/.local/lib/python3.12/site-packages/airflow/example_dags/example_dag_decorator.py
[2026-08-12T04:41:33.027+0000] {processor.py:914} INFO - Processing file /home/airflow/.local/lib/python3.12/site-packages/airflow/example_dags/example_dag_decorator.py for tasks to queue
[2026-08-12T04:41:33.032+0000] {logging_mixin.py:190} INFO - [2026-08-12T04:41:33.032+0000] {dagbag.py:587} INFO - Filling up the DagBag from /home/airflow/.local/lib/python3.12/site-packages/airflow/example_dags/example_dag_decorator.py
[2026-08-12T04:41:33.055+0000] {processor.py:925} INFO - DAG(s) 'example_dag_decorator' retrieved from /home/airflow/.local/lib/python3.12/site-packages/airflow/example_dags/example_dag_decorator.py
[2026-08-12T04:41:33.191+0000] {logging_mixin.py:190} INFO - [2026-08-12T04:41:33.191+0000] {dag.py:3211} INFO - Sync 1 DAGs
[2026-08-12T04:41:33.203+0000] {logging_mixin.py:190} INFO - [2026-08-12T04:41:33.203+0000] {dag.py:4138} INFO - Setting next_dagrun for example_dag_decorator to None, run_after=None
[2026-08-12T04:41:33.225+0000] {processor.py:208} INFO - Processing /home/airflow/.local/lib/python3.12/site-packages/airflow/example_dags/example_dag_decorator.py took 0.211 seconds
[2026-08-12T04:42:03.494+0000] {processor.py:186} INFO - Started process (PID=1184) to work on /home/airflow/.local/lib/python3.12/site-packages/airflow/example_dags/example_dag_decorator.py
[2026-08-12T04:42:03.495+0000] {processor.py:914} INFO - Processing file /home/airflow/.local/lib/python3.12/site-packages/airflow/example_dags/example_dag_decorator.py for tasks to queue
[2026-08-12T04:42:03.498+0000] {logging_mixin.py:190} INFO - [2026-08-12T04:42:03.498+0000] {dagbag.py:587} INFO - Filling up the DagBag from /home/airflow/.local/lib/python3.12/site-packages/airflow/example_dags/example_dag_decorator.py
[2026-08-12T04:42:03.510+0000] {processor.py:925} INFO - DAG(s) 'example_dag_decorator' retrieved from /home/airflow/.local/lib/python3.12/site-packages/airflow/example_dags/example_dag_decorator.py
[2026-08-12T04:42:03.610+0000] {logging_mixin.py:190} INFO - [2026-08-12T04:42:03.610+0000] {dag.py:3211} INFO - Sync 1 DAGs
[2026-08-12T04:42:03.626+0000] {logging_mixin.py:190} INFO - [2026-08-12T04:42:03.625+0000] {dag.py:4138} INFO - Setting next_dagrun for example_dag_decorator to None, run_after=None
[2026-08-12T04:42:03.652+0000] {processor.py:208} INFO - Processing /home/airflow/.local/lib/python3.12/site-packages/airflow/example_dags/example_dag_decorator.py took 0.163 seconds
[2026-08-12T04:42:34.370+0000] {processor.py:186} INFO - Started process (PID=1246) to work on /home/airflow/.local/lib/python3.12/site-packages/airflow/example_dags/example_dag_decorator.py
[2026-08-12T04:42:34.372+0000] {processor.py:914} INFO - Processing file /home/airflow/.local/lib/python3.12/site-packages/airflow/example_dags/example_dag_decorator.py for tasks to queue
[2026-08-12T04:42:34.375+0000] {logging_mixin.py:190} INFO - [2026-08-12T04:42:34.375+0000] {dagbag.py:587} INFO - Filling up the DagBag from /home/airflow/.local/lib/python3.12/site-packages/airflow/example_dags/example_dag_decorator.py
[2026-08-12T04:42:34.388+0000] {processor.py:925} INFO - DAG(s) 'example_dag_decorator' retrieved from /home/airflow/.local/lib/python3.12/site-packages/airflow/example_dags/example_dag_decorator.py
[2026-08-12T04:42:34.517+0000] {logging_mixin.py:190} INFO - [2026-08-12T04:42:34.517+0000] {dag.py:3211} INFO - Sync 1 DAGs
[2026-08-12T04:42:34.529+0000] {logging_mixin.py:190} INFO - [2026-08-12T04:42:34.529+0000] {dag.py:4138} INFO - Setting next_dagrun for example_dag_decorator to None, run_after=None
[2026-08-12T04:42:34.552+0000] {processor.py:208} INFO - Processing /home/airflow/.local/lib/python3.12/site-packages/airflow/example_dags/example_dag_decorator.py took 0.187 seconds
[2026-08-12T04:43:05.088+0000] {processor.py:186} INFO - Started process (PID=1308) to work on /home/airflow/.local/lib/python3.12/site-packages/airflow/example_dags/example_dag_decorator.py
[2026-08-12T04:43:05.090+0000] {processor.py:914} INFO - Processing file /home/airflow/.local/lib/python3.12/site-packages/airflow/example_dags/example_dag_decorator.py for tasks to queue
[2026-08-12T04:43:05.093+0000] {logging_mixin.py:190} INFO - [2026-08-12T04:43:05.092+0000] {dagbag.py:587} INFO - Filling up the DagBag from /home/airflow/.local/lib/python3.12/site-packages/airflow/example_dags/example_dag_decorator.py
[2026-08-12T04:43:05.104+0000] {processor.py:925} INFO - DAG(s) 'example_dag_decorator' retrieved from /home/airflow/.local/lib/python3.12/site-packages/airflow/example_dags/example_dag_decorator.py
[2026-08-12T04:43:05.213+0000] {logging_mixin.py:190} INFO - [2026-08-12T04:43:05.213+0000] {dag.py:3211} INFO - Sync 1 DAGs
[2026-08-12T04:43:05.225+0000] {logging_mixin.py:190} INFO - [2026-08-12T04:43:05.225+0000] {dag.py:4138} INFO - Setting next_dagrun for example_dag_decorator to None, run_after=None
[2026-08-12T04:43:05.275+0000] {processor.py:208} INFO - Processing /home/airflow/.local/lib/python3.12/site-packages/airflow/example_dags/example_dag_decorator.py took 0.192 seconds
[2026-08-12T04:43:35.551+0000] {processor.py:186} INFO - Started process (PID=1370) to work on /home/airflow/.local/lib/python3.12/site-packages/airflow/example_dags/example_dag_decorator.py
[2026-08-12T04:43:35.553+0000] {processor.py:914} INFO - Processing file /home/airflow/.local/lib/python3.12/site-packages/airflow/example_dags/example_dag_decorator.py for tasks to queue
[2026-08-12T04:43:35.557+0000] {logging_mixin.py:190} INFO - [2026-08-12T04:43:35.556+0000] {dagbag.py:587} INFO - Filling up the DagBag from /home/airflow/.local/lib/python3.12/site-packages/airflow/example_dags/example_dag_decorator.py
[2026-08-12T04:43:35.572+0000] {processor.py:925} INFO - DAG(s) 'example_dag_decorator' retrieved from /home/airflow/.local/lib/python3.12/site-packages/airflow/example_dags/example_dag_decorator.py
[2026-08-12T04:43:35.716+0000] {logging_mixin.py:190} INFO - [2026-08-12T04:43:35.716+0000] {dag.py:3211} INFO - Sync 1 DAGs
[2026-08-12T04:43:35.736+0000] {logging_mixin.py:190} INFO - [2026-08-12T04:43:35.736+0000] {dag.py:4138} INFO - Setting next_dagrun for example_dag_decorator to None, run_after=None
[2026-08-12T04:43:35.772+0000] {processor.py:208} INFO - Processing /home/airflow/.local/lib/python3.12/site-packages/airflow/example_dags/example_dag_decorator.py took 0.227 seconds
[2026-08-12T04:44:05.890+0000] {processor.py:186} INFO - Started process (PID=1432) to work on /home/airflow/.local/lib/python3.12/site-packages/airflow/example_dags/example_dag_decorator.py
[2026-08-12T04:44:05.892+0000] {processor.py:914} INFO - Processing file /home/airflow/.local/lib/python3.12/site-packages/airflow/example_dags/example_dag_decorator.py for tasks to queue
[2026-08-12T04:44:05.896+0000] {logging_mixin.py:190} INFO - [2026-08-12T04:44:05.896+0000] {dagbag.py:587} INFO - Filling up the DagBag from /home/airflow/.local/lib/python3.12/site-packages/airflow/example_dags/example_dag_decorator.py
[2026-08-12T04:44:05.910+0000] {processor.py:925} INFO - DAG(s) 'example_dag_decorator' retrieved from /home/airflow/.local/lib/python3.12/site-packages/airflow/example_dags/example_dag_decorator.py
[2026-08-12T04:44:06.026+0000] {logging_mixin.py:190} INFO - [2026-08-12T04:44:06.026+0000] {dag.py:3211} INFO - Sync 1 DAGs
[2026-08-12T04:44:06.037+0000] {logging_mixin.py:190} INFO - [2026-08-12T04:44:06.037+0000] {dag.py:4138} INFO - Setting next_dagrun for example_dag_decorator to None, run_after=None
[2026-08-12T04:44:06.058+0000] {processor.py:208} INFO - Processing /home/airflow/.local/lib/python3.12/site-packages/airflow/example_dags/example_dag_decorator.py took 0.175 seconds
[2026-08-12T04:44:36.712+0000] {processor.py:186} INFO - Started process (PID=1494) to work on /home/airflow/.local/lib/python3.12/site-packages/airflow/example_dags/example_dag_decorator.py
[2026-08-12T04:44:36.717+0000] {processor.py:914} INFO - Processing file /home/airflow/.local/lib/python3.12/site-packages/airflow/example_dags/example_dag_decorator.py for tasks to queue
[2026-08-12T04:44:36.721+0000] {logging_mixin.py:190} INFO - [2026-08-12T04:44:36.720+0000] {dagbag.py:587} INFO - Filling up the DagBag from /home/airflow/.local/lib/python3.12/site-packages/airflow/example_dags/example_dag_decorator.py
[2026-08-12T04:44:36.733+0000] {processor.py:925} INFO - DAG(s) 'example_dag_decorator' retrieved from /home/airflow/.local/lib/python3.12/site-packages/airflow/example_dags/example_dag_decorator.py
[2026-08-12T04:44:36.832+0000] {logging_mixin.py:190} INFO - [2026-08-12T04:44:36.832+0000] {dag.py:3211} INFO - Sync 1 DAGs
[2026-08-12T04:44:36.844+0000] {logging_mixin.py:190} INFO - [2026-08-12T04:44:36.843+0000] {dag.py:4138} INFO - Setting next_dagrun for example_dag_decorator to None, run_after=None
[2026-08-12T04:44:36.862+0000] {processor.py:208} INFO - Processing /home/airflow/.local/lib/python3.12/site-packages/airflow/example_dags/example_dag_decorator.py took 0.157 seconds
[2026-08-12T04:45:07.092+0000] {processor.py:186} INFO - Started process (PID=1556) to work on /home/airflow/.local/lib/python3.12/site-packages/airflow/example_dags/example_dag_decorator.py
[2026-08-12T04:45:07.094+0000] {processor.py:914} INFO - Processing file /home/airflow/.local/lib/python3.12/site-packages/airflow/example_dags/example_dag_decorator.py for tasks to queue
[2026-08-12T04:45:07.097+0000] {logging_mixin.py:190} INFO - [2026-08-12T04:45:07.096+0000] {dagbag.py:587} INFO - Filling up the DagBag from /home/airflow/.local/lib/python3.12/site-packages/airflow/example_dags/example_dag_decorator.py
[2026-08-12T04:45:07.108+0000] {processor.py:925} INFO - DAG(s) 'example_dag_decorator' retrieved from /home/airflow/.local/lib/python3.12/site-packages/airflow/example_dags/example_dag_decorator.py
[2026-08-12T04:45:07.203+0000] {logging_mixin.py:190} INFO - [2026-08-12T04:45:07.203+0000] {dag.py:3211} INFO - Sync 1 DAGs
[2026-08-12T04:45:07.216+0000] {logging_mixin.py:190} INFO - [2026-08-12T04:45:07.215+0000] {dag.py:4138} INFO - Setting next_dagrun for example_dag_decorator to None, run_after=None
[2026-08-12T04:45:07.237+0000] {processor.py:208} INFO - Processing /home/airflow/.local/lib/python3.12/site-packages/airflow/example_dags/example_dag_decorator.py took 0.150 seconds
[2026-08-12T04:45:37.856+0000] {processor.py:186} INFO - Started process (PID=1618) to work on /home/airflow/.local/lib/python3.12/site-packages/airflow/example_dags/example_dag_decorator.py
[2026-08-12T04:45:37.857+0000] {processor.py:914} INFO - Processing file /home/airflow/.local/lib/python3.12/site-packages/airflow/example_dags/example_dag_decorator.py for tasks to queue
[2026-08-12T04:45:37.860+0000] {logging_mixin.py:190} INFO - [2026-08-12T04:45:37.860+0000] {dagbag.py:587} INFO - Filling up the DagBag from /home/airflow/.local/lib/python3.12/site-packages/airflow/example_dags/example_dag_decorator.py
[2026-08-12T04:45:37.872+0000] {processor.py:925} INFO - DAG(s) 'example_dag_decorator' retrieved from /home/airflow/.local/lib/python3.12/site-packages/airflow/example_dags/example_dag_decorator.py
[2026-08-12T04:45:37.981+0000] {logging_mixin.py:190} INFO - [2026-08-12T04:45:37.981+0000] {dag.py:3211} INFO - Sync 1 DAGs
[2026-08-12T04:45:37.994+0000] {logging_mixin.py:190} INFO - [2026-08-12T04:45:37.994+0000] {dag.py:4138} INFO - Setting next_dagrun for example_dag_decorator to None, run_after=None
[2026-08-12T04:45:38.020+0000] {processor.py:208} INFO - Processing /home/airflow/.local/lib/python3.12/site-packages/airflow/example_dags/example_dag_decorator.py took 0.170 seconds
[2026-08-12T04:46:08.263+0000] {processor.py:186} INFO - Started process (PID=1680) to work on /home/airflow/.local/lib/python3.12/site-packages/airflow/example_dags/example_dag_decorator.py
[2026-08-12T04:46:08.265+0000] {processor.py:914} INFO - Processing file /home/airflow/.local/lib/python3.12/site-packages/airflow/example_dags/example_dag_decorator.py for tasks to queue
[2026-08-12T04:46:08.269+0000] {logging_mixin.py:190} INFO - [2026-08-12T04:46:08.268+0000] {dagbag.py:587} INFO - Filling up the DagBag from /home/airflow/.local/lib/python3.12/site-packages/airflow/example_dags/example_dag_decorator.py
[2026-08-12T04:46:08.285+0000] {processor.py:925} INFO - DAG(s) 'example_dag_decorator' retrieved from /home/airflow/.local/lib/python3.12/site-packages/airflow/example_dags/example_dag_decorator.py
[2026-08-12T04:46:08.398+0000] {logging_mixin.py:190} INFO - [2026-08-12T04:46:08.397+0000] {dag.py:3211} INFO - Sync 1 DAGs
[2026-08-12T04:46:08.413+0000] {logging_mixin.py:190} INFO - [2026-08-12T04:46:08.412+0000] {dag.py:4138} INFO - Setting next_dagrun for example_dag_decorator to None, run_after=None
[2026-08-12T04:46:08.436+0000] {processor.py:208} INFO - Processing /home/airflow/.local/lib/python3.12/site-packages/airflow/example_dags/example_dag_decorator.py took 0.179 seconds
[2026-08-12T04:46:38.915+0000] {processor.py:186} INFO - Started process (PID=1742) to work on /home/airflow/.local/lib/python3.12/site-packages/airflow/example_dags/example_dag_decorator.py
[2026-08-12T04:46:38.917+0000] {processor.py:914} INFO - Processing file /home/airflow/.local/lib/python3.12/site-packages/airflow/example_dags/example_dag_decorator.py for tasks to queue
[2026-08-12T04:46:38.921+0000] {logging_mixin.py:190} INFO - [2026-08-12T04:46:38.920+0000] {dagbag.py:587} INFO - Filling up the DagBag from /home/airflow/.local/lib/python3.12/site-packages/airflow/example_dags/example_dag_decorator.py
[2026-08-12T04:46:38.938+0000] {processor.py:925} INFO - DAG(s) 'example_dag_decorator' retrieved from /home/airflow/.local/lib/python3.12/site-packages/airflow/example_dags/example_dag_decorator.py
[2026-08-12T04:46:39.053+0000] {logging_mixin.py:190} INFO - [2026-08-12T04:46:39.053+0000] {dag.py:3211} INFO - Sync 1 DAGs
[2026-08-12T04:46:39.067+0000] {logging_mixin.py:190} INFO - [2026-08-12T04:46:39.067+0000] {dag.py:4138} INFO - Setting next_dagrun for example_dag_decorator to None, run_after=None
[2026-08-12T04:46:39.089+0000] {processor.py:208} INFO - Processing /home/airflow/.local/lib/python3.12/site-packages/airflow/example_dags/example_dag_decorator.py took 0.180 seconds
[2026-08-12T04:47:09.471+0000] {processor.py:186} INFO - Started process (PID=1805) to work on /home/airflow/.local/lib/python3.12/site-packages/airflow/example_dags/example_dag_decorator.py
[2026-08-12T04:47:09.473+0000] {processor.py:914} INFO - Processing file /home/airflow/.local/lib/python3.12/site-packages/airflow/example_dags/example_dag_decorator.py for tasks to queue
[2026-08-12T04:47:09.476+0000] {logging_mixin.py:190} INFO - [2026-08-12T04:47:09.475+0000] {dagbag.py:587} INFO - Filling up the DagBag from /home/airflow/.local/lib/python3.12/site-packages/airflow/example_dags/example_dag_decorator.py
[2026-08-12T04:47:09.489+0000] {processor.py:925} INFO - DAG(s) 'example_dag_decorator' retrieved from /home/airflow/.local/lib/python3.12/site-packages/airflow/example_dags/example_dag_decorator.py
[2026-08-12T04:47:09.594+0000] {logging_mixin.py:190} INFO - [2026-08-12T04:47:09.594+0000] {dag.py:3211} INFO - Sync 1 DAGs
[2026-08-12T04:47:09.611+0000] {logging_mixin.py:190} INFO - [2026-08-12T04:47:09.610+0000] {dag.py:4138} INFO - Setting next_dagrun for example_dag_decorator to None, run_after=None
[2026-08-12T04:47:09.633+0000] {processor.py:208} INFO - Processing /home/airflow/.local/lib/python3.12/site-packages/airflow/example_dags/example_dag_decorator.py took 0.168 seconds
[2026-08-12T04:47:39.816+0000] {processor.py:186} INFO - Started process (PID=1866) to work on /home/airflow/.local/lib/python3.12/site-packages/airflow/example_dags/example_dag_decorator.py
[2026-08-12T04:47:39.817+0000] {processor.py:914} INFO - Processing file /home/airflow/.local/lib/python3.12/site-packages/airflow/example_dags/example_dag_decorator.py for tasks to queue
[2026-08-12T04:47:39.820+0000] {logging_mixin.py:190} INFO - [2026-08-12T04:47:39.820+0000] {dagbag.py:587} INFO - Filling up the DagBag from /home/airflow/.local/lib/python3.12/site-packages/airflow/example_dags/example_dag_decorator.py
[2026-08-12T04:47:39.835+0000] {processor.py:925} INFO - DAG(s) 'example_dag_decorator' retrieved from /home/airflow/.local/lib/python3.12/site-packages/airflow/example_dags/example_dag_decorator.py
[2026-08-12T04:47:39.937+0000] {logging_mixin.py:190} INFO - [2026-08-12T04:47:39.936+0000] {dag.py:3211} INFO - Sync 1 DAGs
[2026-08-12T04:47:39.949+0000] {logging_mixin.py:190} INFO - [2026-08-12T04:47:39.948+0000] {dag.py:4138} INFO - Setting next_dagrun for example_dag_decorator to None, run_after=None
[2026-08-12T04:47:39.970+0000] {processor.py:208} INFO - Processing /home/airflow/.local/lib/python3.12/site-packages/airflow/example_dags/example_dag_decorator.py took 0.161 seconds
[2026-08-12T04:48:10.592+0000] {processor.py:186} INFO - Started process (PID=1928) to work on /home/airflow/.local/lib/python3.12/site-packages/airflow/example_dags/example_dag_decorator.py
[2026-08-12T04:48:10.594+0000] {processor.py:914} INFO - Processing file /home/airflow/.local/lib/python3.12/site-packages/airflow/example_dags/example_dag_decorator.py for tasks to queue
[2026-08-12T04:48:10.598+0000] {logging_mixin.py:190} INFO - [2026-08-12T04:48:10.597+0000] {dagbag.py:587} INFO - Filling up the DagBag from /home/airflow/.local/lib/python3.12/site-packages/airflow/example_dags/example_dag_decorator.py
[2026-08-12T04:48:10.614+0000] {processor.py:925} INFO - DAG(s) 'example_dag_decorator' retrieved from /home/airflow/.local/lib/python3.12/site-packages/airflow/example_dags/example_dag_decorator.py
[2026-08-12T04:48:10.758+0000] {logging_mixin.py:190} INFO - [2026-08-12T04:48:10.758+0000] {dag.py:3211} INFO - Sync 1 DAGs
[2026-08-12T04:48:10.784+0000] {logging_mixin.py:190} INFO - [2026-08-12T04:48:10.783+0000] {dag.py:4138} INFO - Setting next_dagrun for example_dag_decorator to None, run_after=None
[2026-08-12T04:48:10.819+0000] {processor.py:208} INFO - Processing /home/airflow/.local/lib/python3.12/site-packages/airflow/example_dags/example_dag_decorator.py took 0.234 seconds
[2026-08-12T04:48:40.918+0000] {processor.py:186} INFO - Started process (PID=1991) to work on /home/airflow/.local/lib/python3.12/site-packages/airflow/example_dags/example_dag_decorator.py
[2026-08-12T04:48:40.920+0000] {processor.py:914} INFO - Processing file /home/airflow/.local/lib/python3.12/site-packages/airflow/example_dags/example_dag_decorator.py for tasks to queue
[2026-08-12T04:48:40.925+0000] {logging_mixin.py:190} INFO - [2026-08-12T04:48:40.924+0000] {dagbag.py:587} INFO - Filling up the DagBag from /home/airflow/.local/lib/python3.12/site-packages/airflow/example_dags/example_dag_decorator.py
[2026-08-12T04:48:40.940+0000] {processor.py:925} INFO - DAG(s) 'example_dag_decorator' retrieved from /home/airflow/.local/lib/python3.12/site-packages/airflow/example_dags/example_dag_decorator.py
[2026-08-12T04:48:40.965+0000] {logging_mixin.py:190} INFO - [2026-08-12T04:48:40.965+0000] {dag.py:3211} INFO - Sync 1 DAGs
[2026-08-12T04:48:40.979+0000] {logging_mixin.py:190} INFO - [2026-08-12T04:48:40.978+0000] {dag.py:4138} INFO - Setting next_dagrun for example_dag_decorator to None, run_after=None
[2026-08-12T04:48:41.000+0000] {processor.py:208} INFO - Processing /home/airflow/.local/lib/python3.12/site-packages/airflow/example_dags/example_dag_decorator.py took 0.088 seconds
[2026-08-12T04:49:12.195+0000] {processor.py:186} INFO - Started process (PID=2052) to work on /home/airflow/.local/lib/python3.12/site-packages/airflow/example_dags/example_dag_decorator.py
[2026-08-12T04:49:12.196+0000] {processor.py:914} INFO - Processing file /home/airflow/.local/lib/python3.12/site-packages/airflow/example_dags/example_dag_decorator.py for tasks to queue
[2026-08-12T04:49:12.200+0000] {logging_mixin.py:190} INFO - [2026-08-12T04:49:12.199+0000] {dagbag.py:587} INFO - Filling up the DagBag from /home/airflow/.local/lib/python3.12/site-packages/airflow/example_dags/example_dag_decorator.py
[2026-08-12T04:49:12.212+0000] {processor.py:925} INFO - DAG(s) 'example_dag_decorator' retrieved from /home/airflow/.local/lib/python3.12/site-packages/airflow/example_dags/example_dag_decorator.py
[2026-08-12T04:49:12.318+0000] {logging_mixin.py:190} INFO - [2026-08-12T04:49:12.318+0000] {dag.py:3211} INFO - Sync 1 DAGs
[2026-08-12T04:49:12.329+0000] {logging_mixin.py:190} INFO - [2026-08-12T04:49:12.329+0000] {dag.py:4138} INFO - Setting next_dagrun for example_dag_decorator to None, run_after=None
[2026-08-12T04:49:12.351+0000] {processor.py:208} INFO - Processing /home/airflow/.local/lib/python3.12/site-packages/airflow/example_dags/example_dag_decorator.py took 0.162 seconds
[2026-08-12T04:49:42.685+0000] {processor.py:186} INFO - Started process (PID=2114) to work on /home/airflow/.local/lib/python3.12/site-packages/airflow/example_dags/example_dag_decorator.py
[2026-08-12T04:49:42.687+0000] {processor.py:914} INFO - Processing file /home/airflow/.local/lib/python3.12/site-packages/airflow/example_dags/example_dag_decorator.py for tasks to queue
[2026-08-12T04:49:42.690+0000] {logging_mixin.py:190} INFO - [2026-08-12T04:49:42.690+0000] {dagbag.py:587} INFO - Filling up the DagBag from /home/airflow/.local/lib/python3.12/site-packages/airflow/example_dags/example_dag_decorator.py
[2026-08-12T04:49:42.702+0000] {processor.py:925} INFO - DAG(s) 'example_dag_decorator' retrieved from /home/airflow/.local/lib/python3.12/site-packages/airflow/example_dags/example_dag_decorator.py
[2026-08-12T04:49:42.726+0000] {logging_mixin.py:190} INFO - [2026-08-12T04:49:42.726+0000] {dag.py:3211} INFO - Sync 1 DAGs
[2026-08-12T04:49:42.740+0000] {logging_mixin.py:190} INFO - [2026-08-12T04:49:42.739+0000] {dag.py:4138} INFO - Setting next_dagrun for example_dag_decorator to None, run_after=None
[2026-08-12T04:49:42.760+0000] {processor.py:208} INFO - Processing /home/airflow/.local/lib/python3.12/site-packages/airflow/example_dags/example_dag_decorator.py took 0.082 seconds
[2026-08-12T04:50:13.416+0000] {processor.py:186} INFO - Started process (PID=2176) to work on /home/airflow/.local/lib/python3.12/site-packages/airflow/example_dags/example_dag_decorator.py
[2026-08-12T04:50:13.418+0000] {processor.py:914} INFO - Processing file /home/airflow/.local/lib/python3.12/site-packages/airflow/example_dags/example_dag_decorator.py for tasks to queue
[2026-08-12T04:50:13.422+0000] {logging_mixin.py:190} INFO - [2026-08-12T04:50:13.422+0000] {dagbag.py:587} INFO - Filling up the DagBag from /home/airflow/.local/lib/python3.12/site-packages/airflow/example_dags/example_dag_decorator.py
[2026-08-12T04:50:13.443+0000] {processor.py:925} INFO - DAG(s) 'example_dag_decorator' retrieved from /home/airflow/.local/lib/python3.12/site-packages/airflow/example_dags/example_dag_decorator.py
[2026-08-12T04:50:13.561+0000] {logging_mixin.py:190} INFO - [2026-08-12T04:50:13.561+0000] {dag.py:3211} INFO - Sync 1 DAGs
[2026-08-12T04:50:13.573+0000] {logging_mixin.py:190} INFO - [2026-08-12T04:50:13.573+0000] {dag.py:4138} INFO - Setting next_dagrun for example_dag_decorator to None, run_after=None
[2026-08-12T04:50:13.598+0000] {processor.py:208} INFO - Processing /home/airflow/.local/lib/python3.12/site-packages/airflow/example_dags/example_dag_decorator.py took 0.189 seconds
[2026-08-12T04:50:43.698+0000] {processor.py:186} INFO - Started process (PID=2238) to work on /home/airflow/.local/lib/python3.12/site-packages/airflow/example_dags/example_dag_decorator.py
[2026-08-12T04:50:43.700+0000] {processor.py:914} INFO - Processing file /home/airflow/.local/lib/python3.12/site-packages/airflow/example_dags/example_dag_decorator.py for tasks to queue
[2026-08-12T04:50:43.703+0000] {logging_mixin.py:190} INFO - [2026-08-12T04:50:43.703+0000] {dagbag.py:587} INFO - Filling up the DagBag from /home/airflow/.local/lib/python3.12/site-packages/airflow/example_dags/example_dag_decorator.py
[2026-08-12T04:50:43.716+0000] {processor.py:925} INFO - DAG(s) 'example_dag_decorator' retrieved from /home/airflow/.local/lib/python3.12/site-packages/airflow/example_dags/example_dag_decorator.py
[2026-08-12T04:50:43.828+0000] {logging_mixin.py:190} INFO - [2026-08-12T04:50:43.827+0000] {dag.py:3211} INFO - Sync 1 DAGs
[2026-08-12T04:50:43.839+0000] {logging_mixin.py:190} INFO - [2026-08-12T04:50:43.839+0000] {dag.py:4138} INFO - Setting next_dagrun for example_dag_decorator to None, run_after=None
[2026-08-12T04:50:43.861+0000] {processor.py:208} INFO - Processing /home/airflow/.local/lib/python3.12/site-packages/airflow/example_dags/example_dag_decorator.py took 0.171 seconds
[2026-08-12T04:51:14.687+0000] {processor.py:186} INFO - Started process (PID=2300) to work on /home/airflow/.local/lib/python3.12/site-packages/airflow/example_dags/example_dag_decorator.py
[2026-08-12T04:51:14.689+0000] {processor.py:914} INFO - Processing file /home/airflow/.local/lib/python3.12/site-packages/airflow/example_dags/example_dag_decorator.py for tasks to queue
[2026-08-12T04:51:14.693+0000] {logging_mixin.py:190} INFO - [2026-08-12T04:51:14.692+0000] {dagbag.py:587} INFO - Filling up the DagBag from /home/airflow/.local/lib/python3.12/site-packages/airflow/example_dags/example_dag_decorator.py
[2026-08-12T04:51:14.710+0000] {processor.py:925} INFO - DAG(s) 'example_dag_decorator' retrieved from /home/airflow/.local/lib/python3.12/site-packages/airflow/example_dags/example_dag_decorator.py
[2026-08-12T04:51:14.812+0000] {logging_mixin.py:190} INFO - [2026-08-12T04:51:14.812+0000] {dag.py:3211} INFO - Sync 1 DAGs
[2026-08-12T04:51:14.826+0000] {logging_mixin.py:190} INFO - [2026-08-12T04:51:14.826+0000] {dag.py:4138} INFO - Setting next_dagrun for example_dag_decorator to None, run_after=None
[2026-08-12T04:51:14.848+0000] {processor.py:208} INFO - Processing /home/airflow/.local/lib/python3.12/site-packages/airflow/example_dags/example_dag_decorator.py took 0.167 seconds
[2026-08-12T04:51:45.771+0000] {processor.py:186} INFO - Started process (PID=2362) to work on /home/airflow/.local/lib/python3.12/site-packages/airflow/example_dags/example_dag_decorator.py
[2026-08-12T04:51:45.773+0000] {processor.py:914} INFO - Processing file /home/airflow/.local/lib/python3.12/site-packages/airflow/example_dags/example_dag_decorator.py for tasks to queue
[2026-08-12T04:51:45.776+0000] {logging_mixin.py:190} INFO - [2026-08-12T04:51:45.776+0000] {dagbag.py:587} INFO - Filling up the DagBag from /home/airflow/.local/lib/python3.12/site-packages/airflow/example_dags/example_dag_decorator.py
[2026-08-12T04:51:45.793+0000] {processor.py:925} INFO - DAG(s) 'example_dag_decorator' retrieved from /home/airflow/.local/lib/python3.12/site-packages/airflow/example_dags/example_dag_decorator.py
[2026-08-12T04:51:45.899+0000] {logging_mixin.py:190} INFO - [2026-08-12T04:51:45.899+0000] {dag.py:3211} INFO - Sync 1 DAGs
[2026-08-12T04:51:45.914+0000] {logging_mixin.py:190} INFO - [2026-08-12T04:51:45.913+0000] {dag.py:4138} INFO - Setting next_dagrun for example_dag_decorator to None, run_after=None
[2026-08-12T04:51:45.940+0000] {processor.py:208} INFO - Processing /home/airflow/.local/lib/python3.12/site-packages/airflow/example_dags/example_dag_decorator.py took 0.176 seconds
[2026-08-12T04:52:16.302+0000] {processor.py:186} INFO - Started process (PID=2424) to work on /home/airflow/.local/lib/python3.12/site-packages/airflow/example_dags/example_dag_decorator.py
[2026-08-12T04:52:16.303+0000] {processor.py:914} INFO - Processing file /home/airflow/.local/lib/python3.12/site-packages/airflow/example_dags/example_dag_decorator.py for tasks to queue
[2026-08-12T04:52:16.306+0000] {logging_mixin.py:190} INFO - [2026-08-12T04:52:16.306+0000] {dagbag.py:587} INFO - Filling up the DagBag from /home/airflow/.local/lib/python3.12/site-packages/airflow/example_dags/example_dag_decorator.py
[2026-08-12T04:52:16.330+0000] {processor.py:925} INFO - DAG(s) 'example_dag_decorator' retrieved from /home/airflow/.local/lib/python3.12/site-packages/airflow/example_dags/example_dag_decorator.py
[2026-08-12T04:52:16.445+0000] {logging_mixin.py:190} INFO - [2026-08-12T04:52:16.445+0000] {dag.py:3211} INFO - Sync 1 DAGs
[2026-08-12T04:52:16.458+0000] {logging_mixin.py:190} INFO - [2026-08-12T04:52:16.458+0000] {dag.py:4138} INFO - Setting next_dagrun for example_dag_decorator to None, run_after=None
[2026-08-12T04:52:16.494+0000] {processor.py:208} INFO - Processing /home/airflow/.local/lib/python3.12/site-packages/airflow/example_dags/example_dag_decorator.py took 0.198 seconds
[2026-08-12T04:52:47.424+0000] {processor.py:186} INFO - Started process (PID=2486) to work on /home/airflow/.local/lib/python3.12/site-packages/airflow/example_dags/example_dag_decorator.py
[2026-08-12T04:52:47.426+0000] {processor.py:914} INFO - Processing file /home/airflow/.local/lib/python3.12/site-packages/airflow/example_dags/example_dag_decorator.py for tasks to queue
[2026-08-12T04:52:47.429+0000] {logging_mixin.py:190} INFO - [2026-08-12T04:52:47.429+0000] {dagbag.py:587} INFO - Filling up the DagBag from /home/airflow/.local/lib/python3.12/site-packages/airflow/example_dags/example_dag_decorator.py
[2026-08-12T04:52:47.444+0000] {processor.py:925} INFO - DAG(s) 'example_dag_decorator' retrieved from /home/airflow/.local/lib/python3.12/site-packages/airflow/example_dags/example_dag_decorator.py
[2026-08-12T04:52:47.537+0000] {logging_mixin.py:190} INFO - [2026-08-12T04:52:47.537+0000] {dag.py:3211} INFO - Sync 1 DAGs
[2026-08-12T04:52:47.549+0000] {logging_mixin.py:190} INFO - [2026-08-12T04:52:47.549+0000] {dag.py:4138} INFO - Setting next_dagrun for example_dag_decorator to None, run_after=None
[2026-08-12T04:52:47.583+0000] {processor.py:208} INFO - Processing /home/airflow/.local/lib/python3.12/site-packages/airflow/example_dags/example_dag_decorator.py took 0.168 seconds
[2026-08-12T04:53:18.594+0000] {processor.py:186} INFO - Started process (PID=2549) to work on /home/airflow/.local/lib/python3.12/site-packages/airflow/example_dags/example_dag_decorator.py
[2026-08-12T04:53:18.595+0000] {processor.py:914} INFO - Processing file /home/airflow/.local/lib/python3.12/site-packages/airflow/example_dags/example_dag_decorator.py for tasks to queue
[2026-08-12T04:53:18.599+0000] {logging_mixin.py:190} INFO - [2026-08-12T04:53:18.598+0000] {dagbag.py:587} INFO - Filling up the DagBag from /home/airflow/.local/lib/python3.12/site-packages/airflow/example_dags/example_dag_decorator.py
[2026-08-12T04:53:18.611+0000] {processor.py:925} INFO - DAG(s) 'example_dag_decorator' retrieved from /home/airflow/.local/lib/python3.12/site-packages/airflow/example_dags/example_dag_decorator.py
[2026-08-12T04:53:18.635+0000] {logging_mixin.py:190} INFO - [2026-08-12T04:53:18.635+0000] {dag.py:3211} INFO - Sync 1 DAGs
[2026-08-12T04:53:18.649+0000] {logging_mixin.py:190} INFO - [2026-08-12T04:53:18.648+0000] {dag.py:4138} INFO - Setting next_dagrun for example_dag_decorator to None, run_after=None
[2026-08-12T04:53:18.669+0000] {processor.py:208} INFO - Processing /home/airflow/.local/lib/python3.12/site-packages/airflow/example_dags/example_dag_decorator.py took 0.082 seconds
[2026-08-12T04:53:48.805+0000] {processor.py:186} INFO - Started process (PID=2611) to work on /home/airflow/.local/lib/python3.12/site-packages/airflow/example_dags/example_dag_decorator.py
[2026-08-12T04:53:48.807+0000] {processor.py:914} INFO - Processing file /home/airflow/.local/lib/python3.12/site-packages/airflow/example_dags/example_dag_decorator.py for tasks to queue
[2026-08-12T04:53:48.809+0000] {logging_mixin.py:190} INFO - [2026-08-12T04:53:48.809+0000] {dagbag.py:587} INFO - Filling up the DagBag from /home/airflow/.local/lib/python3.12/site-packages/airflow/example_dags/example_dag_decorator.py
[2026-08-12T04:53:48.820+0000] {processor.py:925} INFO - DAG(s) 'example_dag_decorator' retrieved from /home/airflow/.local/lib/python3.12/site-packages/airflow/example_dags/example_dag_decorator.py
[2026-08-12T04:53:48.844+0000] {logging_mixin.py:190} INFO - [2026-08-12T04:53:48.843+0000] {dag.py:3211} INFO - Sync 1 DAGs
[2026-08-12T04:53:48.857+0000] {logging_mixin.py:190} INFO - [2026-08-12T04:53:48.856+0000] {dag.py:4138} INFO - Setting next_dagrun for example_dag_decorator to None, run_after=None
[2026-08-12T04:53:48.889+0000] {processor.py:208} INFO - Processing /home/airflow/.local/lib/python3.12/site-packages/airflow/example_dags/example_dag_decorator.py took 0.089 seconds
[2026-08-12T04:54:19.183+0000] {processor.py:186} INFO - Started process (PID=2674) to work on /home/airflow/.local/lib/python3.12/site-packages/airflow/example_dags/example_dag_decorator.py
[2026-08-12T04:54:19.185+0000] {processor.py:914} INFO - Processing file /home/airflow/.local/lib/python3.12/site-packages/airflow/example_dags/example_dag_decorator.py for tasks to queue
[2026-08-12T04:54:19.188+0000] {logging_mixin.py:190} INFO - [2026-08-12T04:54:19.187+0000] {dagbag.py:587} INFO - Filling up the DagBag from /home/airflow/.local/lib/python3.12/site-packages/airflow/example_dags/example_dag_decorator.py
[2026-08-12T04:54:19.201+0000] {processor.py:925} INFO - DAG(s) 'example_dag_decorator' retrieved from /home/airflow/.local/lib/python3.12/site-packages/airflow/example_dags/example_dag_decorator.py
[2026-08-12T04:54:19.224+0000] {logging_mixin.py:190} INFO - [2026-08-12T04:54:19.224+0000] {dag.py:3211} INFO - Sync 1 DAGs
[2026-08-12T04:54:19.238+0000] {logging_mixin.py:190} INFO - [2026-08-12T04:54:19.237+0000] {dag.py:4138} INFO - Setting next_dagrun for example_dag_decorator to None, run_after=None
[2026-08-12T04:54:19.272+0000] {processor.py:208} INFO - Processing /home/airflow/.local/lib/python3.12/site-packages/airflow/example_dags/example_dag_decorator.py took 0.095 seconds
[2026-08-12T04:54:49.706+0000] {processor.py:186} INFO - Started process (PID=2737) to work on /home/airflow/.local/lib/python3.12/site-packages/airflow/example_dags/example_dag_decorator.py
[2026-08-12T04:54:49.707+0000] {processor.py:914} INFO - Processing file /home/airflow/.local/lib/python3.12/site-packages/airflow/example_dags/example_dag_decorator.py for tasks to queue
[2026-08-12T04:54:49.710+0000] {logging_mixin.py:190} INFO - [2026-08-12T04:54:49.710+0000] {dagbag.py:587} INFO - Filling up the DagBag from /home/airflow/.local/lib/python3.12/site-packages/airflow/example_dags/example_dag_decorator.py
[2026-08-12T04:54:49.721+0000] {processor.py:925} INFO - DAG(s) 'example_dag_decorator' retrieved from /home/airflow/.local/lib/python3.12/site-packages/airflow/example_dags/example_dag_decorator.py
[2026-08-12T04:54:49.815+0000] {logging_mixin.py:190} INFO - [2026-08-12T04:54:49.815+0000] {dag.py:3211} INFO - Sync 1 DAGs
[2026-08-12T04:54:50.022+0000] {logging_mixin.py:190} INFO - [2026-08-12T04:54:50.021+0000] {dag.py:4138} INFO - Setting next_dagrun for example_dag_decorator to None, run_after=None
[2026-08-12T04:54:50.041+0000] {processor.py:208} INFO - Processing /home/airflow/.local/lib/python3.12/site-packages/airflow/example_dags/example_dag_decorator.py took 0.340 seconds
[2026-08-12T04:55:20.472+0000] {processor.py:186} INFO - Started process (PID=2800) to work on /home/airflow/.local/lib/python3.12/site-packages/airflow/example_dags/example_dag_decorator.py
[2026-08-12T04:55:20.473+0000] {processor.py:914} INFO - Processing file /home/airflow/.local/lib/python3.12/site-packages/airflow/example_dags/example_dag_decorator.py for tasks to queue
[2026-08-12T04:55:20.476+0000] {logging_mixin.py:190} INFO - [2026-08-12T04:55:20.476+0000] {dagbag.py:587} INFO - Filling up the DagBag from /home/airflow/.local/lib/python3.12/site-packages/airflow/example_dags/example_dag_decorator.py
[2026-08-12T04:55:20.489+0000] {processor.py:925} INFO - DAG(s) 'example_dag_decorator' retrieved from /home/airflow/.local/lib/python3.12/site-packages/airflow/example_dags/example_dag_decorator.py
[2026-08-12T04:55:20.603+0000] {logging_mixin.py:190} INFO - [2026-08-12T04:55:20.603+0000] {dag.py:3211} INFO - Sync 1 DAGs
[2026-08-12T04:55:20.614+0000] {logging_mixin.py:190} INFO - [2026-08-12T04:55:20.614+0000] {dag.py:4138} INFO - Setting next_dagrun for example_dag_decorator to None, run_after=None
[2026-08-12T04:55:20.815+0000] {processor.py:208} INFO - Processing /home/airflow/.local/lib/python3.12/site-packages/airflow/example_dags/example_dag_decorator.py took 0.349 seconds
[2026-08-12T04:55:51.313+0000] {processor.py:186} INFO - Started process (PID=2863) to work on /home/airflow/.local/lib/python3.12/site-packages/airflow/example_dags/example_dag_decorator.py
[2026-08-12T04:55:51.315+0000] {processor.py:914} INFO - Processing file /home/airflow/.local/lib/python3.12/site-packages/airflow/example_dags/example_dag_decorator.py for tasks to queue
[2026-08-12T04:55:51.319+0000] {logging_mixin.py:190} INFO - [2026-08-12T04:55:51.318+0000] {dagbag.py:587} INFO - Filling up the DagBag from /home/airflow/.local/lib/python3.12/site-packages/airflow/example_dags/example_dag_decorator.py
[2026-08-12T04:55:51.333+0000] {processor.py:925} INFO - DAG(s) 'example_dag_decorator' retrieved from /home/airflow/.local/lib/python3.12/site-packages/airflow/example_dags/example_dag_decorator.py
[2026-08-12T04:55:51.437+0000] {logging_mixin.py:190} INFO - [2026-08-12T04:55:51.436+0000] {dag.py:3211} INFO - Sync 1 DAGs
[2026-08-12T04:55:51.450+0000] {logging_mixin.py:190} INFO - [2026-08-12T04:55:51.449+0000] {dag.py:4138} INFO - Setting next_dagrun for example_dag_decorator to None, run_after=None
[2026-08-12T04:55:51.475+0000] {processor.py:208} INFO - Processing /home/airflow/.local/lib/python3.12/site-packages/airflow/example_dags/example_dag_decorator.py took 0.170 seconds
[2026-08-12T04:56:21.908+0000] {processor.py:186} INFO - Started process (PID=2926) to work on /home/airflow/.local/lib/python3.12/site-packages/airflow/example_dags/example_dag_decorator.py
[2026-08-12T04:56:21.910+0000] {processor.py:914} INFO - Processing file /home/airflow/.local/lib/python3.12/site-packages/airflow/example_dags/example_dag_decorator.py for tasks to queue
[2026-08-12T04:56:21.913+0000] {logging_mixin.py:190} INFO - [2026-08-12T04:56:21.913+0000] {dagbag.py:587} INFO - Filling up the DagBag from /home/airflow/.local/lib/python3.12/site-packages/airflow/example_dags/example_dag_decorator.py
[2026-08-12T04:56:21.927+0000] {processor.py:925} INFO - DAG(s) 'example_dag_decorator' retrieved from /home/airflow/.local/lib/python3.12/site-packages/airflow/example_dags/example_dag_decorator.py
[2026-08-12T04:56:22.033+0000] {logging_mixin.py:190} INFO - [2026-08-12T04:56:22.033+0000] {dag.py:3211} INFO - Sync 1 DAGs
[2026-08-12T04:56:22.045+0000] {logging_mixin.py:190} INFO - [2026-08-12T04:56:22.045+0000] {dag.py:4138} INFO - Setting next_dagrun for example_dag_decorator to None, run_after=None
[2026-08-12T04:56:22.066+0000] {processor.py:208} INFO - Processing /home/airflow/.local/lib/python3.12/site-packages/airflow/example_dags/example_dag_decorator.py took 0.165 seconds
[2026-08-12T04:56:52.756+0000] {processor.py:186} INFO - Started process (PID=2989) to work on /home/airflow/.local/lib/python3.12/site-packages/airflow/example_dags/example_dag_decorator.py
[2026-08-12T04:56:52.758+0000] {processor.py:914} INFO - Processing file /home/airflow/.local/lib/python3.12/site-packages/airflow/example_dags/example_dag_decorator.py for tasks to queue
[2026-08-12T04:56:52.762+0000] {logging_mixin.py:190} INFO - [2026-08-12T04:56:52.762+0000] {dagbag.py:587} INFO - Filling up the DagBag from /home/airflow/.local/lib/python3.12/site-packages/airflow/example_dags/example_dag_decorator.py
[2026-08-12T04:56:52.780+0000] {processor.py:925} INFO - DAG(s) 'example_dag_decorator' retrieved from /home/airflow/.local/lib/python3.12/site-packages/airflow/example_dags/example_dag_decorator.py
[2026-08-12T04:56:53.100+0000] {logging_mixin.py:190} INFO - [2026-08-12T04:56:53.100+0000] {dag.py:3211} INFO - Sync 1 DAGs
[2026-08-12T04:56:53.110+0000] {logging_mixin.py:190} INFO - [2026-08-12T04:56:53.110+0000] {dag.py:4138} INFO - Setting next_dagrun for example_dag_decorator to None, run_after=None
[2026-08-12T04:56:53.128+0000] {processor.py:208} INFO - Processing /home/airflow/.local/lib/python3.12/site-packages/airflow/example_dags/example_dag_decorator.py took 0.379 seconds
[2026-08-12T04:57:23.519+0000] {processor.py:186} INFO - Started process (PID=3052) to work on /home/airflow/.local/lib/python3.12/site-packages/airflow/example_dags/example_dag_decorator.py
[2026-08-12T04:57:23.521+0000] {processor.py:914} INFO - Processing file /home/airflow/.local/lib/python3.12/site-packages/airflow/example_dags/example_dag_decorator.py for tasks to queue
[2026-08-12T04:57:23.525+0000] {logging_mixin.py:190} INFO - [2026-08-12T04:57:23.524+0000] {dagbag.py:587} INFO - Filling up the DagBag from /home/airflow/.local/lib/python3.12/site-packages/airflow/example_dags/example_dag_decorator.py
[2026-08-12T04:57:23.540+0000] {processor.py:925} INFO - DAG(s) 'example_dag_decorator' retrieved from /home/airflow/.local/lib/python3.12/site-packages/airflow/example_dags/example_dag_decorator.py
[2026-08-12T04:57:23.879+0000] {logging_mixin.py:190} INFO - [2026-08-12T04:57:23.879+0000] {dag.py:3211} INFO - Sync 1 DAGs
[2026-08-12T04:57:23.890+0000] {logging_mixin.py:190} INFO - [2026-08-12T04:57:23.890+0000] {dag.py:4138} INFO - Setting next_dagrun for example_dag_decorator to None, run_after=None
[2026-08-12T04:57:23.908+0000] {processor.py:208} INFO - Processing /home/airflow/.local/lib/python3.12/site-packages/airflow/example_dags/example_dag_decorator.py took 0.398 seconds
[2026-08-12T04:57:54.479+0000] {processor.py:186} INFO - Started process (PID=3115) to work on /home/airflow/.local/lib/python3.12/site-packages/airflow/example_dags/example_dag_decorator.py
[2026-08-12T04:57:54.480+0000] {processor.py:914} INFO - Processing file /home/airflow/.local/lib/python3.12/site-packages/airflow/example_dags/example_dag_decorator.py for tasks to queue
[2026-08-12T04:57:54.483+0000] {logging_mixin.py:190} INFO - [2026-08-12T04:57:54.483+0000] {dagbag.py:587} INFO - Filling up the DagBag from /home/airflow/.local/lib/python3.12/site-packages/airflow/example_dags/example_dag_decorator.py
[2026-08-12T04:57:54.494+0000] {processor.py:925} INFO - DAG(s) 'example_dag_decorator' retrieved from /home/airflow/.local/lib/python3.12/site-packages/airflow/example_dags/example_dag_decorator.py
[2026-08-12T04:57:54.846+0000] {logging_mixin.py:190} INFO - [2026-08-12T04:57:54.846+0000] {dag.py:3211} INFO - Sync 1 DAGs
[2026-08-12T04:57:54.856+0000] {logging_mixin.py:190} INFO - [2026-08-12T04:57:54.856+0000] {dag.py:4138} INFO - Setting next_dagrun for example_dag_decorator to None, run_after=None
[2026-08-12T04:57:54.889+0000] {processor.py:208} INFO - Processing /home/airflow/.local/lib/python3.12/site-packages/airflow/example_dags/example_dag_decorator.py took 0.415 seconds
[2026-08-12T04:58:25.009+0000] {processor.py:186} INFO - Started process (PID=3180) to work on /home/airflow/.local/lib/python3.12/site-packages/airflow/example_dags/example_dag_decorator.py
[2026-08-12T04:58:25.010+0000] {processor.py:914} INFO - Processing file /home/airflow/.local/lib/python3.12/site-packages/airflow/example_dags/example_dag_decorator.py for tasks to queue
[2026-08-12T04:58:25.014+0000] {logging_mixin.py:190} INFO - [2026-08-12T04:58:25.014+0000] {dagbag.py:587} INFO - Filling up the DagBag from /home/airflow/.local/lib/python3.12/site-packages/airflow/example_dags/example_dag_decorator.py
[2026-08-12T04:58:25.029+0000] {processor.py:925} INFO - DAG(s) 'example_dag_decorator' retrieved from /home/airflow/.local/lib/python3.12/site-packages/airflow/example_dags/example_dag_decorator.py
[2026-08-12T04:58:25.348+0000] {logging_mixin.py:190} INFO - [2026-08-12T04:58:25.348+0000] {dag.py:3211} INFO - Sync 1 DAGs
[2026-08-12T04:58:25.361+0000] {logging_mixin.py:190} INFO - [2026-08-12T04:58:25.360+0000] {dag.py:4138} INFO - Setting next_dagrun for example_dag_decorator to None, run_after=None
[2026-08-12T04:58:25.384+0000] {processor.py:208} INFO - Processing /home/airflow/.local/lib/python3.12/site-packages/airflow/example_dags/example_dag_decorator.py took 0.382 seconds
[2026-08-12T04:58:55.555+0000] {processor.py:186} INFO - Started process (PID=3244) to work on /home/airflow/.local/lib/python3.12/site-packages/airflow/example_dags/example_dag_decorator.py
[2026-08-12T04:58:55.556+0000] {processor.py:914} INFO - Processing file /home/airflow/.local/lib/python3.12/site-packages/airflow/example_dags/example_dag_decorator.py for tasks to queue
[2026-08-12T04:58:55.559+0000] {logging_mixin.py:190} INFO - [2026-08-12T04:58:55.559+0000] {dagbag.py:587} INFO - Filling up the DagBag from /home/airflow/.local/lib/python3.12/site-packages/airflow/example_dags/example_dag_decorator.py
[2026-08-12T04:58:55.572+0000] {processor.py:925} INFO - DAG(s) 'example_dag_decorator' retrieved from /home/airflow/.local/lib/python3.12/site-packages/airflow/example_dags/example_dag_decorator.py
[2026-08-12T04:58:55.850+0000] {logging_mixin.py:190} INFO - [2026-08-12T04:58:55.850+0000] {dag.py:3211} INFO - Sync 1 DAGs
[2026-08-12T04:58:55.859+0000] {logging_mixin.py:190} INFO - [2026-08-12T04:58:55.859+0000] {dag.py:4138} INFO - Setting next_dagrun for example_dag_decorator to None, run_after=None
[2026-08-12T04:58:55.878+0000] {processor.py:208} INFO - Processing /home/airflow/.local/lib/python3.12/site-packages/airflow/example_dags/example_dag_decorator.py took 0.329 seconds
[2026-08-12T04:59:26.207+0000] {processor.py:186} INFO - Started process (PID=3304) to work on /home/airflow/.local/lib/python3.12/site-packages/airflow/example_dags/example_dag_decorator.py
[2026-08-12T04:59:26.209+0000] {processor.py:914} INFO - Processing file /home/airflow/.local/lib/python3.12/site-packages/airflow/example_dags/example_dag_decorator.py for tasks to queue
[2026-08-12T04:59:26.213+0000] {logging_mixin.py:190} INFO - [2026-08-12T04:59:26.213+0000] {dagbag.py:587} INFO - Filling up the DagBag from /home/airflow/.local/lib/python3.12/site-packages/airflow/example_dags/example_dag_decorator.py
[2026-08-12T04:59:26.228+0000] {processor.py:925} INFO - DAG(s) 'example_dag_decorator' retrieved from /home/airflow/.local/lib/python3.12/site-packages/airflow/example_dags/example_dag_decorator.py
[2026-08-12T04:59:26.545+0000] {logging_mixin.py:190} INFO - [2026-08-12T04:59:26.545+0000] {dag.py:3211} INFO - Sync 1 DAGs
[2026-08-12T04:59:26.559+0000] {logging_mixin.py:190} INFO - [2026-08-12T04:59:26.559+0000] {dag.py:4138} INFO - Setting next_dagrun for example_dag_decorator to None, run_after=None
[2026-08-12T04:59:26.578+0000] {processor.py:208} INFO - Processing /home/airflow/.local/lib/python3.12/site-packages/airflow/example_dags/example_dag_decorator.py took 0.377 seconds
[2026-08-12T04:59:56.629+0000] {processor.py:186} INFO - Started process (PID=3368) to work on /home/airflow/.local/lib/python3.12/site-packages/airflow/example_dags/example_dag_decorator.py
[2026-08-12T04:59:56.630+0000] {processor.py:914} INFO - Processing file /home/airflow/.local/lib/python3.12/site-packages/airflow/example_dags/example_dag_decorator.py for tasks to queue
[2026-08-12T04:59:56.633+0000] {logging_mixin.py:190} INFO - [2026-08-12T04:59:56.633+0000] {dagbag.py:587} INFO - Filling up the DagBag from /home/airflow/.local/lib/python3.12/site-packages/airflow/example_dags/example_dag_decorator.py
[2026-08-12T04:59:56.644+0000] {processor.py:925} INFO - DAG(s) 'example_dag_decorator' retrieved from /home/airflow/.local/lib/python3.12/site-packages/airflow/example_dags/example_dag_decorator.py
[2026-08-12T04:59:56.946+0000] {logging_mixin.py:190} INFO - [2026-08-12T04:59:56.945+0000] {dag.py:3211} INFO - Sync 1 DAGs
[2026-08-12T04:59:56.959+0000] {logging_mixin.py:190} INFO - [2026-08-12T04:59:56.959+0000] {dag.py:4138} INFO - Setting next_dagrun for example_dag_decorator to None, run_after=None
[2026-08-12T04:59:56.982+0000] {processor.py:208} INFO - Processing /home/airflow/.local/lib/python3.12/site-packages/airflow/example_dags/example_dag_decorator.py took 0.358 seconds
[2026-08-12T05:00:27.429+0000] {processor.py:186} INFO - Started process (PID=3437) to work on /home/airflow/.local/lib/python3.12/site-packages/airflow/example_dags/example_dag_decorator.py
[2026-08-12T05:00:27.430+0000] {processor.py:914} INFO - Processing file /home/airflow/.local/lib/python3.12/site-packages/airflow/example_dags/example_dag_decorator.py for tasks to queue
[2026-08-12T05:00:27.434+0000] {logging_mixin.py:190} INFO - [2026-08-12T05:00:27.434+0000] {dagbag.py:587} INFO - Filling up the DagBag from /home/airflow/.local/lib/python3.12/site-packages/airflow/example_dags/example_dag_decorator.py
[2026-08-12T05:00:27.449+0000] {processor.py:925} INFO - DAG(s) 'example_dag_decorator' retrieved from /home/airflow/.local/lib/python3.12/site-packages/airflow/example_dags/example_dag_decorator.py
[2026-08-12T05:00:27.749+0000] {logging_mixin.py:190} INFO - [2026-08-12T05:00:27.749+0000] {dag.py:3211} INFO - Sync 1 DAGs
[2026-08-12T05:00:27.764+0000] {logging_mixin.py:190} INFO - [2026-08-12T05:00:27.764+0000] {dag.py:4138} INFO - Setting next_dagrun for example_dag_decorator to None, run_after=None
[2026-08-12T05:00:27.786+0000] {processor.py:208} INFO - Processing /home/airflow/.local/lib/python3.12/site-packages/airflow/example_dags/example_dag_decorator.py took 0.365 seconds
[2026-08-12T05:00:58.221+0000] {processor.py:186} INFO - Started process (PID=3500) to work on /home/airflow/.local/lib/python3.12/site-packages/airflow/example_dags/example_dag_decorator.py
[2026-08-12T05:00:58.223+0000] {processor.py:914} INFO - Processing file /home/airflow/.local/lib/python3.12/site-packages/airflow/example_dags/example_dag_decorator.py for tasks to queue
[2026-08-12T05:00:58.226+0000] {logging_mixin.py:190} INFO - [2026-08-12T05:00:58.226+0000] {dagbag.py:587} INFO - Filling up the DagBag from /home/airflow/.local/lib/python3.12/site-packages/airflow/example_dags/example_dag_decorator.py
[2026-08-12T05:00:58.245+0000] {processor.py:925} INFO - DAG(s) 'example_dag_decorator' retrieved from /home/airflow/.local/lib/python3.12/site-packages/airflow/example_dags/example_dag_decorator.py
[2026-08-12T05:00:58.621+0000] {logging_mixin.py:190} INFO - [2026-08-12T05:00:58.621+0000] {dag.py:3211} INFO - Sync 1 DAGs
[2026-08-12T05:00:58.635+0000] {logging_mixin.py:190} INFO - [2026-08-12T05:00:58.634+0000] {dag.py:4138} INFO - Setting next_dagrun for example_dag_decorator to None, run_after=None
[2026-08-12T05:00:58.659+0000] {processor.py:208} INFO - Processing /home/airflow/.local/lib/python3.12/site-packages/airflow/example_dags/example_dag_decorator.py took 0.447 seconds
[2026-08-12T05:01:28.737+0000] {processor.py:186} INFO - Started process (PID=3565) to work on /home/airflow/.local/lib/python3.12/site-packages/airflow/example_dags/example_dag_decorator.py
[2026-08-12T05:01:28.739+0000] {processor.py:914} INFO - Processing file /home/airflow/.local/lib/python3.12/site-packages/airflow/example_dags/example_dag_decorator.py for tasks to queue
[2026-08-12T05:01:28.741+0000] {logging_mixin.py:190} INFO - [2026-08-12T05:01:28.741+0000] {dagbag.py:587} INFO - Filling up the DagBag from /home/airflow/.local/lib/python3.12/site-packages/airflow/example_dags/example_dag_decorator.py
[2026-08-12T05:01:28.755+0000] {processor.py:925} INFO - DAG(s) 'example_dag_decorator' retrieved from /home/airflow/.local/lib/python3.12/site-packages/airflow/example_dags/example_dag_decorator.py
[2026-08-12T05:01:28.847+0000] {logging_mixin.py:190} INFO - [2026-08-12T05:01:28.847+0000] {dag.py:3211} INFO - Sync 1 DAGs
[2026-08-12T05:01:28.859+0000] {logging_mixin.py:190} INFO - [2026-08-12T05:01:28.858+0000] {dag.py:4138} INFO - Setting next_dagrun for example_dag_decorator to None, run_after=None
[2026-08-12T05:01:28.877+0000] {processor.py:208} INFO - Processing /home/airflow/.local/lib/python3.12/site-packages/airflow/example_dags/example_dag_decorator.py took 0.145 seconds
[2026-08-12T05:01:58.986+0000] {processor.py:186} INFO - Started process (PID=3629) to work on /home/airflow/.local/lib/python3.12/site-packages/airflow/example_dags/example_dag_decorator.py
[2026-08-12T05:01:58.987+0000] {processor.py:914} INFO - Processing file /home/airflow/.local/lib/python3.12/site-packages/airflow/example_dags/example_dag_decorator.py for tasks to queue
[2026-08-12T05:01:58.990+0000] {logging_mixin.py:190} INFO - [2026-08-12T05:01:58.989+0000] {dagbag.py:587} INFO - Filling up the DagBag from /home/airflow/.local/lib/python3.12/site-packages/airflow/example_dags/example_dag_decorator.py
[2026-08-12T05:01:59.000+0000] {processor.py:925} INFO - DAG(s) 'example_dag_decorator' retrieved from /home/airflow/.local/lib/python3.12/site-packages/airflow/example_dags/example_dag_decorator.py
[2026-08-12T05:01:59.081+0000] {logging_mixin.py:190} INFO - [2026-08-12T05:01:59.080+0000] {dag.py:3211} INFO - Sync 1 DAGs
[2026-08-12T05:01:59.091+0000] {logging_mixin.py:190} INFO - [2026-08-12T05:01:59.091+0000] {dag.py:4138} INFO - Setting next_dagrun for example_dag_decorator to None, run_after=None
[2026-08-12T05:01:59.109+0000] {processor.py:208} INFO - Processing /home/airflow/.local/lib/python3.12/site-packages/airflow/example_dags/example_dag_decorator.py took 0.128 seconds
[2026-08-12T05:02:29.269+0000] {processor.py:186} INFO - Started process (PID=3692) to work on /home/airflow/.local/lib/python3.12/site-packages/airflow/example_dags/example_dag_decorator.py
[2026-08-12T05:02:29.270+0000] {processor.py:914} INFO - Processing file /home/airflow/.local/lib/python3.12/site-packages/airflow/example_dags/example_dag_decorator.py for tasks to queue
[2026-08-12T05:02:29.273+0000] {logging_mixin.py:190} INFO - [2026-08-12T05:02:29.273+0000] {dagbag.py:587} INFO - Filling up the DagBag from /home/airflow/.local/lib/python3.12/site-packages/airflow/example_dags/example_dag_decorator.py
[2026-08-12T05:02:29.284+0000] {processor.py:925} INFO - DAG(s) 'example_dag_decorator' retrieved from /home/airflow/.local/lib/python3.12/site-packages/airflow/example_dags/example_dag_decorator.py
[2026-08-12T05:02:29.377+0000] {logging_mixin.py:190} INFO - [2026-08-12T05:02:29.376+0000] {dag.py:3211} INFO - Sync 1 DAGs
[2026-08-12T05:02:29.389+0000] {logging_mixin.py:190} INFO - [2026-08-12T05:02:29.388+0000] {dag.py:4138} INFO - Setting next_dagrun for example_dag_decorator to None, run_after=None
[2026-08-12T05:02:29.409+0000] {processor.py:208} INFO - Processing /home/airflow/.local/lib/python3.12/site-packages/airflow/example_dags/example_dag_decorator.py took 0.146 seconds
[2026-08-12T05:02:59.679+0000] {processor.py:186} INFO - Started process (PID=3753) to work on /home/airflow/.local/lib/python3.12/site-packages/airflow/example_dags/example_dag_decorator.py
[2026-08-12T05:02:59.680+0000] {processor.py:914} INFO - Processing file /home/airflow/.local/lib/python3.12/site-packages/airflow/example_dags/example_dag_decorator.py for tasks to queue
[2026-08-12T05:02:59.683+0000] {logging_mixin.py:190} INFO - [2026-08-12T05:02:59.683+0000] {dagbag.py:587} INFO - Filling up the DagBag from /home/airflow/.local/lib/python3.12/site-packages/airflow/example_dags/example_dag_decorator.py
[2026-08-12T05:02:59.694+0000] {processor.py:925} INFO - DAG(s) 'example_dag_decorator' retrieved from /home/airflow/.local/lib/python3.12/site-packages/airflow/example_dags/example_dag_decorator.py
[2026-08-12T05:02:59.804+0000] {logging_mixin.py:190} INFO - [2026-08-12T05:02:59.804+0000] {dag.py:3211} INFO - Sync 1 DAGs
[2026-08-12T05:02:59.819+0000] {logging_mixin.py:190} INFO - [2026-08-12T05:02:59.819+0000] {dag.py:4138} INFO - Setting next_dagrun for example_dag_decorator to None, run_after=None
[2026-08-12T05:02:59.840+0000] {processor.py:208} INFO - Processing /home/airflow/.local/lib/python3.12/site-packages/airflow/example_dags/example_dag_decorator.py took 0.167 seconds
[2026-08-12T05:03:29.933+0000] {processor.py:186} INFO - Started process (PID=3816) to work on /home/airflow/.local/lib/python3.12/site-packages/airflow/example_dags/example_dag_decorator.py
[2026-08-12T05:03:29.934+0000] {processor.py:914} INFO - Processing file /home/airflow/.local/lib/python3.12/site-packages/airflow/example_dags/example_dag_decorator.py for tasks to queue
[2026-08-12T05:03:29.937+0000] {logging_mixin.py:190} INFO - [2026-08-12T05:03:29.936+0000] {dagbag.py:587} INFO - Filling up the DagBag from /home/airflow/.local/lib/python3.12/site-packages/airflow/example_dags/example_dag_decorator.py
[2026-08-12T05:03:29.950+0000] {processor.py:925} INFO - DAG(s) 'example_dag_decorator' retrieved from /home/airflow/.local/lib/python3.12/site-packages/airflow/example_dags/example_dag_decorator.py
[2026-08-12T05:03:30.048+0000] {logging_mixin.py:190} INFO - [2026-08-12T05:03:30.048+0000] {dag.py:3211} INFO - Sync 1 DAGs
[2026-08-12T05:03:30.064+0000] {logging_mixin.py:190} INFO - [2026-08-12T05:03:30.064+0000] {dag.py:4138} INFO - Setting next_dagrun for example_dag_decorator to None, run_after=None
[2026-08-12T05:03:30.084+0000] {processor.py:208} INFO - Processing /home/airflow/.local/lib/python3.12/site-packages/airflow/example_dags/example_dag_decorator.py took 0.158 seconds
[2026-08-12T05:04:00.419+0000] {processor.py:186} INFO - Started process (PID=3879) to work on /home/airflow/.local/lib/python3.12/site-packages/airflow/example_dags/example_dag_decorator.py
[2026-08-12T05:04:00.421+0000] {processor.py:914} INFO - Processing file /home/airflow/.local/lib/python3.12/site-packages/airflow/example_dags/example_dag_decorator.py for tasks to queue
[2026-08-12T05:04:00.424+0000] {logging_mixin.py:190} INFO - [2026-08-12T05:04:00.423+0000] {dagbag.py:587} INFO - Filling up the DagBag from /home/airflow/.local/lib/python3.12/site-packages/airflow/example_dags/example_dag_decorator.py
[2026-08-12T05:04:00.438+0000] {processor.py:925} INFO - DAG(s) 'example_dag_decorator' retrieved from /home/airflow/.local/lib/python3.12/site-packages/airflow/example_dags/example_dag_decorator.py
[2026-08-12T05:04:00.566+0000] {logging_mixin.py:190} INFO - [2026-08-12T05:04:00.566+0000] {dag.py:3211} INFO - Sync 1 DAGs
[2026-08-12T05:04:00.580+0000] {logging_mixin.py:190} INFO - [2026-08-12T05:04:00.580+0000] {dag.py:4138} INFO - Setting next_dagrun for example_dag_decorator to None, run_after=None
[2026-08-12T05:04:00.603+0000] {processor.py:208} INFO - Processing /home/airflow/.local/lib/python3.12/site-packages/airflow/example_dags/example_dag_decorator.py took 0.190 seconds
[2026-08-12T05:04:30.838+0000] {processor.py:186} INFO - Started process (PID=3942) to work on /home/airflow/.local/lib/python3.12/site-packages/airflow/example_dags/example_dag_decorator.py
[2026-08-12T05:04:30.840+0000] {processor.py:914} INFO - Processing file /home/airflow/.local/lib/python3.12/site-packages/airflow/example_dags/example_dag_decorator.py for tasks to queue
[2026-08-12T05:04:30.843+0000] {logging_mixin.py:190} INFO - [2026-08-12T05:04:30.842+0000] {dagbag.py:587} INFO - Filling up the DagBag from /home/airflow/.local/lib/python3.12/site-packages/airflow/example_dags/example_dag_decorator.py
[2026-08-12T05:04:30.855+0000] {processor.py:925} INFO - DAG(s) 'example_dag_decorator' retrieved from /home/airflow/.local/lib/python3.12/site-packages/airflow/example_dags/example_dag_decorator.py
[2026-08-12T05:04:30.969+0000] {logging_mixin.py:190} INFO - [2026-08-12T05:04:30.968+0000] {dag.py:3211} INFO - Sync 1 DAGs
[2026-08-12T05:04:30.981+0000] {logging_mixin.py:190} INFO - [2026-08-12T05:04:30.981+0000] {dag.py:4138} INFO - Setting next_dagrun for example_dag_decorator to None, run_after=None
[2026-08-12T05:04:31.002+0000] {processor.py:208} INFO - Processing /home/airflow/.local/lib/python3.12/site-packages/airflow/example_dags/example_dag_decorator.py took 0.170 seconds
[2026-08-12T05:05:01.142+0000] {processor.py:186} INFO - Started process (PID=4005) to work on /home/airflow/.local/lib/python3.12/site-packages/airflow/example_dags/example_dag_decorator.py
[2026-08-12T05:05:01.143+0000] {processor.py:914} INFO - Processing file /home/airflow/.local/lib/python3.12/site-packages/airflow/example_dags/example_dag_decorator.py for tasks to queue
[2026-08-12T05:05:01.147+0000] {logging_mixin.py:190} INFO - [2026-08-12T05:05:01.147+0000] {dagbag.py:587} INFO - Filling up the DagBag from /home/airflow/.local/lib/python3.12/site-packages/airflow/example_dags/example_dag_decorator.py
[2026-08-12T05:05:01.161+0000] {processor.py:925} INFO - DAG(s) 'example_dag_decorator' retrieved from /home/airflow/.local/lib/python3.12/site-packages/airflow/example_dags/example_dag_decorator.py
[2026-08-12T05:05:01.277+0000] {logging_mixin.py:190} INFO - [2026-08-12T05:05:01.277+0000] {dag.py:3211} INFO - Sync 1 DAGs
[2026-08-12T05:05:01.289+0000] {logging_mixin.py:190} INFO - [2026-08-12T05:05:01.289+0000] {dag.py:4138} INFO - Setting next_dagrun for example_dag_decorator to None, run_after=None
[2026-08-12T05:05:01.312+0000] {processor.py:208} INFO - Processing /home/airflow/.local/lib/python3.12/site-packages/airflow/example_dags/example_dag_decorator.py took 0.177 seconds
[2026-08-12T05:05:31.452+0000] {processor.py:186} INFO - Started process (PID=4069) to work on /home/airflow/.local/lib/python3.12/site-packages/airflow/example_dags/example_dag_decorator.py
[2026-08-12T05:05:31.453+0000] {processor.py:914} INFO - Processing file /home/airflow/.local/lib/python3.12/site-packages/airflow/example_dags/example_dag_decorator.py for tasks to queue
[2026-08-12T05:05:31.456+0000] {logging_mixin.py:190} INFO - [2026-08-12T05:05:31.456+0000] {dagbag.py:587} INFO - Filling up the DagBag from /home/airflow/.local/lib/python3.12/site-packages/airflow/example_dags/example_dag_decorator.py
[2026-08-12T05:05:31.467+0000] {processor.py:925} INFO - DAG(s) 'example_dag_decorator' retrieved from /home/airflow/.local/lib/python3.12/site-packages/airflow/example_dags/example_dag_decorator.py
[2026-08-12T05:05:31.568+0000] {logging_mixin.py:190} INFO - [2026-08-12T05:05:31.568+0000] {dag.py:3211} INFO - Sync 1 DAGs
[2026-08-12T05:05:31.579+0000] {logging_mixin.py:190} INFO - [2026-08-12T05:05:31.578+0000] {dag.py:4138} INFO - Setting next_dagrun for example_dag_decorator to None, run_after=None
[2026-08-12T05:05:31.599+0000] {processor.py:208} INFO - Processing /home/airflow/.local/lib/python3.12/site-packages/airflow/example_dags/example_dag_decorator.py took 0.152 seconds
[2026-08-12T05:06:01.751+0000] {processor.py:186} INFO - Started process (PID=4132) to work on /home/airflow/.local/lib/python3.12/site-packages/airflow/example_dags/example_dag_decorator.py
[2026-08-12T05:06:01.754+0000] {processor.py:914} INFO - Processing file /home/airflow/.local/lib/python3.12/site-packages/airflow/example_dags/example_dag_decorator.py for tasks to queue
[2026-08-12T05:06:01.760+0000] {logging_mixin.py:190} INFO - [2026-08-12T05:06:01.759+0000] {dagbag.py:587} INFO - Filling up the DagBag from /home/airflow/.local/lib/python3.12/site-packages/airflow/example_dags/example_dag_decorator.py
[2026-08-12T05:06:01.778+0000] {processor.py:925} INFO - DAG(s) 'example_dag_decorator' retrieved from /home/airflow/.local/lib/python3.12/site-packages/airflow/example_dags/example_dag_decorator.py
[2026-08-12T05:06:01.933+0000] {logging_mixin.py:190} INFO - [2026-08-12T05:06:01.932+0000] {dag.py:3211} INFO - Sync 1 DAGs
[2026-08-12T05:06:01.952+0000] {logging_mixin.py:190} INFO - [2026-08-12T05:06:01.952+0000] {dag.py:4138} INFO - Setting next_dagrun for example_dag_decorator to None, run_after=None
[2026-08-12T05:06:01.985+0000] {processor.py:208} INFO - Processing /home/airflow/.local/lib/python3.12/site-packages/airflow/example_dags/example_dag_decorator.py took 0.244 seconds
[2026-08-12T05:06:32.146+0000] {processor.py:186} INFO - Started process (PID=4194) to work on /home/airflow/.local/lib/python3.12/site-packages/airflow/example_dags/example_dag_decorator.py
[2026-08-12T05:06:32.147+0000] {processor.py:914} INFO - Processing file /home/airflow/.local/lib/python3.12/site-packages/airflow/example_dags/example_dag_decorator.py for tasks to queue
[2026-08-12T05:06:32.151+0000] {logging_mixin.py:190} INFO - [2026-08-12T05:06:32.150+0000] {dagbag.py:587} INFO - Filling up the DagBag from /home/airflow/.local/lib/python3.12/site-packages/airflow/example_dags/example_dag_decorator.py
[2026-08-12T05:06:32.161+0000] {processor.py:925} INFO - DAG(s) 'example_dag_decorator' retrieved from /home/airflow/.local/lib/python3.12/site-packages/airflow/example_dags/example_dag_decorator.py
[2026-08-12T05:06:32.274+0000] {logging_mixin.py:190} INFO - [2026-08-12T05:06:32.274+0000] {dag.py:3211} INFO - Sync 1 DAGs
[2026-08-12T05:06:32.290+0000] {logging_mixin.py:190} INFO - [2026-08-12T05:06:32.289+0000] {dag.py:4138} INFO - Setting next_dagrun for example_dag_decorator to None, run_after=None
[2026-08-12T05:06:32.314+0000] {processor.py:208} INFO - Processing /home/airflow/.local/lib/python3.12/site-packages/airflow/example_dags/example_dag_decorator.py took 0.174 seconds
[2026-08-12T05:07:02.525+0000] {processor.py:186} INFO - Started process (PID=4257) to work on /home/airflow/.local/lib/python3.12/site-packages/airflow/example_dags/example_dag_decorator.py
[2026-08-12T05:07:02.526+0000] {processor.py:914} INFO - Processing file /home/airflow/.local/lib/python3.12/site-packages/airflow/example_dags/example_dag_decorator.py for tasks to queue
[2026-08-12T05:07:02.530+0000] {logging_mixin.py:190} INFO - [2026-08-12T05:07:02.530+0000] {dagbag.py:587} INFO - Filling up the DagBag from /home/airflow/.local/lib/python3.12/site-packages/airflow/example_dags/example_dag_decorator.py
[2026-08-12T05:07:02.545+0000] {processor.py:925} INFO - DAG(s) 'example_dag_decorator' retrieved from /home/airflow/.local/lib/python3.12/site-packages/airflow/example_dags/example_dag_decorator.py
[2026-08-12T05:07:02.653+0000] {logging_mixin.py:190} INFO - [2026-08-12T05:07:02.653+0000] {dag.py:3211} INFO - Sync 1 DAGs
[2026-08-12T05:07:02.666+0000] {logging_mixin.py:190} INFO - [2026-08-12T05:07:02.666+0000] {dag.py:4138} INFO - Setting next_dagrun for example_dag_decorator to None, run_after=None
[2026-08-12T05:07:02.687+0000] {processor.py:208} INFO - Processing /home/airflow/.local/lib/python3.12/site-packages/airflow/example_dags/example_dag_decorator.py took 0.182 seconds
[2026-08-12T05:07:33.405+0000] {processor.py:186} INFO - Started process (PID=4321) to work on /home/airflow/.local/lib/python3.12/site-packages/airflow/example_dags/example_dag_decorator.py
[2026-08-12T05:07:33.406+0000] {processor.py:914} INFO - Processing file /home/airflow/.local/lib/python3.12/site-packages/airflow/example_dags/example_dag_decorator.py for tasks to queue
[2026-08-12T05:07:33.410+0000] {logging_mixin.py:190} INFO - [2026-08-12T05:07:33.409+0000] {dagbag.py:587} INFO - Filling up the DagBag from /home/airflow/.local/lib/python3.12/site-packages/airflow/example_dags/example_dag_decorator.py
[2026-08-12T05:07:33.436+0000] {processor.py:925} INFO - DAG(s) 'example_dag_decorator' retrieved from /home/airflow/.local/lib/python3.12/site-packages/airflow/example_dags/example_dag_decorator.py
[2026-08-12T05:07:33.553+0000] {logging_mixin.py:190} INFO - [2026-08-12T05:07:33.553+0000] {dag.py:3211} INFO - Sync 1 DAGs
[2026-08-12T05:07:33.567+0000] {logging_mixin.py:190} INFO - [2026-08-12T05:07:33.567+0000] {dag.py:4138} INFO - Setting next_dagrun for example_dag_decorator to None, run_after=None
[2026-08-12T05:07:33.589+0000] {processor.py:208} INFO - Processing /home/airflow/.local/lib/python3.12/site-packages/airflow/example_dags/example_dag_decorator.py took 0.190 seconds
[2026-08-12T05:08:03.808+0000] {processor.py:186} INFO - Started process (PID=4384) to work on /home/airflow/.local/lib/python3.12/site-packages/airflow/example_dags/example_dag_decorator.py
[2026-08-12T05:08:03.810+0000] {processor.py:914} INFO - Processing file /home/airflow/.local/lib/python3.12/site-packages/airflow/example_dags/example_dag_decorator.py for tasks to queue
[2026-08-12T05:08:03.814+0000] {logging_mixin.py:190} INFO - [2026-08-12T05:08:03.813+0000] {dagbag.py:587} INFO - Filling up the DagBag from /home/airflow/.local/lib/python3.12/site-packages/airflow/example_dags/example_dag_decorator.py
[2026-08-12T05:08:03.827+0000] {processor.py:925} INFO - DAG(s) 'example_dag_decorator' retrieved from /home/airflow/.local/lib/python3.12/site-packages/airflow/example_dags/example_dag_decorator.py
[2026-08-12T05:08:03.958+0000] {logging_mixin.py:190} INFO - [2026-08-12T05:08:03.958+0000] {dag.py:3211} INFO - Sync 1 DAGs
[2026-08-12T05:08:03.976+0000] {logging_mixin.py:190} INFO - [2026-08-12T05:08:03.976+0000] {dag.py:4138} INFO - Setting next_dagrun for example_dag_decorator to None, run_after=None
[2026-08-12T05:08:04.004+0000] {processor.py:208} INFO - Processing /home/airflow/.local/lib/python3.12/site-packages/airflow/example_dags/example_dag_decorator.py took 0.202 seconds
[2026-08-12T05:08:34.578+0000] {processor.py:186} INFO - Started process (PID=4447) to work on /home/airflow/.local/lib/python3.12/site-packages/airflow/example_dags/example_dag_decorator.py
[2026-08-12T05:08:34.580+0000] {processor.py:914} INFO - Processing file /home/airflow/.local/lib/python3.12/site-packages/airflow/example_dags/example_dag_decorator.py for tasks to queue
[2026-08-12T05:08:34.584+0000] {logging_mixin.py:190} INFO - [2026-08-12T05:08:34.584+0000] {dagbag.py:587} INFO - Filling up the DagBag from /home/airflow/.local/lib/python3.12/site-packages/airflow/example_dags/example_dag_decorator.py
[2026-08-12T05:08:34.611+0000] {processor.py:925} INFO - DAG(s) 'example_dag_decorator' retrieved from /home/airflow/.local/lib/python3.12/site-packages/airflow/example_dags/example_dag_decorator.py
[2026-08-12T05:08:34.744+0000] {logging_mixin.py:190} INFO - [2026-08-12T05:08:34.744+0000] {dag.py:3211} INFO - Sync 1 DAGs
[2026-08-12T05:08:34.757+0000] {logging_mixin.py:190} INFO - [2026-08-12T05:08:34.757+0000] {dag.py:4138} INFO - Setting next_dagrun for example_dag_decorator to None, run_after=None
[2026-08-12T05:08:34.783+0000] {processor.py:208} INFO - Processing /home/airflow/.local/lib/python3.12/site-packages/airflow/example_dags/example_dag_decorator.py took 0.213 seconds
[2026-08-12T05:09:05.285+0000] {processor.py:186} INFO - Started process (PID=4510) to work on /home/airflow/.local/lib/python3.12/site-packages/airflow/example_dags/example_dag_decorator.py
[2026-08-12T05:09:05.287+0000] {processor.py:914} INFO - Processing file /home/airflow/.local/lib/python3.12/site-packages/airflow/example_dags/example_dag_decorator.py for tasks to queue
[2026-08-12T05:09:05.290+0000] {logging_mixin.py:190} INFO - [2026-08-12T05:09:05.290+0000] {dagbag.py:587} INFO - Filling up the DagBag from /home/airflow/.local/lib/python3.12/site-packages/airflow/example_dags/example_dag_decorator.py
[2026-08-12T05:09:05.303+0000] {processor.py:925} INFO - DAG(s) 'example_dag_decorator' retrieved from /home/airflow/.local/lib/python3.12/site-packages/airflow/example_dags/example_dag_decorator.py
[2026-08-12T05:09:05.407+0000] {logging_mixin.py:190} INFO - [2026-08-12T05:09:05.407+0000] {dag.py:3211} INFO - Sync 1 DAGs
[2026-08-12T05:09:05.420+0000] {logging_mixin.py:190} INFO - [2026-08-12T05:09:05.420+0000] {dag.py:4138} INFO - Setting next_dagrun for example_dag_decorator to None, run_after=None
[2026-08-12T05:09:05.444+0000] {processor.py:208} INFO - Processing /home/airflow/.local/lib/python3.12/site-packages/airflow/example_dags/example_dag_decorator.py took 0.165 seconds
[2026-08-12T05:09:35.804+0000] {processor.py:186} INFO - Started process (PID=4573) to work on /home/airflow/.local/lib/python3.12/site-packages/airflow/example_dags/example_dag_decorator.py
[2026-08-12T05:09:35.806+0000] {processor.py:914} INFO - Processing file /home/airflow/.local/lib/python3.12/site-packages/airflow/example_dags/example_dag_decorator.py for tasks to queue
[2026-08-12T05:09:35.809+0000] {logging_mixin.py:190} INFO - [2026-08-12T05:09:35.809+0000] {dagbag.py:587} INFO - Filling up the DagBag from /home/airflow/.local/lib/python3.12/site-packages/airflow/example_dags/example_dag_decorator.py
[2026-08-12T05:09:35.835+0000] {processor.py:925} INFO - DAG(s) 'example_dag_decorator' retrieved from /home/airflow/.local/lib/python3.12/site-packages/airflow/example_dags/example_dag_decorator.py
[2026-08-12T05:09:35.875+0000] {logging_mixin.py:190} INFO - [2026-08-12T05:09:35.875+0000] {dag.py:3211} INFO - Sync 1 DAGs
[2026-08-12T05:09:35.890+0000] {logging_mixin.py:190} INFO - [2026-08-12T05:09:35.890+0000] {dag.py:4138} INFO - Setting next_dagrun for example_dag_decorator to None, run_after=None
[2026-08-12T05:09:35.937+0000] {processor.py:208} INFO - Processing /home/airflow/.local/lib/python3.12/site-packages/airflow/example_dags/example_dag_decorator.py took 0.142 seconds
[2026-08-12T05:10:06.384+0000] {processor.py:186} INFO - Started process (PID=4637) to work on /home/airflow/.local/lib/python3.12/site-packages/airflow/example_dags/example_dag_decorator.py
[2026-08-12T05:10:06.386+0000] {processor.py:914} INFO - Processing file /home/airflow/.local/lib/python3.12/site-packages/airflow/example_dags/example_dag_decorator.py for tasks to queue
[2026-08-12T05:10:06.391+0000] {logging_mixin.py:190} INFO - [2026-08-12T05:10:06.391+0000] {dagbag.py:587} INFO - Filling up the DagBag from /home/airflow/.local/lib/python3.12/site-packages/airflow/example_dags/example_dag_decorator.py
[2026-08-12T05:10:06.410+0000] {processor.py:925} INFO - DAG(s) 'example_dag_decorator' retrieved from /home/airflow/.local/lib/python3.12/site-packages/airflow/example_dags/example_dag_decorator.py
[2026-08-12T05:10:06.547+0000] {logging_mixin.py:190} INFO - [2026-08-12T05:10:06.547+0000] {dag.py:3211} INFO - Sync 1 DAGs
[2026-08-12T05:10:06.564+0000] {logging_mixin.py:190} INFO - [2026-08-12T05:10:06.564+0000] {dag.py:4138} INFO - Setting next_dagrun for example_dag_decorator to None, run_after=None
[2026-08-12T05:10:06.594+0000] {processor.py:208} INFO - Processing /home/airflow/.local/lib/python3.12/site-packages/airflow/example_dags/example_dag_decorator.py took 0.220 seconds
