[2026-08-12T04:30:37.708+0000] {processor.py:186} INFO - Started process (PID=100) to work on /home/airflow/.local/lib/python3.12/site-packages/airflow/example_dags/example_setup_teardown_taskflow.py
[2026-08-12T04:30:37.710+0000] {processor.py:914} INFO - Processing file /home/airflow/.local/lib/python3.12/site-packages/airflow/example_dags/example_setup_teardown_taskflow.py for tasks to queue
[2026-08-12T04:30:37.713+0000] {logging_mixin.py:190} INFO - [2026-08-12T04:30:37.713+0000] {dagbag.py:587} INFO - Filling up the DagBag from /home/airflow/.local/lib/python3.12/site-packages/airflow/example_dags/example_setup_teardown_taskflow.py
[2026-08-12T04:30:37.733+0000] {processor.py:925} INFO - DAG(s) 'example_setup_teardown_taskflow' retrieved from /home/airflow/.local/lib/python3.12/site-packages/airflow/example_dags/example_setup_teardown_taskflow.py
[2026-08-12T04:30:37.920+0000] {logging_mixin.py:190} INFO - [2026-08-12T04:30:37.919+0000] {override.py:1858} INFO - Created Permission View: can edit on DAG:example_setup_teardown_taskflow
[2026-08-12T04:30:37.935+0000] {logging_mixin.py:190} INFO - [2026-08-12T04:30:37.935+0000] {override.py:1858} INFO - Created Permission View: can delete on DAG:example_setup_teardown_taskflow
[2026-08-12T04:30:37.945+0000] {logging_mixin.py:190} INFO - [2026-08-12T04:30:37.945+0000] {override.py:1858} INFO - Created Permission View: can read on DAG:example_setup_teardown_taskflow
[2026-08-12T04:30:37.947+0000] {logging_mixin.py:190} INFO - [2026-08-12T04:30:37.947+0000] {dag.py:3211} INFO - Sync 1 DAGs
[2026-08-12T04:30:37.972+0000] {logging_mixin.py:190} INFO - [2026-08-12T04:30:37.971+0000] {dag.py:3234} INFO - Creating ORM DAG for example_setup_teardown_taskflow
[2026-08-12T04:30:37.996+0000] {logging_mixin.py:190} INFO - [2026-08-12T04:30:37.995+0000] {dag.py:4138} INFO - Setting next_dagrun for example_setup_teardown_taskflow to 2026-08-11 00:00:00+00:00, run_after=2026-08-12 00:00:00+00:00
[2026-08-12T04:30:38.022+0000] {processor.py:208} INFO - Processing /home/airflow/.local/lib/python3.12/site-packages/airflow/example_dags/example_setup_teardown_taskflow.py took 0.321 seconds
[2026-08-12T04:31:08.696+0000] {processor.py:186} INFO - Started process (PID=162) to work on /home/airflow/.local/lib/python3.12/site-packages/airflow/example_dags/example_setup_teardown_taskflow.py
[2026-08-12T04:31:08.697+0000] {processor.py:914} INFO - Processing file /home/airflow/.local/lib/python3.12/site-packages/airflow/example_dags/example_setup_teardown_taskflow.py for tasks to queue
[2026-08-12T04:31:08.701+0000] {logging_mixin.py:190} INFO - [2026-08-12T04:31:08.701+0000] {dagbag.py:587} INFO - Filling up the DagBag from /home/airflow/.local/lib/python3.12/site-packages/airflow/example_dags/example_setup_teardown_taskflow.py
[2026-08-12T04:31:08.716+0000] {processor.py:925} INFO - DAG(s) 'example_setup_teardown_taskflow' retrieved from /home/airflow/.local/lib/python3.12/site-packages/airflow/example_dags/example_setup_teardown_taskflow.py
[2026-08-12T04:31:08.747+0000] {logging_mixin.py:190} INFO - [2026-08-12T04:31:08.747+0000] {dag.py:3211} INFO - Sync 1 DAGs
[2026-08-12T04:31:08.775+0000] {logging_mixin.py:190} INFO - [2026-08-12T04:31:08.775+0000] {dag.py:4138} INFO - Setting next_dagrun for example_setup_teardown_taskflow to 2026-08-11 00:00:00+00:00, run_after=2026-08-12 00:00:00+00:00
[2026-08-12T04:31:08.798+0000] {processor.py:208} INFO - Processing /home/airflow/.local/lib/python3.12/site-packages/airflow/example_dags/example_setup_teardown_taskflow.py took 0.108 seconds
[2026-08-12T04:31:39.305+0000] {processor.py:186} INFO - Started process (PID=225) to work on /home/airflow/.local/lib/python3.12/site-packages/airflow/example_dags/example_setup_teardown_taskflow.py
[2026-08-12T04:31:39.306+0000] {processor.py:914} INFO - Processing file /home/airflow/.local/lib/python3.12/site-packages/airflow/example_dags/example_setup_teardown_taskflow.py for tasks to queue
[2026-08-12T04:31:39.310+0000] {logging_mixin.py:190} INFO - [2026-08-12T04:31:39.309+0000] {dagbag.py:587} INFO - Filling up the DagBag from /home/airflow/.local/lib/python3.12/site-packages/airflow/example_dags/example_setup_teardown_taskflow.py
[2026-08-12T04:31:39.321+0000] {processor.py:925} INFO - DAG(s) 'example_setup_teardown_taskflow' retrieved from /home/airflow/.local/lib/python3.12/site-packages/airflow/example_dags/example_setup_teardown_taskflow.py
[2026-08-12T04:31:39.342+0000] {logging_mixin.py:190} INFO - [2026-08-12T04:31:39.342+0000] {dag.py:3211} INFO - Sync 1 DAGs
[2026-08-12T04:31:39.363+0000] {logging_mixin.py:190} INFO - [2026-08-12T04:31:39.363+0000] {dag.py:4138} INFO - Setting next_dagrun for example_setup_teardown_taskflow to 2026-08-11 00:00:00+00:00, run_after=2026-08-12 00:00:00+00:00
[2026-08-12T04:31:39.381+0000] {processor.py:208} INFO - Processing /home/airflow/.local/lib/python3.12/site-packages/airflow/example_dags/example_setup_teardown_taskflow.py took 0.082 seconds
[2026-08-12T04:32:56.359+0000] {processor.py:186} INFO - Started process (PID=91) to work on /home/airflow/.local/lib/python3.12/site-packages/airflow/example_dags/example_setup_teardown_taskflow.py
[2026-08-12T04:32:56.367+0000] {processor.py:914} INFO - Processing file /home/airflow/.local/lib/python3.12/site-packages/airflow/example_dags/example_setup_teardown_taskflow.py for tasks to queue
[2026-08-12T04:32:56.373+0000] {logging_mixin.py:190} INFO - [2026-08-12T04:32:56.372+0000] {dagbag.py:587} INFO - Filling up the DagBag from /home/airflow/.local/lib/python3.12/site-packages/airflow/example_dags/example_setup_teardown_taskflow.py
[2026-08-12T04:32:56.397+0000] {processor.py:925} INFO - DAG(s) 'example_setup_teardown_taskflow' retrieved from /home/airflow/.local/lib/python3.12/site-packages/airflow/example_dags/example_setup_teardown_taskflow.py
[2026-08-12T04:32:56.449+0000] {logging_mixin.py:190} INFO - [2026-08-12T04:32:56.449+0000] {dag.py:3211} INFO - Sync 1 DAGs
[2026-08-12T04:32:56.497+0000] {logging_mixin.py:190} INFO - [2026-08-12T04:32:56.497+0000] {dag.py:4138} INFO - Setting next_dagrun for example_setup_teardown_taskflow to 2026-08-11 00:00:00+00:00, run_after=2026-08-12 00:00:00+00:00
[2026-08-12T04:32:56.533+0000] {processor.py:208} INFO - Processing /home/airflow/.local/lib/python3.12/site-packages/airflow/example_dags/example_setup_teardown_taskflow.py took 0.189 seconds
[2026-08-12T04:33:26.582+0000] {processor.py:186} INFO - Started process (PID=153) to work on /home/airflow/.local/lib/python3.12/site-packages/airflow/example_dags/example_setup_teardown_taskflow.py
[2026-08-12T04:33:26.593+0000] {processor.py:914} INFO - Processing file /home/airflow/.local/lib/python3.12/site-packages/airflow/example_dags/example_setup_teardown_taskflow.py for tasks to queue
[2026-08-12T04:33:26.596+0000] {logging_mixin.py:190} INFO - [2026-08-12T04:33:26.595+0000] {dagbag.py:587} INFO - Filling up the DagBag from /home/airflow/.local/lib/python3.12/site-packages/airflow/example_dags/example_setup_teardown_taskflow.py
[2026-08-12T04:33:26.605+0000] {processor.py:925} INFO - DAG(s) 'example_setup_teardown_taskflow' retrieved from /home/airflow/.local/lib/python3.12/site-packages/airflow/example_dags/example_setup_teardown_taskflow.py
[2026-08-12T04:33:26.627+0000] {logging_mixin.py:190} INFO - [2026-08-12T04:33:26.627+0000] {dag.py:3211} INFO - Sync 1 DAGs
[2026-08-12T04:33:26.653+0000] {logging_mixin.py:190} INFO - [2026-08-12T04:33:26.653+0000] {dag.py:4138} INFO - Setting next_dagrun for example_setup_teardown_taskflow to 2026-08-11 00:00:00+00:00, run_after=2026-08-12 00:00:00+00:00
[2026-08-12T04:33:26.675+0000] {processor.py:208} INFO - Processing /home/airflow/.local/lib/python3.12/site-packages/airflow/example_dags/example_setup_teardown_taskflow.py took 0.102 seconds
[2026-08-12T04:33:57.177+0000] {processor.py:186} INFO - Started process (PID=215) to work on /home/airflow/.local/lib/python3.12/site-packages/airflow/example_dags/example_setup_teardown_taskflow.py
[2026-08-12T04:33:57.179+0000] {processor.py:914} INFO - Processing file /home/airflow/.local/lib/python3.12/site-packages/airflow/example_dags/example_setup_teardown_taskflow.py for tasks to queue
[2026-08-12T04:33:57.182+0000] {logging_mixin.py:190} INFO - [2026-08-12T04:33:57.181+0000] {dagbag.py:587} INFO - Filling up the DagBag from /home/airflow/.local/lib/python3.12/site-packages/airflow/example_dags/example_setup_teardown_taskflow.py
[2026-08-12T04:33:57.195+0000] {processor.py:925} INFO - DAG(s) 'example_setup_teardown_taskflow' retrieved from /home/airflow/.local/lib/python3.12/site-packages/airflow/example_dags/example_setup_teardown_taskflow.py
[2026-08-12T04:33:57.219+0000] {logging_mixin.py:190} INFO - [2026-08-12T04:33:57.218+0000] {dag.py:3211} INFO - Sync 1 DAGs
[2026-08-12T04:33:57.242+0000] {logging_mixin.py:190} INFO - [2026-08-12T04:33:57.242+0000] {dag.py:4138} INFO - Setting next_dagrun for example_setup_teardown_taskflow to 2026-08-11 00:00:00+00:00, run_after=2026-08-12 00:00:00+00:00
[2026-08-12T04:33:57.262+0000] {processor.py:208} INFO - Processing /home/airflow/.local/lib/python3.12/site-packages/airflow/example_dags/example_setup_teardown_taskflow.py took 0.090 seconds
[2026-08-12T04:34:27.818+0000] {processor.py:186} INFO - Started process (PID=277) to work on /home/airflow/.local/lib/python3.12/site-packages/airflow/example_dags/example_setup_teardown_taskflow.py
[2026-08-12T04:34:27.821+0000] {processor.py:914} INFO - Processing file /home/airflow/.local/lib/python3.12/site-packages/airflow/example_dags/example_setup_teardown_taskflow.py for tasks to queue
[2026-08-12T04:34:27.825+0000] {logging_mixin.py:190} INFO - [2026-08-12T04:34:27.825+0000] {dagbag.py:587} INFO - Filling up the DagBag from /home/airflow/.local/lib/python3.12/site-packages/airflow/example_dags/example_setup_teardown_taskflow.py
[2026-08-12T04:34:27.844+0000] {processor.py:925} INFO - DAG(s) 'example_setup_teardown_taskflow' retrieved from /home/airflow/.local/lib/python3.12/site-packages/airflow/example_dags/example_setup_teardown_taskflow.py
[2026-08-12T04:34:27.872+0000] {logging_mixin.py:190} INFO - [2026-08-12T04:34:27.872+0000] {dag.py:3211} INFO - Sync 1 DAGs
[2026-08-12T04:34:27.899+0000] {logging_mixin.py:190} INFO - [2026-08-12T04:34:27.899+0000] {dag.py:4138} INFO - Setting next_dagrun for example_setup_teardown_taskflow to 2026-08-11 00:00:00+00:00, run_after=2026-08-12 00:00:00+00:00
[2026-08-12T04:34:27.919+0000] {processor.py:208} INFO - Processing /home/airflow/.local/lib/python3.12/site-packages/airflow/example_dags/example_setup_teardown_taskflow.py took 0.110 seconds
[2026-08-12T04:34:58.186+0000] {processor.py:186} INFO - Started process (PID=339) to work on /home/airflow/.local/lib/python3.12/site-packages/airflow/example_dags/example_setup_teardown_taskflow.py
[2026-08-12T04:34:58.188+0000] {processor.py:914} INFO - Processing file /home/airflow/.local/lib/python3.12/site-packages/airflow/example_dags/example_setup_teardown_taskflow.py for tasks to queue
[2026-08-12T04:34:58.191+0000] {logging_mixin.py:190} INFO - [2026-08-12T04:34:58.190+0000] {dagbag.py:587} INFO - Filling up the DagBag from /home/airflow/.local/lib/python3.12/site-packages/airflow/example_dags/example_setup_teardown_taskflow.py
[2026-08-12T04:34:58.200+0000] {processor.py:925} INFO - DAG(s) 'example_setup_teardown_taskflow' retrieved from /home/airflow/.local/lib/python3.12/site-packages/airflow/example_dags/example_setup_teardown_taskflow.py
[2026-08-12T04:34:58.221+0000] {logging_mixin.py:190} INFO - [2026-08-12T04:34:58.221+0000] {dag.py:3211} INFO - Sync 1 DAGs
[2026-08-12T04:34:58.243+0000] {logging_mixin.py:190} INFO - [2026-08-12T04:34:58.243+0000] {dag.py:4138} INFO - Setting next_dagrun for example_setup_teardown_taskflow to 2026-08-11 00:00:00+00:00, run_after=2026-08-12 00:00:00+00:00
[2026-08-12T04:34:58.265+0000] {processor.py:208} INFO - Processing /home/airflow/.local/lib/python3.12/site-packages/airflow/example_dags/example_setup_teardown_taskflow.py took 0.084 seconds
[2026-08-12T04:35:28.774+0000] {processor.py:186} INFO - Started process (PID=401) to work on /home/airflow/.local/lib/python3.12/site-packages/airflow/example_dags/example_setup_teardown_taskflow.py
[2026-08-12T04:35:28.776+0000] {processor.py:914} INFO - Processing file /home/airflow/.local/lib/python3.12/site-packages/airflow/example_dags/example_setup_teardown_taskflow.py for tasks to queue
[2026-08-12T04:35:28.780+0000] {logging_mixin.py:190} INFO - [2026-08-12T04:35:28.780+0000] {dagbag.py:587} INFO - Filling up the DagBag from /home/airflow/.local/lib/python3.12/site-packages/airflow/example_dags/example_setup_teardown_taskflow.py
[2026-08-12T04:35:28.794+0000] {processor.py:925} INFO - DAG(s) 'example_setup_teardown_taskflow' retrieved from /home/airflow/.local/lib/python3.12/site-packages/airflow/example_dags/example_setup_teardown_taskflow.py
[2026-08-12T04:35:28.820+0000] {logging_mixin.py:190} INFO - [2026-08-12T04:35:28.820+0000] {dag.py:3211} INFO - Sync 1 DAGs
[2026-08-12T04:35:28.848+0000] {logging_mixin.py:190} INFO - [2026-08-12T04:35:28.848+0000] {dag.py:4138} INFO - Setting next_dagrun for example_setup_teardown_taskflow to 2026-08-11 00:00:00+00:00, run_after=2026-08-12 00:00:00+00:00
[2026-08-12T04:35:28.870+0000] {processor.py:208} INFO - Processing /home/airflow/.local/lib/python3.12/site-packages/airflow/example_dags/example_setup_teardown_taskflow.py took 0.104 seconds
[2026-08-12T04:35:59.489+0000] {processor.py:186} INFO - Started process (PID=463) to work on /home/airflow/.local/lib/python3.12/site-packages/airflow/example_dags/example_setup_teardown_taskflow.py
[2026-08-12T04:35:59.491+0000] {processor.py:914} INFO - Processing file /home/airflow/.local/lib/python3.12/site-packages/airflow/example_dags/example_setup_teardown_taskflow.py for tasks to queue
[2026-08-12T04:35:59.495+0000] {logging_mixin.py:190} INFO - [2026-08-12T04:35:59.495+0000] {dagbag.py:587} INFO - Filling up the DagBag from /home/airflow/.local/lib/python3.12/site-packages/airflow/example_dags/example_setup_teardown_taskflow.py
[2026-08-12T04:35:59.517+0000] {processor.py:925} INFO - DAG(s) 'example_setup_teardown_taskflow' retrieved from /home/airflow/.local/lib/python3.12/site-packages/airflow/example_dags/example_setup_teardown_taskflow.py
[2026-08-12T04:35:59.559+0000] {logging_mixin.py:190} INFO - [2026-08-12T04:35:59.558+0000] {dag.py:3211} INFO - Sync 1 DAGs
[2026-08-12T04:35:59.597+0000] {logging_mixin.py:190} INFO - [2026-08-12T04:35:59.597+0000] {dag.py:4138} INFO - Setting next_dagrun for example_setup_teardown_taskflow to 2026-08-11 00:00:00+00:00, run_after=2026-08-12 00:00:00+00:00
[2026-08-12T04:35:59.625+0000] {processor.py:208} INFO - Processing /home/airflow/.local/lib/python3.12/site-packages/airflow/example_dags/example_setup_teardown_taskflow.py took 0.143 seconds
[2026-08-12T04:36:29.863+0000] {processor.py:186} INFO - Started process (PID=525) to work on /home/airflow/.local/lib/python3.12/site-packages/airflow/example_dags/example_setup_teardown_taskflow.py
[2026-08-12T04:36:29.865+0000] {processor.py:914} INFO - Processing file /home/airflow/.local/lib/python3.12/site-packages/airflow/example_dags/example_setup_teardown_taskflow.py for tasks to queue
[2026-08-12T04:36:29.868+0000] {logging_mixin.py:190} INFO - [2026-08-12T04:36:29.868+0000] {dagbag.py:587} INFO - Filling up the DagBag from /home/airflow/.local/lib/python3.12/site-packages/airflow/example_dags/example_setup_teardown_taskflow.py
[2026-08-12T04:36:29.881+0000] {processor.py:925} INFO - DAG(s) 'example_setup_teardown_taskflow' retrieved from /home/airflow/.local/lib/python3.12/site-packages/airflow/example_dags/example_setup_teardown_taskflow.py
[2026-08-12T04:36:29.902+0000] {logging_mixin.py:190} INFO - [2026-08-12T04:36:29.901+0000] {dag.py:3211} INFO - Sync 1 DAGs
[2026-08-12T04:36:29.924+0000] {logging_mixin.py:190} INFO - [2026-08-12T04:36:29.924+0000] {dag.py:4138} INFO - Setting next_dagrun for example_setup_teardown_taskflow to 2026-08-11 00:00:00+00:00, run_after=2026-08-12 00:00:00+00:00
[2026-08-12T04:36:29.956+0000] {processor.py:208} INFO - Processing /home/airflow/.local/lib/python3.12/site-packages/airflow/example_dags/example_setup_teardown_taskflow.py took 0.099 seconds
[2026-08-12T04:37:00.662+0000] {processor.py:186} INFO - Started process (PID=587) to work on /home/airflow/.local/lib/python3.12/site-packages/airflow/example_dags/example_setup_teardown_taskflow.py
[2026-08-12T04:37:00.664+0000] {processor.py:914} INFO - Processing file /home/airflow/.local/lib/python3.12/site-packages/airflow/example_dags/example_setup_teardown_taskflow.py for tasks to queue
[2026-08-12T04:37:00.669+0000] {logging_mixin.py:190} INFO - [2026-08-12T04:37:00.668+0000] {dagbag.py:587} INFO - Filling up the DagBag from /home/airflow/.local/lib/python3.12/site-packages/airflow/example_dags/example_setup_teardown_taskflow.py
[2026-08-12T04:37:00.679+0000] {processor.py:925} INFO - DAG(s) 'example_setup_teardown_taskflow' retrieved from /home/airflow/.local/lib/python3.12/site-packages/airflow/example_dags/example_setup_teardown_taskflow.py
[2026-08-12T04:37:00.706+0000] {logging_mixin.py:190} INFO - [2026-08-12T04:37:00.706+0000] {dag.py:3211} INFO - Sync 1 DAGs
[2026-08-12T04:37:00.728+0000] {logging_mixin.py:190} INFO - [2026-08-12T04:37:00.728+0000] {dag.py:4138} INFO - Setting next_dagrun for example_setup_teardown_taskflow to 2026-08-11 00:00:00+00:00, run_after=2026-08-12 00:00:00+00:00
[2026-08-12T04:37:00.752+0000] {processor.py:208} INFO - Processing /home/airflow/.local/lib/python3.12/site-packages/airflow/example_dags/example_setup_teardown_taskflow.py took 0.095 seconds
[2026-08-12T04:37:30.926+0000] {processor.py:186} INFO - Started process (PID=649) to work on /home/airflow/.local/lib/python3.12/site-packages/airflow/example_dags/example_setup_teardown_taskflow.py
[2026-08-12T04:37:30.928+0000] {processor.py:914} INFO - Processing file /home/airflow/.local/lib/python3.12/site-packages/airflow/example_dags/example_setup_teardown_taskflow.py for tasks to queue
[2026-08-12T04:37:30.931+0000] {logging_mixin.py:190} INFO - [2026-08-12T04:37:30.931+0000] {dagbag.py:587} INFO - Filling up the DagBag from /home/airflow/.local/lib/python3.12/site-packages/airflow/example_dags/example_setup_teardown_taskflow.py
[2026-08-12T04:37:30.950+0000] {processor.py:925} INFO - DAG(s) 'example_setup_teardown_taskflow' retrieved from /home/airflow/.local/lib/python3.12/site-packages/airflow/example_dags/example_setup_teardown_taskflow.py
[2026-08-12T04:37:30.982+0000] {logging_mixin.py:190} INFO - [2026-08-12T04:37:30.982+0000] {dag.py:3211} INFO - Sync 1 DAGs
[2026-08-12T04:37:31.008+0000] {logging_mixin.py:190} INFO - [2026-08-12T04:37:31.008+0000] {dag.py:4138} INFO - Setting next_dagrun for example_setup_teardown_taskflow to 2026-08-11 00:00:00+00:00, run_after=2026-08-12 00:00:00+00:00
[2026-08-12T04:37:31.030+0000] {processor.py:208} INFO - Processing /home/airflow/.local/lib/python3.12/site-packages/airflow/example_dags/example_setup_teardown_taskflow.py took 0.124 seconds
[2026-08-12T04:38:01.960+0000] {processor.py:186} INFO - Started process (PID=711) to work on /home/airflow/.local/lib/python3.12/site-packages/airflow/example_dags/example_setup_teardown_taskflow.py
[2026-08-12T04:38:01.961+0000] {processor.py:914} INFO - Processing file /home/airflow/.local/lib/python3.12/site-packages/airflow/example_dags/example_setup_teardown_taskflow.py for tasks to queue
[2026-08-12T04:38:01.977+0000] {logging_mixin.py:190} INFO - [2026-08-12T04:38:01.971+0000] {dagbag.py:587} INFO - Filling up the DagBag from /home/airflow/.local/lib/python3.12/site-packages/airflow/example_dags/example_setup_teardown_taskflow.py
[2026-08-12T04:38:01.990+0000] {processor.py:925} INFO - DAG(s) 'example_setup_teardown_taskflow' retrieved from /home/airflow/.local/lib/python3.12/site-packages/airflow/example_dags/example_setup_teardown_taskflow.py
[2026-08-12T04:38:02.012+0000] {logging_mixin.py:190} INFO - [2026-08-12T04:38:02.012+0000] {dag.py:3211} INFO - Sync 1 DAGs
[2026-08-12T04:38:02.036+0000] {logging_mixin.py:190} INFO - [2026-08-12T04:38:02.036+0000] {dag.py:4138} INFO - Setting next_dagrun for example_setup_teardown_taskflow to 2026-08-11 00:00:00+00:00, run_after=2026-08-12 00:00:00+00:00
[2026-08-12T04:38:02.060+0000] {processor.py:208} INFO - Processing /home/airflow/.local/lib/python3.12/site-packages/airflow/example_dags/example_setup_teardown_taskflow.py took 0.106 seconds
[2026-08-12T04:38:32.615+0000] {processor.py:186} INFO - Started process (PID=773) to work on /home/airflow/.local/lib/python3.12/site-packages/airflow/example_dags/example_setup_teardown_taskflow.py
[2026-08-12T04:38:32.617+0000] {processor.py:914} INFO - Processing file /home/airflow/.local/lib/python3.12/site-packages/airflow/example_dags/example_setup_teardown_taskflow.py for tasks to queue
[2026-08-12T04:38:32.620+0000] {logging_mixin.py:190} INFO - [2026-08-12T04:38:32.620+0000] {dagbag.py:587} INFO - Filling up the DagBag from /home/airflow/.local/lib/python3.12/site-packages/airflow/example_dags/example_setup_teardown_taskflow.py
[2026-08-12T04:38:32.631+0000] {processor.py:925} INFO - DAG(s) 'example_setup_teardown_taskflow' retrieved from /home/airflow/.local/lib/python3.12/site-packages/airflow/example_dags/example_setup_teardown_taskflow.py
[2026-08-12T04:38:32.654+0000] {logging_mixin.py:190} INFO - [2026-08-12T04:38:32.654+0000] {dag.py:3211} INFO - Sync 1 DAGs
[2026-08-12T04:38:32.676+0000] {logging_mixin.py:190} INFO - [2026-08-12T04:38:32.676+0000] {dag.py:4138} INFO - Setting next_dagrun for example_setup_teardown_taskflow to 2026-08-11 00:00:00+00:00, run_after=2026-08-12 00:00:00+00:00
[2026-08-12T04:38:32.721+0000] {processor.py:208} INFO - Processing /home/airflow/.local/lib/python3.12/site-packages/airflow/example_dags/example_setup_teardown_taskflow.py took 0.112 seconds
[2026-08-12T04:39:02.976+0000] {processor.py:186} INFO - Started process (PID=835) to work on /home/airflow/.local/lib/python3.12/site-packages/airflow/example_dags/example_setup_teardown_taskflow.py
[2026-08-12T04:39:02.978+0000] {processor.py:914} INFO - Processing file /home/airflow/.local/lib/python3.12/site-packages/airflow/example_dags/example_setup_teardown_taskflow.py for tasks to queue
[2026-08-12T04:39:02.981+0000] {logging_mixin.py:190} INFO - [2026-08-12T04:39:02.981+0000] {dagbag.py:587} INFO - Filling up the DagBag from /home/airflow/.local/lib/python3.12/site-packages/airflow/example_dags/example_setup_teardown_taskflow.py
[2026-08-12T04:39:02.992+0000] {processor.py:925} INFO - DAG(s) 'example_setup_teardown_taskflow' retrieved from /home/airflow/.local/lib/python3.12/site-packages/airflow/example_dags/example_setup_teardown_taskflow.py
[2026-08-12T04:39:03.012+0000] {logging_mixin.py:190} INFO - [2026-08-12T04:39:03.012+0000] {dag.py:3211} INFO - Sync 1 DAGs
[2026-08-12T04:39:03.034+0000] {logging_mixin.py:190} INFO - [2026-08-12T04:39:03.034+0000] {dag.py:4138} INFO - Setting next_dagrun for example_setup_teardown_taskflow to 2026-08-11 00:00:00+00:00, run_after=2026-08-12 00:00:00+00:00
[2026-08-12T04:39:03.060+0000] {processor.py:208} INFO - Processing /home/airflow/.local/lib/python3.12/site-packages/airflow/example_dags/example_setup_teardown_taskflow.py took 0.090 seconds
[2026-08-12T04:39:33.361+0000] {processor.py:186} INFO - Started process (PID=897) to work on /home/airflow/.local/lib/python3.12/site-packages/airflow/example_dags/example_setup_teardown_taskflow.py
[2026-08-12T04:39:33.363+0000] {processor.py:914} INFO - Processing file /home/airflow/.local/lib/python3.12/site-packages/airflow/example_dags/example_setup_teardown_taskflow.py for tasks to queue
[2026-08-12T04:39:33.366+0000] {logging_mixin.py:190} INFO - [2026-08-12T04:39:33.366+0000] {dagbag.py:587} INFO - Filling up the DagBag from /home/airflow/.local/lib/python3.12/site-packages/airflow/example_dags/example_setup_teardown_taskflow.py
[2026-08-12T04:39:33.378+0000] {processor.py:925} INFO - DAG(s) 'example_setup_teardown_taskflow' retrieved from /home/airflow/.local/lib/python3.12/site-packages/airflow/example_dags/example_setup_teardown_taskflow.py
[2026-08-12T04:39:33.413+0000] {logging_mixin.py:190} INFO - [2026-08-12T04:39:33.413+0000] {dag.py:3211} INFO - Sync 1 DAGs
[2026-08-12T04:39:33.437+0000] {logging_mixin.py:190} INFO - [2026-08-12T04:39:33.437+0000] {dag.py:4138} INFO - Setting next_dagrun for example_setup_teardown_taskflow to 2026-08-11 00:00:00+00:00, run_after=2026-08-12 00:00:00+00:00
[2026-08-12T04:39:33.459+0000] {processor.py:208} INFO - Processing /home/airflow/.local/lib/python3.12/site-packages/airflow/example_dags/example_setup_teardown_taskflow.py took 0.104 seconds
[2026-08-12T04:40:03.748+0000] {processor.py:186} INFO - Started process (PID=959) to work on /home/airflow/.local/lib/python3.12/site-packages/airflow/example_dags/example_setup_teardown_taskflow.py
[2026-08-12T04:40:03.750+0000] {processor.py:914} INFO - Processing file /home/airflow/.local/lib/python3.12/site-packages/airflow/example_dags/example_setup_teardown_taskflow.py for tasks to queue
[2026-08-12T04:40:03.753+0000] {logging_mixin.py:190} INFO - [2026-08-12T04:40:03.753+0000] {dagbag.py:587} INFO - Filling up the DagBag from /home/airflow/.local/lib/python3.12/site-packages/airflow/example_dags/example_setup_teardown_taskflow.py
[2026-08-12T04:40:03.764+0000] {processor.py:925} INFO - DAG(s) 'example_setup_teardown_taskflow' retrieved from /home/airflow/.local/lib/python3.12/site-packages/airflow/example_dags/example_setup_teardown_taskflow.py
[2026-08-12T04:40:03.788+0000] {logging_mixin.py:190} INFO - [2026-08-12T04:40:03.787+0000] {dag.py:3211} INFO - Sync 1 DAGs
[2026-08-12T04:40:03.813+0000] {logging_mixin.py:190} INFO - [2026-08-12T04:40:03.813+0000] {dag.py:4138} INFO - Setting next_dagrun for example_setup_teardown_taskflow to 2026-08-11 00:00:00+00:00, run_after=2026-08-12 00:00:00+00:00
[2026-08-12T04:40:03.844+0000] {processor.py:208} INFO - Processing /home/airflow/.local/lib/python3.12/site-packages/airflow/example_dags/example_setup_teardown_taskflow.py took 0.101 seconds
[2026-08-12T04:40:34.690+0000] {processor.py:186} INFO - Started process (PID=1021) to work on /home/airflow/.local/lib/python3.12/site-packages/airflow/example_dags/example_setup_teardown_taskflow.py
[2026-08-12T04:40:34.692+0000] {processor.py:914} INFO - Processing file /home/airflow/.local/lib/python3.12/site-packages/airflow/example_dags/example_setup_teardown_taskflow.py for tasks to queue
[2026-08-12T04:40:34.695+0000] {logging_mixin.py:190} INFO - [2026-08-12T04:40:34.695+0000] {dagbag.py:587} INFO - Filling up the DagBag from /home/airflow/.local/lib/python3.12/site-packages/airflow/example_dags/example_setup_teardown_taskflow.py
[2026-08-12T04:40:34.707+0000] {processor.py:925} INFO - DAG(s) 'example_setup_teardown_taskflow' retrieved from /home/airflow/.local/lib/python3.12/site-packages/airflow/example_dags/example_setup_teardown_taskflow.py
[2026-08-12T04:40:34.729+0000] {logging_mixin.py:190} INFO - [2026-08-12T04:40:34.729+0000] {dag.py:3211} INFO - Sync 1 DAGs
[2026-08-12T04:40:34.753+0000] {logging_mixin.py:190} INFO - [2026-08-12T04:40:34.753+0000] {dag.py:4138} INFO - Setting next_dagrun for example_setup_teardown_taskflow to 2026-08-11 00:00:00+00:00, run_after=2026-08-12 00:00:00+00:00
[2026-08-12T04:40:34.778+0000] {processor.py:208} INFO - Processing /home/airflow/.local/lib/python3.12/site-packages/airflow/example_dags/example_setup_teardown_taskflow.py took 0.095 seconds
[2026-08-12T04:41:05.045+0000] {processor.py:186} INFO - Started process (PID=1083) to work on /home/airflow/.local/lib/python3.12/site-packages/airflow/example_dags/example_setup_teardown_taskflow.py
[2026-08-12T04:41:05.047+0000] {processor.py:914} INFO - Processing file /home/airflow/.local/lib/python3.12/site-packages/airflow/example_dags/example_setup_teardown_taskflow.py for tasks to queue
[2026-08-12T04:41:05.052+0000] {logging_mixin.py:190} INFO - [2026-08-12T04:41:05.051+0000] {dagbag.py:587} INFO - Filling up the DagBag from /home/airflow/.local/lib/python3.12/site-packages/airflow/example_dags/example_setup_teardown_taskflow.py
[2026-08-12T04:41:05.077+0000] {processor.py:925} INFO - DAG(s) 'example_setup_teardown_taskflow' retrieved from /home/airflow/.local/lib/python3.12/site-packages/airflow/example_dags/example_setup_teardown_taskflow.py
[2026-08-12T04:41:05.101+0000] {logging_mixin.py:190} INFO - [2026-08-12T04:41:05.100+0000] {dag.py:3211} INFO - Sync 1 DAGs
[2026-08-12T04:41:05.132+0000] {logging_mixin.py:190} INFO - [2026-08-12T04:41:05.132+0000] {dag.py:4138} INFO - Setting next_dagrun for example_setup_teardown_taskflow to 2026-08-11 00:00:00+00:00, run_after=2026-08-12 00:00:00+00:00
[2026-08-12T04:41:05.164+0000] {processor.py:208} INFO - Processing /home/airflow/.local/lib/python3.12/site-packages/airflow/example_dags/example_setup_teardown_taskflow.py took 0.127 seconds
[2026-08-12T04:41:35.634+0000] {processor.py:186} INFO - Started process (PID=1145) to work on /home/airflow/.local/lib/python3.12/site-packages/airflow/example_dags/example_setup_teardown_taskflow.py
[2026-08-12T04:41:35.635+0000] {processor.py:914} INFO - Processing file /home/airflow/.local/lib/python3.12/site-packages/airflow/example_dags/example_setup_teardown_taskflow.py for tasks to queue
[2026-08-12T04:41:35.639+0000] {logging_mixin.py:190} INFO - [2026-08-12T04:41:35.638+0000] {dagbag.py:587} INFO - Filling up the DagBag from /home/airflow/.local/lib/python3.12/site-packages/airflow/example_dags/example_setup_teardown_taskflow.py
[2026-08-12T04:41:35.649+0000] {processor.py:925} INFO - DAG(s) 'example_setup_teardown_taskflow' retrieved from /home/airflow/.local/lib/python3.12/site-packages/airflow/example_dags/example_setup_teardown_taskflow.py
[2026-08-12T04:41:35.669+0000] {logging_mixin.py:190} INFO - [2026-08-12T04:41:35.669+0000] {dag.py:3211} INFO - Sync 1 DAGs
[2026-08-12T04:41:35.690+0000] {logging_mixin.py:190} INFO - [2026-08-12T04:41:35.689+0000] {dag.py:4138} INFO - Setting next_dagrun for example_setup_teardown_taskflow to 2026-08-11 00:00:00+00:00, run_after=2026-08-12 00:00:00+00:00
[2026-08-12T04:41:35.719+0000] {processor.py:208} INFO - Processing /home/airflow/.local/lib/python3.12/site-packages/airflow/example_dags/example_setup_teardown_taskflow.py took 0.091 seconds
[2026-08-12T04:42:06.425+0000] {processor.py:186} INFO - Started process (PID=1207) to work on /home/airflow/.local/lib/python3.12/site-packages/airflow/example_dags/example_setup_teardown_taskflow.py
[2026-08-12T04:42:06.427+0000] {processor.py:914} INFO - Processing file /home/airflow/.local/lib/python3.12/site-packages/airflow/example_dags/example_setup_teardown_taskflow.py for tasks to queue
[2026-08-12T04:42:06.433+0000] {logging_mixin.py:190} INFO - [2026-08-12T04:42:06.433+0000] {dagbag.py:587} INFO - Filling up the DagBag from /home/airflow/.local/lib/python3.12/site-packages/airflow/example_dags/example_setup_teardown_taskflow.py
[2026-08-12T04:42:06.455+0000] {processor.py:925} INFO - DAG(s) 'example_setup_teardown_taskflow' retrieved from /home/airflow/.local/lib/python3.12/site-packages/airflow/example_dags/example_setup_teardown_taskflow.py
[2026-08-12T04:42:06.484+0000] {logging_mixin.py:190} INFO - [2026-08-12T04:42:06.484+0000] {dag.py:3211} INFO - Sync 1 DAGs
[2026-08-12T04:42:06.508+0000] {logging_mixin.py:190} INFO - [2026-08-12T04:42:06.508+0000] {dag.py:4138} INFO - Setting next_dagrun for example_setup_teardown_taskflow to 2026-08-11 00:00:00+00:00, run_after=2026-08-12 00:00:00+00:00
[2026-08-12T04:42:06.528+0000] {processor.py:208} INFO - Processing /home/airflow/.local/lib/python3.12/site-packages/airflow/example_dags/example_setup_teardown_taskflow.py took 0.111 seconds
[2026-08-12T04:42:36.983+0000] {processor.py:186} INFO - Started process (PID=1269) to work on /home/airflow/.local/lib/python3.12/site-packages/airflow/example_dags/example_setup_teardown_taskflow.py
[2026-08-12T04:42:36.984+0000] {processor.py:914} INFO - Processing file /home/airflow/.local/lib/python3.12/site-packages/airflow/example_dags/example_setup_teardown_taskflow.py for tasks to queue
[2026-08-12T04:42:36.988+0000] {logging_mixin.py:190} INFO - [2026-08-12T04:42:36.987+0000] {dagbag.py:587} INFO - Filling up the DagBag from /home/airflow/.local/lib/python3.12/site-packages/airflow/example_dags/example_setup_teardown_taskflow.py
[2026-08-12T04:42:37.000+0000] {processor.py:925} INFO - DAG(s) 'example_setup_teardown_taskflow' retrieved from /home/airflow/.local/lib/python3.12/site-packages/airflow/example_dags/example_setup_teardown_taskflow.py
[2026-08-12T04:42:37.021+0000] {logging_mixin.py:190} INFO - [2026-08-12T04:42:37.021+0000] {dag.py:3211} INFO - Sync 1 DAGs
[2026-08-12T04:42:37.044+0000] {logging_mixin.py:190} INFO - [2026-08-12T04:42:37.043+0000] {dag.py:4138} INFO - Setting next_dagrun for example_setup_teardown_taskflow to 2026-08-11 00:00:00+00:00, run_after=2026-08-12 00:00:00+00:00
[2026-08-12T04:42:37.064+0000] {processor.py:208} INFO - Processing /home/airflow/.local/lib/python3.12/site-packages/airflow/example_dags/example_setup_teardown_taskflow.py took 0.088 seconds
[2026-08-12T04:43:07.819+0000] {processor.py:186} INFO - Started process (PID=1331) to work on /home/airflow/.local/lib/python3.12/site-packages/airflow/example_dags/example_setup_teardown_taskflow.py
[2026-08-12T04:43:07.821+0000] {processor.py:914} INFO - Processing file /home/airflow/.local/lib/python3.12/site-packages/airflow/example_dags/example_setup_teardown_taskflow.py for tasks to queue
[2026-08-12T04:43:07.826+0000] {logging_mixin.py:190} INFO - [2026-08-12T04:43:07.825+0000] {dagbag.py:587} INFO - Filling up the DagBag from /home/airflow/.local/lib/python3.12/site-packages/airflow/example_dags/example_setup_teardown_taskflow.py
[2026-08-12T04:43:07.842+0000] {processor.py:925} INFO - DAG(s) 'example_setup_teardown_taskflow' retrieved from /home/airflow/.local/lib/python3.12/site-packages/airflow/example_dags/example_setup_teardown_taskflow.py
[2026-08-12T04:43:07.866+0000] {logging_mixin.py:190} INFO - [2026-08-12T04:43:07.865+0000] {dag.py:3211} INFO - Sync 1 DAGs
[2026-08-12T04:43:07.894+0000] {logging_mixin.py:190} INFO - [2026-08-12T04:43:07.894+0000] {dag.py:4138} INFO - Setting next_dagrun for example_setup_teardown_taskflow to 2026-08-11 00:00:00+00:00, run_after=2026-08-12 00:00:00+00:00
[2026-08-12T04:43:07.919+0000] {processor.py:208} INFO - Processing /home/airflow/.local/lib/python3.12/site-packages/airflow/example_dags/example_setup_teardown_taskflow.py took 0.107 seconds
[2026-08-12T04:43:38.893+0000] {processor.py:186} INFO - Started process (PID=1393) to work on /home/airflow/.local/lib/python3.12/site-packages/airflow/example_dags/example_setup_teardown_taskflow.py
[2026-08-12T04:43:38.895+0000] {processor.py:914} INFO - Processing file /home/airflow/.local/lib/python3.12/site-packages/airflow/example_dags/example_setup_teardown_taskflow.py for tasks to queue
[2026-08-12T04:43:38.901+0000] {logging_mixin.py:190} INFO - [2026-08-12T04:43:38.900+0000] {dagbag.py:587} INFO - Filling up the DagBag from /home/airflow/.local/lib/python3.12/site-packages/airflow/example_dags/example_setup_teardown_taskflow.py
[2026-08-12T04:43:38.920+0000] {processor.py:925} INFO - DAG(s) 'example_setup_teardown_taskflow' retrieved from /home/airflow/.local/lib/python3.12/site-packages/airflow/example_dags/example_setup_teardown_taskflow.py
[2026-08-12T04:43:38.955+0000] {logging_mixin.py:190} INFO - [2026-08-12T04:43:38.954+0000] {dag.py:3211} INFO - Sync 1 DAGs
[2026-08-12T04:43:38.994+0000] {logging_mixin.py:190} INFO - [2026-08-12T04:43:38.993+0000] {dag.py:4138} INFO - Setting next_dagrun for example_setup_teardown_taskflow to 2026-08-11 00:00:00+00:00, run_after=2026-08-12 00:00:00+00:00
[2026-08-12T04:43:39.025+0000] {processor.py:208} INFO - Processing /home/airflow/.local/lib/python3.12/site-packages/airflow/example_dags/example_setup_teardown_taskflow.py took 0.151 seconds
[2026-08-12T04:44:09.623+0000] {processor.py:186} INFO - Started process (PID=1455) to work on /home/airflow/.local/lib/python3.12/site-packages/airflow/example_dags/example_setup_teardown_taskflow.py
[2026-08-12T04:44:09.625+0000] {processor.py:914} INFO - Processing file /home/airflow/.local/lib/python3.12/site-packages/airflow/example_dags/example_setup_teardown_taskflow.py for tasks to queue
[2026-08-12T04:44:09.629+0000] {logging_mixin.py:190} INFO - [2026-08-12T04:44:09.629+0000] {dagbag.py:587} INFO - Filling up the DagBag from /home/airflow/.local/lib/python3.12/site-packages/airflow/example_dags/example_setup_teardown_taskflow.py
[2026-08-12T04:44:09.643+0000] {processor.py:925} INFO - DAG(s) 'example_setup_teardown_taskflow' retrieved from /home/airflow/.local/lib/python3.12/site-packages/airflow/example_dags/example_setup_teardown_taskflow.py
[2026-08-12T04:44:09.673+0000] {logging_mixin.py:190} INFO - [2026-08-12T04:44:09.672+0000] {dag.py:3211} INFO - Sync 1 DAGs
[2026-08-12T04:44:09.696+0000] {logging_mixin.py:190} INFO - [2026-08-12T04:44:09.696+0000] {dag.py:4138} INFO - Setting next_dagrun for example_setup_teardown_taskflow to 2026-08-11 00:00:00+00:00, run_after=2026-08-12 00:00:00+00:00
[2026-08-12T04:44:09.733+0000] {processor.py:208} INFO - Processing /home/airflow/.local/lib/python3.12/site-packages/airflow/example_dags/example_setup_teardown_taskflow.py took 0.119 seconds
[2026-08-12T04:44:40.497+0000] {processor.py:186} INFO - Started process (PID=1517) to work on /home/airflow/.local/lib/python3.12/site-packages/airflow/example_dags/example_setup_teardown_taskflow.py
[2026-08-12T04:44:40.498+0000] {processor.py:914} INFO - Processing file /home/airflow/.local/lib/python3.12/site-packages/airflow/example_dags/example_setup_teardown_taskflow.py for tasks to queue
[2026-08-12T04:44:40.502+0000] {logging_mixin.py:190} INFO - [2026-08-12T04:44:40.502+0000] {dagbag.py:587} INFO - Filling up the DagBag from /home/airflow/.local/lib/python3.12/site-packages/airflow/example_dags/example_setup_teardown_taskflow.py
[2026-08-12T04:44:40.514+0000] {processor.py:925} INFO - DAG(s) 'example_setup_teardown_taskflow' retrieved from /home/airflow/.local/lib/python3.12/site-packages/airflow/example_dags/example_setup_teardown_taskflow.py
[2026-08-12T04:44:40.536+0000] {logging_mixin.py:190} INFO - [2026-08-12T04:44:40.536+0000] {dag.py:3211} INFO - Sync 1 DAGs
[2026-08-12T04:44:40.563+0000] {logging_mixin.py:190} INFO - [2026-08-12T04:44:40.562+0000] {dag.py:4138} INFO - Setting next_dagrun for example_setup_teardown_taskflow to 2026-08-11 00:00:00+00:00, run_after=2026-08-12 00:00:00+00:00
[2026-08-12T04:44:40.589+0000] {processor.py:208} INFO - Processing /home/airflow/.local/lib/python3.12/site-packages/airflow/example_dags/example_setup_teardown_taskflow.py took 0.100 seconds
[2026-08-12T04:45:11.087+0000] {processor.py:186} INFO - Started process (PID=1579) to work on /home/airflow/.local/lib/python3.12/site-packages/airflow/example_dags/example_setup_teardown_taskflow.py
[2026-08-12T04:45:11.088+0000] {processor.py:914} INFO - Processing file /home/airflow/.local/lib/python3.12/site-packages/airflow/example_dags/example_setup_teardown_taskflow.py for tasks to queue
[2026-08-12T04:45:11.092+0000] {logging_mixin.py:190} INFO - [2026-08-12T04:45:11.091+0000] {dagbag.py:587} INFO - Filling up the DagBag from /home/airflow/.local/lib/python3.12/site-packages/airflow/example_dags/example_setup_teardown_taskflow.py
[2026-08-12T04:45:11.103+0000] {processor.py:925} INFO - DAG(s) 'example_setup_teardown_taskflow' retrieved from /home/airflow/.local/lib/python3.12/site-packages/airflow/example_dags/example_setup_teardown_taskflow.py
[2026-08-12T04:45:11.125+0000] {logging_mixin.py:190} INFO - [2026-08-12T04:45:11.125+0000] {dag.py:3211} INFO - Sync 1 DAGs
[2026-08-12T04:45:11.151+0000] {logging_mixin.py:190} INFO - [2026-08-12T04:45:11.151+0000] {dag.py:4138} INFO - Setting next_dagrun for example_setup_teardown_taskflow to 2026-08-11 00:00:00+00:00, run_after=2026-08-12 00:00:00+00:00
[2026-08-12T04:45:11.182+0000] {processor.py:208} INFO - Processing /home/airflow/.local/lib/python3.12/site-packages/airflow/example_dags/example_setup_teardown_taskflow.py took 0.102 seconds
[2026-08-12T04:45:41.627+0000] {processor.py:186} INFO - Started process (PID=1641) to work on /home/airflow/.local/lib/python3.12/site-packages/airflow/example_dags/example_setup_teardown_taskflow.py
[2026-08-12T04:45:41.629+0000] {processor.py:914} INFO - Processing file /home/airflow/.local/lib/python3.12/site-packages/airflow/example_dags/example_setup_teardown_taskflow.py for tasks to queue
[2026-08-12T04:45:41.634+0000] {logging_mixin.py:190} INFO - [2026-08-12T04:45:41.633+0000] {dagbag.py:587} INFO - Filling up the DagBag from /home/airflow/.local/lib/python3.12/site-packages/airflow/example_dags/example_setup_teardown_taskflow.py
[2026-08-12T04:45:41.652+0000] {processor.py:925} INFO - DAG(s) 'example_setup_teardown_taskflow' retrieved from /home/airflow/.local/lib/python3.12/site-packages/airflow/example_dags/example_setup_teardown_taskflow.py
[2026-08-12T04:45:41.680+0000] {logging_mixin.py:190} INFO - [2026-08-12T04:45:41.679+0000] {dag.py:3211} INFO - Sync 1 DAGs
[2026-08-12T04:45:41.703+0000] {logging_mixin.py:190} INFO - [2026-08-12T04:45:41.703+0000] {dag.py:4138} INFO - Setting next_dagrun for example_setup_teardown_taskflow to 2026-08-11 00:00:00+00:00, run_after=2026-08-12 00:00:00+00:00
[2026-08-12T04:45:41.725+0000] {processor.py:208} INFO - Processing /home/airflow/.local/lib/python3.12/site-packages/airflow/example_dags/example_setup_teardown_taskflow.py took 0.106 seconds
[2026-08-12T04:46:12.076+0000] {processor.py:186} INFO - Started process (PID=1703) to work on /home/airflow/.local/lib/python3.12/site-packages/airflow/example_dags/example_setup_teardown_taskflow.py
[2026-08-12T04:46:12.079+0000] {processor.py:914} INFO - Processing file /home/airflow/.local/lib/python3.12/site-packages/airflow/example_dags/example_setup_teardown_taskflow.py for tasks to queue
[2026-08-12T04:46:12.083+0000] {logging_mixin.py:190} INFO - [2026-08-12T04:46:12.082+0000] {dagbag.py:587} INFO - Filling up the DagBag from /home/airflow/.local/lib/python3.12/site-packages/airflow/example_dags/example_setup_teardown_taskflow.py
[2026-08-12T04:46:12.097+0000] {processor.py:925} INFO - DAG(s) 'example_setup_teardown_taskflow' retrieved from /home/airflow/.local/lib/python3.12/site-packages/airflow/example_dags/example_setup_teardown_taskflow.py
[2026-08-12T04:46:12.125+0000] {logging_mixin.py:190} INFO - [2026-08-12T04:46:12.125+0000] {dag.py:3211} INFO - Sync 1 DAGs
[2026-08-12T04:46:12.149+0000] {logging_mixin.py:190} INFO - [2026-08-12T04:46:12.148+0000] {dag.py:4138} INFO - Setting next_dagrun for example_setup_teardown_taskflow to 2026-08-11 00:00:00+00:00, run_after=2026-08-12 00:00:00+00:00
[2026-08-12T04:46:12.172+0000] {processor.py:208} INFO - Processing /home/airflow/.local/lib/python3.12/site-packages/airflow/example_dags/example_setup_teardown_taskflow.py took 0.104 seconds
[2026-08-12T04:46:42.617+0000] {processor.py:186} INFO - Started process (PID=1765) to work on /home/airflow/.local/lib/python3.12/site-packages/airflow/example_dags/example_setup_teardown_taskflow.py
[2026-08-12T04:46:42.619+0000] {processor.py:914} INFO - Processing file /home/airflow/.local/lib/python3.12/site-packages/airflow/example_dags/example_setup_teardown_taskflow.py for tasks to queue
[2026-08-12T04:46:42.622+0000] {logging_mixin.py:190} INFO - [2026-08-12T04:46:42.622+0000] {dagbag.py:587} INFO - Filling up the DagBag from /home/airflow/.local/lib/python3.12/site-packages/airflow/example_dags/example_setup_teardown_taskflow.py
[2026-08-12T04:46:42.635+0000] {processor.py:925} INFO - DAG(s) 'example_setup_teardown_taskflow' retrieved from /home/airflow/.local/lib/python3.12/site-packages/airflow/example_dags/example_setup_teardown_taskflow.py
[2026-08-12T04:46:42.665+0000] {logging_mixin.py:190} INFO - [2026-08-12T04:46:42.665+0000] {dag.py:3211} INFO - Sync 1 DAGs
[2026-08-12T04:46:42.689+0000] {logging_mixin.py:190} INFO - [2026-08-12T04:46:42.689+0000] {dag.py:4138} INFO - Setting next_dagrun for example_setup_teardown_taskflow to 2026-08-11 00:00:00+00:00, run_after=2026-08-12 00:00:00+00:00
[2026-08-12T04:46:42.739+0000] {processor.py:208} INFO - Processing /home/airflow/.local/lib/python3.12/site-packages/airflow/example_dags/example_setup_teardown_taskflow.py took 0.142 seconds
[2026-08-12T04:47:12.986+0000] {processor.py:186} INFO - Started process (PID=1827) to work on /home/airflow/.local/lib/python3.12/site-packages/airflow/example_dags/example_setup_teardown_taskflow.py
[2026-08-12T04:47:12.988+0000] {processor.py:914} INFO - Processing file /home/airflow/.local/lib/python3.12/site-packages/airflow/example_dags/example_setup_teardown_taskflow.py for tasks to queue
[2026-08-12T04:47:12.991+0000] {logging_mixin.py:190} INFO - [2026-08-12T04:47:12.991+0000] {dagbag.py:587} INFO - Filling up the DagBag from /home/airflow/.local/lib/python3.12/site-packages/airflow/example_dags/example_setup_teardown_taskflow.py
[2026-08-12T04:47:13.003+0000] {processor.py:925} INFO - DAG(s) 'example_setup_teardown_taskflow' retrieved from /home/airflow/.local/lib/python3.12/site-packages/airflow/example_dags/example_setup_teardown_taskflow.py
[2026-08-12T04:47:13.027+0000] {logging_mixin.py:190} INFO - [2026-08-12T04:47:13.026+0000] {dag.py:3211} INFO - Sync 1 DAGs
[2026-08-12T04:47:13.051+0000] {logging_mixin.py:190} INFO - [2026-08-12T04:47:13.050+0000] {dag.py:4138} INFO - Setting next_dagrun for example_setup_teardown_taskflow to 2026-08-11 00:00:00+00:00, run_after=2026-08-12 00:00:00+00:00
[2026-08-12T04:47:13.076+0000] {processor.py:208} INFO - Processing /home/airflow/.local/lib/python3.12/site-packages/airflow/example_dags/example_setup_teardown_taskflow.py took 0.096 seconds
[2026-08-12T04:47:43.392+0000] {processor.py:186} INFO - Started process (PID=1889) to work on /home/airflow/.local/lib/python3.12/site-packages/airflow/example_dags/example_setup_teardown_taskflow.py
[2026-08-12T04:47:43.394+0000] {processor.py:914} INFO - Processing file /home/airflow/.local/lib/python3.12/site-packages/airflow/example_dags/example_setup_teardown_taskflow.py for tasks to queue
[2026-08-12T04:47:43.398+0000] {logging_mixin.py:190} INFO - [2026-08-12T04:47:43.398+0000] {dagbag.py:587} INFO - Filling up the DagBag from /home/airflow/.local/lib/python3.12/site-packages/airflow/example_dags/example_setup_teardown_taskflow.py
[2026-08-12T04:47:43.412+0000] {processor.py:925} INFO - DAG(s) 'example_setup_teardown_taskflow' retrieved from /home/airflow/.local/lib/python3.12/site-packages/airflow/example_dags/example_setup_teardown_taskflow.py
[2026-08-12T04:47:43.440+0000] {logging_mixin.py:190} INFO - [2026-08-12T04:47:43.439+0000] {dag.py:3211} INFO - Sync 1 DAGs
[2026-08-12T04:47:43.472+0000] {logging_mixin.py:190} INFO - [2026-08-12T04:47:43.472+0000] {dag.py:4138} INFO - Setting next_dagrun for example_setup_teardown_taskflow to 2026-08-11 00:00:00+00:00, run_after=2026-08-12 00:00:00+00:00
[2026-08-12T04:47:43.497+0000] {processor.py:208} INFO - Processing /home/airflow/.local/lib/python3.12/site-packages/airflow/example_dags/example_setup_teardown_taskflow.py took 0.113 seconds
[2026-08-12T04:48:14.363+0000] {processor.py:186} INFO - Started process (PID=1951) to work on /home/airflow/.local/lib/python3.12/site-packages/airflow/example_dags/example_setup_teardown_taskflow.py
[2026-08-12T04:48:14.365+0000] {processor.py:914} INFO - Processing file /home/airflow/.local/lib/python3.12/site-packages/airflow/example_dags/example_setup_teardown_taskflow.py for tasks to queue
[2026-08-12T04:48:14.369+0000] {logging_mixin.py:190} INFO - [2026-08-12T04:48:14.368+0000] {dagbag.py:587} INFO - Filling up the DagBag from /home/airflow/.local/lib/python3.12/site-packages/airflow/example_dags/example_setup_teardown_taskflow.py
[2026-08-12T04:48:14.382+0000] {processor.py:925} INFO - DAG(s) 'example_setup_teardown_taskflow' retrieved from /home/airflow/.local/lib/python3.12/site-packages/airflow/example_dags/example_setup_teardown_taskflow.py
[2026-08-12T04:48:14.404+0000] {logging_mixin.py:190} INFO - [2026-08-12T04:48:14.404+0000] {dag.py:3211} INFO - Sync 1 DAGs
[2026-08-12T04:48:14.426+0000] {logging_mixin.py:190} INFO - [2026-08-12T04:48:14.425+0000] {dag.py:4138} INFO - Setting next_dagrun for example_setup_teardown_taskflow to 2026-08-11 00:00:00+00:00, run_after=2026-08-12 00:00:00+00:00
[2026-08-12T04:48:14.447+0000] {processor.py:208} INFO - Processing /home/airflow/.local/lib/python3.12/site-packages/airflow/example_dags/example_setup_teardown_taskflow.py took 0.091 seconds
[2026-08-12T04:48:45.216+0000] {processor.py:186} INFO - Started process (PID=2013) to work on /home/airflow/.local/lib/python3.12/site-packages/airflow/example_dags/example_setup_teardown_taskflow.py
[2026-08-12T04:48:45.218+0000] {processor.py:914} INFO - Processing file /home/airflow/.local/lib/python3.12/site-packages/airflow/example_dags/example_setup_teardown_taskflow.py for tasks to queue
[2026-08-12T04:48:45.221+0000] {logging_mixin.py:190} INFO - [2026-08-12T04:48:45.220+0000] {dagbag.py:587} INFO - Filling up the DagBag from /home/airflow/.local/lib/python3.12/site-packages/airflow/example_dags/example_setup_teardown_taskflow.py
[2026-08-12T04:48:45.234+0000] {processor.py:925} INFO - DAG(s) 'example_setup_teardown_taskflow' retrieved from /home/airflow/.local/lib/python3.12/site-packages/airflow/example_dags/example_setup_teardown_taskflow.py
[2026-08-12T04:48:45.257+0000] {logging_mixin.py:190} INFO - [2026-08-12T04:48:45.256+0000] {dag.py:3211} INFO - Sync 1 DAGs
[2026-08-12T04:48:45.283+0000] {logging_mixin.py:190} INFO - [2026-08-12T04:48:45.282+0000] {dag.py:4138} INFO - Setting next_dagrun for example_setup_teardown_taskflow to 2026-08-11 00:00:00+00:00, run_after=2026-08-12 00:00:00+00:00
[2026-08-12T04:48:45.310+0000] {processor.py:208} INFO - Processing /home/airflow/.local/lib/python3.12/site-packages/airflow/example_dags/example_setup_teardown_taskflow.py took 0.102 seconds
[2026-08-12T04:49:15.431+0000] {processor.py:186} INFO - Started process (PID=2075) to work on /home/airflow/.local/lib/python3.12/site-packages/airflow/example_dags/example_setup_teardown_taskflow.py
[2026-08-12T04:49:15.434+0000] {processor.py:914} INFO - Processing file /home/airflow/.local/lib/python3.12/site-packages/airflow/example_dags/example_setup_teardown_taskflow.py for tasks to queue
[2026-08-12T04:49:15.439+0000] {logging_mixin.py:190} INFO - [2026-08-12T04:49:15.438+0000] {dagbag.py:587} INFO - Filling up the DagBag from /home/airflow/.local/lib/python3.12/site-packages/airflow/example_dags/example_setup_teardown_taskflow.py
[2026-08-12T04:49:15.458+0000] {processor.py:925} INFO - DAG(s) 'example_setup_teardown_taskflow' retrieved from /home/airflow/.local/lib/python3.12/site-packages/airflow/example_dags/example_setup_teardown_taskflow.py
[2026-08-12T04:49:15.493+0000] {logging_mixin.py:190} INFO - [2026-08-12T04:49:15.493+0000] {dag.py:3211} INFO - Sync 1 DAGs
[2026-08-12T04:49:15.535+0000] {logging_mixin.py:190} INFO - [2026-08-12T04:49:15.534+0000] {dag.py:4138} INFO - Setting next_dagrun for example_setup_teardown_taskflow to 2026-08-11 00:00:00+00:00, run_after=2026-08-12 00:00:00+00:00
[2026-08-12T04:49:15.567+0000] {processor.py:208} INFO - Processing /home/airflow/.local/lib/python3.12/site-packages/airflow/example_dags/example_setup_teardown_taskflow.py took 0.145 seconds
[2026-08-12T04:49:45.751+0000] {processor.py:186} INFO - Started process (PID=2137) to work on /home/airflow/.local/lib/python3.12/site-packages/airflow/example_dags/example_setup_teardown_taskflow.py
[2026-08-12T04:49:45.752+0000] {processor.py:914} INFO - Processing file /home/airflow/.local/lib/python3.12/site-packages/airflow/example_dags/example_setup_teardown_taskflow.py for tasks to queue
[2026-08-12T04:49:45.756+0000] {logging_mixin.py:190} INFO - [2026-08-12T04:49:45.756+0000] {dagbag.py:587} INFO - Filling up the DagBag from /home/airflow/.local/lib/python3.12/site-packages/airflow/example_dags/example_setup_teardown_taskflow.py
[2026-08-12T04:49:45.771+0000] {processor.py:925} INFO - DAG(s) 'example_setup_teardown_taskflow' retrieved from /home/airflow/.local/lib/python3.12/site-packages/airflow/example_dags/example_setup_teardown_taskflow.py
[2026-08-12T04:49:45.798+0000] {logging_mixin.py:190} INFO - [2026-08-12T04:49:45.798+0000] {dag.py:3211} INFO - Sync 1 DAGs
[2026-08-12T04:49:45.822+0000] {logging_mixin.py:190} INFO - [2026-08-12T04:49:45.821+0000] {dag.py:4138} INFO - Setting next_dagrun for example_setup_teardown_taskflow to 2026-08-11 00:00:00+00:00, run_after=2026-08-12 00:00:00+00:00
[2026-08-12T04:49:45.844+0000] {processor.py:208} INFO - Processing /home/airflow/.local/lib/python3.12/site-packages/airflow/example_dags/example_setup_teardown_taskflow.py took 0.102 seconds
[2026-08-12T04:50:16.465+0000] {processor.py:186} INFO - Started process (PID=2199) to work on /home/airflow/.local/lib/python3.12/site-packages/airflow/example_dags/example_setup_teardown_taskflow.py
[2026-08-12T04:50:16.468+0000] {processor.py:914} INFO - Processing file /home/airflow/.local/lib/python3.12/site-packages/airflow/example_dags/example_setup_teardown_taskflow.py for tasks to queue
[2026-08-12T04:50:16.471+0000] {logging_mixin.py:190} INFO - [2026-08-12T04:50:16.471+0000] {dagbag.py:587} INFO - Filling up the DagBag from /home/airflow/.local/lib/python3.12/site-packages/airflow/example_dags/example_setup_teardown_taskflow.py
[2026-08-12T04:50:16.487+0000] {processor.py:925} INFO - DAG(s) 'example_setup_teardown_taskflow' retrieved from /home/airflow/.local/lib/python3.12/site-packages/airflow/example_dags/example_setup_teardown_taskflow.py
[2026-08-12T04:50:16.518+0000] {logging_mixin.py:190} INFO - [2026-08-12T04:50:16.518+0000] {dag.py:3211} INFO - Sync 1 DAGs
[2026-08-12T04:50:16.551+0000] {logging_mixin.py:190} INFO - [2026-08-12T04:50:16.550+0000] {dag.py:4138} INFO - Setting next_dagrun for example_setup_teardown_taskflow to 2026-08-11 00:00:00+00:00, run_after=2026-08-12 00:00:00+00:00
[2026-08-12T04:50:16.591+0000] {processor.py:208} INFO - Processing /home/airflow/.local/lib/python3.12/site-packages/airflow/example_dags/example_setup_teardown_taskflow.py took 0.135 seconds
[2026-08-12T04:50:47.465+0000] {processor.py:186} INFO - Started process (PID=2261) to work on /home/airflow/.local/lib/python3.12/site-packages/airflow/example_dags/example_setup_teardown_taskflow.py
[2026-08-12T04:50:47.467+0000] {processor.py:914} INFO - Processing file /home/airflow/.local/lib/python3.12/site-packages/airflow/example_dags/example_setup_teardown_taskflow.py for tasks to queue
[2026-08-12T04:50:47.471+0000] {logging_mixin.py:190} INFO - [2026-08-12T04:50:47.470+0000] {dagbag.py:587} INFO - Filling up the DagBag from /home/airflow/.local/lib/python3.12/site-packages/airflow/example_dags/example_setup_teardown_taskflow.py
[2026-08-12T04:50:47.485+0000] {processor.py:925} INFO - DAG(s) 'example_setup_teardown_taskflow' retrieved from /home/airflow/.local/lib/python3.12/site-packages/airflow/example_dags/example_setup_teardown_taskflow.py
[2026-08-12T04:50:47.508+0000] {logging_mixin.py:190} INFO - [2026-08-12T04:50:47.507+0000] {dag.py:3211} INFO - Sync 1 DAGs
[2026-08-12T04:50:47.537+0000] {logging_mixin.py:190} INFO - [2026-08-12T04:50:47.537+0000] {dag.py:4138} INFO - Setting next_dagrun for example_setup_teardown_taskflow to 2026-08-11 00:00:00+00:00, run_after=2026-08-12 00:00:00+00:00
[2026-08-12T04:50:47.559+0000] {processor.py:208} INFO - Processing /home/airflow/.local/lib/python3.12/site-packages/airflow/example_dags/example_setup_teardown_taskflow.py took 0.103 seconds
[2026-08-12T04:51:18.323+0000] {processor.py:186} INFO - Started process (PID=2323) to work on /home/airflow/.local/lib/python3.12/site-packages/airflow/example_dags/example_setup_teardown_taskflow.py
[2026-08-12T04:51:18.325+0000] {processor.py:914} INFO - Processing file /home/airflow/.local/lib/python3.12/site-packages/airflow/example_dags/example_setup_teardown_taskflow.py for tasks to queue
[2026-08-12T04:51:18.327+0000] {logging_mixin.py:190} INFO - [2026-08-12T04:51:18.327+0000] {dagbag.py:587} INFO - Filling up the DagBag from /home/airflow/.local/lib/python3.12/site-packages/airflow/example_dags/example_setup_teardown_taskflow.py
[2026-08-12T04:51:18.353+0000] {processor.py:925} INFO - DAG(s) 'example_setup_teardown_taskflow' retrieved from /home/airflow/.local/lib/python3.12/site-packages/airflow/example_dags/example_setup_teardown_taskflow.py
[2026-08-12T04:51:18.378+0000] {logging_mixin.py:190} INFO - [2026-08-12T04:51:18.378+0000] {dag.py:3211} INFO - Sync 1 DAGs
[2026-08-12T04:51:18.406+0000] {logging_mixin.py:190} INFO - [2026-08-12T04:51:18.405+0000] {dag.py:4138} INFO - Setting next_dagrun for example_setup_teardown_taskflow to 2026-08-11 00:00:00+00:00, run_after=2026-08-12 00:00:00+00:00
[2026-08-12T04:51:18.433+0000] {processor.py:208} INFO - Processing /home/airflow/.local/lib/python3.12/site-packages/airflow/example_dags/example_setup_teardown_taskflow.py took 0.115 seconds
[2026-08-12T04:51:48.563+0000] {processor.py:186} INFO - Started process (PID=2385) to work on /home/airflow/.local/lib/python3.12/site-packages/airflow/example_dags/example_setup_teardown_taskflow.py
[2026-08-12T04:51:48.565+0000] {processor.py:914} INFO - Processing file /home/airflow/.local/lib/python3.12/site-packages/airflow/example_dags/example_setup_teardown_taskflow.py for tasks to queue
[2026-08-12T04:51:48.568+0000] {logging_mixin.py:190} INFO - [2026-08-12T04:51:48.568+0000] {dagbag.py:587} INFO - Filling up the DagBag from /home/airflow/.local/lib/python3.12/site-packages/airflow/example_dags/example_setup_teardown_taskflow.py
[2026-08-12T04:51:48.578+0000] {processor.py:925} INFO - DAG(s) 'example_setup_teardown_taskflow' retrieved from /home/airflow/.local/lib/python3.12/site-packages/airflow/example_dags/example_setup_teardown_taskflow.py
[2026-08-12T04:51:48.601+0000] {logging_mixin.py:190} INFO - [2026-08-12T04:51:48.601+0000] {dag.py:3211} INFO - Sync 1 DAGs
[2026-08-12T04:51:48.625+0000] {logging_mixin.py:190} INFO - [2026-08-12T04:51:48.624+0000] {dag.py:4138} INFO - Setting next_dagrun for example_setup_teardown_taskflow to 2026-08-11 00:00:00+00:00, run_after=2026-08-12 00:00:00+00:00
[2026-08-12T04:51:48.653+0000] {processor.py:208} INFO - Processing /home/airflow/.local/lib/python3.12/site-packages/airflow/example_dags/example_setup_teardown_taskflow.py took 0.095 seconds
[2026-08-12T04:52:19.212+0000] {processor.py:186} INFO - Started process (PID=2447) to work on /home/airflow/.local/lib/python3.12/site-packages/airflow/example_dags/example_setup_teardown_taskflow.py
[2026-08-12T04:52:19.214+0000] {processor.py:914} INFO - Processing file /home/airflow/.local/lib/python3.12/site-packages/airflow/example_dags/example_setup_teardown_taskflow.py for tasks to queue
[2026-08-12T04:52:19.218+0000] {logging_mixin.py:190} INFO - [2026-08-12T04:52:19.217+0000] {dagbag.py:587} INFO - Filling up the DagBag from /home/airflow/.local/lib/python3.12/site-packages/airflow/example_dags/example_setup_teardown_taskflow.py
[2026-08-12T04:52:19.230+0000] {processor.py:925} INFO - DAG(s) 'example_setup_teardown_taskflow' retrieved from /home/airflow/.local/lib/python3.12/site-packages/airflow/example_dags/example_setup_teardown_taskflow.py
[2026-08-12T04:52:19.251+0000] {logging_mixin.py:190} INFO - [2026-08-12T04:52:19.250+0000] {dag.py:3211} INFO - Sync 1 DAGs
[2026-08-12T04:52:19.274+0000] {logging_mixin.py:190} INFO - [2026-08-12T04:52:19.274+0000] {dag.py:4138} INFO - Setting next_dagrun for example_setup_teardown_taskflow to 2026-08-11 00:00:00+00:00, run_after=2026-08-12 00:00:00+00:00
[2026-08-12T04:52:19.313+0000] {processor.py:208} INFO - Processing /home/airflow/.local/lib/python3.12/site-packages/airflow/example_dags/example_setup_teardown_taskflow.py took 0.108 seconds
[2026-08-12T04:52:49.585+0000] {processor.py:186} INFO - Started process (PID=2509) to work on /home/airflow/.local/lib/python3.12/site-packages/airflow/example_dags/example_setup_teardown_taskflow.py
[2026-08-12T04:52:49.586+0000] {processor.py:914} INFO - Processing file /home/airflow/.local/lib/python3.12/site-packages/airflow/example_dags/example_setup_teardown_taskflow.py for tasks to queue
[2026-08-12T04:52:49.589+0000] {logging_mixin.py:190} INFO - [2026-08-12T04:52:49.589+0000] {dagbag.py:587} INFO - Filling up the DagBag from /home/airflow/.local/lib/python3.12/site-packages/airflow/example_dags/example_setup_teardown_taskflow.py
[2026-08-12T04:52:49.600+0000] {processor.py:925} INFO - DAG(s) 'example_setup_teardown_taskflow' retrieved from /home/airflow/.local/lib/python3.12/site-packages/airflow/example_dags/example_setup_teardown_taskflow.py
[2026-08-12T04:52:49.621+0000] {logging_mixin.py:190} INFO - [2026-08-12T04:52:49.620+0000] {dag.py:3211} INFO - Sync 1 DAGs
[2026-08-12T04:52:49.643+0000] {logging_mixin.py:190} INFO - [2026-08-12T04:52:49.643+0000] {dag.py:4138} INFO - Setting next_dagrun for example_setup_teardown_taskflow to 2026-08-11 00:00:00+00:00, run_after=2026-08-12 00:00:00+00:00
[2026-08-12T04:52:49.666+0000] {processor.py:208} INFO - Processing /home/airflow/.local/lib/python3.12/site-packages/airflow/example_dags/example_setup_teardown_taskflow.py took 0.086 seconds
[2026-08-12T04:53:20.169+0000] {processor.py:186} INFO - Started process (PID=2572) to work on /home/airflow/.local/lib/python3.12/site-packages/airflow/example_dags/example_setup_teardown_taskflow.py
[2026-08-12T04:53:20.170+0000] {processor.py:914} INFO - Processing file /home/airflow/.local/lib/python3.12/site-packages/airflow/example_dags/example_setup_teardown_taskflow.py for tasks to queue
[2026-08-12T04:53:20.173+0000] {logging_mixin.py:190} INFO - [2026-08-12T04:53:20.173+0000] {dagbag.py:587} INFO - Filling up the DagBag from /home/airflow/.local/lib/python3.12/site-packages/airflow/example_dags/example_setup_teardown_taskflow.py
[2026-08-12T04:53:20.184+0000] {processor.py:925} INFO - DAG(s) 'example_setup_teardown_taskflow' retrieved from /home/airflow/.local/lib/python3.12/site-packages/airflow/example_dags/example_setup_teardown_taskflow.py
[2026-08-12T04:53:20.208+0000] {logging_mixin.py:190} INFO - [2026-08-12T04:53:20.207+0000] {dag.py:3211} INFO - Sync 1 DAGs
[2026-08-12T04:53:20.233+0000] {logging_mixin.py:190} INFO - [2026-08-12T04:53:20.233+0000] {dag.py:4138} INFO - Setting next_dagrun for example_setup_teardown_taskflow to 2026-08-11 00:00:00+00:00, run_after=2026-08-12 00:00:00+00:00
[2026-08-12T04:53:20.265+0000] {processor.py:208} INFO - Processing /home/airflow/.local/lib/python3.12/site-packages/airflow/example_dags/example_setup_teardown_taskflow.py took 0.102 seconds
[2026-08-12T04:53:50.906+0000] {processor.py:186} INFO - Started process (PID=2635) to work on /home/airflow/.local/lib/python3.12/site-packages/airflow/example_dags/example_setup_teardown_taskflow.py
[2026-08-12T04:53:50.908+0000] {processor.py:914} INFO - Processing file /home/airflow/.local/lib/python3.12/site-packages/airflow/example_dags/example_setup_teardown_taskflow.py for tasks to queue
[2026-08-12T04:53:50.910+0000] {logging_mixin.py:190} INFO - [2026-08-12T04:53:50.910+0000] {dagbag.py:587} INFO - Filling up the DagBag from /home/airflow/.local/lib/python3.12/site-packages/airflow/example_dags/example_setup_teardown_taskflow.py
[2026-08-12T04:53:50.920+0000] {processor.py:925} INFO - DAG(s) 'example_setup_teardown_taskflow' retrieved from /home/airflow/.local/lib/python3.12/site-packages/airflow/example_dags/example_setup_teardown_taskflow.py
[2026-08-12T04:53:50.941+0000] {logging_mixin.py:190} INFO - [2026-08-12T04:53:50.941+0000] {dag.py:3211} INFO - Sync 1 DAGs
[2026-08-12T04:53:50.961+0000] {logging_mixin.py:190} INFO - [2026-08-12T04:53:50.961+0000] {dag.py:4138} INFO - Setting next_dagrun for example_setup_teardown_taskflow to 2026-08-11 00:00:00+00:00, run_after=2026-08-12 00:00:00+00:00
[2026-08-12T04:53:50.980+0000] {processor.py:208} INFO - Processing /home/airflow/.local/lib/python3.12/site-packages/airflow/example_dags/example_setup_teardown_taskflow.py took 0.079 seconds
[2026-08-12T04:54:21.110+0000] {processor.py:186} INFO - Started process (PID=2698) to work on /home/airflow/.local/lib/python3.12/site-packages/airflow/example_dags/example_setup_teardown_taskflow.py
[2026-08-12T04:54:21.111+0000] {processor.py:914} INFO - Processing file /home/airflow/.local/lib/python3.12/site-packages/airflow/example_dags/example_setup_teardown_taskflow.py for tasks to queue
[2026-08-12T04:54:21.114+0000] {logging_mixin.py:190} INFO - [2026-08-12T04:54:21.113+0000] {dagbag.py:587} INFO - Filling up the DagBag from /home/airflow/.local/lib/python3.12/site-packages/airflow/example_dags/example_setup_teardown_taskflow.py
[2026-08-12T04:54:21.124+0000] {processor.py:925} INFO - DAG(s) 'example_setup_teardown_taskflow' retrieved from /home/airflow/.local/lib/python3.12/site-packages/airflow/example_dags/example_setup_teardown_taskflow.py
[2026-08-12T04:54:21.145+0000] {logging_mixin.py:190} INFO - [2026-08-12T04:54:21.144+0000] {dag.py:3211} INFO - Sync 1 DAGs
[2026-08-12T04:54:21.165+0000] {logging_mixin.py:190} INFO - [2026-08-12T04:54:21.165+0000] {dag.py:4138} INFO - Setting next_dagrun for example_setup_teardown_taskflow to 2026-08-11 00:00:00+00:00, run_after=2026-08-12 00:00:00+00:00
[2026-08-12T04:54:21.183+0000] {processor.py:208} INFO - Processing /home/airflow/.local/lib/python3.12/site-packages/airflow/example_dags/example_setup_teardown_taskflow.py took 0.079 seconds
[2026-08-12T04:54:51.783+0000] {processor.py:186} INFO - Started process (PID=2761) to work on /home/airflow/.local/lib/python3.12/site-packages/airflow/example_dags/example_setup_teardown_taskflow.py
[2026-08-12T04:54:51.784+0000] {processor.py:914} INFO - Processing file /home/airflow/.local/lib/python3.12/site-packages/airflow/example_dags/example_setup_teardown_taskflow.py for tasks to queue
[2026-08-12T04:54:51.787+0000] {logging_mixin.py:190} INFO - [2026-08-12T04:54:51.787+0000] {dagbag.py:587} INFO - Filling up the DagBag from /home/airflow/.local/lib/python3.12/site-packages/airflow/example_dags/example_setup_teardown_taskflow.py
[2026-08-12T04:54:51.797+0000] {processor.py:925} INFO - DAG(s) 'example_setup_teardown_taskflow' retrieved from /home/airflow/.local/lib/python3.12/site-packages/airflow/example_dags/example_setup_teardown_taskflow.py
[2026-08-12T04:54:51.817+0000] {logging_mixin.py:190} INFO - [2026-08-12T04:54:51.817+0000] {dag.py:3211} INFO - Sync 1 DAGs
[2026-08-12T04:54:51.841+0000] {logging_mixin.py:190} INFO - [2026-08-12T04:54:51.841+0000] {dag.py:4138} INFO - Setting next_dagrun for example_setup_teardown_taskflow to 2026-08-11 00:00:00+00:00, run_after=2026-08-12 00:00:00+00:00
[2026-08-12T04:54:51.859+0000] {processor.py:208} INFO - Processing /home/airflow/.local/lib/python3.12/site-packages/airflow/example_dags/example_setup_teardown_taskflow.py took 0.082 seconds
[2026-08-12T04:55:22.352+0000] {processor.py:186} INFO - Started process (PID=2824) to work on /home/airflow/.local/lib/python3.12/site-packages/airflow/example_dags/example_setup_teardown_taskflow.py
[2026-08-12T04:55:22.354+0000] {processor.py:914} INFO - Processing file /home/airflow/.local/lib/python3.12/site-packages/airflow/example_dags/example_setup_teardown_taskflow.py for tasks to queue
[2026-08-12T04:55:22.357+0000] {logging_mixin.py:190} INFO - [2026-08-12T04:55:22.357+0000] {dagbag.py:587} INFO - Filling up the DagBag from /home/airflow/.local/lib/python3.12/site-packages/airflow/example_dags/example_setup_teardown_taskflow.py
[2026-08-12T04:55:22.368+0000] {processor.py:925} INFO - DAG(s) 'example_setup_teardown_taskflow' retrieved from /home/airflow/.local/lib/python3.12/site-packages/airflow/example_dags/example_setup_teardown_taskflow.py
[2026-08-12T04:55:22.394+0000] {logging_mixin.py:190} INFO - [2026-08-12T04:55:22.394+0000] {dag.py:3211} INFO - Sync 1 DAGs
[2026-08-12T04:55:22.418+0000] {logging_mixin.py:190} INFO - [2026-08-12T04:55:22.418+0000] {dag.py:4138} INFO - Setting next_dagrun for example_setup_teardown_taskflow to 2026-08-11 00:00:00+00:00, run_after=2026-08-12 00:00:00+00:00
[2026-08-12T04:55:22.440+0000] {processor.py:208} INFO - Processing /home/airflow/.local/lib/python3.12/site-packages/airflow/example_dags/example_setup_teardown_taskflow.py took 0.093 seconds
[2026-08-12T04:55:53.006+0000] {processor.py:186} INFO - Started process (PID=2887) to work on /home/airflow/.local/lib/python3.12/site-packages/airflow/example_dags/example_setup_teardown_taskflow.py
[2026-08-12T04:55:53.008+0000] {processor.py:914} INFO - Processing file /home/airflow/.local/lib/python3.12/site-packages/airflow/example_dags/example_setup_teardown_taskflow.py for tasks to queue
[2026-08-12T04:55:53.011+0000] {logging_mixin.py:190} INFO - [2026-08-12T04:55:53.011+0000] {dagbag.py:587} INFO - Filling up the DagBag from /home/airflow/.local/lib/python3.12/site-packages/airflow/example_dags/example_setup_teardown_taskflow.py
[2026-08-12T04:55:53.022+0000] {processor.py:925} INFO - DAG(s) 'example_setup_teardown_taskflow' retrieved from /home/airflow/.local/lib/python3.12/site-packages/airflow/example_dags/example_setup_teardown_taskflow.py
[2026-08-12T04:55:53.041+0000] {logging_mixin.py:190} INFO - [2026-08-12T04:55:53.041+0000] {dag.py:3211} INFO - Sync 1 DAGs
[2026-08-12T04:55:53.064+0000] {logging_mixin.py:190} INFO - [2026-08-12T04:55:53.064+0000] {dag.py:4138} INFO - Setting next_dagrun for example_setup_teardown_taskflow to 2026-08-11 00:00:00+00:00, run_after=2026-08-12 00:00:00+00:00
[2026-08-12T04:55:53.083+0000] {processor.py:208} INFO - Processing /home/airflow/.local/lib/python3.12/site-packages/airflow/example_dags/example_setup_teardown_taskflow.py took 0.082 seconds
[2026-08-12T04:56:23.820+0000] {processor.py:186} INFO - Started process (PID=2950) to work on /home/airflow/.local/lib/python3.12/site-packages/airflow/example_dags/example_setup_teardown_taskflow.py
[2026-08-12T04:56:23.822+0000] {processor.py:914} INFO - Processing file /home/airflow/.local/lib/python3.12/site-packages/airflow/example_dags/example_setup_teardown_taskflow.py for tasks to queue
[2026-08-12T04:56:23.826+0000] {logging_mixin.py:190} INFO - [2026-08-12T04:56:23.826+0000] {dagbag.py:587} INFO - Filling up the DagBag from /home/airflow/.local/lib/python3.12/site-packages/airflow/example_dags/example_setup_teardown_taskflow.py
[2026-08-12T04:56:23.842+0000] {processor.py:925} INFO - DAG(s) 'example_setup_teardown_taskflow' retrieved from /home/airflow/.local/lib/python3.12/site-packages/airflow/example_dags/example_setup_teardown_taskflow.py
[2026-08-12T04:56:23.865+0000] {logging_mixin.py:190} INFO - [2026-08-12T04:56:23.865+0000] {dag.py:3211} INFO - Sync 1 DAGs
[2026-08-12T04:56:23.889+0000] {logging_mixin.py:190} INFO - [2026-08-12T04:56:23.889+0000] {dag.py:4138} INFO - Setting next_dagrun for example_setup_teardown_taskflow to 2026-08-11 00:00:00+00:00, run_after=2026-08-12 00:00:00+00:00
[2026-08-12T04:56:23.909+0000] {processor.py:208} INFO - Processing /home/airflow/.local/lib/python3.12/site-packages/airflow/example_dags/example_setup_teardown_taskflow.py took 0.098 seconds
[2026-08-12T04:56:54.811+0000] {processor.py:186} INFO - Started process (PID=3013) to work on /home/airflow/.local/lib/python3.12/site-packages/airflow/example_dags/example_setup_teardown_taskflow.py
[2026-08-12T04:56:54.813+0000] {processor.py:914} INFO - Processing file /home/airflow/.local/lib/python3.12/site-packages/airflow/example_dags/example_setup_teardown_taskflow.py for tasks to queue
[2026-08-12T04:56:54.815+0000] {logging_mixin.py:190} INFO - [2026-08-12T04:56:54.815+0000] {dagbag.py:587} INFO - Filling up the DagBag from /home/airflow/.local/lib/python3.12/site-packages/airflow/example_dags/example_setup_teardown_taskflow.py
[2026-08-12T04:56:54.827+0000] {processor.py:925} INFO - DAG(s) 'example_setup_teardown_taskflow' retrieved from /home/airflow/.local/lib/python3.12/site-packages/airflow/example_dags/example_setup_teardown_taskflow.py
[2026-08-12T04:56:54.853+0000] {logging_mixin.py:190} INFO - [2026-08-12T04:56:54.853+0000] {dag.py:3211} INFO - Sync 1 DAGs
[2026-08-12T04:56:54.880+0000] {logging_mixin.py:190} INFO - [2026-08-12T04:56:54.880+0000] {dag.py:4138} INFO - Setting next_dagrun for example_setup_teardown_taskflow to 2026-08-11 00:00:00+00:00, run_after=2026-08-12 00:00:00+00:00
[2026-08-12T04:56:54.906+0000] {processor.py:208} INFO - Processing /home/airflow/.local/lib/python3.12/site-packages/airflow/example_dags/example_setup_teardown_taskflow.py took 0.100 seconds
[2026-08-12T04:57:25.785+0000] {processor.py:186} INFO - Started process (PID=3076) to work on /home/airflow/.local/lib/python3.12/site-packages/airflow/example_dags/example_setup_teardown_taskflow.py
[2026-08-12T04:57:25.787+0000] {processor.py:914} INFO - Processing file /home/airflow/.local/lib/python3.12/site-packages/airflow/example_dags/example_setup_teardown_taskflow.py for tasks to queue
[2026-08-12T04:57:25.790+0000] {logging_mixin.py:190} INFO - [2026-08-12T04:57:25.790+0000] {dagbag.py:587} INFO - Filling up the DagBag from /home/airflow/.local/lib/python3.12/site-packages/airflow/example_dags/example_setup_teardown_taskflow.py
[2026-08-12T04:57:25.801+0000] {processor.py:925} INFO - DAG(s) 'example_setup_teardown_taskflow' retrieved from /home/airflow/.local/lib/python3.12/site-packages/airflow/example_dags/example_setup_teardown_taskflow.py
[2026-08-12T04:57:25.825+0000] {logging_mixin.py:190} INFO - [2026-08-12T04:57:25.824+0000] {dag.py:3211} INFO - Sync 1 DAGs
[2026-08-12T04:57:25.860+0000] {logging_mixin.py:190} INFO - [2026-08-12T04:57:25.860+0000] {dag.py:4138} INFO - Setting next_dagrun for example_setup_teardown_taskflow to 2026-08-11 00:00:00+00:00, run_after=2026-08-12 00:00:00+00:00
[2026-08-12T04:57:25.879+0000] {processor.py:208} INFO - Processing /home/airflow/.local/lib/python3.12/site-packages/airflow/example_dags/example_setup_teardown_taskflow.py took 0.100 seconds
[2026-08-12T04:57:57.721+0000] {processor.py:186} INFO - Started process (PID=3145) to work on /home/airflow/.local/lib/python3.12/site-packages/airflow/example_dags/example_setup_teardown_taskflow.py
[2026-08-12T04:57:57.722+0000] {processor.py:914} INFO - Processing file /home/airflow/.local/lib/python3.12/site-packages/airflow/example_dags/example_setup_teardown_taskflow.py for tasks to queue
[2026-08-12T04:57:57.725+0000] {logging_mixin.py:190} INFO - [2026-08-12T04:57:57.725+0000] {dagbag.py:587} INFO - Filling up the DagBag from /home/airflow/.local/lib/python3.12/site-packages/airflow/example_dags/example_setup_teardown_taskflow.py
[2026-08-12T04:57:57.735+0000] {processor.py:925} INFO - DAG(s) 'example_setup_teardown_taskflow' retrieved from /home/airflow/.local/lib/python3.12/site-packages/airflow/example_dags/example_setup_teardown_taskflow.py
[2026-08-12T04:57:57.759+0000] {logging_mixin.py:190} INFO - [2026-08-12T04:57:57.759+0000] {dag.py:3211} INFO - Sync 1 DAGs
[2026-08-12T04:57:57.783+0000] {logging_mixin.py:190} INFO - [2026-08-12T04:57:57.783+0000] {dag.py:4138} INFO - Setting next_dagrun for example_setup_teardown_taskflow to 2026-08-11 00:00:00+00:00, run_after=2026-08-12 00:00:00+00:00
[2026-08-12T04:57:58.043+0000] {processor.py:208} INFO - Processing /home/airflow/.local/lib/python3.12/site-packages/airflow/example_dags/example_setup_teardown_taskflow.py took 0.327 seconds
[2026-08-12T04:58:28.935+0000] {processor.py:186} INFO - Started process (PID=3208) to work on /home/airflow/.local/lib/python3.12/site-packages/airflow/example_dags/example_setup_teardown_taskflow.py
[2026-08-12T04:58:28.938+0000] {processor.py:914} INFO - Processing file /home/airflow/.local/lib/python3.12/site-packages/airflow/example_dags/example_setup_teardown_taskflow.py for tasks to queue
[2026-08-12T04:58:28.941+0000] {logging_mixin.py:190} INFO - [2026-08-12T04:58:28.941+0000] {dagbag.py:587} INFO - Filling up the DagBag from /home/airflow/.local/lib/python3.12/site-packages/airflow/example_dags/example_setup_teardown_taskflow.py
[2026-08-12T04:58:28.954+0000] {processor.py:925} INFO - DAG(s) 'example_setup_teardown_taskflow' retrieved from /home/airflow/.local/lib/python3.12/site-packages/airflow/example_dags/example_setup_teardown_taskflow.py
[2026-08-12T04:58:28.980+0000] {logging_mixin.py:190} INFO - [2026-08-12T04:58:28.979+0000] {dag.py:3211} INFO - Sync 1 DAGs
[2026-08-12T04:58:29.017+0000] {logging_mixin.py:190} INFO - [2026-08-12T04:58:29.016+0000] {dag.py:4138} INFO - Setting next_dagrun for example_setup_teardown_taskflow to 2026-08-11 00:00:00+00:00, run_after=2026-08-12 00:00:00+00:00
[2026-08-12T04:58:29.056+0000] {processor.py:208} INFO - Processing /home/airflow/.local/lib/python3.12/site-packages/airflow/example_dags/example_setup_teardown_taskflow.py took 0.129 seconds
[2026-08-12T04:58:59.220+0000] {processor.py:186} INFO - Started process (PID=3271) to work on /home/airflow/.local/lib/python3.12/site-packages/airflow/example_dags/example_setup_teardown_taskflow.py
[2026-08-12T04:58:59.222+0000] {processor.py:914} INFO - Processing file /home/airflow/.local/lib/python3.12/site-packages/airflow/example_dags/example_setup_teardown_taskflow.py for tasks to queue
[2026-08-12T04:58:59.225+0000] {logging_mixin.py:190} INFO - [2026-08-12T04:58:59.225+0000] {dagbag.py:587} INFO - Filling up the DagBag from /home/airflow/.local/lib/python3.12/site-packages/airflow/example_dags/example_setup_teardown_taskflow.py
[2026-08-12T04:58:59.241+0000] {processor.py:925} INFO - DAG(s) 'example_setup_teardown_taskflow' retrieved from /home/airflow/.local/lib/python3.12/site-packages/airflow/example_dags/example_setup_teardown_taskflow.py
[2026-08-12T04:58:59.264+0000] {logging_mixin.py:190} INFO - [2026-08-12T04:58:59.264+0000] {dag.py:3211} INFO - Sync 1 DAGs
[2026-08-12T04:58:59.287+0000] {logging_mixin.py:190} INFO - [2026-08-12T04:58:59.287+0000] {dag.py:4138} INFO - Setting next_dagrun for example_setup_teardown_taskflow to 2026-08-11 00:00:00+00:00, run_after=2026-08-12 00:00:00+00:00
[2026-08-12T04:58:59.308+0000] {processor.py:208} INFO - Processing /home/airflow/.local/lib/python3.12/site-packages/airflow/example_dags/example_setup_teardown_taskflow.py took 0.094 seconds
[2026-08-12T04:59:30.186+0000] {processor.py:186} INFO - Started process (PID=3336) to work on /home/airflow/.local/lib/python3.12/site-packages/airflow/example_dags/example_setup_teardown_taskflow.py
[2026-08-12T04:59:30.188+0000] {processor.py:914} INFO - Processing file /home/airflow/.local/lib/python3.12/site-packages/airflow/example_dags/example_setup_teardown_taskflow.py for tasks to queue
[2026-08-12T04:59:30.192+0000] {logging_mixin.py:190} INFO - [2026-08-12T04:59:30.191+0000] {dagbag.py:587} INFO - Filling up the DagBag from /home/airflow/.local/lib/python3.12/site-packages/airflow/example_dags/example_setup_teardown_taskflow.py
[2026-08-12T04:59:30.206+0000] {processor.py:925} INFO - DAG(s) 'example_setup_teardown_taskflow' retrieved from /home/airflow/.local/lib/python3.12/site-packages/airflow/example_dags/example_setup_teardown_taskflow.py
[2026-08-12T04:59:30.234+0000] {logging_mixin.py:190} INFO - [2026-08-12T04:59:30.234+0000] {dag.py:3211} INFO - Sync 1 DAGs
[2026-08-12T04:59:30.264+0000] {logging_mixin.py:190} INFO - [2026-08-12T04:59:30.264+0000] {dag.py:4138} INFO - Setting next_dagrun for example_setup_teardown_taskflow to 2026-08-11 00:00:00+00:00, run_after=2026-08-12 00:00:00+00:00
[2026-08-12T04:59:30.296+0000] {processor.py:208} INFO - Processing /home/airflow/.local/lib/python3.12/site-packages/airflow/example_dags/example_setup_teardown_taskflow.py took 0.118 seconds
[2026-08-12T05:00:01.107+0000] {processor.py:186} INFO - Started process (PID=3399) to work on /home/airflow/.local/lib/python3.12/site-packages/airflow/example_dags/example_setup_teardown_taskflow.py
[2026-08-12T05:00:01.109+0000] {processor.py:914} INFO - Processing file /home/airflow/.local/lib/python3.12/site-packages/airflow/example_dags/example_setup_teardown_taskflow.py for tasks to queue
[2026-08-12T05:00:01.111+0000] {logging_mixin.py:190} INFO - [2026-08-12T05:00:01.111+0000] {dagbag.py:587} INFO - Filling up the DagBag from /home/airflow/.local/lib/python3.12/site-packages/airflow/example_dags/example_setup_teardown_taskflow.py
[2026-08-12T05:00:01.122+0000] {processor.py:925} INFO - DAG(s) 'example_setup_teardown_taskflow' retrieved from /home/airflow/.local/lib/python3.12/site-packages/airflow/example_dags/example_setup_teardown_taskflow.py
[2026-08-12T05:00:01.144+0000] {logging_mixin.py:190} INFO - [2026-08-12T05:00:01.144+0000] {dag.py:3211} INFO - Sync 1 DAGs
[2026-08-12T05:00:01.361+0000] {logging_mixin.py:190} INFO - [2026-08-12T05:00:01.361+0000] {dag.py:4138} INFO - Setting next_dagrun for example_setup_teardown_taskflow to 2026-08-11 00:00:00+00:00, run_after=2026-08-12 00:00:00+00:00
[2026-08-12T05:00:01.384+0000] {processor.py:208} INFO - Processing /home/airflow/.local/lib/python3.12/site-packages/airflow/example_dags/example_setup_teardown_taskflow.py took 0.283 seconds
[2026-08-12T05:00:32.353+0000] {processor.py:186} INFO - Started process (PID=3462) to work on /home/airflow/.local/lib/python3.12/site-packages/airflow/example_dags/example_setup_teardown_taskflow.py
[2026-08-12T05:00:32.356+0000] {processor.py:914} INFO - Processing file /home/airflow/.local/lib/python3.12/site-packages/airflow/example_dags/example_setup_teardown_taskflow.py for tasks to queue
[2026-08-12T05:00:32.362+0000] {logging_mixin.py:190} INFO - [2026-08-12T05:00:32.361+0000] {dagbag.py:587} INFO - Filling up the DagBag from /home/airflow/.local/lib/python3.12/site-packages/airflow/example_dags/example_setup_teardown_taskflow.py
[2026-08-12T05:00:32.377+0000] {processor.py:925} INFO - DAG(s) 'example_setup_teardown_taskflow' retrieved from /home/airflow/.local/lib/python3.12/site-packages/airflow/example_dags/example_setup_teardown_taskflow.py
[2026-08-12T05:00:32.403+0000] {logging_mixin.py:190} INFO - [2026-08-12T05:00:32.403+0000] {dag.py:3211} INFO - Sync 1 DAGs
[2026-08-12T05:00:32.622+0000] {logging_mixin.py:190} INFO - [2026-08-12T05:00:32.622+0000] {dag.py:4138} INFO - Setting next_dagrun for example_setup_teardown_taskflow to 2026-08-11 00:00:00+00:00, run_after=2026-08-12 00:00:00+00:00
[2026-08-12T05:00:32.639+0000] {processor.py:208} INFO - Processing /home/airflow/.local/lib/python3.12/site-packages/airflow/example_dags/example_setup_teardown_taskflow.py took 0.292 seconds
[2026-08-12T05:01:03.205+0000] {processor.py:186} INFO - Started process (PID=3525) to work on /home/airflow/.local/lib/python3.12/site-packages/airflow/example_dags/example_setup_teardown_taskflow.py
[2026-08-12T05:01:03.207+0000] {processor.py:914} INFO - Processing file /home/airflow/.local/lib/python3.12/site-packages/airflow/example_dags/example_setup_teardown_taskflow.py for tasks to queue
[2026-08-12T05:01:03.210+0000] {logging_mixin.py:190} INFO - [2026-08-12T05:01:03.210+0000] {dagbag.py:587} INFO - Filling up the DagBag from /home/airflow/.local/lib/python3.12/site-packages/airflow/example_dags/example_setup_teardown_taskflow.py
[2026-08-12T05:01:03.222+0000] {processor.py:925} INFO - DAG(s) 'example_setup_teardown_taskflow' retrieved from /home/airflow/.local/lib/python3.12/site-packages/airflow/example_dags/example_setup_teardown_taskflow.py
[2026-08-12T05:01:03.247+0000] {logging_mixin.py:190} INFO - [2026-08-12T05:01:03.246+0000] {dag.py:3211} INFO - Sync 1 DAGs
[2026-08-12T05:01:03.285+0000] {logging_mixin.py:190} INFO - [2026-08-12T05:01:03.284+0000] {dag.py:4138} INFO - Setting next_dagrun for example_setup_teardown_taskflow to 2026-08-11 00:00:00+00:00, run_after=2026-08-12 00:00:00+00:00
[2026-08-12T05:01:03.305+0000] {processor.py:208} INFO - Processing /home/airflow/.local/lib/python3.12/site-packages/airflow/example_dags/example_setup_teardown_taskflow.py took 0.107 seconds
[2026-08-12T05:01:33.482+0000] {processor.py:186} INFO - Started process (PID=3588) to work on /home/airflow/.local/lib/python3.12/site-packages/airflow/example_dags/example_setup_teardown_taskflow.py
[2026-08-12T05:01:33.484+0000] {processor.py:914} INFO - Processing file /home/airflow/.local/lib/python3.12/site-packages/airflow/example_dags/example_setup_teardown_taskflow.py for tasks to queue
[2026-08-12T05:01:33.487+0000] {logging_mixin.py:190} INFO - [2026-08-12T05:01:33.487+0000] {dagbag.py:587} INFO - Filling up the DagBag from /home/airflow/.local/lib/python3.12/site-packages/airflow/example_dags/example_setup_teardown_taskflow.py
[2026-08-12T05:01:33.499+0000] {processor.py:925} INFO - DAG(s) 'example_setup_teardown_taskflow' retrieved from /home/airflow/.local/lib/python3.12/site-packages/airflow/example_dags/example_setup_teardown_taskflow.py
[2026-08-12T05:01:33.523+0000] {logging_mixin.py:190} INFO - [2026-08-12T05:01:33.523+0000] {dag.py:3211} INFO - Sync 1 DAGs
[2026-08-12T05:01:33.545+0000] {logging_mixin.py:190} INFO - [2026-08-12T05:01:33.545+0000] {dag.py:4138} INFO - Setting next_dagrun for example_setup_teardown_taskflow to 2026-08-11 00:00:00+00:00, run_after=2026-08-12 00:00:00+00:00
[2026-08-12T05:01:33.578+0000] {processor.py:208} INFO - Processing /home/airflow/.local/lib/python3.12/site-packages/airflow/example_dags/example_setup_teardown_taskflow.py took 0.103 seconds
[2026-08-12T05:02:03.775+0000] {processor.py:186} INFO - Started process (PID=3652) to work on /home/airflow/.local/lib/python3.12/site-packages/airflow/example_dags/example_setup_teardown_taskflow.py
[2026-08-12T05:02:03.778+0000] {processor.py:914} INFO - Processing file /home/airflow/.local/lib/python3.12/site-packages/airflow/example_dags/example_setup_teardown_taskflow.py for tasks to queue
[2026-08-12T05:02:03.782+0000] {logging_mixin.py:190} INFO - [2026-08-12T05:02:03.782+0000] {dagbag.py:587} INFO - Filling up the DagBag from /home/airflow/.local/lib/python3.12/site-packages/airflow/example_dags/example_setup_teardown_taskflow.py
[2026-08-12T05:02:03.800+0000] {processor.py:925} INFO - DAG(s) 'example_setup_teardown_taskflow' retrieved from /home/airflow/.local/lib/python3.12/site-packages/airflow/example_dags/example_setup_teardown_taskflow.py
[2026-08-12T05:02:03.827+0000] {logging_mixin.py:190} INFO - [2026-08-12T05:02:03.827+0000] {dag.py:3211} INFO - Sync 1 DAGs
[2026-08-12T05:02:03.853+0000] {logging_mixin.py:190} INFO - [2026-08-12T05:02:03.852+0000] {dag.py:4138} INFO - Setting next_dagrun for example_setup_teardown_taskflow to 2026-08-11 00:00:00+00:00, run_after=2026-08-12 00:00:00+00:00
[2026-08-12T05:02:03.874+0000] {processor.py:208} INFO - Processing /home/airflow/.local/lib/python3.12/site-packages/airflow/example_dags/example_setup_teardown_taskflow.py took 0.106 seconds
[2026-08-12T05:02:33.952+0000] {processor.py:186} INFO - Started process (PID=3715) to work on /home/airflow/.local/lib/python3.12/site-packages/airflow/example_dags/example_setup_teardown_taskflow.py
[2026-08-12T05:02:33.953+0000] {processor.py:914} INFO - Processing file /home/airflow/.local/lib/python3.12/site-packages/airflow/example_dags/example_setup_teardown_taskflow.py for tasks to queue
[2026-08-12T05:02:33.957+0000] {logging_mixin.py:190} INFO - [2026-08-12T05:02:33.956+0000] {dagbag.py:587} INFO - Filling up the DagBag from /home/airflow/.local/lib/python3.12/site-packages/airflow/example_dags/example_setup_teardown_taskflow.py
[2026-08-12T05:02:33.974+0000] {processor.py:925} INFO - DAG(s) 'example_setup_teardown_taskflow' retrieved from /home/airflow/.local/lib/python3.12/site-packages/airflow/example_dags/example_setup_teardown_taskflow.py
[2026-08-12T05:02:33.999+0000] {logging_mixin.py:190} INFO - [2026-08-12T05:02:33.999+0000] {dag.py:3211} INFO - Sync 1 DAGs
[2026-08-12T05:02:34.023+0000] {logging_mixin.py:190} INFO - [2026-08-12T05:02:34.023+0000] {dag.py:4138} INFO - Setting next_dagrun for example_setup_teardown_taskflow to 2026-08-11 00:00:00+00:00, run_after=2026-08-12 00:00:00+00:00
[2026-08-12T05:02:34.045+0000] {processor.py:208} INFO - Processing /home/airflow/.local/lib/python3.12/site-packages/airflow/example_dags/example_setup_teardown_taskflow.py took 0.100 seconds
[2026-08-12T05:03:04.480+0000] {processor.py:186} INFO - Started process (PID=3778) to work on /home/airflow/.local/lib/python3.12/site-packages/airflow/example_dags/example_setup_teardown_taskflow.py
[2026-08-12T05:03:04.482+0000] {processor.py:914} INFO - Processing file /home/airflow/.local/lib/python3.12/site-packages/airflow/example_dags/example_setup_teardown_taskflow.py for tasks to queue
[2026-08-12T05:03:04.485+0000] {logging_mixin.py:190} INFO - [2026-08-12T05:03:04.485+0000] {dagbag.py:587} INFO - Filling up the DagBag from /home/airflow/.local/lib/python3.12/site-packages/airflow/example_dags/example_setup_teardown_taskflow.py
[2026-08-12T05:03:04.498+0000] {processor.py:925} INFO - DAG(s) 'example_setup_teardown_taskflow' retrieved from /home/airflow/.local/lib/python3.12/site-packages/airflow/example_dags/example_setup_teardown_taskflow.py
[2026-08-12T05:03:04.523+0000] {logging_mixin.py:190} INFO - [2026-08-12T05:03:04.523+0000] {dag.py:3211} INFO - Sync 1 DAGs
[2026-08-12T05:03:04.547+0000] {logging_mixin.py:190} INFO - [2026-08-12T05:03:04.547+0000] {dag.py:4138} INFO - Setting next_dagrun for example_setup_teardown_taskflow to 2026-08-11 00:00:00+00:00, run_after=2026-08-12 00:00:00+00:00
[2026-08-12T05:03:04.568+0000] {processor.py:208} INFO - Processing /home/airflow/.local/lib/python3.12/site-packages/airflow/example_dags/example_setup_teardown_taskflow.py took 0.094 seconds
[2026-08-12T05:03:34.809+0000] {processor.py:186} INFO - Started process (PID=3841) to work on /home/airflow/.local/lib/python3.12/site-packages/airflow/example_dags/example_setup_teardown_taskflow.py
[2026-08-12T05:03:34.810+0000] {processor.py:914} INFO - Processing file /home/airflow/.local/lib/python3.12/site-packages/airflow/example_dags/example_setup_teardown_taskflow.py for tasks to queue
[2026-08-12T05:03:34.813+0000] {logging_mixin.py:190} INFO - [2026-08-12T05:03:34.813+0000] {dagbag.py:587} INFO - Filling up the DagBag from /home/airflow/.local/lib/python3.12/site-packages/airflow/example_dags/example_setup_teardown_taskflow.py
[2026-08-12T05:03:34.824+0000] {processor.py:925} INFO - DAG(s) 'example_setup_teardown_taskflow' retrieved from /home/airflow/.local/lib/python3.12/site-packages/airflow/example_dags/example_setup_teardown_taskflow.py
[2026-08-12T05:03:34.847+0000] {logging_mixin.py:190} INFO - [2026-08-12T05:03:34.847+0000] {dag.py:3211} INFO - Sync 1 DAGs
[2026-08-12T05:03:34.870+0000] {logging_mixin.py:190} INFO - [2026-08-12T05:03:34.870+0000] {dag.py:4138} INFO - Setting next_dagrun for example_setup_teardown_taskflow to 2026-08-11 00:00:00+00:00, run_after=2026-08-12 00:00:00+00:00
[2026-08-12T05:03:34.892+0000] {processor.py:208} INFO - Processing /home/airflow/.local/lib/python3.12/site-packages/airflow/example_dags/example_setup_teardown_taskflow.py took 0.089 seconds
[2026-08-12T05:04:05.188+0000] {processor.py:186} INFO - Started process (PID=3904) to work on /home/airflow/.local/lib/python3.12/site-packages/airflow/example_dags/example_setup_teardown_taskflow.py
[2026-08-12T05:04:05.190+0000] {processor.py:914} INFO - Processing file /home/airflow/.local/lib/python3.12/site-packages/airflow/example_dags/example_setup_teardown_taskflow.py for tasks to queue
[2026-08-12T05:04:05.193+0000] {logging_mixin.py:190} INFO - [2026-08-12T05:04:05.193+0000] {dagbag.py:587} INFO - Filling up the DagBag from /home/airflow/.local/lib/python3.12/site-packages/airflow/example_dags/example_setup_teardown_taskflow.py
[2026-08-12T05:04:05.204+0000] {processor.py:925} INFO - DAG(s) 'example_setup_teardown_taskflow' retrieved from /home/airflow/.local/lib/python3.12/site-packages/airflow/example_dags/example_setup_teardown_taskflow.py
[2026-08-12T05:04:05.226+0000] {logging_mixin.py:190} INFO - [2026-08-12T05:04:05.226+0000] {dag.py:3211} INFO - Sync 1 DAGs
[2026-08-12T05:04:05.248+0000] {logging_mixin.py:190} INFO - [2026-08-12T05:04:05.248+0000] {dag.py:4138} INFO - Setting next_dagrun for example_setup_teardown_taskflow to 2026-08-11 00:00:00+00:00, run_after=2026-08-12 00:00:00+00:00
[2026-08-12T05:04:05.269+0000] {processor.py:208} INFO - Processing /home/airflow/.local/lib/python3.12/site-packages/airflow/example_dags/example_setup_teardown_taskflow.py took 0.086 seconds
[2026-08-12T05:04:35.623+0000] {processor.py:186} INFO - Started process (PID=3967) to work on /home/airflow/.local/lib/python3.12/site-packages/airflow/example_dags/example_setup_teardown_taskflow.py
[2026-08-12T05:04:35.625+0000] {processor.py:914} INFO - Processing file /home/airflow/.local/lib/python3.12/site-packages/airflow/example_dags/example_setup_teardown_taskflow.py for tasks to queue
[2026-08-12T05:04:35.628+0000] {logging_mixin.py:190} INFO - [2026-08-12T05:04:35.628+0000] {dagbag.py:587} INFO - Filling up the DagBag from /home/airflow/.local/lib/python3.12/site-packages/airflow/example_dags/example_setup_teardown_taskflow.py
[2026-08-12T05:04:35.641+0000] {processor.py:925} INFO - DAG(s) 'example_setup_teardown_taskflow' retrieved from /home/airflow/.local/lib/python3.12/site-packages/airflow/example_dags/example_setup_teardown_taskflow.py
[2026-08-12T05:04:35.665+0000] {logging_mixin.py:190} INFO - [2026-08-12T05:04:35.664+0000] {dag.py:3211} INFO - Sync 1 DAGs
[2026-08-12T05:04:35.688+0000] {logging_mixin.py:190} INFO - [2026-08-12T05:04:35.688+0000] {dag.py:4138} INFO - Setting next_dagrun for example_setup_teardown_taskflow to 2026-08-11 00:00:00+00:00, run_after=2026-08-12 00:00:00+00:00
[2026-08-12T05:04:35.709+0000] {processor.py:208} INFO - Processing /home/airflow/.local/lib/python3.12/site-packages/airflow/example_dags/example_setup_teardown_taskflow.py took 0.093 seconds
[2026-08-12T05:05:05.837+0000] {processor.py:186} INFO - Started process (PID=4030) to work on /home/airflow/.local/lib/python3.12/site-packages/airflow/example_dags/example_setup_teardown_taskflow.py
[2026-08-12T05:05:05.839+0000] {processor.py:914} INFO - Processing file /home/airflow/.local/lib/python3.12/site-packages/airflow/example_dags/example_setup_teardown_taskflow.py for tasks to queue
[2026-08-12T05:05:05.842+0000] {logging_mixin.py:190} INFO - [2026-08-12T05:05:05.841+0000] {dagbag.py:587} INFO - Filling up the DagBag from /home/airflow/.local/lib/python3.12/site-packages/airflow/example_dags/example_setup_teardown_taskflow.py
[2026-08-12T05:05:05.854+0000] {processor.py:925} INFO - DAG(s) 'example_setup_teardown_taskflow' retrieved from /home/airflow/.local/lib/python3.12/site-packages/airflow/example_dags/example_setup_teardown_taskflow.py
[2026-08-12T05:05:05.877+0000] {logging_mixin.py:190} INFO - [2026-08-12T05:05:05.877+0000] {dag.py:3211} INFO - Sync 1 DAGs
[2026-08-12T05:05:05.900+0000] {logging_mixin.py:190} INFO - [2026-08-12T05:05:05.899+0000] {dag.py:4138} INFO - Setting next_dagrun for example_setup_teardown_taskflow to 2026-08-11 00:00:00+00:00, run_after=2026-08-12 00:00:00+00:00
[2026-08-12T05:05:05.922+0000] {processor.py:208} INFO - Processing /home/airflow/.local/lib/python3.12/site-packages/airflow/example_dags/example_setup_teardown_taskflow.py took 0.091 seconds
[2026-08-12T05:05:36.308+0000] {processor.py:186} INFO - Started process (PID=4093) to work on /home/airflow/.local/lib/python3.12/site-packages/airflow/example_dags/example_setup_teardown_taskflow.py
[2026-08-12T05:05:36.310+0000] {processor.py:914} INFO - Processing file /home/airflow/.local/lib/python3.12/site-packages/airflow/example_dags/example_setup_teardown_taskflow.py for tasks to queue
[2026-08-12T05:05:36.313+0000] {logging_mixin.py:190} INFO - [2026-08-12T05:05:36.312+0000] {dagbag.py:587} INFO - Filling up the DagBag from /home/airflow/.local/lib/python3.12/site-packages/airflow/example_dags/example_setup_teardown_taskflow.py
[2026-08-12T05:05:36.325+0000] {processor.py:925} INFO - DAG(s) 'example_setup_teardown_taskflow' retrieved from /home/airflow/.local/lib/python3.12/site-packages/airflow/example_dags/example_setup_teardown_taskflow.py
[2026-08-12T05:05:36.349+0000] {logging_mixin.py:190} INFO - [2026-08-12T05:05:36.349+0000] {dag.py:3211} INFO - Sync 1 DAGs
[2026-08-12T05:05:36.371+0000] {logging_mixin.py:190} INFO - [2026-08-12T05:05:36.371+0000] {dag.py:4138} INFO - Setting next_dagrun for example_setup_teardown_taskflow to 2026-08-11 00:00:00+00:00, run_after=2026-08-12 00:00:00+00:00
[2026-08-12T05:05:36.393+0000] {processor.py:208} INFO - Processing /home/airflow/.local/lib/python3.12/site-packages/airflow/example_dags/example_setup_teardown_taskflow.py took 0.092 seconds
[2026-08-12T05:06:07.147+0000] {processor.py:186} INFO - Started process (PID=4156) to work on /home/airflow/.local/lib/python3.12/site-packages/airflow/example_dags/example_setup_teardown_taskflow.py
[2026-08-12T05:06:07.149+0000] {processor.py:914} INFO - Processing file /home/airflow/.local/lib/python3.12/site-packages/airflow/example_dags/example_setup_teardown_taskflow.py for tasks to queue
[2026-08-12T05:06:07.152+0000] {logging_mixin.py:190} INFO - [2026-08-12T05:06:07.152+0000] {dagbag.py:587} INFO - Filling up the DagBag from /home/airflow/.local/lib/python3.12/site-packages/airflow/example_dags/example_setup_teardown_taskflow.py
[2026-08-12T05:06:07.173+0000] {processor.py:925} INFO - DAG(s) 'example_setup_teardown_taskflow' retrieved from /home/airflow/.local/lib/python3.12/site-packages/airflow/example_dags/example_setup_teardown_taskflow.py
[2026-08-12T05:06:07.222+0000] {logging_mixin.py:190} INFO - [2026-08-12T05:06:07.222+0000] {dag.py:3211} INFO - Sync 1 DAGs
[2026-08-12T05:06:07.266+0000] {logging_mixin.py:190} INFO - [2026-08-12T05:06:07.265+0000] {dag.py:4138} INFO - Setting next_dagrun for example_setup_teardown_taskflow to 2026-08-11 00:00:00+00:00, run_after=2026-08-12 00:00:00+00:00
[2026-08-12T05:06:07.306+0000] {processor.py:208} INFO - Processing /home/airflow/.local/lib/python3.12/site-packages/airflow/example_dags/example_setup_teardown_taskflow.py took 0.170 seconds
[2026-08-12T05:06:38.223+0000] {processor.py:186} INFO - Started process (PID=4219) to work on /home/airflow/.local/lib/python3.12/site-packages/airflow/example_dags/example_setup_teardown_taskflow.py
[2026-08-12T05:06:38.227+0000] {processor.py:914} INFO - Processing file /home/airflow/.local/lib/python3.12/site-packages/airflow/example_dags/example_setup_teardown_taskflow.py for tasks to queue
[2026-08-12T05:06:38.233+0000] {logging_mixin.py:190} INFO - [2026-08-12T05:06:38.231+0000] {dagbag.py:587} INFO - Filling up the DagBag from /home/airflow/.local/lib/python3.12/site-packages/airflow/example_dags/example_setup_teardown_taskflow.py
[2026-08-12T05:06:38.261+0000] {processor.py:925} INFO - DAG(s) 'example_setup_teardown_taskflow' retrieved from /home/airflow/.local/lib/python3.12/site-packages/airflow/example_dags/example_setup_teardown_taskflow.py
[2026-08-12T05:06:38.309+0000] {logging_mixin.py:190} INFO - [2026-08-12T05:06:38.308+0000] {dag.py:3211} INFO - Sync 1 DAGs
[2026-08-12T05:06:38.359+0000] {logging_mixin.py:190} INFO - [2026-08-12T05:06:38.359+0000] {dag.py:4138} INFO - Setting next_dagrun for example_setup_teardown_taskflow to 2026-08-11 00:00:00+00:00, run_after=2026-08-12 00:00:00+00:00
[2026-08-12T05:06:38.418+0000] {processor.py:208} INFO - Processing /home/airflow/.local/lib/python3.12/site-packages/airflow/example_dags/example_setup_teardown_taskflow.py took 0.208 seconds
[2026-08-12T05:07:08.516+0000] {processor.py:186} INFO - Started process (PID=4282) to work on /home/airflow/.local/lib/python3.12/site-packages/airflow/example_dags/example_setup_teardown_taskflow.py
[2026-08-12T05:07:08.518+0000] {processor.py:914} INFO - Processing file /home/airflow/.local/lib/python3.12/site-packages/airflow/example_dags/example_setup_teardown_taskflow.py for tasks to queue
[2026-08-12T05:07:08.522+0000] {logging_mixin.py:190} INFO - [2026-08-12T05:07:08.522+0000] {dagbag.py:587} INFO - Filling up the DagBag from /home/airflow/.local/lib/python3.12/site-packages/airflow/example_dags/example_setup_teardown_taskflow.py
[2026-08-12T05:07:08.538+0000] {processor.py:925} INFO - DAG(s) 'example_setup_teardown_taskflow' retrieved from /home/airflow/.local/lib/python3.12/site-packages/airflow/example_dags/example_setup_teardown_taskflow.py
[2026-08-12T05:07:08.564+0000] {logging_mixin.py:190} INFO - [2026-08-12T05:07:08.563+0000] {dag.py:3211} INFO - Sync 1 DAGs
[2026-08-12T05:07:08.598+0000] {logging_mixin.py:190} INFO - [2026-08-12T05:07:08.598+0000] {dag.py:4138} INFO - Setting next_dagrun for example_setup_teardown_taskflow to 2026-08-11 00:00:00+00:00, run_after=2026-08-12 00:00:00+00:00
[2026-08-12T05:07:08.644+0000] {processor.py:208} INFO - Processing /home/airflow/.local/lib/python3.12/site-packages/airflow/example_dags/example_setup_teardown_taskflow.py took 0.135 seconds
[2026-08-12T05:07:39.240+0000] {processor.py:186} INFO - Started process (PID=4345) to work on /home/airflow/.local/lib/python3.12/site-packages/airflow/example_dags/example_setup_teardown_taskflow.py
[2026-08-12T05:07:39.242+0000] {processor.py:914} INFO - Processing file /home/airflow/.local/lib/python3.12/site-packages/airflow/example_dags/example_setup_teardown_taskflow.py for tasks to queue
[2026-08-12T05:07:39.245+0000] {logging_mixin.py:190} INFO - [2026-08-12T05:07:39.244+0000] {dagbag.py:587} INFO - Filling up the DagBag from /home/airflow/.local/lib/python3.12/site-packages/airflow/example_dags/example_setup_teardown_taskflow.py
[2026-08-12T05:07:39.257+0000] {processor.py:925} INFO - DAG(s) 'example_setup_teardown_taskflow' retrieved from /home/airflow/.local/lib/python3.12/site-packages/airflow/example_dags/example_setup_teardown_taskflow.py
[2026-08-12T05:07:39.279+0000] {logging_mixin.py:190} INFO - [2026-08-12T05:07:39.279+0000] {dag.py:3211} INFO - Sync 1 DAGs
[2026-08-12T05:07:39.315+0000] {logging_mixin.py:190} INFO - [2026-08-12T05:07:39.315+0000] {dag.py:4138} INFO - Setting next_dagrun for example_setup_teardown_taskflow to 2026-08-11 00:00:00+00:00, run_after=2026-08-12 00:00:00+00:00
[2026-08-12T05:07:39.371+0000] {processor.py:208} INFO - Processing /home/airflow/.local/lib/python3.12/site-packages/airflow/example_dags/example_setup_teardown_taskflow.py took 0.136 seconds
[2026-08-12T05:08:09.589+0000] {processor.py:186} INFO - Started process (PID=4408) to work on /home/airflow/.local/lib/python3.12/site-packages/airflow/example_dags/example_setup_teardown_taskflow.py
[2026-08-12T05:08:09.590+0000] {processor.py:914} INFO - Processing file /home/airflow/.local/lib/python3.12/site-packages/airflow/example_dags/example_setup_teardown_taskflow.py for tasks to queue
[2026-08-12T05:08:09.593+0000] {logging_mixin.py:190} INFO - [2026-08-12T05:08:09.593+0000] {dagbag.py:587} INFO - Filling up the DagBag from /home/airflow/.local/lib/python3.12/site-packages/airflow/example_dags/example_setup_teardown_taskflow.py
[2026-08-12T05:08:09.603+0000] {processor.py:925} INFO - DAG(s) 'example_setup_teardown_taskflow' retrieved from /home/airflow/.local/lib/python3.12/site-packages/airflow/example_dags/example_setup_teardown_taskflow.py
[2026-08-12T05:08:09.625+0000] {logging_mixin.py:190} INFO - [2026-08-12T05:08:09.625+0000] {dag.py:3211} INFO - Sync 1 DAGs
[2026-08-12T05:08:09.685+0000] {logging_mixin.py:190} INFO - [2026-08-12T05:08:09.685+0000] {dag.py:4138} INFO - Setting next_dagrun for example_setup_teardown_taskflow to 2026-08-11 00:00:00+00:00, run_after=2026-08-12 00:00:00+00:00
[2026-08-12T05:08:09.714+0000] {processor.py:208} INFO - Processing /home/airflow/.local/lib/python3.12/site-packages/airflow/example_dags/example_setup_teardown_taskflow.py took 0.131 seconds
[2026-08-12T05:08:40.335+0000] {processor.py:186} INFO - Started process (PID=4471) to work on /home/airflow/.local/lib/python3.12/site-packages/airflow/example_dags/example_setup_teardown_taskflow.py
[2026-08-12T05:08:40.337+0000] {processor.py:914} INFO - Processing file /home/airflow/.local/lib/python3.12/site-packages/airflow/example_dags/example_setup_teardown_taskflow.py for tasks to queue
[2026-08-12T05:08:40.340+0000] {logging_mixin.py:190} INFO - [2026-08-12T05:08:40.339+0000] {dagbag.py:587} INFO - Filling up the DagBag from /home/airflow/.local/lib/python3.12/site-packages/airflow/example_dags/example_setup_teardown_taskflow.py
[2026-08-12T05:08:40.351+0000] {processor.py:925} INFO - DAG(s) 'example_setup_teardown_taskflow' retrieved from /home/airflow/.local/lib/python3.12/site-packages/airflow/example_dags/example_setup_teardown_taskflow.py
[2026-08-12T05:08:40.377+0000] {logging_mixin.py:190} INFO - [2026-08-12T05:08:40.377+0000] {dag.py:3211} INFO - Sync 1 DAGs
[2026-08-12T05:08:40.405+0000] {logging_mixin.py:190} INFO - [2026-08-12T05:08:40.404+0000] {dag.py:4138} INFO - Setting next_dagrun for example_setup_teardown_taskflow to 2026-08-11 00:00:00+00:00, run_after=2026-08-12 00:00:00+00:00
[2026-08-12T05:08:40.434+0000] {processor.py:208} INFO - Processing /home/airflow/.local/lib/python3.12/site-packages/airflow/example_dags/example_setup_teardown_taskflow.py took 0.106 seconds
[2026-08-12T05:09:11.016+0000] {processor.py:186} INFO - Started process (PID=4534) to work on /home/airflow/.local/lib/python3.12/site-packages/airflow/example_dags/example_setup_teardown_taskflow.py
[2026-08-12T05:09:11.019+0000] {processor.py:914} INFO - Processing file /home/airflow/.local/lib/python3.12/site-packages/airflow/example_dags/example_setup_teardown_taskflow.py for tasks to queue
[2026-08-12T05:09:11.023+0000] {logging_mixin.py:190} INFO - [2026-08-12T05:09:11.022+0000] {dagbag.py:587} INFO - Filling up the DagBag from /home/airflow/.local/lib/python3.12/site-packages/airflow/example_dags/example_setup_teardown_taskflow.py
[2026-08-12T05:09:11.036+0000] {processor.py:925} INFO - DAG(s) 'example_setup_teardown_taskflow' retrieved from /home/airflow/.local/lib/python3.12/site-packages/airflow/example_dags/example_setup_teardown_taskflow.py
[2026-08-12T05:09:11.062+0000] {logging_mixin.py:190} INFO - [2026-08-12T05:09:11.062+0000] {dag.py:3211} INFO - Sync 1 DAGs
[2026-08-12T05:09:11.089+0000] {logging_mixin.py:190} INFO - [2026-08-12T05:09:11.088+0000] {dag.py:4138} INFO - Setting next_dagrun for example_setup_teardown_taskflow to 2026-08-11 00:00:00+00:00, run_after=2026-08-12 00:00:00+00:00
[2026-08-12T05:09:11.113+0000] {processor.py:208} INFO - Processing /home/airflow/.local/lib/python3.12/site-packages/airflow/example_dags/example_setup_teardown_taskflow.py took 0.103 seconds
