[2026-08-12T04:30:40.864+0000] {processor.py:186} INFO - Started process (PID=116) to work on /home/airflow/.local/lib/python3.12/site-packages/airflow/example_dags/example_dataset_alias.py
[2026-08-12T04:30:40.866+0000] {processor.py:914} INFO - Processing file /home/airflow/.local/lib/python3.12/site-packages/airflow/example_dags/example_dataset_alias.py for tasks to queue
[2026-08-12T04:30:40.871+0000] {logging_mixin.py:190} INFO - [2026-08-12T04:30:40.870+0000] {dagbag.py:587} INFO - Filling up the DagBag from /home/airflow/.local/lib/python3.12/site-packages/airflow/example_dags/example_dataset_alias.py
[2026-08-12T04:30:41.058+0000] {processor.py:925} INFO - DAG(s) 'dataset_alias_example_alias_consumer', 'dataset_s3_bucket_consumer', 'dataset_alias_example_alias_producer', 'dataset_s3_bucket_producer' retrieved from /home/airflow/.local/lib/python3.12/site-packages/airflow/example_dags/example_dataset_alias.py
[2026-08-12T04:30:41.179+0000] {logging_mixin.py:190} INFO - [2026-08-12T04:30:41.178+0000] {override.py:1858} INFO - Created Permission View: can edit on DAG:dataset_alias_example_alias_consumer
[2026-08-12T04:30:41.193+0000] {logging_mixin.py:190} INFO - [2026-08-12T04:30:41.193+0000] {override.py:1858} INFO - Created Permission View: can delete on DAG:dataset_alias_example_alias_consumer
[2026-08-12T04:30:41.203+0000] {logging_mixin.py:190} INFO - [2026-08-12T04:30:41.202+0000] {override.py:1858} INFO - Created Permission View: can read on DAG:dataset_alias_example_alias_consumer
[2026-08-12T04:30:41.218+0000] {logging_mixin.py:190} INFO - [2026-08-12T04:30:41.218+0000] {override.py:1858} INFO - Created Permission View: can edit on DAG:dataset_s3_bucket_consumer
[2026-08-12T04:30:41.228+0000] {logging_mixin.py:190} INFO - [2026-08-12T04:30:41.227+0000] {override.py:1858} INFO - Created Permission View: can delete on DAG:dataset_s3_bucket_consumer
[2026-08-12T04:30:41.237+0000] {logging_mixin.py:190} INFO - [2026-08-12T04:30:41.236+0000] {override.py:1858} INFO - Created Permission View: can read on DAG:dataset_s3_bucket_consumer
[2026-08-12T04:30:41.254+0000] {logging_mixin.py:190} INFO - [2026-08-12T04:30:41.253+0000] {override.py:1858} INFO - Created Permission View: can edit on DAG:dataset_alias_example_alias_producer
[2026-08-12T04:30:41.265+0000] {logging_mixin.py:190} INFO - [2026-08-12T04:30:41.264+0000] {override.py:1858} INFO - Created Permission View: can delete on DAG:dataset_alias_example_alias_producer
[2026-08-12T04:30:41.275+0000] {logging_mixin.py:190} INFO - [2026-08-12T04:30:41.274+0000] {override.py:1858} INFO - Created Permission View: can read on DAG:dataset_alias_example_alias_producer
[2026-08-12T04:30:41.293+0000] {logging_mixin.py:190} INFO - [2026-08-12T04:30:41.293+0000] {override.py:1858} INFO - Created Permission View: can edit on DAG:dataset_s3_bucket_producer
[2026-08-12T04:30:41.302+0000] {logging_mixin.py:190} INFO - [2026-08-12T04:30:41.302+0000] {override.py:1858} INFO - Created Permission View: can delete on DAG:dataset_s3_bucket_producer
[2026-08-12T04:30:41.310+0000] {logging_mixin.py:190} INFO - [2026-08-12T04:30:41.310+0000] {override.py:1858} INFO - Created Permission View: can read on DAG:dataset_s3_bucket_producer
[2026-08-12T04:30:41.312+0000] {logging_mixin.py:190} INFO - [2026-08-12T04:30:41.311+0000] {dag.py:3211} INFO - Sync 4 DAGs
[2026-08-12T04:30:41.328+0000] {logging_mixin.py:190} INFO - [2026-08-12T04:30:41.327+0000] {dag.py:3234} INFO - Creating ORM DAG for dataset_s3_bucket_consumer
[2026-08-12T04:30:41.329+0000] {logging_mixin.py:190} INFO - [2026-08-12T04:30:41.329+0000] {dag.py:3234} INFO - Creating ORM DAG for dataset_s3_bucket_producer
[2026-08-12T04:30:41.331+0000] {logging_mixin.py:190} INFO - [2026-08-12T04:30:41.331+0000] {dag.py:3234} INFO - Creating ORM DAG for dataset_alias_example_alias_producer
[2026-08-12T04:30:41.333+0000] {logging_mixin.py:190} INFO - [2026-08-12T04:30:41.332+0000] {dag.py:3234} INFO - Creating ORM DAG for dataset_alias_example_alias_consumer
[2026-08-12T04:30:41.343+0000] {logging_mixin.py:190} INFO - [2026-08-12T04:30:41.343+0000] {dag.py:4138} INFO - Setting next_dagrun for dataset_alias_example_alias_consumer to None, run_after=None
[2026-08-12T04:30:41.345+0000] {logging_mixin.py:190} INFO - [2026-08-12T04:30:41.345+0000] {dag.py:4138} INFO - Setting next_dagrun for dataset_alias_example_alias_producer to None, run_after=None
[2026-08-12T04:30:41.347+0000] {logging_mixin.py:190} INFO - [2026-08-12T04:30:41.347+0000] {dag.py:4138} INFO - Setting next_dagrun for dataset_s3_bucket_consumer to None, run_after=None
[2026-08-12T04:30:41.348+0000] {logging_mixin.py:190} INFO - [2026-08-12T04:30:41.348+0000] {dag.py:4138} INFO - Setting next_dagrun for dataset_s3_bucket_producer to None, run_after=None
[2026-08-12T04:30:41.389+0000] {processor.py:208} INFO - Processing /home/airflow/.local/lib/python3.12/site-packages/airflow/example_dags/example_dataset_alias.py took 0.534 seconds
[2026-08-12T04:31:11.888+0000] {processor.py:186} INFO - Started process (PID=178) to work on /home/airflow/.local/lib/python3.12/site-packages/airflow/example_dags/example_dataset_alias.py
[2026-08-12T04:31:11.890+0000] {processor.py:914} INFO - Processing file /home/airflow/.local/lib/python3.12/site-packages/airflow/example_dags/example_dataset_alias.py for tasks to queue
[2026-08-12T04:31:11.893+0000] {logging_mixin.py:190} INFO - [2026-08-12T04:31:11.893+0000] {dagbag.py:587} INFO - Filling up the DagBag from /home/airflow/.local/lib/python3.12/site-packages/airflow/example_dags/example_dataset_alias.py
[2026-08-12T04:31:12.032+0000] {processor.py:925} INFO - DAG(s) 'dataset_s3_bucket_consumer', 'dataset_s3_bucket_producer', 'dataset_alias_example_alias_consumer', 'dataset_alias_example_alias_producer' retrieved from /home/airflow/.local/lib/python3.12/site-packages/airflow/example_dags/example_dataset_alias.py
[2026-08-12T04:31:12.055+0000] {logging_mixin.py:190} INFO - [2026-08-12T04:31:12.055+0000] {dag.py:3211} INFO - Sync 4 DAGs
[2026-08-12T04:31:12.081+0000] {logging_mixin.py:190} INFO - [2026-08-12T04:31:12.080+0000] {dag.py:4138} INFO - Setting next_dagrun for dataset_alias_example_alias_consumer to None, run_after=None
[2026-08-12T04:31:12.084+0000] {logging_mixin.py:190} INFO - [2026-08-12T04:31:12.084+0000] {dag.py:4138} INFO - Setting next_dagrun for dataset_alias_example_alias_producer to None, run_after=None
[2026-08-12T04:31:12.087+0000] {logging_mixin.py:190} INFO - [2026-08-12T04:31:12.087+0000] {dag.py:4138} INFO - Setting next_dagrun for dataset_s3_bucket_consumer to None, run_after=None
[2026-08-12T04:31:12.089+0000] {logging_mixin.py:190} INFO - [2026-08-12T04:31:12.089+0000] {dag.py:4138} INFO - Setting next_dagrun for dataset_s3_bucket_producer to None, run_after=None
[2026-08-12T04:31:12.114+0000] {processor.py:208} INFO - Processing /home/airflow/.local/lib/python3.12/site-packages/airflow/example_dags/example_dataset_alias.py took 0.230 seconds
[2026-08-12T04:31:42.620+0000] {processor.py:186} INFO - Started process (PID=241) to work on /home/airflow/.local/lib/python3.12/site-packages/airflow/example_dags/example_dataset_alias.py
[2026-08-12T04:31:42.622+0000] {processor.py:914} INFO - Processing file /home/airflow/.local/lib/python3.12/site-packages/airflow/example_dags/example_dataset_alias.py for tasks to queue
[2026-08-12T04:31:42.625+0000] {logging_mixin.py:190} INFO - [2026-08-12T04:31:42.625+0000] {dagbag.py:587} INFO - Filling up the DagBag from /home/airflow/.local/lib/python3.12/site-packages/airflow/example_dags/example_dataset_alias.py
[2026-08-12T04:31:42.824+0000] {processor.py:925} INFO - DAG(s) 'dataset_s3_bucket_producer', 'dataset_alias_example_alias_producer', 'dataset_alias_example_alias_consumer', 'dataset_s3_bucket_consumer' retrieved from /home/airflow/.local/lib/python3.12/site-packages/airflow/example_dags/example_dataset_alias.py
[2026-08-12T04:31:42.853+0000] {logging_mixin.py:190} INFO - [2026-08-12T04:31:42.853+0000] {dag.py:3211} INFO - Sync 4 DAGs
[2026-08-12T04:31:42.876+0000] {logging_mixin.py:190} INFO - [2026-08-12T04:31:42.876+0000] {dag.py:4138} INFO - Setting next_dagrun for dataset_alias_example_alias_consumer to None, run_after=None
[2026-08-12T04:31:42.881+0000] {logging_mixin.py:190} INFO - [2026-08-12T04:31:42.880+0000] {dag.py:4138} INFO - Setting next_dagrun for dataset_alias_example_alias_producer to None, run_after=None
[2026-08-12T04:31:42.883+0000] {logging_mixin.py:190} INFO - [2026-08-12T04:31:42.883+0000] {dag.py:4138} INFO - Setting next_dagrun for dataset_s3_bucket_consumer to None, run_after=None
[2026-08-12T04:31:42.886+0000] {logging_mixin.py:190} INFO - [2026-08-12T04:31:42.885+0000] {dag.py:4138} INFO - Setting next_dagrun for dataset_s3_bucket_producer to None, run_after=None
[2026-08-12T04:31:42.912+0000] {processor.py:208} INFO - Processing /home/airflow/.local/lib/python3.12/site-packages/airflow/example_dags/example_dataset_alias.py took 0.300 seconds
[2026-08-12T04:32:58.327+0000] {processor.py:186} INFO - Started process (PID=107) to work on /home/airflow/.local/lib/python3.12/site-packages/airflow/example_dags/example_dataset_alias.py
[2026-08-12T04:32:58.329+0000] {processor.py:914} INFO - Processing file /home/airflow/.local/lib/python3.12/site-packages/airflow/example_dags/example_dataset_alias.py for tasks to queue
[2026-08-12T04:32:58.334+0000] {logging_mixin.py:190} INFO - [2026-08-12T04:32:58.334+0000] {dagbag.py:587} INFO - Filling up the DagBag from /home/airflow/.local/lib/python3.12/site-packages/airflow/example_dags/example_dataset_alias.py
[2026-08-12T04:32:58.519+0000] {processor.py:925} INFO - DAG(s) 'dataset_alias_example_alias_consumer', 'dataset_s3_bucket_consumer', 'dataset_alias_example_alias_producer', 'dataset_s3_bucket_producer' retrieved from /home/airflow/.local/lib/python3.12/site-packages/airflow/example_dags/example_dataset_alias.py
[2026-08-12T04:32:58.542+0000] {logging_mixin.py:190} INFO - [2026-08-12T04:32:58.542+0000] {dag.py:3211} INFO - Sync 4 DAGs
[2026-08-12T04:32:58.566+0000] {logging_mixin.py:190} INFO - [2026-08-12T04:32:58.566+0000] {dag.py:4138} INFO - Setting next_dagrun for dataset_alias_example_alias_consumer to None, run_after=None
[2026-08-12T04:32:58.570+0000] {logging_mixin.py:190} INFO - [2026-08-12T04:32:58.569+0000] {dag.py:4138} INFO - Setting next_dagrun for dataset_alias_example_alias_producer to None, run_after=None
[2026-08-12T04:32:58.572+0000] {logging_mixin.py:190} INFO - [2026-08-12T04:32:58.572+0000] {dag.py:4138} INFO - Setting next_dagrun for dataset_s3_bucket_consumer to None, run_after=None
[2026-08-12T04:32:58.574+0000] {logging_mixin.py:190} INFO - [2026-08-12T04:32:58.574+0000] {dag.py:4138} INFO - Setting next_dagrun for dataset_s3_bucket_producer to None, run_after=None
[2026-08-12T04:32:58.615+0000] {processor.py:208} INFO - Processing /home/airflow/.local/lib/python3.12/site-packages/airflow/example_dags/example_dataset_alias.py took 0.296 seconds
[2026-08-12T04:33:29.191+0000] {processor.py:186} INFO - Started process (PID=169) to work on /home/airflow/.local/lib/python3.12/site-packages/airflow/example_dags/example_dataset_alias.py
[2026-08-12T04:33:29.193+0000] {processor.py:914} INFO - Processing file /home/airflow/.local/lib/python3.12/site-packages/airflow/example_dags/example_dataset_alias.py for tasks to queue
[2026-08-12T04:33:29.197+0000] {logging_mixin.py:190} INFO - [2026-08-12T04:33:29.197+0000] {dagbag.py:587} INFO - Filling up the DagBag from /home/airflow/.local/lib/python3.12/site-packages/airflow/example_dags/example_dataset_alias.py
[2026-08-12T04:33:29.354+0000] {processor.py:925} INFO - DAG(s) 'dataset_alias_example_alias_consumer', 'dataset_s3_bucket_consumer', 'dataset_alias_example_alias_producer', 'dataset_s3_bucket_producer' retrieved from /home/airflow/.local/lib/python3.12/site-packages/airflow/example_dags/example_dataset_alias.py
[2026-08-12T04:33:29.386+0000] {logging_mixin.py:190} INFO - [2026-08-12T04:33:29.386+0000] {dag.py:3211} INFO - Sync 4 DAGs
[2026-08-12T04:33:29.412+0000] {logging_mixin.py:190} INFO - [2026-08-12T04:33:29.412+0000] {dag.py:4138} INFO - Setting next_dagrun for dataset_alias_example_alias_consumer to None, run_after=None
[2026-08-12T04:33:29.416+0000] {logging_mixin.py:190} INFO - [2026-08-12T04:33:29.416+0000] {dag.py:4138} INFO - Setting next_dagrun for dataset_alias_example_alias_producer to None, run_after=None
[2026-08-12T04:33:29.419+0000] {logging_mixin.py:190} INFO - [2026-08-12T04:33:29.419+0000] {dag.py:4138} INFO - Setting next_dagrun for dataset_s3_bucket_consumer to None, run_after=None
[2026-08-12T04:33:29.422+0000] {logging_mixin.py:190} INFO - [2026-08-12T04:33:29.421+0000] {dag.py:4138} INFO - Setting next_dagrun for dataset_s3_bucket_producer to None, run_after=None
[2026-08-12T04:33:29.449+0000] {processor.py:208} INFO - Processing /home/airflow/.local/lib/python3.12/site-packages/airflow/example_dags/example_dataset_alias.py took 0.264 seconds
[2026-08-12T04:33:59.625+0000] {processor.py:186} INFO - Started process (PID=231) to work on /home/airflow/.local/lib/python3.12/site-packages/airflow/example_dags/example_dataset_alias.py
[2026-08-12T04:33:59.627+0000] {processor.py:914} INFO - Processing file /home/airflow/.local/lib/python3.12/site-packages/airflow/example_dags/example_dataset_alias.py for tasks to queue
[2026-08-12T04:33:59.630+0000] {logging_mixin.py:190} INFO - [2026-08-12T04:33:59.630+0000] {dagbag.py:587} INFO - Filling up the DagBag from /home/airflow/.local/lib/python3.12/site-packages/airflow/example_dags/example_dataset_alias.py
[2026-08-12T04:33:59.788+0000] {processor.py:925} INFO - DAG(s) 'dataset_alias_example_alias_producer', 'dataset_s3_bucket_consumer', 'dataset_alias_example_alias_consumer', 'dataset_s3_bucket_producer' retrieved from /home/airflow/.local/lib/python3.12/site-packages/airflow/example_dags/example_dataset_alias.py
[2026-08-12T04:33:59.827+0000] {logging_mixin.py:190} INFO - [2026-08-12T04:33:59.827+0000] {dag.py:3211} INFO - Sync 4 DAGs
[2026-08-12T04:33:59.852+0000] {logging_mixin.py:190} INFO - [2026-08-12T04:33:59.852+0000] {dag.py:4138} INFO - Setting next_dagrun for dataset_alias_example_alias_consumer to None, run_after=None
[2026-08-12T04:33:59.856+0000] {logging_mixin.py:190} INFO - [2026-08-12T04:33:59.856+0000] {dag.py:4138} INFO - Setting next_dagrun for dataset_alias_example_alias_producer to None, run_after=None
[2026-08-12T04:33:59.858+0000] {logging_mixin.py:190} INFO - [2026-08-12T04:33:59.858+0000] {dag.py:4138} INFO - Setting next_dagrun for dataset_s3_bucket_consumer to None, run_after=None
[2026-08-12T04:33:59.861+0000] {logging_mixin.py:190} INFO - [2026-08-12T04:33:59.861+0000] {dag.py:4138} INFO - Setting next_dagrun for dataset_s3_bucket_producer to None, run_after=None
[2026-08-12T04:33:59.886+0000] {processor.py:208} INFO - Processing /home/airflow/.local/lib/python3.12/site-packages/airflow/example_dags/example_dataset_alias.py took 0.268 seconds
[2026-08-12T04:34:30.213+0000] {processor.py:186} INFO - Started process (PID=293) to work on /home/airflow/.local/lib/python3.12/site-packages/airflow/example_dags/example_dataset_alias.py
[2026-08-12T04:34:30.215+0000] {processor.py:914} INFO - Processing file /home/airflow/.local/lib/python3.12/site-packages/airflow/example_dags/example_dataset_alias.py for tasks to queue
[2026-08-12T04:34:30.219+0000] {logging_mixin.py:190} INFO - [2026-08-12T04:34:30.219+0000] {dagbag.py:587} INFO - Filling up the DagBag from /home/airflow/.local/lib/python3.12/site-packages/airflow/example_dags/example_dataset_alias.py
[2026-08-12T04:34:30.416+0000] {processor.py:925} INFO - DAG(s) 'dataset_s3_bucket_producer', 'dataset_s3_bucket_consumer', 'dataset_alias_example_alias_consumer', 'dataset_alias_example_alias_producer' retrieved from /home/airflow/.local/lib/python3.12/site-packages/airflow/example_dags/example_dataset_alias.py
[2026-08-12T04:34:30.444+0000] {logging_mixin.py:190} INFO - [2026-08-12T04:34:30.444+0000] {dag.py:3211} INFO - Sync 4 DAGs
[2026-08-12T04:34:30.474+0000] {logging_mixin.py:190} INFO - [2026-08-12T04:34:30.474+0000] {dag.py:4138} INFO - Setting next_dagrun for dataset_alias_example_alias_consumer to None, run_after=None
[2026-08-12T04:34:30.478+0000] {logging_mixin.py:190} INFO - [2026-08-12T04:34:30.477+0000] {dag.py:4138} INFO - Setting next_dagrun for dataset_alias_example_alias_producer to None, run_after=None
[2026-08-12T04:34:30.481+0000] {logging_mixin.py:190} INFO - [2026-08-12T04:34:30.481+0000] {dag.py:4138} INFO - Setting next_dagrun for dataset_s3_bucket_consumer to None, run_after=None
[2026-08-12T04:34:30.484+0000] {logging_mixin.py:190} INFO - [2026-08-12T04:34:30.484+0000] {dag.py:4138} INFO - Setting next_dagrun for dataset_s3_bucket_producer to None, run_after=None
[2026-08-12T04:34:30.516+0000] {processor.py:208} INFO - Processing /home/airflow/.local/lib/python3.12/site-packages/airflow/example_dags/example_dataset_alias.py took 0.310 seconds
[2026-08-12T04:35:00.713+0000] {processor.py:186} INFO - Started process (PID=355) to work on /home/airflow/.local/lib/python3.12/site-packages/airflow/example_dags/example_dataset_alias.py
[2026-08-12T04:35:00.716+0000] {processor.py:914} INFO - Processing file /home/airflow/.local/lib/python3.12/site-packages/airflow/example_dags/example_dataset_alias.py for tasks to queue
[2026-08-12T04:35:00.719+0000] {logging_mixin.py:190} INFO - [2026-08-12T04:35:00.718+0000] {dagbag.py:587} INFO - Filling up the DagBag from /home/airflow/.local/lib/python3.12/site-packages/airflow/example_dags/example_dataset_alias.py
[2026-08-12T04:35:00.889+0000] {processor.py:925} INFO - DAG(s) 'dataset_s3_bucket_producer', 'dataset_alias_example_alias_consumer', 'dataset_alias_example_alias_producer', 'dataset_s3_bucket_consumer' retrieved from /home/airflow/.local/lib/python3.12/site-packages/airflow/example_dags/example_dataset_alias.py
[2026-08-12T04:35:00.914+0000] {logging_mixin.py:190} INFO - [2026-08-12T04:35:00.914+0000] {dag.py:3211} INFO - Sync 4 DAGs
[2026-08-12T04:35:00.953+0000] {logging_mixin.py:190} INFO - [2026-08-12T04:35:00.953+0000] {dag.py:4138} INFO - Setting next_dagrun for dataset_alias_example_alias_consumer to None, run_after=None
[2026-08-12T04:35:00.958+0000] {logging_mixin.py:190} INFO - [2026-08-12T04:35:00.958+0000] {dag.py:4138} INFO - Setting next_dagrun for dataset_alias_example_alias_producer to None, run_after=None
[2026-08-12T04:35:00.961+0000] {logging_mixin.py:190} INFO - [2026-08-12T04:35:00.960+0000] {dag.py:4138} INFO - Setting next_dagrun for dataset_s3_bucket_consumer to None, run_after=None
[2026-08-12T04:35:00.965+0000] {logging_mixin.py:190} INFO - [2026-08-12T04:35:00.964+0000] {dag.py:4138} INFO - Setting next_dagrun for dataset_s3_bucket_producer to None, run_after=None
[2026-08-12T04:35:00.994+0000] {processor.py:208} INFO - Processing /home/airflow/.local/lib/python3.12/site-packages/airflow/example_dags/example_dataset_alias.py took 0.285 seconds
[2026-08-12T04:35:31.080+0000] {processor.py:186} INFO - Started process (PID=418) to work on /home/airflow/.local/lib/python3.12/site-packages/airflow/example_dags/example_dataset_alias.py
[2026-08-12T04:35:31.082+0000] {processor.py:914} INFO - Processing file /home/airflow/.local/lib/python3.12/site-packages/airflow/example_dags/example_dataset_alias.py for tasks to queue
[2026-08-12T04:35:31.085+0000] {logging_mixin.py:190} INFO - [2026-08-12T04:35:31.084+0000] {dagbag.py:587} INFO - Filling up the DagBag from /home/airflow/.local/lib/python3.12/site-packages/airflow/example_dags/example_dataset_alias.py
[2026-08-12T04:35:31.236+0000] {processor.py:925} INFO - DAG(s) 'dataset_s3_bucket_producer', 'dataset_alias_example_alias_consumer', 'dataset_s3_bucket_consumer', 'dataset_alias_example_alias_producer' retrieved from /home/airflow/.local/lib/python3.12/site-packages/airflow/example_dags/example_dataset_alias.py
[2026-08-12T04:35:31.261+0000] {logging_mixin.py:190} INFO - [2026-08-12T04:35:31.260+0000] {dag.py:3211} INFO - Sync 4 DAGs
[2026-08-12T04:35:31.284+0000] {logging_mixin.py:190} INFO - [2026-08-12T04:35:31.284+0000] {dag.py:4138} INFO - Setting next_dagrun for dataset_alias_example_alias_consumer to None, run_after=None
[2026-08-12T04:35:31.288+0000] {logging_mixin.py:190} INFO - [2026-08-12T04:35:31.288+0000] {dag.py:4138} INFO - Setting next_dagrun for dataset_alias_example_alias_producer to None, run_after=None
[2026-08-12T04:35:31.290+0000] {logging_mixin.py:190} INFO - [2026-08-12T04:35:31.290+0000] {dag.py:4138} INFO - Setting next_dagrun for dataset_s3_bucket_consumer to None, run_after=None
[2026-08-12T04:35:31.292+0000] {logging_mixin.py:190} INFO - [2026-08-12T04:35:31.292+0000] {dag.py:4138} INFO - Setting next_dagrun for dataset_s3_bucket_producer to None, run_after=None
[2026-08-12T04:35:31.318+0000] {processor.py:208} INFO - Processing /home/airflow/.local/lib/python3.12/site-packages/airflow/example_dags/example_dataset_alias.py took 0.243 seconds
[2026-08-12T04:36:01.895+0000] {processor.py:186} INFO - Started process (PID=479) to work on /home/airflow/.local/lib/python3.12/site-packages/airflow/example_dags/example_dataset_alias.py
[2026-08-12T04:36:01.897+0000] {processor.py:914} INFO - Processing file /home/airflow/.local/lib/python3.12/site-packages/airflow/example_dags/example_dataset_alias.py for tasks to queue
[2026-08-12T04:36:01.900+0000] {logging_mixin.py:190} INFO - [2026-08-12T04:36:01.899+0000] {dagbag.py:587} INFO - Filling up the DagBag from /home/airflow/.local/lib/python3.12/site-packages/airflow/example_dags/example_dataset_alias.py
[2026-08-12T04:36:02.041+0000] {processor.py:925} INFO - DAG(s) 'dataset_alias_example_alias_producer', 'dataset_alias_example_alias_consumer', 'dataset_s3_bucket_producer', 'dataset_s3_bucket_consumer' retrieved from /home/airflow/.local/lib/python3.12/site-packages/airflow/example_dags/example_dataset_alias.py
[2026-08-12T04:36:02.067+0000] {logging_mixin.py:190} INFO - [2026-08-12T04:36:02.067+0000] {dag.py:3211} INFO - Sync 4 DAGs
[2026-08-12T04:36:02.091+0000] {logging_mixin.py:190} INFO - [2026-08-12T04:36:02.091+0000] {dag.py:4138} INFO - Setting next_dagrun for dataset_alias_example_alias_consumer to None, run_after=None
[2026-08-12T04:36:02.095+0000] {logging_mixin.py:190} INFO - [2026-08-12T04:36:02.095+0000] {dag.py:4138} INFO - Setting next_dagrun for dataset_alias_example_alias_producer to None, run_after=None
[2026-08-12T04:36:02.098+0000] {logging_mixin.py:190} INFO - [2026-08-12T04:36:02.098+0000] {dag.py:4138} INFO - Setting next_dagrun for dataset_s3_bucket_consumer to None, run_after=None
[2026-08-12T04:36:02.100+0000] {logging_mixin.py:190} INFO - [2026-08-12T04:36:02.100+0000] {dag.py:4138} INFO - Setting next_dagrun for dataset_s3_bucket_producer to None, run_after=None
[2026-08-12T04:36:02.123+0000] {processor.py:208} INFO - Processing /home/airflow/.local/lib/python3.12/site-packages/airflow/example_dags/example_dataset_alias.py took 0.234 seconds
[2026-08-12T04:36:32.352+0000] {processor.py:186} INFO - Started process (PID=541) to work on /home/airflow/.local/lib/python3.12/site-packages/airflow/example_dags/example_dataset_alias.py
[2026-08-12T04:36:32.353+0000] {processor.py:914} INFO - Processing file /home/airflow/.local/lib/python3.12/site-packages/airflow/example_dags/example_dataset_alias.py for tasks to queue
[2026-08-12T04:36:32.357+0000] {logging_mixin.py:190} INFO - [2026-08-12T04:36:32.356+0000] {dagbag.py:587} INFO - Filling up the DagBag from /home/airflow/.local/lib/python3.12/site-packages/airflow/example_dags/example_dataset_alias.py
[2026-08-12T04:36:32.518+0000] {processor.py:925} INFO - DAG(s) 'dataset_s3_bucket_consumer', 'dataset_s3_bucket_producer', 'dataset_alias_example_alias_producer', 'dataset_alias_example_alias_consumer' retrieved from /home/airflow/.local/lib/python3.12/site-packages/airflow/example_dags/example_dataset_alias.py
[2026-08-12T04:36:32.549+0000] {logging_mixin.py:190} INFO - [2026-08-12T04:36:32.548+0000] {dag.py:3211} INFO - Sync 4 DAGs
[2026-08-12T04:36:32.579+0000] {logging_mixin.py:190} INFO - [2026-08-12T04:36:32.579+0000] {dag.py:4138} INFO - Setting next_dagrun for dataset_alias_example_alias_consumer to None, run_after=None
[2026-08-12T04:36:32.584+0000] {logging_mixin.py:190} INFO - [2026-08-12T04:36:32.584+0000] {dag.py:4138} INFO - Setting next_dagrun for dataset_alias_example_alias_producer to None, run_after=None
[2026-08-12T04:36:32.587+0000] {logging_mixin.py:190} INFO - [2026-08-12T04:36:32.586+0000] {dag.py:4138} INFO - Setting next_dagrun for dataset_s3_bucket_consumer to None, run_after=None
[2026-08-12T04:36:32.589+0000] {logging_mixin.py:190} INFO - [2026-08-12T04:36:32.589+0000] {dag.py:4138} INFO - Setting next_dagrun for dataset_s3_bucket_producer to None, run_after=None
[2026-08-12T04:36:32.613+0000] {processor.py:208} INFO - Processing /home/airflow/.local/lib/python3.12/site-packages/airflow/example_dags/example_dataset_alias.py took 0.267 seconds
[2026-08-12T04:37:03.204+0000] {processor.py:186} INFO - Started process (PID=603) to work on /home/airflow/.local/lib/python3.12/site-packages/airflow/example_dags/example_dataset_alias.py
[2026-08-12T04:37:03.207+0000] {processor.py:914} INFO - Processing file /home/airflow/.local/lib/python3.12/site-packages/airflow/example_dags/example_dataset_alias.py for tasks to queue
[2026-08-12T04:37:03.211+0000] {logging_mixin.py:190} INFO - [2026-08-12T04:37:03.210+0000] {dagbag.py:587} INFO - Filling up the DagBag from /home/airflow/.local/lib/python3.12/site-packages/airflow/example_dags/example_dataset_alias.py
[2026-08-12T04:37:03.364+0000] {processor.py:925} INFO - DAG(s) 'dataset_alias_example_alias_producer', 'dataset_s3_bucket_consumer', 'dataset_alias_example_alias_consumer', 'dataset_s3_bucket_producer' retrieved from /home/airflow/.local/lib/python3.12/site-packages/airflow/example_dags/example_dataset_alias.py
[2026-08-12T04:37:03.386+0000] {logging_mixin.py:190} INFO - [2026-08-12T04:37:03.386+0000] {dag.py:3211} INFO - Sync 4 DAGs
[2026-08-12T04:37:03.410+0000] {logging_mixin.py:190} INFO - [2026-08-12T04:37:03.410+0000] {dag.py:4138} INFO - Setting next_dagrun for dataset_alias_example_alias_consumer to None, run_after=None
[2026-08-12T04:37:03.414+0000] {logging_mixin.py:190} INFO - [2026-08-12T04:37:03.413+0000] {dag.py:4138} INFO - Setting next_dagrun for dataset_alias_example_alias_producer to None, run_after=None
[2026-08-12T04:37:03.416+0000] {logging_mixin.py:190} INFO - [2026-08-12T04:37:03.415+0000] {dag.py:4138} INFO - Setting next_dagrun for dataset_s3_bucket_consumer to None, run_after=None
[2026-08-12T04:37:03.418+0000] {logging_mixin.py:190} INFO - [2026-08-12T04:37:03.417+0000] {dag.py:4138} INFO - Setting next_dagrun for dataset_s3_bucket_producer to None, run_after=None
[2026-08-12T04:37:03.441+0000] {processor.py:208} INFO - Processing /home/airflow/.local/lib/python3.12/site-packages/airflow/example_dags/example_dataset_alias.py took 0.242 seconds
[2026-08-12T04:37:34.559+0000] {processor.py:186} INFO - Started process (PID=665) to work on /home/airflow/.local/lib/python3.12/site-packages/airflow/example_dags/example_dataset_alias.py
[2026-08-12T04:37:34.560+0000] {processor.py:914} INFO - Processing file /home/airflow/.local/lib/python3.12/site-packages/airflow/example_dags/example_dataset_alias.py for tasks to queue
[2026-08-12T04:37:34.563+0000] {logging_mixin.py:190} INFO - [2026-08-12T04:37:34.563+0000] {dagbag.py:587} INFO - Filling up the DagBag from /home/airflow/.local/lib/python3.12/site-packages/airflow/example_dags/example_dataset_alias.py
[2026-08-12T04:37:34.799+0000] {processor.py:925} INFO - DAG(s) 'dataset_alias_example_alias_consumer', 'dataset_alias_example_alias_producer', 'dataset_s3_bucket_producer', 'dataset_s3_bucket_consumer' retrieved from /home/airflow/.local/lib/python3.12/site-packages/airflow/example_dags/example_dataset_alias.py
[2026-08-12T04:37:34.827+0000] {logging_mixin.py:190} INFO - [2026-08-12T04:37:34.827+0000] {dag.py:3211} INFO - Sync 4 DAGs
[2026-08-12T04:37:34.864+0000] {logging_mixin.py:190} INFO - [2026-08-12T04:37:34.864+0000] {dag.py:4138} INFO - Setting next_dagrun for dataset_alias_example_alias_consumer to None, run_after=None
[2026-08-12T04:37:34.874+0000] {logging_mixin.py:190} INFO - [2026-08-12T04:37:34.874+0000] {dag.py:4138} INFO - Setting next_dagrun for dataset_alias_example_alias_producer to None, run_after=None
[2026-08-12T04:37:34.879+0000] {logging_mixin.py:190} INFO - [2026-08-12T04:37:34.878+0000] {dag.py:4138} INFO - Setting next_dagrun for dataset_s3_bucket_consumer to None, run_after=None
[2026-08-12T04:37:34.885+0000] {logging_mixin.py:190} INFO - [2026-08-12T04:37:34.884+0000] {dag.py:4138} INFO - Setting next_dagrun for dataset_s3_bucket_producer to None, run_after=None
[2026-08-12T04:37:34.924+0000] {processor.py:208} INFO - Processing /home/airflow/.local/lib/python3.12/site-packages/airflow/example_dags/example_dataset_alias.py took 0.371 seconds
[2026-08-12T04:38:05.532+0000] {processor.py:186} INFO - Started process (PID=728) to work on /home/airflow/.local/lib/python3.12/site-packages/airflow/example_dags/example_dataset_alias.py
[2026-08-12T04:38:05.542+0000] {processor.py:914} INFO - Processing file /home/airflow/.local/lib/python3.12/site-packages/airflow/example_dags/example_dataset_alias.py for tasks to queue
[2026-08-12T04:38:05.578+0000] {logging_mixin.py:190} INFO - [2026-08-12T04:38:05.578+0000] {dagbag.py:587} INFO - Filling up the DagBag from /home/airflow/.local/lib/python3.12/site-packages/airflow/example_dags/example_dataset_alias.py
[2026-08-12T04:38:05.774+0000] {processor.py:925} INFO - DAG(s) 'dataset_alias_example_alias_consumer', 'dataset_s3_bucket_producer', 'dataset_s3_bucket_consumer', 'dataset_alias_example_alias_producer' retrieved from /home/airflow/.local/lib/python3.12/site-packages/airflow/example_dags/example_dataset_alias.py
[2026-08-12T04:38:05.801+0000] {logging_mixin.py:190} INFO - [2026-08-12T04:38:05.800+0000] {dag.py:3211} INFO - Sync 4 DAGs
[2026-08-12T04:38:05.825+0000] {logging_mixin.py:190} INFO - [2026-08-12T04:38:05.825+0000] {dag.py:4138} INFO - Setting next_dagrun for dataset_alias_example_alias_consumer to None, run_after=None
[2026-08-12T04:38:05.829+0000] {logging_mixin.py:190} INFO - [2026-08-12T04:38:05.829+0000] {dag.py:4138} INFO - Setting next_dagrun for dataset_alias_example_alias_producer to None, run_after=None
[2026-08-12T04:38:05.831+0000] {logging_mixin.py:190} INFO - [2026-08-12T04:38:05.831+0000] {dag.py:4138} INFO - Setting next_dagrun for dataset_s3_bucket_consumer to None, run_after=None
[2026-08-12T04:38:05.835+0000] {logging_mixin.py:190} INFO - [2026-08-12T04:38:05.834+0000] {dag.py:4138} INFO - Setting next_dagrun for dataset_s3_bucket_producer to None, run_after=None
[2026-08-12T04:38:05.889+0000] {processor.py:208} INFO - Processing /home/airflow/.local/lib/python3.12/site-packages/airflow/example_dags/example_dataset_alias.py took 0.363 seconds
[2026-08-12T04:38:35.986+0000] {processor.py:186} INFO - Started process (PID=789) to work on /home/airflow/.local/lib/python3.12/site-packages/airflow/example_dags/example_dataset_alias.py
[2026-08-12T04:38:35.987+0000] {processor.py:914} INFO - Processing file /home/airflow/.local/lib/python3.12/site-packages/airflow/example_dags/example_dataset_alias.py for tasks to queue
[2026-08-12T04:38:35.991+0000] {logging_mixin.py:190} INFO - [2026-08-12T04:38:35.990+0000] {dagbag.py:587} INFO - Filling up the DagBag from /home/airflow/.local/lib/python3.12/site-packages/airflow/example_dags/example_dataset_alias.py
[2026-08-12T04:38:36.150+0000] {processor.py:925} INFO - DAG(s) 'dataset_s3_bucket_consumer', 'dataset_alias_example_alias_producer', 'dataset_s3_bucket_producer', 'dataset_alias_example_alias_consumer' retrieved from /home/airflow/.local/lib/python3.12/site-packages/airflow/example_dags/example_dataset_alias.py
[2026-08-12T04:38:36.174+0000] {logging_mixin.py:190} INFO - [2026-08-12T04:38:36.173+0000] {dag.py:3211} INFO - Sync 4 DAGs
[2026-08-12T04:38:36.197+0000] {logging_mixin.py:190} INFO - [2026-08-12T04:38:36.197+0000] {dag.py:4138} INFO - Setting next_dagrun for dataset_alias_example_alias_consumer to None, run_after=None
[2026-08-12T04:38:36.201+0000] {logging_mixin.py:190} INFO - [2026-08-12T04:38:36.201+0000] {dag.py:4138} INFO - Setting next_dagrun for dataset_alias_example_alias_producer to None, run_after=None
[2026-08-12T04:38:36.203+0000] {logging_mixin.py:190} INFO - [2026-08-12T04:38:36.203+0000] {dag.py:4138} INFO - Setting next_dagrun for dataset_s3_bucket_consumer to None, run_after=None
[2026-08-12T04:38:36.206+0000] {logging_mixin.py:190} INFO - [2026-08-12T04:38:36.205+0000] {dag.py:4138} INFO - Setting next_dagrun for dataset_s3_bucket_producer to None, run_after=None
[2026-08-12T04:38:36.231+0000] {processor.py:208} INFO - Processing /home/airflow/.local/lib/python3.12/site-packages/airflow/example_dags/example_dataset_alias.py took 0.250 seconds
[2026-08-12T04:39:06.380+0000] {processor.py:186} INFO - Started process (PID=851) to work on /home/airflow/.local/lib/python3.12/site-packages/airflow/example_dags/example_dataset_alias.py
[2026-08-12T04:39:06.382+0000] {processor.py:914} INFO - Processing file /home/airflow/.local/lib/python3.12/site-packages/airflow/example_dags/example_dataset_alias.py for tasks to queue
[2026-08-12T04:39:06.386+0000] {logging_mixin.py:190} INFO - [2026-08-12T04:39:06.386+0000] {dagbag.py:587} INFO - Filling up the DagBag from /home/airflow/.local/lib/python3.12/site-packages/airflow/example_dags/example_dataset_alias.py
[2026-08-12T04:39:06.544+0000] {processor.py:925} INFO - DAG(s) 'dataset_alias_example_alias_producer', 'dataset_s3_bucket_consumer', 'dataset_alias_example_alias_consumer', 'dataset_s3_bucket_producer' retrieved from /home/airflow/.local/lib/python3.12/site-packages/airflow/example_dags/example_dataset_alias.py
[2026-08-12T04:39:06.567+0000] {logging_mixin.py:190} INFO - [2026-08-12T04:39:06.567+0000] {dag.py:3211} INFO - Sync 4 DAGs
[2026-08-12T04:39:06.591+0000] {logging_mixin.py:190} INFO - [2026-08-12T04:39:06.591+0000] {dag.py:4138} INFO - Setting next_dagrun for dataset_alias_example_alias_consumer to None, run_after=None
[2026-08-12T04:39:06.595+0000] {logging_mixin.py:190} INFO - [2026-08-12T04:39:06.594+0000] {dag.py:4138} INFO - Setting next_dagrun for dataset_alias_example_alias_producer to None, run_after=None
[2026-08-12T04:39:06.597+0000] {logging_mixin.py:190} INFO - [2026-08-12T04:39:06.597+0000] {dag.py:4138} INFO - Setting next_dagrun for dataset_s3_bucket_consumer to None, run_after=None
[2026-08-12T04:39:06.599+0000] {logging_mixin.py:190} INFO - [2026-08-12T04:39:06.599+0000] {dag.py:4138} INFO - Setting next_dagrun for dataset_s3_bucket_producer to None, run_after=None
[2026-08-12T04:39:06.623+0000] {processor.py:208} INFO - Processing /home/airflow/.local/lib/python3.12/site-packages/airflow/example_dags/example_dataset_alias.py took 0.249 seconds
[2026-08-12T04:39:36.789+0000] {processor.py:186} INFO - Started process (PID=914) to work on /home/airflow/.local/lib/python3.12/site-packages/airflow/example_dags/example_dataset_alias.py
[2026-08-12T04:39:36.792+0000] {processor.py:914} INFO - Processing file /home/airflow/.local/lib/python3.12/site-packages/airflow/example_dags/example_dataset_alias.py for tasks to queue
[2026-08-12T04:39:36.795+0000] {logging_mixin.py:190} INFO - [2026-08-12T04:39:36.795+0000] {dagbag.py:587} INFO - Filling up the DagBag from /home/airflow/.local/lib/python3.12/site-packages/airflow/example_dags/example_dataset_alias.py
[2026-08-12T04:39:36.950+0000] {processor.py:925} INFO - DAG(s) 'dataset_alias_example_alias_producer', 'dataset_alias_example_alias_consumer', 'dataset_s3_bucket_producer', 'dataset_s3_bucket_consumer' retrieved from /home/airflow/.local/lib/python3.12/site-packages/airflow/example_dags/example_dataset_alias.py
[2026-08-12T04:39:36.983+0000] {logging_mixin.py:190} INFO - [2026-08-12T04:39:36.983+0000] {dag.py:3211} INFO - Sync 4 DAGs
[2026-08-12T04:39:37.016+0000] {logging_mixin.py:190} INFO - [2026-08-12T04:39:37.016+0000] {dag.py:4138} INFO - Setting next_dagrun for dataset_alias_example_alias_consumer to None, run_after=None
[2026-08-12T04:39:37.020+0000] {logging_mixin.py:190} INFO - [2026-08-12T04:39:37.020+0000] {dag.py:4138} INFO - Setting next_dagrun for dataset_alias_example_alias_producer to None, run_after=None
[2026-08-12T04:39:37.023+0000] {logging_mixin.py:190} INFO - [2026-08-12T04:39:37.022+0000] {dag.py:4138} INFO - Setting next_dagrun for dataset_s3_bucket_consumer to None, run_after=None
[2026-08-12T04:39:37.025+0000] {logging_mixin.py:190} INFO - [2026-08-12T04:39:37.025+0000] {dag.py:4138} INFO - Setting next_dagrun for dataset_s3_bucket_producer to None, run_after=None
[2026-08-12T04:39:37.071+0000] {processor.py:208} INFO - Processing /home/airflow/.local/lib/python3.12/site-packages/airflow/example_dags/example_dataset_alias.py took 0.288 seconds
[2026-08-12T04:40:07.415+0000] {processor.py:186} INFO - Started process (PID=979) to work on /home/airflow/.local/lib/python3.12/site-packages/airflow/example_dags/example_dataset_alias.py
[2026-08-12T04:40:07.417+0000] {processor.py:914} INFO - Processing file /home/airflow/.local/lib/python3.12/site-packages/airflow/example_dags/example_dataset_alias.py for tasks to queue
[2026-08-12T04:40:07.420+0000] {logging_mixin.py:190} INFO - [2026-08-12T04:40:07.420+0000] {dagbag.py:587} INFO - Filling up the DagBag from /home/airflow/.local/lib/python3.12/site-packages/airflow/example_dags/example_dataset_alias.py
[2026-08-12T04:40:07.574+0000] {processor.py:925} INFO - DAG(s) 'dataset_s3_bucket_producer', 'dataset_s3_bucket_consumer', 'dataset_alias_example_alias_producer', 'dataset_alias_example_alias_consumer' retrieved from /home/airflow/.local/lib/python3.12/site-packages/airflow/example_dags/example_dataset_alias.py
[2026-08-12T04:40:07.596+0000] {logging_mixin.py:190} INFO - [2026-08-12T04:40:07.596+0000] {dag.py:3211} INFO - Sync 4 DAGs
[2026-08-12T04:40:07.618+0000] {logging_mixin.py:190} INFO - [2026-08-12T04:40:07.617+0000] {dag.py:4138} INFO - Setting next_dagrun for dataset_alias_example_alias_consumer to None, run_after=None
[2026-08-12T04:40:07.622+0000] {logging_mixin.py:190} INFO - [2026-08-12T04:40:07.622+0000] {dag.py:4138} INFO - Setting next_dagrun for dataset_alias_example_alias_producer to None, run_after=None
[2026-08-12T04:40:07.625+0000] {logging_mixin.py:190} INFO - [2026-08-12T04:40:07.625+0000] {dag.py:4138} INFO - Setting next_dagrun for dataset_s3_bucket_consumer to None, run_after=None
[2026-08-12T04:40:07.627+0000] {logging_mixin.py:190} INFO - [2026-08-12T04:40:07.627+0000] {dag.py:4138} INFO - Setting next_dagrun for dataset_s3_bucket_producer to None, run_after=None
[2026-08-12T04:40:07.656+0000] {processor.py:208} INFO - Processing /home/airflow/.local/lib/python3.12/site-packages/airflow/example_dags/example_dataset_alias.py took 0.247 seconds
[2026-08-12T04:40:38.252+0000] {processor.py:186} INFO - Started process (PID=1041) to work on /home/airflow/.local/lib/python3.12/site-packages/airflow/example_dags/example_dataset_alias.py
[2026-08-12T04:40:38.253+0000] {processor.py:914} INFO - Processing file /home/airflow/.local/lib/python3.12/site-packages/airflow/example_dags/example_dataset_alias.py for tasks to queue
[2026-08-12T04:40:38.256+0000] {logging_mixin.py:190} INFO - [2026-08-12T04:40:38.256+0000] {dagbag.py:587} INFO - Filling up the DagBag from /home/airflow/.local/lib/python3.12/site-packages/airflow/example_dags/example_dataset_alias.py
[2026-08-12T04:40:38.436+0000] {processor.py:925} INFO - DAG(s) 'dataset_alias_example_alias_producer', 'dataset_s3_bucket_producer', 'dataset_s3_bucket_consumer', 'dataset_alias_example_alias_consumer' retrieved from /home/airflow/.local/lib/python3.12/site-packages/airflow/example_dags/example_dataset_alias.py
[2026-08-12T04:40:38.458+0000] {logging_mixin.py:190} INFO - [2026-08-12T04:40:38.458+0000] {dag.py:3211} INFO - Sync 4 DAGs
[2026-08-12T04:40:38.478+0000] {logging_mixin.py:190} INFO - [2026-08-12T04:40:38.477+0000] {dag.py:4138} INFO - Setting next_dagrun for dataset_alias_example_alias_consumer to None, run_after=None
[2026-08-12T04:40:38.481+0000] {logging_mixin.py:190} INFO - [2026-08-12T04:40:38.481+0000] {dag.py:4138} INFO - Setting next_dagrun for dataset_alias_example_alias_producer to None, run_after=None
[2026-08-12T04:40:38.483+0000] {logging_mixin.py:190} INFO - [2026-08-12T04:40:38.483+0000] {dag.py:4138} INFO - Setting next_dagrun for dataset_s3_bucket_consumer to None, run_after=None
[2026-08-12T04:40:38.485+0000] {logging_mixin.py:190} INFO - [2026-08-12T04:40:38.485+0000] {dag.py:4138} INFO - Setting next_dagrun for dataset_s3_bucket_producer to None, run_after=None
[2026-08-12T04:40:38.506+0000] {processor.py:208} INFO - Processing /home/airflow/.local/lib/python3.12/site-packages/airflow/example_dags/example_dataset_alias.py took 0.260 seconds
[2026-08-12T04:41:08.764+0000] {processor.py:186} INFO - Started process (PID=1101) to work on /home/airflow/.local/lib/python3.12/site-packages/airflow/example_dags/example_dataset_alias.py
[2026-08-12T04:41:08.766+0000] {processor.py:914} INFO - Processing file /home/airflow/.local/lib/python3.12/site-packages/airflow/example_dags/example_dataset_alias.py for tasks to queue
[2026-08-12T04:41:08.770+0000] {logging_mixin.py:190} INFO - [2026-08-12T04:41:08.769+0000] {dagbag.py:587} INFO - Filling up the DagBag from /home/airflow/.local/lib/python3.12/site-packages/airflow/example_dags/example_dataset_alias.py
[2026-08-12T04:41:08.927+0000] {processor.py:925} INFO - DAG(s) 'dataset_s3_bucket_producer', 'dataset_alias_example_alias_consumer', 'dataset_s3_bucket_consumer', 'dataset_alias_example_alias_producer' retrieved from /home/airflow/.local/lib/python3.12/site-packages/airflow/example_dags/example_dataset_alias.py
[2026-08-12T04:41:08.962+0000] {logging_mixin.py:190} INFO - [2026-08-12T04:41:08.962+0000] {dag.py:3211} INFO - Sync 4 DAGs
[2026-08-12T04:41:08.984+0000] {logging_mixin.py:190} INFO - [2026-08-12T04:41:08.983+0000] {dag.py:4138} INFO - Setting next_dagrun for dataset_alias_example_alias_consumer to None, run_after=None
[2026-08-12T04:41:08.987+0000] {logging_mixin.py:190} INFO - [2026-08-12T04:41:08.987+0000] {dag.py:4138} INFO - Setting next_dagrun for dataset_alias_example_alias_producer to None, run_after=None
[2026-08-12T04:41:08.990+0000] {logging_mixin.py:190} INFO - [2026-08-12T04:41:08.990+0000] {dag.py:4138} INFO - Setting next_dagrun for dataset_s3_bucket_consumer to None, run_after=None
[2026-08-12T04:41:08.992+0000] {logging_mixin.py:190} INFO - [2026-08-12T04:41:08.992+0000] {dag.py:4138} INFO - Setting next_dagrun for dataset_s3_bucket_producer to None, run_after=None
[2026-08-12T04:41:09.016+0000] {processor.py:208} INFO - Processing /home/airflow/.local/lib/python3.12/site-packages/airflow/example_dags/example_dataset_alias.py took 0.259 seconds
[2026-08-12T04:41:39.152+0000] {processor.py:186} INFO - Started process (PID=1161) to work on /home/airflow/.local/lib/python3.12/site-packages/airflow/example_dags/example_dataset_alias.py
[2026-08-12T04:41:39.154+0000] {processor.py:914} INFO - Processing file /home/airflow/.local/lib/python3.12/site-packages/airflow/example_dags/example_dataset_alias.py for tasks to queue
[2026-08-12T04:41:39.157+0000] {logging_mixin.py:190} INFO - [2026-08-12T04:41:39.157+0000] {dagbag.py:587} INFO - Filling up the DagBag from /home/airflow/.local/lib/python3.12/site-packages/airflow/example_dags/example_dataset_alias.py
[2026-08-12T04:41:39.315+0000] {processor.py:925} INFO - DAG(s) 'dataset_s3_bucket_producer', 'dataset_alias_example_alias_consumer', 'dataset_s3_bucket_consumer', 'dataset_alias_example_alias_producer' retrieved from /home/airflow/.local/lib/python3.12/site-packages/airflow/example_dags/example_dataset_alias.py
[2026-08-12T04:41:39.365+0000] {logging_mixin.py:190} INFO - [2026-08-12T04:41:39.365+0000] {dag.py:3211} INFO - Sync 4 DAGs
[2026-08-12T04:41:39.391+0000] {logging_mixin.py:190} INFO - [2026-08-12T04:41:39.391+0000] {dag.py:4138} INFO - Setting next_dagrun for dataset_alias_example_alias_consumer to None, run_after=None
[2026-08-12T04:41:39.395+0000] {logging_mixin.py:190} INFO - [2026-08-12T04:41:39.395+0000] {dag.py:4138} INFO - Setting next_dagrun for dataset_alias_example_alias_producer to None, run_after=None
[2026-08-12T04:41:39.398+0000] {logging_mixin.py:190} INFO - [2026-08-12T04:41:39.397+0000] {dag.py:4138} INFO - Setting next_dagrun for dataset_s3_bucket_consumer to None, run_after=None
[2026-08-12T04:41:39.400+0000] {logging_mixin.py:190} INFO - [2026-08-12T04:41:39.400+0000] {dag.py:4138} INFO - Setting next_dagrun for dataset_s3_bucket_producer to None, run_after=None
[2026-08-12T04:41:39.426+0000] {processor.py:208} INFO - Processing /home/airflow/.local/lib/python3.12/site-packages/airflow/example_dags/example_dataset_alias.py took 0.279 seconds
[2026-08-12T04:42:10.047+0000] {processor.py:186} INFO - Started process (PID=1225) to work on /home/airflow/.local/lib/python3.12/site-packages/airflow/example_dags/example_dataset_alias.py
[2026-08-12T04:42:10.049+0000] {processor.py:914} INFO - Processing file /home/airflow/.local/lib/python3.12/site-packages/airflow/example_dags/example_dataset_alias.py for tasks to queue
[2026-08-12T04:42:10.053+0000] {logging_mixin.py:190} INFO - [2026-08-12T04:42:10.052+0000] {dagbag.py:587} INFO - Filling up the DagBag from /home/airflow/.local/lib/python3.12/site-packages/airflow/example_dags/example_dataset_alias.py
[2026-08-12T04:42:10.199+0000] {processor.py:925} INFO - DAG(s) 'dataset_alias_example_alias_consumer', 'dataset_s3_bucket_producer', 'dataset_s3_bucket_consumer', 'dataset_alias_example_alias_producer' retrieved from /home/airflow/.local/lib/python3.12/site-packages/airflow/example_dags/example_dataset_alias.py
[2026-08-12T04:42:10.221+0000] {logging_mixin.py:190} INFO - [2026-08-12T04:42:10.221+0000] {dag.py:3211} INFO - Sync 4 DAGs
[2026-08-12T04:42:10.243+0000] {logging_mixin.py:190} INFO - [2026-08-12T04:42:10.243+0000] {dag.py:4138} INFO - Setting next_dagrun for dataset_alias_example_alias_consumer to None, run_after=None
[2026-08-12T04:42:10.246+0000] {logging_mixin.py:190} INFO - [2026-08-12T04:42:10.246+0000] {dag.py:4138} INFO - Setting next_dagrun for dataset_alias_example_alias_producer to None, run_after=None
[2026-08-12T04:42:10.249+0000] {logging_mixin.py:190} INFO - [2026-08-12T04:42:10.249+0000] {dag.py:4138} INFO - Setting next_dagrun for dataset_s3_bucket_consumer to None, run_after=None
[2026-08-12T04:42:10.251+0000] {logging_mixin.py:190} INFO - [2026-08-12T04:42:10.251+0000] {dag.py:4138} INFO - Setting next_dagrun for dataset_s3_bucket_producer to None, run_after=None
[2026-08-12T04:42:10.275+0000] {processor.py:208} INFO - Processing /home/airflow/.local/lib/python3.12/site-packages/airflow/example_dags/example_dataset_alias.py took 0.235 seconds
[2026-08-12T04:42:40.410+0000] {processor.py:186} INFO - Started process (PID=1285) to work on /home/airflow/.local/lib/python3.12/site-packages/airflow/example_dags/example_dataset_alias.py
[2026-08-12T04:42:40.421+0000] {processor.py:914} INFO - Processing file /home/airflow/.local/lib/python3.12/site-packages/airflow/example_dags/example_dataset_alias.py for tasks to queue
[2026-08-12T04:42:40.425+0000] {logging_mixin.py:190} INFO - [2026-08-12T04:42:40.425+0000] {dagbag.py:587} INFO - Filling up the DagBag from /home/airflow/.local/lib/python3.12/site-packages/airflow/example_dags/example_dataset_alias.py
[2026-08-12T04:42:40.572+0000] {processor.py:925} INFO - DAG(s) 'dataset_alias_example_alias_consumer', 'dataset_s3_bucket_consumer', 'dataset_alias_example_alias_producer', 'dataset_s3_bucket_producer' retrieved from /home/airflow/.local/lib/python3.12/site-packages/airflow/example_dags/example_dataset_alias.py
[2026-08-12T04:42:40.595+0000] {logging_mixin.py:190} INFO - [2026-08-12T04:42:40.595+0000] {dag.py:3211} INFO - Sync 4 DAGs
[2026-08-12T04:42:40.624+0000] {logging_mixin.py:190} INFO - [2026-08-12T04:42:40.624+0000] {dag.py:4138} INFO - Setting next_dagrun for dataset_alias_example_alias_consumer to None, run_after=None
[2026-08-12T04:42:40.628+0000] {logging_mixin.py:190} INFO - [2026-08-12T04:42:40.628+0000] {dag.py:4138} INFO - Setting next_dagrun for dataset_alias_example_alias_producer to None, run_after=None
[2026-08-12T04:42:40.633+0000] {logging_mixin.py:190} INFO - [2026-08-12T04:42:40.632+0000] {dag.py:4138} INFO - Setting next_dagrun for dataset_s3_bucket_consumer to None, run_after=None
[2026-08-12T04:42:40.636+0000] {logging_mixin.py:190} INFO - [2026-08-12T04:42:40.636+0000] {dag.py:4138} INFO - Setting next_dagrun for dataset_s3_bucket_producer to None, run_after=None
[2026-08-12T04:42:40.663+0000] {processor.py:208} INFO - Processing /home/airflow/.local/lib/python3.12/site-packages/airflow/example_dags/example_dataset_alias.py took 0.262 seconds
[2026-08-12T04:43:11.202+0000] {processor.py:186} INFO - Started process (PID=1347) to work on /home/airflow/.local/lib/python3.12/site-packages/airflow/example_dags/example_dataset_alias.py
[2026-08-12T04:43:11.204+0000] {processor.py:914} INFO - Processing file /home/airflow/.local/lib/python3.12/site-packages/airflow/example_dags/example_dataset_alias.py for tasks to queue
[2026-08-12T04:43:11.207+0000] {logging_mixin.py:190} INFO - [2026-08-12T04:43:11.207+0000] {dagbag.py:587} INFO - Filling up the DagBag from /home/airflow/.local/lib/python3.12/site-packages/airflow/example_dags/example_dataset_alias.py
[2026-08-12T04:43:11.372+0000] {processor.py:925} INFO - DAG(s) 'dataset_alias_example_alias_producer', 'dataset_s3_bucket_producer', 'dataset_alias_example_alias_consumer', 'dataset_s3_bucket_consumer' retrieved from /home/airflow/.local/lib/python3.12/site-packages/airflow/example_dags/example_dataset_alias.py
[2026-08-12T04:43:11.395+0000] {logging_mixin.py:190} INFO - [2026-08-12T04:43:11.394+0000] {dag.py:3211} INFO - Sync 4 DAGs
[2026-08-12T04:43:11.417+0000] {logging_mixin.py:190} INFO - [2026-08-12T04:43:11.417+0000] {dag.py:4138} INFO - Setting next_dagrun for dataset_alias_example_alias_consumer to None, run_after=None
[2026-08-12T04:43:11.421+0000] {logging_mixin.py:190} INFO - [2026-08-12T04:43:11.421+0000] {dag.py:4138} INFO - Setting next_dagrun for dataset_alias_example_alias_producer to None, run_after=None
[2026-08-12T04:43:11.425+0000] {logging_mixin.py:190} INFO - [2026-08-12T04:43:11.424+0000] {dag.py:4138} INFO - Setting next_dagrun for dataset_s3_bucket_consumer to None, run_after=None
[2026-08-12T04:43:11.428+0000] {logging_mixin.py:190} INFO - [2026-08-12T04:43:11.427+0000] {dag.py:4138} INFO - Setting next_dagrun for dataset_s3_bucket_producer to None, run_after=None
[2026-08-12T04:43:11.460+0000] {processor.py:208} INFO - Processing /home/airflow/.local/lib/python3.12/site-packages/airflow/example_dags/example_dataset_alias.py took 0.265 seconds
[2026-08-12T04:43:42.358+0000] {processor.py:186} INFO - Started process (PID=1409) to work on /home/airflow/.local/lib/python3.12/site-packages/airflow/example_dags/example_dataset_alias.py
[2026-08-12T04:43:42.360+0000] {processor.py:914} INFO - Processing file /home/airflow/.local/lib/python3.12/site-packages/airflow/example_dags/example_dataset_alias.py for tasks to queue
[2026-08-12T04:43:42.363+0000] {logging_mixin.py:190} INFO - [2026-08-12T04:43:42.363+0000] {dagbag.py:587} INFO - Filling up the DagBag from /home/airflow/.local/lib/python3.12/site-packages/airflow/example_dags/example_dataset_alias.py
[2026-08-12T04:43:42.542+0000] {processor.py:925} INFO - DAG(s) 'dataset_alias_example_alias_producer', 'dataset_s3_bucket_consumer', 'dataset_s3_bucket_producer', 'dataset_alias_example_alias_consumer' retrieved from /home/airflow/.local/lib/python3.12/site-packages/airflow/example_dags/example_dataset_alias.py
[2026-08-12T04:43:42.578+0000] {logging_mixin.py:190} INFO - [2026-08-12T04:43:42.577+0000] {dag.py:3211} INFO - Sync 4 DAGs
[2026-08-12T04:43:42.602+0000] {logging_mixin.py:190} INFO - [2026-08-12T04:43:42.602+0000] {dag.py:4138} INFO - Setting next_dagrun for dataset_alias_example_alias_consumer to None, run_after=None
[2026-08-12T04:43:42.606+0000] {logging_mixin.py:190} INFO - [2026-08-12T04:43:42.606+0000] {dag.py:4138} INFO - Setting next_dagrun for dataset_alias_example_alias_producer to None, run_after=None
[2026-08-12T04:43:42.608+0000] {logging_mixin.py:190} INFO - [2026-08-12T04:43:42.608+0000] {dag.py:4138} INFO - Setting next_dagrun for dataset_s3_bucket_consumer to None, run_after=None
[2026-08-12T04:43:42.611+0000] {logging_mixin.py:190} INFO - [2026-08-12T04:43:42.611+0000] {dag.py:4138} INFO - Setting next_dagrun for dataset_s3_bucket_producer to None, run_after=None
[2026-08-12T04:43:42.647+0000] {processor.py:208} INFO - Processing /home/airflow/.local/lib/python3.12/site-packages/airflow/example_dags/example_dataset_alias.py took 0.295 seconds
[2026-08-12T04:44:13.181+0000] {processor.py:186} INFO - Started process (PID=1472) to work on /home/airflow/.local/lib/python3.12/site-packages/airflow/example_dags/example_dataset_alias.py
[2026-08-12T04:44:13.183+0000] {processor.py:914} INFO - Processing file /home/airflow/.local/lib/python3.12/site-packages/airflow/example_dags/example_dataset_alias.py for tasks to queue
[2026-08-12T04:44:13.187+0000] {logging_mixin.py:190} INFO - [2026-08-12T04:44:13.186+0000] {dagbag.py:587} INFO - Filling up the DagBag from /home/airflow/.local/lib/python3.12/site-packages/airflow/example_dags/example_dataset_alias.py
[2026-08-12T04:44:13.349+0000] {processor.py:925} INFO - DAG(s) 'dataset_alias_example_alias_producer', 'dataset_alias_example_alias_consumer', 'dataset_s3_bucket_producer', 'dataset_s3_bucket_consumer' retrieved from /home/airflow/.local/lib/python3.12/site-packages/airflow/example_dags/example_dataset_alias.py
[2026-08-12T04:44:13.373+0000] {logging_mixin.py:190} INFO - [2026-08-12T04:44:13.373+0000] {dag.py:3211} INFO - Sync 4 DAGs
[2026-08-12T04:44:13.413+0000] {logging_mixin.py:190} INFO - [2026-08-12T04:44:13.412+0000] {dag.py:4138} INFO - Setting next_dagrun for dataset_alias_example_alias_consumer to None, run_after=None
[2026-08-12T04:44:13.416+0000] {logging_mixin.py:190} INFO - [2026-08-12T04:44:13.416+0000] {dag.py:4138} INFO - Setting next_dagrun for dataset_alias_example_alias_producer to None, run_after=None
[2026-08-12T04:44:13.419+0000] {logging_mixin.py:190} INFO - [2026-08-12T04:44:13.419+0000] {dag.py:4138} INFO - Setting next_dagrun for dataset_s3_bucket_consumer to None, run_after=None
[2026-08-12T04:44:13.421+0000] {logging_mixin.py:190} INFO - [2026-08-12T04:44:13.421+0000] {dag.py:4138} INFO - Setting next_dagrun for dataset_s3_bucket_producer to None, run_after=None
[2026-08-12T04:44:13.472+0000] {processor.py:208} INFO - Processing /home/airflow/.local/lib/python3.12/site-packages/airflow/example_dags/example_dataset_alias.py took 0.296 seconds
[2026-08-12T04:44:43.882+0000] {processor.py:186} INFO - Started process (PID=1535) to work on /home/airflow/.local/lib/python3.12/site-packages/airflow/example_dags/example_dataset_alias.py
[2026-08-12T04:44:43.884+0000] {processor.py:914} INFO - Processing file /home/airflow/.local/lib/python3.12/site-packages/airflow/example_dags/example_dataset_alias.py for tasks to queue
[2026-08-12T04:44:43.887+0000] {logging_mixin.py:190} INFO - [2026-08-12T04:44:43.886+0000] {dagbag.py:587} INFO - Filling up the DagBag from /home/airflow/.local/lib/python3.12/site-packages/airflow/example_dags/example_dataset_alias.py
[2026-08-12T04:44:44.036+0000] {processor.py:925} INFO - DAG(s) 'dataset_s3_bucket_consumer', 'dataset_s3_bucket_producer', 'dataset_alias_example_alias_producer', 'dataset_alias_example_alias_consumer' retrieved from /home/airflow/.local/lib/python3.12/site-packages/airflow/example_dags/example_dataset_alias.py
[2026-08-12T04:44:44.061+0000] {logging_mixin.py:190} INFO - [2026-08-12T04:44:44.061+0000] {dag.py:3211} INFO - Sync 4 DAGs
[2026-08-12T04:44:44.095+0000] {logging_mixin.py:190} INFO - [2026-08-12T04:44:44.095+0000] {dag.py:4138} INFO - Setting next_dagrun for dataset_alias_example_alias_consumer to None, run_after=None
[2026-08-12T04:44:44.099+0000] {logging_mixin.py:190} INFO - [2026-08-12T04:44:44.099+0000] {dag.py:4138} INFO - Setting next_dagrun for dataset_alias_example_alias_producer to None, run_after=None
[2026-08-12T04:44:44.102+0000] {logging_mixin.py:190} INFO - [2026-08-12T04:44:44.102+0000] {dag.py:4138} INFO - Setting next_dagrun for dataset_s3_bucket_consumer to None, run_after=None
[2026-08-12T04:44:44.104+0000] {logging_mixin.py:190} INFO - [2026-08-12T04:44:44.104+0000] {dag.py:4138} INFO - Setting next_dagrun for dataset_s3_bucket_producer to None, run_after=None
[2026-08-12T04:44:44.143+0000] {processor.py:208} INFO - Processing /home/airflow/.local/lib/python3.12/site-packages/airflow/example_dags/example_dataset_alias.py took 0.267 seconds
[2026-08-12T04:45:14.893+0000] {processor.py:186} INFO - Started process (PID=1601) to work on /home/airflow/.local/lib/python3.12/site-packages/airflow/example_dags/example_dataset_alias.py
[2026-08-12T04:45:14.895+0000] {processor.py:914} INFO - Processing file /home/airflow/.local/lib/python3.12/site-packages/airflow/example_dags/example_dataset_alias.py for tasks to queue
[2026-08-12T04:45:14.899+0000] {logging_mixin.py:190} INFO - [2026-08-12T04:45:14.898+0000] {dagbag.py:587} INFO - Filling up the DagBag from /home/airflow/.local/lib/python3.12/site-packages/airflow/example_dags/example_dataset_alias.py
[2026-08-12T04:45:15.030+0000] {processor.py:925} INFO - DAG(s) 'dataset_s3_bucket_producer', 'dataset_alias_example_alias_producer', 'dataset_alias_example_alias_consumer', 'dataset_s3_bucket_consumer' retrieved from /home/airflow/.local/lib/python3.12/site-packages/airflow/example_dags/example_dataset_alias.py
[2026-08-12T04:45:15.051+0000] {logging_mixin.py:190} INFO - [2026-08-12T04:45:15.051+0000] {dag.py:3211} INFO - Sync 4 DAGs
[2026-08-12T04:45:15.072+0000] {logging_mixin.py:190} INFO - [2026-08-12T04:45:15.072+0000] {dag.py:4138} INFO - Setting next_dagrun for dataset_alias_example_alias_consumer to None, run_after=None
[2026-08-12T04:45:15.076+0000] {logging_mixin.py:190} INFO - [2026-08-12T04:45:15.076+0000] {dag.py:4138} INFO - Setting next_dagrun for dataset_alias_example_alias_producer to None, run_after=None
[2026-08-12T04:45:15.079+0000] {logging_mixin.py:190} INFO - [2026-08-12T04:45:15.078+0000] {dag.py:4138} INFO - Setting next_dagrun for dataset_s3_bucket_consumer to None, run_after=None
[2026-08-12T04:45:15.081+0000] {logging_mixin.py:190} INFO - [2026-08-12T04:45:15.081+0000] {dag.py:4138} INFO - Setting next_dagrun for dataset_s3_bucket_producer to None, run_after=None
[2026-08-12T04:45:15.116+0000] {processor.py:208} INFO - Processing /home/airflow/.local/lib/python3.12/site-packages/airflow/example_dags/example_dataset_alias.py took 0.231 seconds
[2026-08-12T04:45:45.216+0000] {processor.py:186} INFO - Started process (PID=1662) to work on /home/airflow/.local/lib/python3.12/site-packages/airflow/example_dags/example_dataset_alias.py
[2026-08-12T04:45:45.218+0000] {processor.py:914} INFO - Processing file /home/airflow/.local/lib/python3.12/site-packages/airflow/example_dags/example_dataset_alias.py for tasks to queue
[2026-08-12T04:45:45.221+0000] {logging_mixin.py:190} INFO - [2026-08-12T04:45:45.220+0000] {dagbag.py:587} INFO - Filling up the DagBag from /home/airflow/.local/lib/python3.12/site-packages/airflow/example_dags/example_dataset_alias.py
[2026-08-12T04:45:45.361+0000] {processor.py:925} INFO - DAG(s) 'dataset_alias_example_alias_consumer', 'dataset_alias_example_alias_producer', 'dataset_s3_bucket_consumer', 'dataset_s3_bucket_producer' retrieved from /home/airflow/.local/lib/python3.12/site-packages/airflow/example_dags/example_dataset_alias.py
[2026-08-12T04:45:45.382+0000] {logging_mixin.py:190} INFO - [2026-08-12T04:45:45.382+0000] {dag.py:3211} INFO - Sync 4 DAGs
[2026-08-12T04:45:45.403+0000] {logging_mixin.py:190} INFO - [2026-08-12T04:45:45.402+0000] {dag.py:4138} INFO - Setting next_dagrun for dataset_alias_example_alias_consumer to None, run_after=None
[2026-08-12T04:45:45.406+0000] {logging_mixin.py:190} INFO - [2026-08-12T04:45:45.406+0000] {dag.py:4138} INFO - Setting next_dagrun for dataset_alias_example_alias_producer to None, run_after=None
[2026-08-12T04:45:45.408+0000] {logging_mixin.py:190} INFO - [2026-08-12T04:45:45.408+0000] {dag.py:4138} INFO - Setting next_dagrun for dataset_s3_bucket_consumer to None, run_after=None
[2026-08-12T04:45:45.410+0000] {logging_mixin.py:190} INFO - [2026-08-12T04:45:45.410+0000] {dag.py:4138} INFO - Setting next_dagrun for dataset_s3_bucket_producer to None, run_after=None
[2026-08-12T04:45:45.446+0000] {processor.py:208} INFO - Processing /home/airflow/.local/lib/python3.12/site-packages/airflow/example_dags/example_dataset_alias.py took 0.235 seconds
[2026-08-12T04:46:15.504+0000] {processor.py:186} INFO - Started process (PID=1719) to work on /home/airflow/.local/lib/python3.12/site-packages/airflow/example_dags/example_dataset_alias.py
[2026-08-12T04:46:15.506+0000] {processor.py:914} INFO - Processing file /home/airflow/.local/lib/python3.12/site-packages/airflow/example_dags/example_dataset_alias.py for tasks to queue
[2026-08-12T04:46:15.508+0000] {logging_mixin.py:190} INFO - [2026-08-12T04:46:15.508+0000] {dagbag.py:587} INFO - Filling up the DagBag from /home/airflow/.local/lib/python3.12/site-packages/airflow/example_dags/example_dataset_alias.py
[2026-08-12T04:46:15.653+0000] {processor.py:925} INFO - DAG(s) 'dataset_alias_example_alias_producer', 'dataset_alias_example_alias_consumer', 'dataset_s3_bucket_consumer', 'dataset_s3_bucket_producer' retrieved from /home/airflow/.local/lib/python3.12/site-packages/airflow/example_dags/example_dataset_alias.py
[2026-08-12T04:46:15.679+0000] {logging_mixin.py:190} INFO - [2026-08-12T04:46:15.679+0000] {dag.py:3211} INFO - Sync 4 DAGs
[2026-08-12T04:46:15.702+0000] {logging_mixin.py:190} INFO - [2026-08-12T04:46:15.701+0000] {dag.py:4138} INFO - Setting next_dagrun for dataset_alias_example_alias_consumer to None, run_after=None
[2026-08-12T04:46:15.705+0000] {logging_mixin.py:190} INFO - [2026-08-12T04:46:15.705+0000] {dag.py:4138} INFO - Setting next_dagrun for dataset_alias_example_alias_producer to None, run_after=None
[2026-08-12T04:46:15.708+0000] {logging_mixin.py:190} INFO - [2026-08-12T04:46:15.708+0000] {dag.py:4138} INFO - Setting next_dagrun for dataset_s3_bucket_consumer to None, run_after=None
[2026-08-12T04:46:15.710+0000] {logging_mixin.py:190} INFO - [2026-08-12T04:46:15.710+0000] {dag.py:4138} INFO - Setting next_dagrun for dataset_s3_bucket_producer to None, run_after=None
[2026-08-12T04:46:15.750+0000] {processor.py:208} INFO - Processing /home/airflow/.local/lib/python3.12/site-packages/airflow/example_dags/example_dataset_alias.py took 0.252 seconds
[2026-08-12T04:46:45.977+0000] {processor.py:186} INFO - Started process (PID=1781) to work on /home/airflow/.local/lib/python3.12/site-packages/airflow/example_dags/example_dataset_alias.py
[2026-08-12T04:46:45.979+0000] {processor.py:914} INFO - Processing file /home/airflow/.local/lib/python3.12/site-packages/airflow/example_dags/example_dataset_alias.py for tasks to queue
[2026-08-12T04:46:45.984+0000] {logging_mixin.py:190} INFO - [2026-08-12T04:46:45.983+0000] {dagbag.py:587} INFO - Filling up the DagBag from /home/airflow/.local/lib/python3.12/site-packages/airflow/example_dags/example_dataset_alias.py
[2026-08-12T04:46:46.144+0000] {processor.py:925} INFO - DAG(s) 'dataset_s3_bucket_producer', 'dataset_alias_example_alias_consumer', 'dataset_alias_example_alias_producer', 'dataset_s3_bucket_consumer' retrieved from /home/airflow/.local/lib/python3.12/site-packages/airflow/example_dags/example_dataset_alias.py
[2026-08-12T04:46:46.175+0000] {logging_mixin.py:190} INFO - [2026-08-12T04:46:46.175+0000] {dag.py:3211} INFO - Sync 4 DAGs
[2026-08-12T04:46:46.196+0000] {logging_mixin.py:190} INFO - [2026-08-12T04:46:46.195+0000] {dag.py:4138} INFO - Setting next_dagrun for dataset_alias_example_alias_consumer to None, run_after=None
[2026-08-12T04:46:46.200+0000] {logging_mixin.py:190} INFO - [2026-08-12T04:46:46.199+0000] {dag.py:4138} INFO - Setting next_dagrun for dataset_alias_example_alias_producer to None, run_after=None
[2026-08-12T04:46:46.202+0000] {logging_mixin.py:190} INFO - [2026-08-12T04:46:46.202+0000] {dag.py:4138} INFO - Setting next_dagrun for dataset_s3_bucket_consumer to None, run_after=None
[2026-08-12T04:46:46.205+0000] {logging_mixin.py:190} INFO - [2026-08-12T04:46:46.205+0000] {dag.py:4138} INFO - Setting next_dagrun for dataset_s3_bucket_producer to None, run_after=None
[2026-08-12T04:46:46.249+0000] {processor.py:208} INFO - Processing /home/airflow/.local/lib/python3.12/site-packages/airflow/example_dags/example_dataset_alias.py took 0.279 seconds
[2026-08-12T04:47:16.450+0000] {processor.py:186} INFO - Started process (PID=1844) to work on /home/airflow/.local/lib/python3.12/site-packages/airflow/example_dags/example_dataset_alias.py
[2026-08-12T04:47:16.452+0000] {processor.py:914} INFO - Processing file /home/airflow/.local/lib/python3.12/site-packages/airflow/example_dags/example_dataset_alias.py for tasks to queue
[2026-08-12T04:47:16.456+0000] {logging_mixin.py:190} INFO - [2026-08-12T04:47:16.456+0000] {dagbag.py:587} INFO - Filling up the DagBag from /home/airflow/.local/lib/python3.12/site-packages/airflow/example_dags/example_dataset_alias.py
[2026-08-12T04:47:16.637+0000] {processor.py:925} INFO - DAG(s) 'dataset_alias_example_alias_producer', 'dataset_s3_bucket_producer', 'dataset_alias_example_alias_consumer', 'dataset_s3_bucket_consumer' retrieved from /home/airflow/.local/lib/python3.12/site-packages/airflow/example_dags/example_dataset_alias.py
[2026-08-12T04:47:16.671+0000] {logging_mixin.py:190} INFO - [2026-08-12T04:47:16.671+0000] {dag.py:3211} INFO - Sync 4 DAGs
[2026-08-12T04:47:16.694+0000] {logging_mixin.py:190} INFO - [2026-08-12T04:47:16.694+0000] {dag.py:4138} INFO - Setting next_dagrun for dataset_alias_example_alias_consumer to None, run_after=None
[2026-08-12T04:47:16.697+0000] {logging_mixin.py:190} INFO - [2026-08-12T04:47:16.697+0000] {dag.py:4138} INFO - Setting next_dagrun for dataset_alias_example_alias_producer to None, run_after=None
[2026-08-12T04:47:16.700+0000] {logging_mixin.py:190} INFO - [2026-08-12T04:47:16.699+0000] {dag.py:4138} INFO - Setting next_dagrun for dataset_s3_bucket_consumer to None, run_after=None
[2026-08-12T04:47:16.702+0000] {logging_mixin.py:190} INFO - [2026-08-12T04:47:16.702+0000] {dag.py:4138} INFO - Setting next_dagrun for dataset_s3_bucket_producer to None, run_after=None
[2026-08-12T04:47:16.725+0000] {processor.py:208} INFO - Processing /home/airflow/.local/lib/python3.12/site-packages/airflow/example_dags/example_dataset_alias.py took 0.281 seconds
[2026-08-12T04:47:47.095+0000] {processor.py:186} INFO - Started process (PID=1906) to work on /home/airflow/.local/lib/python3.12/site-packages/airflow/example_dags/example_dataset_alias.py
[2026-08-12T04:47:47.097+0000] {processor.py:914} INFO - Processing file /home/airflow/.local/lib/python3.12/site-packages/airflow/example_dags/example_dataset_alias.py for tasks to queue
[2026-08-12T04:47:47.102+0000] {logging_mixin.py:190} INFO - [2026-08-12T04:47:47.101+0000] {dagbag.py:587} INFO - Filling up the DagBag from /home/airflow/.local/lib/python3.12/site-packages/airflow/example_dags/example_dataset_alias.py
[2026-08-12T04:47:47.255+0000] {processor.py:925} INFO - DAG(s) 'dataset_alias_example_alias_producer', 'dataset_s3_bucket_consumer', 'dataset_s3_bucket_producer', 'dataset_alias_example_alias_consumer' retrieved from /home/airflow/.local/lib/python3.12/site-packages/airflow/example_dags/example_dataset_alias.py
[2026-08-12T04:47:47.282+0000] {logging_mixin.py:190} INFO - [2026-08-12T04:47:47.282+0000] {dag.py:3211} INFO - Sync 4 DAGs
[2026-08-12T04:47:47.311+0000] {logging_mixin.py:190} INFO - [2026-08-12T04:47:47.310+0000] {dag.py:4138} INFO - Setting next_dagrun for dataset_alias_example_alias_consumer to None, run_after=None
[2026-08-12T04:47:47.315+0000] {logging_mixin.py:190} INFO - [2026-08-12T04:47:47.315+0000] {dag.py:4138} INFO - Setting next_dagrun for dataset_alias_example_alias_producer to None, run_after=None
[2026-08-12T04:47:47.319+0000] {logging_mixin.py:190} INFO - [2026-08-12T04:47:47.319+0000] {dag.py:4138} INFO - Setting next_dagrun for dataset_s3_bucket_consumer to None, run_after=None
[2026-08-12T04:47:47.322+0000] {logging_mixin.py:190} INFO - [2026-08-12T04:47:47.322+0000] {dag.py:4138} INFO - Setting next_dagrun for dataset_s3_bucket_producer to None, run_after=None
[2026-08-12T04:47:47.350+0000] {processor.py:208} INFO - Processing /home/airflow/.local/lib/python3.12/site-packages/airflow/example_dags/example_dataset_alias.py took 0.260 seconds
[2026-08-12T04:48:18.317+0000] {processor.py:186} INFO - Started process (PID=1971) to work on /home/airflow/.local/lib/python3.12/site-packages/airflow/example_dags/example_dataset_alias.py
[2026-08-12T04:48:18.319+0000] {processor.py:914} INFO - Processing file /home/airflow/.local/lib/python3.12/site-packages/airflow/example_dags/example_dataset_alias.py for tasks to queue
[2026-08-12T04:48:18.322+0000] {logging_mixin.py:190} INFO - [2026-08-12T04:48:18.322+0000] {dagbag.py:587} INFO - Filling up the DagBag from /home/airflow/.local/lib/python3.12/site-packages/airflow/example_dags/example_dataset_alias.py
[2026-08-12T04:48:18.541+0000] {processor.py:925} INFO - DAG(s) 'dataset_alias_example_alias_consumer', 'dataset_s3_bucket_consumer', 'dataset_s3_bucket_producer', 'dataset_alias_example_alias_producer' retrieved from /home/airflow/.local/lib/python3.12/site-packages/airflow/example_dags/example_dataset_alias.py
[2026-08-12T04:48:18.571+0000] {logging_mixin.py:190} INFO - [2026-08-12T04:48:18.571+0000] {dag.py:3211} INFO - Sync 4 DAGs
[2026-08-12T04:48:18.853+0000] {logging_mixin.py:190} INFO - [2026-08-12T04:48:18.852+0000] {dag.py:4138} INFO - Setting next_dagrun for dataset_alias_example_alias_consumer to None, run_after=None
[2026-08-12T04:48:18.860+0000] {logging_mixin.py:190} INFO - [2026-08-12T04:48:18.859+0000] {dag.py:4138} INFO - Setting next_dagrun for dataset_alias_example_alias_producer to None, run_after=None
[2026-08-12T04:48:18.864+0000] {logging_mixin.py:190} INFO - [2026-08-12T04:48:18.863+0000] {dag.py:4138} INFO - Setting next_dagrun for dataset_s3_bucket_consumer to None, run_after=None
[2026-08-12T04:48:18.866+0000] {logging_mixin.py:190} INFO - [2026-08-12T04:48:18.866+0000] {dag.py:4138} INFO - Setting next_dagrun for dataset_s3_bucket_producer to None, run_after=None
[2026-08-12T04:48:18.894+0000] {processor.py:208} INFO - Processing /home/airflow/.local/lib/python3.12/site-packages/airflow/example_dags/example_dataset_alias.py took 0.581 seconds
[2026-08-12T04:48:48.975+0000] {processor.py:186} INFO - Started process (PID=2029) to work on /home/airflow/.local/lib/python3.12/site-packages/airflow/example_dags/example_dataset_alias.py
[2026-08-12T04:48:48.976+0000] {processor.py:914} INFO - Processing file /home/airflow/.local/lib/python3.12/site-packages/airflow/example_dags/example_dataset_alias.py for tasks to queue
[2026-08-12T04:48:48.980+0000] {logging_mixin.py:190} INFO - [2026-08-12T04:48:48.979+0000] {dagbag.py:587} INFO - Filling up the DagBag from /home/airflow/.local/lib/python3.12/site-packages/airflow/example_dags/example_dataset_alias.py
[2026-08-12T04:48:49.129+0000] {processor.py:925} INFO - DAG(s) 'dataset_s3_bucket_producer', 'dataset_alias_example_alias_consumer', 'dataset_s3_bucket_consumer', 'dataset_alias_example_alias_producer' retrieved from /home/airflow/.local/lib/python3.12/site-packages/airflow/example_dags/example_dataset_alias.py
[2026-08-12T04:48:49.153+0000] {logging_mixin.py:190} INFO - [2026-08-12T04:48:49.153+0000] {dag.py:3211} INFO - Sync 4 DAGs
[2026-08-12T04:48:49.379+0000] {logging_mixin.py:190} INFO - [2026-08-12T04:48:49.378+0000] {dag.py:4138} INFO - Setting next_dagrun for dataset_alias_example_alias_consumer to None, run_after=None
[2026-08-12T04:48:49.383+0000] {logging_mixin.py:190} INFO - [2026-08-12T04:48:49.382+0000] {dag.py:4138} INFO - Setting next_dagrun for dataset_alias_example_alias_producer to None, run_after=None
[2026-08-12T04:48:49.385+0000] {logging_mixin.py:190} INFO - [2026-08-12T04:48:49.385+0000] {dag.py:4138} INFO - Setting next_dagrun for dataset_s3_bucket_consumer to None, run_after=None
[2026-08-12T04:48:49.387+0000] {logging_mixin.py:190} INFO - [2026-08-12T04:48:49.387+0000] {dag.py:4138} INFO - Setting next_dagrun for dataset_s3_bucket_producer to None, run_after=None
[2026-08-12T04:48:49.437+0000] {processor.py:208} INFO - Processing /home/airflow/.local/lib/python3.12/site-packages/airflow/example_dags/example_dataset_alias.py took 0.468 seconds
[2026-08-12T04:49:19.690+0000] {processor.py:186} INFO - Started process (PID=2095) to work on /home/airflow/.local/lib/python3.12/site-packages/airflow/example_dags/example_dataset_alias.py
[2026-08-12T04:49:19.692+0000] {processor.py:914} INFO - Processing file /home/airflow/.local/lib/python3.12/site-packages/airflow/example_dags/example_dataset_alias.py for tasks to queue
[2026-08-12T04:49:19.695+0000] {logging_mixin.py:190} INFO - [2026-08-12T04:49:19.695+0000] {dagbag.py:587} INFO - Filling up the DagBag from /home/airflow/.local/lib/python3.12/site-packages/airflow/example_dags/example_dataset_alias.py
[2026-08-12T04:49:19.950+0000] {processor.py:925} INFO - DAG(s) 'dataset_alias_example_alias_producer', 'dataset_s3_bucket_producer', 'dataset_s3_bucket_consumer', 'dataset_alias_example_alias_consumer' retrieved from /home/airflow/.local/lib/python3.12/site-packages/airflow/example_dags/example_dataset_alias.py
[2026-08-12T04:49:19.975+0000] {logging_mixin.py:190} INFO - [2026-08-12T04:49:19.975+0000] {dag.py:3211} INFO - Sync 4 DAGs
[2026-08-12T04:49:20.198+0000] {logging_mixin.py:190} INFO - [2026-08-12T04:49:20.198+0000] {dag.py:4138} INFO - Setting next_dagrun for dataset_alias_example_alias_consumer to None, run_after=None
[2026-08-12T04:49:20.203+0000] {logging_mixin.py:190} INFO - [2026-08-12T04:49:20.203+0000] {dag.py:4138} INFO - Setting next_dagrun for dataset_alias_example_alias_producer to None, run_after=None
[2026-08-12T04:49:20.206+0000] {logging_mixin.py:190} INFO - [2026-08-12T04:49:20.206+0000] {dag.py:4138} INFO - Setting next_dagrun for dataset_s3_bucket_consumer to None, run_after=None
[2026-08-12T04:49:20.209+0000] {logging_mixin.py:190} INFO - [2026-08-12T04:49:20.208+0000] {dag.py:4138} INFO - Setting next_dagrun for dataset_s3_bucket_producer to None, run_after=None
[2026-08-12T04:49:20.229+0000] {processor.py:208} INFO - Processing /home/airflow/.local/lib/python3.12/site-packages/airflow/example_dags/example_dataset_alias.py took 0.546 seconds
[2026-08-12T04:49:50.945+0000] {processor.py:186} INFO - Started process (PID=2159) to work on /home/airflow/.local/lib/python3.12/site-packages/airflow/example_dags/example_dataset_alias.py
[2026-08-12T04:49:50.947+0000] {processor.py:914} INFO - Processing file /home/airflow/.local/lib/python3.12/site-packages/airflow/example_dags/example_dataset_alias.py for tasks to queue
[2026-08-12T04:49:50.949+0000] {logging_mixin.py:190} INFO - [2026-08-12T04:49:50.949+0000] {dagbag.py:587} INFO - Filling up the DagBag from /home/airflow/.local/lib/python3.12/site-packages/airflow/example_dags/example_dataset_alias.py
[2026-08-12T04:49:51.080+0000] {processor.py:925} INFO - DAG(s) 'dataset_s3_bucket_consumer', 'dataset_alias_example_alias_consumer', 'dataset_alias_example_alias_producer', 'dataset_s3_bucket_producer' retrieved from /home/airflow/.local/lib/python3.12/site-packages/airflow/example_dags/example_dataset_alias.py
[2026-08-12T04:49:51.102+0000] {logging_mixin.py:190} INFO - [2026-08-12T04:49:51.101+0000] {dag.py:3211} INFO - Sync 4 DAGs
[2026-08-12T04:49:51.372+0000] {logging_mixin.py:190} INFO - [2026-08-12T04:49:51.372+0000] {dag.py:4138} INFO - Setting next_dagrun for dataset_alias_example_alias_consumer to None, run_after=None
[2026-08-12T04:49:51.376+0000] {logging_mixin.py:190} INFO - [2026-08-12T04:49:51.375+0000] {dag.py:4138} INFO - Setting next_dagrun for dataset_alias_example_alias_producer to None, run_after=None
[2026-08-12T04:49:51.378+0000] {logging_mixin.py:190} INFO - [2026-08-12T04:49:51.378+0000] {dag.py:4138} INFO - Setting next_dagrun for dataset_s3_bucket_consumer to None, run_after=None
[2026-08-12T04:49:51.380+0000] {logging_mixin.py:190} INFO - [2026-08-12T04:49:51.380+0000] {dag.py:4138} INFO - Setting next_dagrun for dataset_s3_bucket_producer to None, run_after=None
[2026-08-12T04:49:51.404+0000] {processor.py:208} INFO - Processing /home/airflow/.local/lib/python3.12/site-packages/airflow/example_dags/example_dataset_alias.py took 0.464 seconds
[2026-08-12T04:50:21.656+0000] {processor.py:186} INFO - Started process (PID=2221) to work on /home/airflow/.local/lib/python3.12/site-packages/airflow/example_dags/example_dataset_alias.py
[2026-08-12T04:50:21.657+0000] {processor.py:914} INFO - Processing file /home/airflow/.local/lib/python3.12/site-packages/airflow/example_dags/example_dataset_alias.py for tasks to queue
[2026-08-12T04:50:21.660+0000] {logging_mixin.py:190} INFO - [2026-08-12T04:50:21.659+0000] {dagbag.py:587} INFO - Filling up the DagBag from /home/airflow/.local/lib/python3.12/site-packages/airflow/example_dags/example_dataset_alias.py
[2026-08-12T04:50:22.053+0000] {processor.py:925} INFO - DAG(s) 'dataset_alias_example_alias_consumer', 'dataset_s3_bucket_consumer', 'dataset_alias_example_alias_producer', 'dataset_s3_bucket_producer' retrieved from /home/airflow/.local/lib/python3.12/site-packages/airflow/example_dags/example_dataset_alias.py
[2026-08-12T04:50:22.072+0000] {logging_mixin.py:190} INFO - [2026-08-12T04:50:22.072+0000] {dag.py:3211} INFO - Sync 4 DAGs
[2026-08-12T04:50:22.091+0000] {logging_mixin.py:190} INFO - [2026-08-12T04:50:22.090+0000] {dag.py:4138} INFO - Setting next_dagrun for dataset_alias_example_alias_consumer to None, run_after=None
[2026-08-12T04:50:22.094+0000] {logging_mixin.py:190} INFO - [2026-08-12T04:50:22.094+0000] {dag.py:4138} INFO - Setting next_dagrun for dataset_alias_example_alias_producer to None, run_after=None
[2026-08-12T04:50:22.097+0000] {logging_mixin.py:190} INFO - [2026-08-12T04:50:22.096+0000] {dag.py:4138} INFO - Setting next_dagrun for dataset_s3_bucket_consumer to None, run_after=None
[2026-08-12T04:50:22.098+0000] {logging_mixin.py:190} INFO - [2026-08-12T04:50:22.098+0000] {dag.py:4138} INFO - Setting next_dagrun for dataset_s3_bucket_producer to None, run_after=None
[2026-08-12T04:50:22.119+0000] {processor.py:208} INFO - Processing /home/airflow/.local/lib/python3.12/site-packages/airflow/example_dags/example_dataset_alias.py took 0.469 seconds
[2026-08-12T04:50:52.506+0000] {processor.py:186} INFO - Started process (PID=2283) to work on /home/airflow/.local/lib/python3.12/site-packages/airflow/example_dags/example_dataset_alias.py
[2026-08-12T04:50:52.507+0000] {processor.py:914} INFO - Processing file /home/airflow/.local/lib/python3.12/site-packages/airflow/example_dags/example_dataset_alias.py for tasks to queue
[2026-08-12T04:50:52.511+0000] {logging_mixin.py:190} INFO - [2026-08-12T04:50:52.511+0000] {dagbag.py:587} INFO - Filling up the DagBag from /home/airflow/.local/lib/python3.12/site-packages/airflow/example_dags/example_dataset_alias.py
[2026-08-12T04:50:52.828+0000] {processor.py:925} INFO - DAG(s) 'dataset_alias_example_alias_consumer', 'dataset_s3_bucket_producer', 'dataset_alias_example_alias_producer', 'dataset_s3_bucket_consumer' retrieved from /home/airflow/.local/lib/python3.12/site-packages/airflow/example_dags/example_dataset_alias.py
[2026-08-12T04:50:52.846+0000] {logging_mixin.py:190} INFO - [2026-08-12T04:50:52.845+0000] {dag.py:3211} INFO - Sync 4 DAGs
[2026-08-12T04:50:52.863+0000] {logging_mixin.py:190} INFO - [2026-08-12T04:50:52.862+0000] {dag.py:4138} INFO - Setting next_dagrun for dataset_alias_example_alias_consumer to None, run_after=None
[2026-08-12T04:50:52.867+0000] {logging_mixin.py:190} INFO - [2026-08-12T04:50:52.867+0000] {dag.py:4138} INFO - Setting next_dagrun for dataset_alias_example_alias_producer to None, run_after=None
[2026-08-12T04:50:52.869+0000] {logging_mixin.py:190} INFO - [2026-08-12T04:50:52.869+0000] {dag.py:4138} INFO - Setting next_dagrun for dataset_s3_bucket_consumer to None, run_after=None
[2026-08-12T04:50:52.872+0000] {logging_mixin.py:190} INFO - [2026-08-12T04:50:52.871+0000] {dag.py:4138} INFO - Setting next_dagrun for dataset_s3_bucket_producer to None, run_after=None
[2026-08-12T04:50:52.906+0000] {processor.py:208} INFO - Processing /home/airflow/.local/lib/python3.12/site-packages/airflow/example_dags/example_dataset_alias.py took 0.408 seconds
[2026-08-12T04:51:23.047+0000] {processor.py:186} INFO - Started process (PID=2345) to work on /home/airflow/.local/lib/python3.12/site-packages/airflow/example_dags/example_dataset_alias.py
[2026-08-12T04:51:23.048+0000] {processor.py:914} INFO - Processing file /home/airflow/.local/lib/python3.12/site-packages/airflow/example_dags/example_dataset_alias.py for tasks to queue
[2026-08-12T04:51:23.051+0000] {logging_mixin.py:190} INFO - [2026-08-12T04:51:23.051+0000] {dagbag.py:587} INFO - Filling up the DagBag from /home/airflow/.local/lib/python3.12/site-packages/airflow/example_dags/example_dataset_alias.py
[2026-08-12T04:51:23.177+0000] {processor.py:925} INFO - DAG(s) 'dataset_s3_bucket_producer', 'dataset_alias_example_alias_consumer', 'dataset_s3_bucket_consumer', 'dataset_alias_example_alias_producer' retrieved from /home/airflow/.local/lib/python3.12/site-packages/airflow/example_dags/example_dataset_alias.py
[2026-08-12T04:51:23.370+0000] {logging_mixin.py:190} INFO - [2026-08-12T04:51:23.370+0000] {dag.py:3211} INFO - Sync 4 DAGs
[2026-08-12T04:51:23.387+0000] {logging_mixin.py:190} INFO - [2026-08-12T04:51:23.387+0000] {dag.py:4138} INFO - Setting next_dagrun for dataset_alias_example_alias_consumer to None, run_after=None
[2026-08-12T04:51:23.390+0000] {logging_mixin.py:190} INFO - [2026-08-12T04:51:23.390+0000] {dag.py:4138} INFO - Setting next_dagrun for dataset_alias_example_alias_producer to None, run_after=None
[2026-08-12T04:51:23.392+0000] {logging_mixin.py:190} INFO - [2026-08-12T04:51:23.392+0000] {dag.py:4138} INFO - Setting next_dagrun for dataset_s3_bucket_consumer to None, run_after=None
[2026-08-12T04:51:23.394+0000] {logging_mixin.py:190} INFO - [2026-08-12T04:51:23.394+0000] {dag.py:4138} INFO - Setting next_dagrun for dataset_s3_bucket_producer to None, run_after=None
[2026-08-12T04:51:23.412+0000] {processor.py:208} INFO - Processing /home/airflow/.local/lib/python3.12/site-packages/airflow/example_dags/example_dataset_alias.py took 0.372 seconds
[2026-08-12T04:51:54.199+0000] {processor.py:186} INFO - Started process (PID=2407) to work on /home/airflow/.local/lib/python3.12/site-packages/airflow/example_dags/example_dataset_alias.py
[2026-08-12T04:51:54.201+0000] {processor.py:914} INFO - Processing file /home/airflow/.local/lib/python3.12/site-packages/airflow/example_dags/example_dataset_alias.py for tasks to queue
[2026-08-12T04:51:54.204+0000] {logging_mixin.py:190} INFO - [2026-08-12T04:51:54.204+0000] {dagbag.py:587} INFO - Filling up the DagBag from /home/airflow/.local/lib/python3.12/site-packages/airflow/example_dags/example_dataset_alias.py
[2026-08-12T04:51:54.327+0000] {processor.py:925} INFO - DAG(s) 'dataset_alias_example_alias_producer', 'dataset_alias_example_alias_consumer', 'dataset_s3_bucket_producer', 'dataset_s3_bucket_consumer' retrieved from /home/airflow/.local/lib/python3.12/site-packages/airflow/example_dags/example_dataset_alias.py
[2026-08-12T04:51:54.349+0000] {logging_mixin.py:190} INFO - [2026-08-12T04:51:54.349+0000] {dag.py:3211} INFO - Sync 4 DAGs
[2026-08-12T04:51:54.539+0000] {logging_mixin.py:190} INFO - [2026-08-12T04:51:54.538+0000] {dag.py:4138} INFO - Setting next_dagrun for dataset_alias_example_alias_consumer to None, run_after=None
[2026-08-12T04:51:54.542+0000] {logging_mixin.py:190} INFO - [2026-08-12T04:51:54.542+0000] {dag.py:4138} INFO - Setting next_dagrun for dataset_alias_example_alias_producer to None, run_after=None
[2026-08-12T04:51:54.544+0000] {logging_mixin.py:190} INFO - [2026-08-12T04:51:54.544+0000] {dag.py:4138} INFO - Setting next_dagrun for dataset_s3_bucket_consumer to None, run_after=None
[2026-08-12T04:51:54.546+0000] {logging_mixin.py:190} INFO - [2026-08-12T04:51:54.546+0000] {dag.py:4138} INFO - Setting next_dagrun for dataset_s3_bucket_producer to None, run_after=None
[2026-08-12T04:51:54.565+0000] {processor.py:208} INFO - Processing /home/airflow/.local/lib/python3.12/site-packages/airflow/example_dags/example_dataset_alias.py took 0.372 seconds
[2026-08-12T04:52:25.158+0000] {processor.py:186} INFO - Started process (PID=2463) to work on /home/airflow/.local/lib/python3.12/site-packages/airflow/example_dags/example_dataset_alias.py
[2026-08-12T04:52:25.159+0000] {processor.py:914} INFO - Processing file /home/airflow/.local/lib/python3.12/site-packages/airflow/example_dags/example_dataset_alias.py for tasks to queue
[2026-08-12T04:52:25.163+0000] {logging_mixin.py:190} INFO - [2026-08-12T04:52:25.162+0000] {dagbag.py:587} INFO - Filling up the DagBag from /home/airflow/.local/lib/python3.12/site-packages/airflow/example_dags/example_dataset_alias.py
[2026-08-12T04:52:25.512+0000] {processor.py:925} INFO - DAG(s) 'dataset_s3_bucket_producer', 'dataset_alias_example_alias_consumer', 'dataset_s3_bucket_consumer', 'dataset_alias_example_alias_producer' retrieved from /home/airflow/.local/lib/python3.12/site-packages/airflow/example_dags/example_dataset_alias.py
[2026-08-12T04:52:25.550+0000] {logging_mixin.py:190} INFO - [2026-08-12T04:52:25.549+0000] {dag.py:3211} INFO - Sync 4 DAGs
[2026-08-12T04:52:25.573+0000] {logging_mixin.py:190} INFO - [2026-08-12T04:52:25.573+0000] {dag.py:4138} INFO - Setting next_dagrun for dataset_alias_example_alias_consumer to None, run_after=None
[2026-08-12T04:52:25.577+0000] {logging_mixin.py:190} INFO - [2026-08-12T04:52:25.577+0000] {dag.py:4138} INFO - Setting next_dagrun for dataset_alias_example_alias_producer to None, run_after=None
[2026-08-12T04:52:25.579+0000] {logging_mixin.py:190} INFO - [2026-08-12T04:52:25.579+0000] {dag.py:4138} INFO - Setting next_dagrun for dataset_s3_bucket_consumer to None, run_after=None
[2026-08-12T04:52:25.582+0000] {logging_mixin.py:190} INFO - [2026-08-12T04:52:25.581+0000] {dag.py:4138} INFO - Setting next_dagrun for dataset_s3_bucket_producer to None, run_after=None
[2026-08-12T04:52:25.606+0000] {processor.py:208} INFO - Processing /home/airflow/.local/lib/python3.12/site-packages/airflow/example_dags/example_dataset_alias.py took 0.454 seconds
[2026-08-12T04:52:56.339+0000] {processor.py:186} INFO - Started process (PID=2529) to work on /home/airflow/.local/lib/python3.12/site-packages/airflow/example_dags/example_dataset_alias.py
[2026-08-12T04:52:56.340+0000] {processor.py:914} INFO - Processing file /home/airflow/.local/lib/python3.12/site-packages/airflow/example_dags/example_dataset_alias.py for tasks to queue
[2026-08-12T04:52:56.343+0000] {logging_mixin.py:190} INFO - [2026-08-12T04:52:56.343+0000] {dagbag.py:587} INFO - Filling up the DagBag from /home/airflow/.local/lib/python3.12/site-packages/airflow/example_dags/example_dataset_alias.py
[2026-08-12T04:52:56.706+0000] {processor.py:925} INFO - DAG(s) 'dataset_alias_example_alias_producer', 'dataset_s3_bucket_consumer', 'dataset_s3_bucket_producer', 'dataset_alias_example_alias_consumer' retrieved from /home/airflow/.local/lib/python3.12/site-packages/airflow/example_dags/example_dataset_alias.py
[2026-08-12T04:52:56.725+0000] {logging_mixin.py:190} INFO - [2026-08-12T04:52:56.725+0000] {dag.py:3211} INFO - Sync 4 DAGs
[2026-08-12T04:52:56.747+0000] {logging_mixin.py:190} INFO - [2026-08-12T04:52:56.747+0000] {dag.py:4138} INFO - Setting next_dagrun for dataset_alias_example_alias_consumer to None, run_after=None
[2026-08-12T04:52:56.751+0000] {logging_mixin.py:190} INFO - [2026-08-12T04:52:56.750+0000] {dag.py:4138} INFO - Setting next_dagrun for dataset_alias_example_alias_producer to None, run_after=None
[2026-08-12T04:52:56.754+0000] {logging_mixin.py:190} INFO - [2026-08-12T04:52:56.754+0000] {dag.py:4138} INFO - Setting next_dagrun for dataset_s3_bucket_consumer to None, run_after=None
[2026-08-12T04:52:56.756+0000] {logging_mixin.py:190} INFO - [2026-08-12T04:52:56.756+0000] {dag.py:4138} INFO - Setting next_dagrun for dataset_s3_bucket_producer to None, run_after=None
[2026-08-12T04:52:56.778+0000] {processor.py:208} INFO - Processing /home/airflow/.local/lib/python3.12/site-packages/airflow/example_dags/example_dataset_alias.py took 0.448 seconds
[2026-08-12T04:53:26.987+0000] {processor.py:186} INFO - Started process (PID=2600) to work on /home/airflow/.local/lib/python3.12/site-packages/airflow/example_dags/example_dataset_alias.py
[2026-08-12T04:53:26.988+0000] {processor.py:914} INFO - Processing file /home/airflow/.local/lib/python3.12/site-packages/airflow/example_dags/example_dataset_alias.py for tasks to queue
[2026-08-12T04:53:26.991+0000] {logging_mixin.py:190} INFO - [2026-08-12T04:53:26.991+0000] {dagbag.py:587} INFO - Filling up the DagBag from /home/airflow/.local/lib/python3.12/site-packages/airflow/example_dags/example_dataset_alias.py
[2026-08-12T04:53:27.263+0000] {processor.py:925} INFO - DAG(s) 'dataset_alias_example_alias_consumer', 'dataset_s3_bucket_producer', 'dataset_alias_example_alias_producer', 'dataset_s3_bucket_consumer' retrieved from /home/airflow/.local/lib/python3.12/site-packages/airflow/example_dags/example_dataset_alias.py
[2026-08-12T04:53:27.282+0000] {logging_mixin.py:190} INFO - [2026-08-12T04:53:27.282+0000] {dag.py:3211} INFO - Sync 4 DAGs
[2026-08-12T04:53:27.301+0000] {logging_mixin.py:190} INFO - [2026-08-12T04:53:27.300+0000] {dag.py:4138} INFO - Setting next_dagrun for dataset_alias_example_alias_consumer to None, run_after=None
[2026-08-12T04:53:27.304+0000] {logging_mixin.py:190} INFO - [2026-08-12T04:53:27.304+0000] {dag.py:4138} INFO - Setting next_dagrun for dataset_alias_example_alias_producer to None, run_after=None
[2026-08-12T04:53:27.307+0000] {logging_mixin.py:190} INFO - [2026-08-12T04:53:27.307+0000] {dag.py:4138} INFO - Setting next_dagrun for dataset_s3_bucket_consumer to None, run_after=None
[2026-08-12T04:53:27.310+0000] {logging_mixin.py:190} INFO - [2026-08-12T04:53:27.309+0000] {dag.py:4138} INFO - Setting next_dagrun for dataset_s3_bucket_producer to None, run_after=None
[2026-08-12T04:53:27.328+0000] {processor.py:208} INFO - Processing /home/airflow/.local/lib/python3.12/site-packages/airflow/example_dags/example_dataset_alias.py took 0.347 seconds
[2026-08-12T04:53:58.054+0000] {processor.py:186} INFO - Started process (PID=2664) to work on /home/airflow/.local/lib/python3.12/site-packages/airflow/example_dags/example_dataset_alias.py
[2026-08-12T04:53:58.055+0000] {processor.py:914} INFO - Processing file /home/airflow/.local/lib/python3.12/site-packages/airflow/example_dags/example_dataset_alias.py for tasks to queue
[2026-08-12T04:53:58.058+0000] {logging_mixin.py:190} INFO - [2026-08-12T04:53:58.058+0000] {dagbag.py:587} INFO - Filling up the DagBag from /home/airflow/.local/lib/python3.12/site-packages/airflow/example_dags/example_dataset_alias.py
[2026-08-12T04:53:58.326+0000] {processor.py:925} INFO - DAG(s) 'dataset_alias_example_alias_producer', 'dataset_s3_bucket_producer', 'dataset_alias_example_alias_consumer', 'dataset_s3_bucket_consumer' retrieved from /home/airflow/.local/lib/python3.12/site-packages/airflow/example_dags/example_dataset_alias.py
[2026-08-12T04:53:58.343+0000] {logging_mixin.py:190} INFO - [2026-08-12T04:53:58.343+0000] {dag.py:3211} INFO - Sync 4 DAGs
[2026-08-12T04:53:58.360+0000] {logging_mixin.py:190} INFO - [2026-08-12T04:53:58.360+0000] {dag.py:4138} INFO - Setting next_dagrun for dataset_alias_example_alias_consumer to None, run_after=None
[2026-08-12T04:53:58.364+0000] {logging_mixin.py:190} INFO - [2026-08-12T04:53:58.363+0000] {dag.py:4138} INFO - Setting next_dagrun for dataset_alias_example_alias_producer to None, run_after=None
[2026-08-12T04:53:58.366+0000] {logging_mixin.py:190} INFO - [2026-08-12T04:53:58.366+0000] {dag.py:4138} INFO - Setting next_dagrun for dataset_s3_bucket_consumer to None, run_after=None
[2026-08-12T04:53:58.368+0000] {logging_mixin.py:190} INFO - [2026-08-12T04:53:58.368+0000] {dag.py:4138} INFO - Setting next_dagrun for dataset_s3_bucket_producer to None, run_after=None
[2026-08-12T04:53:58.401+0000] {processor.py:208} INFO - Processing /home/airflow/.local/lib/python3.12/site-packages/airflow/example_dags/example_dataset_alias.py took 0.353 seconds
[2026-08-12T04:54:28.876+0000] {processor.py:186} INFO - Started process (PID=2727) to work on /home/airflow/.local/lib/python3.12/site-packages/airflow/example_dags/example_dataset_alias.py
[2026-08-12T04:54:28.878+0000] {processor.py:914} INFO - Processing file /home/airflow/.local/lib/python3.12/site-packages/airflow/example_dags/example_dataset_alias.py for tasks to queue
[2026-08-12T04:54:28.881+0000] {logging_mixin.py:190} INFO - [2026-08-12T04:54:28.881+0000] {dagbag.py:587} INFO - Filling up the DagBag from /home/airflow/.local/lib/python3.12/site-packages/airflow/example_dags/example_dataset_alias.py
[2026-08-12T04:54:29.163+0000] {processor.py:925} INFO - DAG(s) 'dataset_s3_bucket_producer', 'dataset_s3_bucket_consumer', 'dataset_alias_example_alias_consumer', 'dataset_alias_example_alias_producer' retrieved from /home/airflow/.local/lib/python3.12/site-packages/airflow/example_dags/example_dataset_alias.py
[2026-08-12T04:54:29.179+0000] {logging_mixin.py:190} INFO - [2026-08-12T04:54:29.179+0000] {dag.py:3211} INFO - Sync 4 DAGs
[2026-08-12T04:54:29.197+0000] {logging_mixin.py:190} INFO - [2026-08-12T04:54:29.196+0000] {dag.py:4138} INFO - Setting next_dagrun for dataset_alias_example_alias_consumer to None, run_after=None
[2026-08-12T04:54:29.200+0000] {logging_mixin.py:190} INFO - [2026-08-12T04:54:29.200+0000] {dag.py:4138} INFO - Setting next_dagrun for dataset_alias_example_alias_producer to None, run_after=None
[2026-08-12T04:54:29.202+0000] {logging_mixin.py:190} INFO - [2026-08-12T04:54:29.202+0000] {dag.py:4138} INFO - Setting next_dagrun for dataset_s3_bucket_consumer to None, run_after=None
[2026-08-12T04:54:29.204+0000] {logging_mixin.py:190} INFO - [2026-08-12T04:54:29.204+0000] {dag.py:4138} INFO - Setting next_dagrun for dataset_s3_bucket_producer to None, run_after=None
[2026-08-12T04:54:29.236+0000] {processor.py:208} INFO - Processing /home/airflow/.local/lib/python3.12/site-packages/airflow/example_dags/example_dataset_alias.py took 0.369 seconds
[2026-08-12T04:54:59.532+0000] {processor.py:186} INFO - Started process (PID=2787) to work on /home/airflow/.local/lib/python3.12/site-packages/airflow/example_dags/example_dataset_alias.py
[2026-08-12T04:54:59.534+0000] {processor.py:914} INFO - Processing file /home/airflow/.local/lib/python3.12/site-packages/airflow/example_dags/example_dataset_alias.py for tasks to queue
[2026-08-12T04:54:59.537+0000] {logging_mixin.py:190} INFO - [2026-08-12T04:54:59.537+0000] {dagbag.py:587} INFO - Filling up the DagBag from /home/airflow/.local/lib/python3.12/site-packages/airflow/example_dags/example_dataset_alias.py
[2026-08-12T04:54:59.858+0000] {processor.py:925} INFO - DAG(s) 'dataset_s3_bucket_producer', 'dataset_s3_bucket_consumer', 'dataset_alias_example_alias_consumer', 'dataset_alias_example_alias_producer' retrieved from /home/airflow/.local/lib/python3.12/site-packages/airflow/example_dags/example_dataset_alias.py
[2026-08-12T04:54:59.877+0000] {logging_mixin.py:190} INFO - [2026-08-12T04:54:59.877+0000] {dag.py:3211} INFO - Sync 4 DAGs
[2026-08-12T04:54:59.895+0000] {logging_mixin.py:190} INFO - [2026-08-12T04:54:59.895+0000] {dag.py:4138} INFO - Setting next_dagrun for dataset_alias_example_alias_consumer to None, run_after=None
[2026-08-12T04:54:59.898+0000] {logging_mixin.py:190} INFO - [2026-08-12T04:54:59.898+0000] {dag.py:4138} INFO - Setting next_dagrun for dataset_alias_example_alias_producer to None, run_after=None
[2026-08-12T04:54:59.901+0000] {logging_mixin.py:190} INFO - [2026-08-12T04:54:59.900+0000] {dag.py:4138} INFO - Setting next_dagrun for dataset_s3_bucket_consumer to None, run_after=None
[2026-08-12T04:54:59.903+0000] {logging_mixin.py:190} INFO - [2026-08-12T04:54:59.902+0000] {dag.py:4138} INFO - Setting next_dagrun for dataset_s3_bucket_producer to None, run_after=None
[2026-08-12T04:54:59.936+0000] {processor.py:208} INFO - Processing /home/airflow/.local/lib/python3.12/site-packages/airflow/example_dags/example_dataset_alias.py took 0.410 seconds
[2026-08-12T04:55:30.337+0000] {processor.py:186} INFO - Started process (PID=2851) to work on /home/airflow/.local/lib/python3.12/site-packages/airflow/example_dags/example_dataset_alias.py
[2026-08-12T04:55:30.339+0000] {processor.py:914} INFO - Processing file /home/airflow/.local/lib/python3.12/site-packages/airflow/example_dags/example_dataset_alias.py for tasks to queue
[2026-08-12T04:55:30.343+0000] {logging_mixin.py:190} INFO - [2026-08-12T04:55:30.342+0000] {dagbag.py:587} INFO - Filling up the DagBag from /home/airflow/.local/lib/python3.12/site-packages/airflow/example_dags/example_dataset_alias.py
[2026-08-12T04:55:30.659+0000] {processor.py:925} INFO - DAG(s) 'dataset_alias_example_alias_consumer', 'dataset_s3_bucket_consumer', 'dataset_alias_example_alias_producer', 'dataset_s3_bucket_producer' retrieved from /home/airflow/.local/lib/python3.12/site-packages/airflow/example_dags/example_dataset_alias.py
[2026-08-12T04:55:30.678+0000] {logging_mixin.py:190} INFO - [2026-08-12T04:55:30.678+0000] {dag.py:3211} INFO - Sync 4 DAGs
[2026-08-12T04:55:30.694+0000] {logging_mixin.py:190} INFO - [2026-08-12T04:55:30.694+0000] {dag.py:4138} INFO - Setting next_dagrun for dataset_alias_example_alias_consumer to None, run_after=None
[2026-08-12T04:55:30.697+0000] {logging_mixin.py:190} INFO - [2026-08-12T04:55:30.697+0000] {dag.py:4138} INFO - Setting next_dagrun for dataset_alias_example_alias_producer to None, run_after=None
[2026-08-12T04:55:30.700+0000] {logging_mixin.py:190} INFO - [2026-08-12T04:55:30.699+0000] {dag.py:4138} INFO - Setting next_dagrun for dataset_s3_bucket_consumer to None, run_after=None
[2026-08-12T04:55:30.702+0000] {logging_mixin.py:190} INFO - [2026-08-12T04:55:30.702+0000] {dag.py:4138} INFO - Setting next_dagrun for dataset_s3_bucket_producer to None, run_after=None
[2026-08-12T04:55:30.734+0000] {processor.py:208} INFO - Processing /home/airflow/.local/lib/python3.12/site-packages/airflow/example_dags/example_dataset_alias.py took 0.404 seconds
[2026-08-12T04:56:01.006+0000] {processor.py:186} INFO - Started process (PID=2912) to work on /home/airflow/.local/lib/python3.12/site-packages/airflow/example_dags/example_dataset_alias.py
[2026-08-12T04:56:01.007+0000] {processor.py:914} INFO - Processing file /home/airflow/.local/lib/python3.12/site-packages/airflow/example_dags/example_dataset_alias.py for tasks to queue
[2026-08-12T04:56:01.010+0000] {logging_mixin.py:190} INFO - [2026-08-12T04:56:01.010+0000] {dagbag.py:587} INFO - Filling up the DagBag from /home/airflow/.local/lib/python3.12/site-packages/airflow/example_dags/example_dataset_alias.py
[2026-08-12T04:56:01.314+0000] {processor.py:925} INFO - DAG(s) 'dataset_s3_bucket_consumer', 'dataset_s3_bucket_producer', 'dataset_alias_example_alias_producer', 'dataset_alias_example_alias_consumer' retrieved from /home/airflow/.local/lib/python3.12/site-packages/airflow/example_dags/example_dataset_alias.py
[2026-08-12T04:56:01.332+0000] {logging_mixin.py:190} INFO - [2026-08-12T04:56:01.332+0000] {dag.py:3211} INFO - Sync 4 DAGs
[2026-08-12T04:56:01.351+0000] {logging_mixin.py:190} INFO - [2026-08-12T04:56:01.351+0000] {dag.py:4138} INFO - Setting next_dagrun for dataset_alias_example_alias_consumer to None, run_after=None
[2026-08-12T04:56:01.355+0000] {logging_mixin.py:190} INFO - [2026-08-12T04:56:01.355+0000] {dag.py:4138} INFO - Setting next_dagrun for dataset_alias_example_alias_producer to None, run_after=None
[2026-08-12T04:56:01.358+0000] {logging_mixin.py:190} INFO - [2026-08-12T04:56:01.357+0000] {dag.py:4138} INFO - Setting next_dagrun for dataset_s3_bucket_consumer to None, run_after=None
[2026-08-12T04:56:01.360+0000] {logging_mixin.py:190} INFO - [2026-08-12T04:56:01.359+0000] {dag.py:4138} INFO - Setting next_dagrun for dataset_s3_bucket_producer to None, run_after=None
[2026-08-12T04:56:01.388+0000] {processor.py:208} INFO - Processing /home/airflow/.local/lib/python3.12/site-packages/airflow/example_dags/example_dataset_alias.py took 0.400 seconds
[2026-08-12T04:56:31.501+0000] {processor.py:186} INFO - Started process (PID=2973) to work on /home/airflow/.local/lib/python3.12/site-packages/airflow/example_dags/example_dataset_alias.py
[2026-08-12T04:56:31.503+0000] {processor.py:914} INFO - Processing file /home/airflow/.local/lib/python3.12/site-packages/airflow/example_dags/example_dataset_alias.py for tasks to queue
[2026-08-12T04:56:31.506+0000] {logging_mixin.py:190} INFO - [2026-08-12T04:56:31.506+0000] {dagbag.py:587} INFO - Filling up the DagBag from /home/airflow/.local/lib/python3.12/site-packages/airflow/example_dags/example_dataset_alias.py
[2026-08-12T04:56:31.931+0000] {processor.py:925} INFO - DAG(s) 'dataset_s3_bucket_consumer', 'dataset_alias_example_alias_consumer', 'dataset_s3_bucket_producer', 'dataset_alias_example_alias_producer' retrieved from /home/airflow/.local/lib/python3.12/site-packages/airflow/example_dags/example_dataset_alias.py
[2026-08-12T04:56:31.952+0000] {logging_mixin.py:190} INFO - [2026-08-12T04:56:31.951+0000] {dag.py:3211} INFO - Sync 4 DAGs
[2026-08-12T04:56:31.983+0000] {logging_mixin.py:190} INFO - [2026-08-12T04:56:31.983+0000] {dag.py:4138} INFO - Setting next_dagrun for dataset_alias_example_alias_consumer to None, run_after=None
[2026-08-12T04:56:31.991+0000] {logging_mixin.py:190} INFO - [2026-08-12T04:56:31.991+0000] {dag.py:4138} INFO - Setting next_dagrun for dataset_alias_example_alias_producer to None, run_after=None
[2026-08-12T04:56:31.993+0000] {logging_mixin.py:190} INFO - [2026-08-12T04:56:31.993+0000] {dag.py:4138} INFO - Setting next_dagrun for dataset_s3_bucket_consumer to None, run_after=None
[2026-08-12T04:56:31.996+0000] {logging_mixin.py:190} INFO - [2026-08-12T04:56:31.995+0000] {dag.py:4138} INFO - Setting next_dagrun for dataset_s3_bucket_producer to None, run_after=None
[2026-08-12T04:56:32.043+0000] {processor.py:208} INFO - Processing /home/airflow/.local/lib/python3.12/site-packages/airflow/example_dags/example_dataset_alias.py took 0.548 seconds
[2026-08-12T04:57:02.395+0000] {processor.py:186} INFO - Started process (PID=3037) to work on /home/airflow/.local/lib/python3.12/site-packages/airflow/example_dags/example_dataset_alias.py
[2026-08-12T04:57:02.397+0000] {processor.py:914} INFO - Processing file /home/airflow/.local/lib/python3.12/site-packages/airflow/example_dags/example_dataset_alias.py for tasks to queue
[2026-08-12T04:57:02.400+0000] {logging_mixin.py:190} INFO - [2026-08-12T04:57:02.400+0000] {dagbag.py:587} INFO - Filling up the DagBag from /home/airflow/.local/lib/python3.12/site-packages/airflow/example_dags/example_dataset_alias.py
[2026-08-12T04:57:02.729+0000] {processor.py:925} INFO - DAG(s) 'dataset_s3_bucket_consumer', 'dataset_alias_example_alias_consumer', 'dataset_alias_example_alias_producer', 'dataset_s3_bucket_producer' retrieved from /home/airflow/.local/lib/python3.12/site-packages/airflow/example_dags/example_dataset_alias.py
[2026-08-12T04:57:02.750+0000] {logging_mixin.py:190} INFO - [2026-08-12T04:57:02.749+0000] {dag.py:3211} INFO - Sync 4 DAGs
[2026-08-12T04:57:02.784+0000] {logging_mixin.py:190} INFO - [2026-08-12T04:57:02.783+0000] {dag.py:4138} INFO - Setting next_dagrun for dataset_alias_example_alias_consumer to None, run_after=None
[2026-08-12T04:57:02.787+0000] {logging_mixin.py:190} INFO - [2026-08-12T04:57:02.787+0000] {dag.py:4138} INFO - Setting next_dagrun for dataset_alias_example_alias_producer to None, run_after=None
[2026-08-12T04:57:02.789+0000] {logging_mixin.py:190} INFO - [2026-08-12T04:57:02.789+0000] {dag.py:4138} INFO - Setting next_dagrun for dataset_s3_bucket_consumer to None, run_after=None
[2026-08-12T04:57:02.791+0000] {logging_mixin.py:190} INFO - [2026-08-12T04:57:02.791+0000] {dag.py:4138} INFO - Setting next_dagrun for dataset_s3_bucket_producer to None, run_after=None
[2026-08-12T04:57:02.825+0000] {processor.py:208} INFO - Processing /home/airflow/.local/lib/python3.12/site-packages/airflow/example_dags/example_dataset_alias.py took 0.435 seconds
[2026-08-12T04:57:33.434+0000] {processor.py:186} INFO - Started process (PID=3102) to work on /home/airflow/.local/lib/python3.12/site-packages/airflow/example_dags/example_dataset_alias.py
[2026-08-12T04:57:33.435+0000] {processor.py:914} INFO - Processing file /home/airflow/.local/lib/python3.12/site-packages/airflow/example_dags/example_dataset_alias.py for tasks to queue
[2026-08-12T04:57:33.438+0000] {logging_mixin.py:190} INFO - [2026-08-12T04:57:33.438+0000] {dagbag.py:587} INFO - Filling up the DagBag from /home/airflow/.local/lib/python3.12/site-packages/airflow/example_dags/example_dataset_alias.py
[2026-08-12T04:57:33.772+0000] {processor.py:925} INFO - DAG(s) 'dataset_s3_bucket_consumer', 'dataset_alias_example_alias_producer', 'dataset_alias_example_alias_consumer', 'dataset_s3_bucket_producer' retrieved from /home/airflow/.local/lib/python3.12/site-packages/airflow/example_dags/example_dataset_alias.py
[2026-08-12T04:57:33.794+0000] {logging_mixin.py:190} INFO - [2026-08-12T04:57:33.793+0000] {dag.py:3211} INFO - Sync 4 DAGs
[2026-08-12T04:57:33.818+0000] {logging_mixin.py:190} INFO - [2026-08-12T04:57:33.818+0000] {dag.py:4138} INFO - Setting next_dagrun for dataset_alias_example_alias_consumer to None, run_after=None
[2026-08-12T04:57:33.824+0000] {logging_mixin.py:190} INFO - [2026-08-12T04:57:33.824+0000] {dag.py:4138} INFO - Setting next_dagrun for dataset_alias_example_alias_producer to None, run_after=None
[2026-08-12T04:57:33.827+0000] {logging_mixin.py:190} INFO - [2026-08-12T04:57:33.827+0000] {dag.py:4138} INFO - Setting next_dagrun for dataset_s3_bucket_consumer to None, run_after=None
[2026-08-12T04:57:33.830+0000] {logging_mixin.py:190} INFO - [2026-08-12T04:57:33.829+0000] {dag.py:4138} INFO - Setting next_dagrun for dataset_s3_bucket_producer to None, run_after=None
[2026-08-12T04:57:33.851+0000] {processor.py:208} INFO - Processing /home/airflow/.local/lib/python3.12/site-packages/airflow/example_dags/example_dataset_alias.py took 0.423 seconds
[2026-08-12T04:58:04.610+0000] {processor.py:186} INFO - Started process (PID=3168) to work on /home/airflow/.local/lib/python3.12/site-packages/airflow/example_dags/example_dataset_alias.py
[2026-08-12T04:58:04.612+0000] {processor.py:914} INFO - Processing file /home/airflow/.local/lib/python3.12/site-packages/airflow/example_dags/example_dataset_alias.py for tasks to queue
[2026-08-12T04:58:04.616+0000] {logging_mixin.py:190} INFO - [2026-08-12T04:58:04.615+0000] {dagbag.py:587} INFO - Filling up the DagBag from /home/airflow/.local/lib/python3.12/site-packages/airflow/example_dags/example_dataset_alias.py
[2026-08-12T04:58:04.888+0000] {processor.py:925} INFO - DAG(s) 'dataset_alias_example_alias_consumer', 'dataset_s3_bucket_producer', 'dataset_s3_bucket_consumer', 'dataset_alias_example_alias_producer' retrieved from /home/airflow/.local/lib/python3.12/site-packages/airflow/example_dags/example_dataset_alias.py
[2026-08-12T04:58:04.905+0000] {logging_mixin.py:190} INFO - [2026-08-12T04:58:04.905+0000] {dag.py:3211} INFO - Sync 4 DAGs
[2026-08-12T04:58:04.922+0000] {logging_mixin.py:190} INFO - [2026-08-12T04:58:04.922+0000] {dag.py:4138} INFO - Setting next_dagrun for dataset_alias_example_alias_consumer to None, run_after=None
[2026-08-12T04:58:04.925+0000] {logging_mixin.py:190} INFO - [2026-08-12T04:58:04.925+0000] {dag.py:4138} INFO - Setting next_dagrun for dataset_alias_example_alias_producer to None, run_after=None
[2026-08-12T04:58:04.927+0000] {logging_mixin.py:190} INFO - [2026-08-12T04:58:04.927+0000] {dag.py:4138} INFO - Setting next_dagrun for dataset_s3_bucket_consumer to None, run_after=None
[2026-08-12T04:58:04.929+0000] {logging_mixin.py:190} INFO - [2026-08-12T04:58:04.929+0000] {dag.py:4138} INFO - Setting next_dagrun for dataset_s3_bucket_producer to None, run_after=None
[2026-08-12T04:58:04.950+0000] {processor.py:208} INFO - Processing /home/airflow/.local/lib/python3.12/site-packages/airflow/example_dags/example_dataset_alias.py took 0.346 seconds
[2026-08-12T04:58:35.378+0000] {processor.py:186} INFO - Started process (PID=3231) to work on /home/airflow/.local/lib/python3.12/site-packages/airflow/example_dags/example_dataset_alias.py
[2026-08-12T04:58:35.379+0000] {processor.py:914} INFO - Processing file /home/airflow/.local/lib/python3.12/site-packages/airflow/example_dags/example_dataset_alias.py for tasks to queue
[2026-08-12T04:58:35.382+0000] {logging_mixin.py:190} INFO - [2026-08-12T04:58:35.382+0000] {dagbag.py:587} INFO - Filling up the DagBag from /home/airflow/.local/lib/python3.12/site-packages/airflow/example_dags/example_dataset_alias.py
[2026-08-12T04:58:35.692+0000] {processor.py:925} INFO - DAG(s) 'dataset_s3_bucket_consumer', 'dataset_alias_example_alias_producer', 'dataset_alias_example_alias_consumer', 'dataset_s3_bucket_producer' retrieved from /home/airflow/.local/lib/python3.12/site-packages/airflow/example_dags/example_dataset_alias.py
[2026-08-12T04:58:35.709+0000] {logging_mixin.py:190} INFO - [2026-08-12T04:58:35.709+0000] {dag.py:3211} INFO - Sync 4 DAGs
[2026-08-12T04:58:35.726+0000] {logging_mixin.py:190} INFO - [2026-08-12T04:58:35.726+0000] {dag.py:4138} INFO - Setting next_dagrun for dataset_alias_example_alias_consumer to None, run_after=None
[2026-08-12T04:58:35.729+0000] {logging_mixin.py:190} INFO - [2026-08-12T04:58:35.729+0000] {dag.py:4138} INFO - Setting next_dagrun for dataset_alias_example_alias_producer to None, run_after=None
[2026-08-12T04:58:35.732+0000] {logging_mixin.py:190} INFO - [2026-08-12T04:58:35.732+0000] {dag.py:4138} INFO - Setting next_dagrun for dataset_s3_bucket_consumer to None, run_after=None
[2026-08-12T04:58:35.734+0000] {logging_mixin.py:190} INFO - [2026-08-12T04:58:35.733+0000] {dag.py:4138} INFO - Setting next_dagrun for dataset_s3_bucket_producer to None, run_after=None
[2026-08-12T04:58:35.768+0000] {processor.py:208} INFO - Processing /home/airflow/.local/lib/python3.12/site-packages/airflow/example_dags/example_dataset_alias.py took 0.395 seconds
[2026-08-12T04:59:06.465+0000] {processor.py:186} INFO - Started process (PID=3294) to work on /home/airflow/.local/lib/python3.12/site-packages/airflow/example_dags/example_dataset_alias.py
[2026-08-12T04:59:06.466+0000] {processor.py:914} INFO - Processing file /home/airflow/.local/lib/python3.12/site-packages/airflow/example_dags/example_dataset_alias.py for tasks to queue
[2026-08-12T04:59:06.469+0000] {logging_mixin.py:190} INFO - [2026-08-12T04:59:06.468+0000] {dagbag.py:587} INFO - Filling up the DagBag from /home/airflow/.local/lib/python3.12/site-packages/airflow/example_dags/example_dataset_alias.py
[2026-08-12T04:59:06.774+0000] {processor.py:925} INFO - DAG(s) 'dataset_alias_example_alias_consumer', 'dataset_s3_bucket_consumer', 'dataset_alias_example_alias_producer', 'dataset_s3_bucket_producer' retrieved from /home/airflow/.local/lib/python3.12/site-packages/airflow/example_dags/example_dataset_alias.py
[2026-08-12T04:59:06.792+0000] {logging_mixin.py:190} INFO - [2026-08-12T04:59:06.792+0000] {dag.py:3211} INFO - Sync 4 DAGs
[2026-08-12T04:59:06.809+0000] {logging_mixin.py:190} INFO - [2026-08-12T04:59:06.809+0000] {dag.py:4138} INFO - Setting next_dagrun for dataset_alias_example_alias_consumer to None, run_after=None
[2026-08-12T04:59:06.812+0000] {logging_mixin.py:190} INFO - [2026-08-12T04:59:06.812+0000] {dag.py:4138} INFO - Setting next_dagrun for dataset_alias_example_alias_producer to None, run_after=None
[2026-08-12T04:59:06.815+0000] {logging_mixin.py:190} INFO - [2026-08-12T04:59:06.815+0000] {dag.py:4138} INFO - Setting next_dagrun for dataset_s3_bucket_consumer to None, run_after=None
[2026-08-12T04:59:06.817+0000] {logging_mixin.py:190} INFO - [2026-08-12T04:59:06.816+0000] {dag.py:4138} INFO - Setting next_dagrun for dataset_s3_bucket_producer to None, run_after=None
[2026-08-12T04:59:06.850+0000] {processor.py:208} INFO - Processing /home/airflow/.local/lib/python3.12/site-packages/airflow/example_dags/example_dataset_alias.py took 0.391 seconds
[2026-08-12T04:59:36.912+0000] {processor.py:186} INFO - Started process (PID=3358) to work on /home/airflow/.local/lib/python3.12/site-packages/airflow/example_dags/example_dataset_alias.py
[2026-08-12T04:59:36.914+0000] {processor.py:914} INFO - Processing file /home/airflow/.local/lib/python3.12/site-packages/airflow/example_dags/example_dataset_alias.py for tasks to queue
[2026-08-12T04:59:36.918+0000] {logging_mixin.py:190} INFO - [2026-08-12T04:59:36.917+0000] {dagbag.py:587} INFO - Filling up the DagBag from /home/airflow/.local/lib/python3.12/site-packages/airflow/example_dags/example_dataset_alias.py
[2026-08-12T04:59:37.187+0000] {processor.py:925} INFO - DAG(s) 'dataset_alias_example_alias_consumer', 'dataset_s3_bucket_consumer', 'dataset_alias_example_alias_producer', 'dataset_s3_bucket_producer' retrieved from /home/airflow/.local/lib/python3.12/site-packages/airflow/example_dags/example_dataset_alias.py
[2026-08-12T04:59:37.205+0000] {logging_mixin.py:190} INFO - [2026-08-12T04:59:37.205+0000] {dag.py:3211} INFO - Sync 4 DAGs
[2026-08-12T04:59:37.222+0000] {logging_mixin.py:190} INFO - [2026-08-12T04:59:37.222+0000] {dag.py:4138} INFO - Setting next_dagrun for dataset_alias_example_alias_consumer to None, run_after=None
[2026-08-12T04:59:37.226+0000] {logging_mixin.py:190} INFO - [2026-08-12T04:59:37.226+0000] {dag.py:4138} INFO - Setting next_dagrun for dataset_alias_example_alias_producer to None, run_after=None
[2026-08-12T04:59:37.228+0000] {logging_mixin.py:190} INFO - [2026-08-12T04:59:37.228+0000] {dag.py:4138} INFO - Setting next_dagrun for dataset_s3_bucket_consumer to None, run_after=None
[2026-08-12T04:59:37.230+0000] {logging_mixin.py:190} INFO - [2026-08-12T04:59:37.230+0000] {dag.py:4138} INFO - Setting next_dagrun for dataset_s3_bucket_producer to None, run_after=None
[2026-08-12T04:59:37.262+0000] {processor.py:208} INFO - Processing /home/airflow/.local/lib/python3.12/site-packages/airflow/example_dags/example_dataset_alias.py took 0.355 seconds
[2026-08-12T05:00:07.785+0000] {processor.py:186} INFO - Started process (PID=3421) to work on /home/airflow/.local/lib/python3.12/site-packages/airflow/example_dags/example_dataset_alias.py
[2026-08-12T05:00:07.786+0000] {processor.py:914} INFO - Processing file /home/airflow/.local/lib/python3.12/site-packages/airflow/example_dags/example_dataset_alias.py for tasks to queue
[2026-08-12T05:00:07.789+0000] {logging_mixin.py:190} INFO - [2026-08-12T05:00:07.789+0000] {dagbag.py:587} INFO - Filling up the DagBag from /home/airflow/.local/lib/python3.12/site-packages/airflow/example_dags/example_dataset_alias.py
[2026-08-12T05:00:08.077+0000] {processor.py:925} INFO - DAG(s) 'dataset_alias_example_alias_producer', 'dataset_s3_bucket_producer', 'dataset_s3_bucket_consumer', 'dataset_alias_example_alias_consumer' retrieved from /home/airflow/.local/lib/python3.12/site-packages/airflow/example_dags/example_dataset_alias.py
[2026-08-12T05:00:08.105+0000] {logging_mixin.py:190} INFO - [2026-08-12T05:00:08.104+0000] {dag.py:3211} INFO - Sync 4 DAGs
[2026-08-12T05:00:08.125+0000] {logging_mixin.py:190} INFO - [2026-08-12T05:00:08.125+0000] {dag.py:4138} INFO - Setting next_dagrun for dataset_alias_example_alias_consumer to None, run_after=None
[2026-08-12T05:00:08.128+0000] {logging_mixin.py:190} INFO - [2026-08-12T05:00:08.128+0000] {dag.py:4138} INFO - Setting next_dagrun for dataset_alias_example_alias_producer to None, run_after=None
[2026-08-12T05:00:08.130+0000] {logging_mixin.py:190} INFO - [2026-08-12T05:00:08.130+0000] {dag.py:4138} INFO - Setting next_dagrun for dataset_s3_bucket_consumer to None, run_after=None
[2026-08-12T05:00:08.132+0000] {logging_mixin.py:190} INFO - [2026-08-12T05:00:08.132+0000] {dag.py:4138} INFO - Setting next_dagrun for dataset_s3_bucket_producer to None, run_after=None
[2026-08-12T05:00:08.172+0000] {processor.py:208} INFO - Processing /home/airflow/.local/lib/python3.12/site-packages/airflow/example_dags/example_dataset_alias.py took 0.393 seconds
[2026-08-12T05:00:38.925+0000] {processor.py:186} INFO - Started process (PID=3484) to work on /home/airflow/.local/lib/python3.12/site-packages/airflow/example_dags/example_dataset_alias.py
[2026-08-12T05:00:38.927+0000] {processor.py:914} INFO - Processing file /home/airflow/.local/lib/python3.12/site-packages/airflow/example_dags/example_dataset_alias.py for tasks to queue
[2026-08-12T05:00:38.930+0000] {logging_mixin.py:190} INFO - [2026-08-12T05:00:38.930+0000] {dagbag.py:587} INFO - Filling up the DagBag from /home/airflow/.local/lib/python3.12/site-packages/airflow/example_dags/example_dataset_alias.py
[2026-08-12T05:00:39.224+0000] {processor.py:925} INFO - DAG(s) 'dataset_s3_bucket_producer', 'dataset_alias_example_alias_consumer', 'dataset_alias_example_alias_producer', 'dataset_s3_bucket_consumer' retrieved from /home/airflow/.local/lib/python3.12/site-packages/airflow/example_dags/example_dataset_alias.py
[2026-08-12T05:00:39.243+0000] {logging_mixin.py:190} INFO - [2026-08-12T05:00:39.243+0000] {dag.py:3211} INFO - Sync 4 DAGs
[2026-08-12T05:00:39.264+0000] {logging_mixin.py:190} INFO - [2026-08-12T05:00:39.264+0000] {dag.py:4138} INFO - Setting next_dagrun for dataset_alias_example_alias_consumer to None, run_after=None
[2026-08-12T05:00:39.268+0000] {logging_mixin.py:190} INFO - [2026-08-12T05:00:39.268+0000] {dag.py:4138} INFO - Setting next_dagrun for dataset_alias_example_alias_producer to None, run_after=None
[2026-08-12T05:00:39.271+0000] {logging_mixin.py:190} INFO - [2026-08-12T05:00:39.270+0000] {dag.py:4138} INFO - Setting next_dagrun for dataset_s3_bucket_consumer to None, run_after=None
[2026-08-12T05:00:39.273+0000] {logging_mixin.py:190} INFO - [2026-08-12T05:00:39.273+0000] {dag.py:4138} INFO - Setting next_dagrun for dataset_s3_bucket_producer to None, run_after=None
[2026-08-12T05:00:39.308+0000] {processor.py:208} INFO - Processing /home/airflow/.local/lib/python3.12/site-packages/airflow/example_dags/example_dataset_alias.py took 0.389 seconds
[2026-08-12T05:01:09.878+0000] {processor.py:186} INFO - Started process (PID=3547) to work on /home/airflow/.local/lib/python3.12/site-packages/airflow/example_dags/example_dataset_alias.py
[2026-08-12T05:01:09.880+0000] {processor.py:914} INFO - Processing file /home/airflow/.local/lib/python3.12/site-packages/airflow/example_dags/example_dataset_alias.py for tasks to queue
[2026-08-12T05:01:09.883+0000] {logging_mixin.py:190} INFO - [2026-08-12T05:01:09.883+0000] {dagbag.py:587} INFO - Filling up the DagBag from /home/airflow/.local/lib/python3.12/site-packages/airflow/example_dags/example_dataset_alias.py
[2026-08-12T05:01:10.035+0000] {processor.py:925} INFO - DAG(s) 'dataset_s3_bucket_consumer', 'dataset_alias_example_alias_consumer', 'dataset_s3_bucket_producer', 'dataset_alias_example_alias_producer' retrieved from /home/airflow/.local/lib/python3.12/site-packages/airflow/example_dags/example_dataset_alias.py
[2026-08-12T05:01:10.059+0000] {logging_mixin.py:190} INFO - [2026-08-12T05:01:10.059+0000] {dag.py:3211} INFO - Sync 4 DAGs
[2026-08-12T05:01:10.082+0000] {logging_mixin.py:190} INFO - [2026-08-12T05:01:10.081+0000] {dag.py:4138} INFO - Setting next_dagrun for dataset_alias_example_alias_consumer to None, run_after=None
[2026-08-12T05:01:10.085+0000] {logging_mixin.py:190} INFO - [2026-08-12T05:01:10.085+0000] {dag.py:4138} INFO - Setting next_dagrun for dataset_alias_example_alias_producer to None, run_after=None
[2026-08-12T05:01:10.087+0000] {logging_mixin.py:190} INFO - [2026-08-12T05:01:10.087+0000] {dag.py:4138} INFO - Setting next_dagrun for dataset_s3_bucket_consumer to None, run_after=None
[2026-08-12T05:01:10.090+0000] {logging_mixin.py:190} INFO - [2026-08-12T05:01:10.090+0000] {dag.py:4138} INFO - Setting next_dagrun for dataset_s3_bucket_producer to None, run_after=None
[2026-08-12T05:01:10.129+0000] {processor.py:208} INFO - Processing /home/airflow/.local/lib/python3.12/site-packages/airflow/example_dags/example_dataset_alias.py took 0.260 seconds
[2026-08-12T05:01:40.227+0000] {processor.py:186} INFO - Started process (PID=3610) to work on /home/airflow/.local/lib/python3.12/site-packages/airflow/example_dags/example_dataset_alias.py
[2026-08-12T05:01:40.229+0000] {processor.py:914} INFO - Processing file /home/airflow/.local/lib/python3.12/site-packages/airflow/example_dags/example_dataset_alias.py for tasks to queue
[2026-08-12T05:01:40.232+0000] {logging_mixin.py:190} INFO - [2026-08-12T05:01:40.232+0000] {dagbag.py:587} INFO - Filling up the DagBag from /home/airflow/.local/lib/python3.12/site-packages/airflow/example_dags/example_dataset_alias.py
[2026-08-12T05:01:40.398+0000] {processor.py:925} INFO - DAG(s) 'dataset_s3_bucket_consumer', 'dataset_alias_example_alias_producer', 'dataset_s3_bucket_producer', 'dataset_alias_example_alias_consumer' retrieved from /home/airflow/.local/lib/python3.12/site-packages/airflow/example_dags/example_dataset_alias.py
[2026-08-12T05:01:40.421+0000] {logging_mixin.py:190} INFO - [2026-08-12T05:01:40.421+0000] {dag.py:3211} INFO - Sync 4 DAGs
[2026-08-12T05:01:40.458+0000] {logging_mixin.py:190} INFO - [2026-08-12T05:01:40.458+0000] {dag.py:4138} INFO - Setting next_dagrun for dataset_alias_example_alias_consumer to None, run_after=None
[2026-08-12T05:01:40.462+0000] {logging_mixin.py:190} INFO - [2026-08-12T05:01:40.462+0000] {dag.py:4138} INFO - Setting next_dagrun for dataset_alias_example_alias_producer to None, run_after=None
[2026-08-12T05:01:40.464+0000] {logging_mixin.py:190} INFO - [2026-08-12T05:01:40.464+0000] {dag.py:4138} INFO - Setting next_dagrun for dataset_s3_bucket_consumer to None, run_after=None
[2026-08-12T05:01:40.467+0000] {logging_mixin.py:190} INFO - [2026-08-12T05:01:40.467+0000] {dag.py:4138} INFO - Setting next_dagrun for dataset_s3_bucket_producer to None, run_after=None
[2026-08-12T05:01:40.508+0000] {processor.py:208} INFO - Processing /home/airflow/.local/lib/python3.12/site-packages/airflow/example_dags/example_dataset_alias.py took 0.290 seconds
[2026-08-12T05:02:11.069+0000] {processor.py:186} INFO - Started process (PID=3668) to work on /home/airflow/.local/lib/python3.12/site-packages/airflow/example_dags/example_dataset_alias.py
[2026-08-12T05:02:11.070+0000] {processor.py:914} INFO - Processing file /home/airflow/.local/lib/python3.12/site-packages/airflow/example_dags/example_dataset_alias.py for tasks to queue
[2026-08-12T05:02:11.073+0000] {logging_mixin.py:190} INFO - [2026-08-12T05:02:11.073+0000] {dagbag.py:587} INFO - Filling up the DagBag from /home/airflow/.local/lib/python3.12/site-packages/airflow/example_dags/example_dataset_alias.py
[2026-08-12T05:02:11.215+0000] {processor.py:925} INFO - DAG(s) 'dataset_alias_example_alias_consumer', 'dataset_alias_example_alias_producer', 'dataset_s3_bucket_consumer', 'dataset_s3_bucket_producer' retrieved from /home/airflow/.local/lib/python3.12/site-packages/airflow/example_dags/example_dataset_alias.py
[2026-08-12T05:02:11.236+0000] {logging_mixin.py:190} INFO - [2026-08-12T05:02:11.236+0000] {dag.py:3211} INFO - Sync 4 DAGs
[2026-08-12T05:02:11.259+0000] {logging_mixin.py:190} INFO - [2026-08-12T05:02:11.258+0000] {dag.py:4138} INFO - Setting next_dagrun for dataset_alias_example_alias_consumer to None, run_after=None
[2026-08-12T05:02:11.262+0000] {logging_mixin.py:190} INFO - [2026-08-12T05:02:11.262+0000] {dag.py:4138} INFO - Setting next_dagrun for dataset_alias_example_alias_producer to None, run_after=None
[2026-08-12T05:02:11.264+0000] {logging_mixin.py:190} INFO - [2026-08-12T05:02:11.264+0000] {dag.py:4138} INFO - Setting next_dagrun for dataset_s3_bucket_consumer to None, run_after=None
[2026-08-12T05:02:11.266+0000] {logging_mixin.py:190} INFO - [2026-08-12T05:02:11.266+0000] {dag.py:4138} INFO - Setting next_dagrun for dataset_s3_bucket_producer to None, run_after=None
[2026-08-12T05:02:11.294+0000] {processor.py:208} INFO - Processing /home/airflow/.local/lib/python3.12/site-packages/airflow/example_dags/example_dataset_alias.py took 0.232 seconds
[2026-08-12T05:02:41.526+0000] {processor.py:186} INFO - Started process (PID=3731) to work on /home/airflow/.local/lib/python3.12/site-packages/airflow/example_dags/example_dataset_alias.py
[2026-08-12T05:02:41.528+0000] {processor.py:914} INFO - Processing file /home/airflow/.local/lib/python3.12/site-packages/airflow/example_dags/example_dataset_alias.py for tasks to queue
[2026-08-12T05:02:41.531+0000] {logging_mixin.py:190} INFO - [2026-08-12T05:02:41.530+0000] {dagbag.py:587} INFO - Filling up the DagBag from /home/airflow/.local/lib/python3.12/site-packages/airflow/example_dags/example_dataset_alias.py
[2026-08-12T05:02:41.677+0000] {processor.py:925} INFO - DAG(s) 'dataset_s3_bucket_producer', 'dataset_alias_example_alias_producer', 'dataset_alias_example_alias_consumer', 'dataset_s3_bucket_consumer' retrieved from /home/airflow/.local/lib/python3.12/site-packages/airflow/example_dags/example_dataset_alias.py
[2026-08-12T05:02:41.698+0000] {logging_mixin.py:190} INFO - [2026-08-12T05:02:41.698+0000] {dag.py:3211} INFO - Sync 4 DAGs
[2026-08-12T05:02:41.735+0000] {logging_mixin.py:190} INFO - [2026-08-12T05:02:41.735+0000] {dag.py:4138} INFO - Setting next_dagrun for dataset_alias_example_alias_consumer to None, run_after=None
[2026-08-12T05:02:41.739+0000] {logging_mixin.py:190} INFO - [2026-08-12T05:02:41.739+0000] {dag.py:4138} INFO - Setting next_dagrun for dataset_alias_example_alias_producer to None, run_after=None
[2026-08-12T05:02:41.741+0000] {logging_mixin.py:190} INFO - [2026-08-12T05:02:41.741+0000] {dag.py:4138} INFO - Setting next_dagrun for dataset_s3_bucket_consumer to None, run_after=None
[2026-08-12T05:02:41.744+0000] {logging_mixin.py:190} INFO - [2026-08-12T05:02:41.743+0000] {dag.py:4138} INFO - Setting next_dagrun for dataset_s3_bucket_producer to None, run_after=None
[2026-08-12T05:02:41.784+0000] {processor.py:208} INFO - Processing /home/airflow/.local/lib/python3.12/site-packages/airflow/example_dags/example_dataset_alias.py took 0.264 seconds
[2026-08-12T05:03:11.926+0000] {processor.py:186} INFO - Started process (PID=3794) to work on /home/airflow/.local/lib/python3.12/site-packages/airflow/example_dags/example_dataset_alias.py
[2026-08-12T05:03:11.927+0000] {processor.py:914} INFO - Processing file /home/airflow/.local/lib/python3.12/site-packages/airflow/example_dags/example_dataset_alias.py for tasks to queue
[2026-08-12T05:03:11.930+0000] {logging_mixin.py:190} INFO - [2026-08-12T05:03:11.930+0000] {dagbag.py:587} INFO - Filling up the DagBag from /home/airflow/.local/lib/python3.12/site-packages/airflow/example_dags/example_dataset_alias.py
[2026-08-12T05:03:12.069+0000] {processor.py:925} INFO - DAG(s) 'dataset_alias_example_alias_consumer', 'dataset_s3_bucket_consumer', 'dataset_s3_bucket_producer', 'dataset_alias_example_alias_producer' retrieved from /home/airflow/.local/lib/python3.12/site-packages/airflow/example_dags/example_dataset_alias.py
[2026-08-12T05:03:12.092+0000] {logging_mixin.py:190} INFO - [2026-08-12T05:03:12.092+0000] {dag.py:3211} INFO - Sync 4 DAGs
[2026-08-12T05:03:12.114+0000] {logging_mixin.py:190} INFO - [2026-08-12T05:03:12.114+0000] {dag.py:4138} INFO - Setting next_dagrun for dataset_alias_example_alias_consumer to None, run_after=None
[2026-08-12T05:03:12.117+0000] {logging_mixin.py:190} INFO - [2026-08-12T05:03:12.117+0000] {dag.py:4138} INFO - Setting next_dagrun for dataset_alias_example_alias_producer to None, run_after=None
[2026-08-12T05:03:12.132+0000] {logging_mixin.py:190} INFO - [2026-08-12T05:03:12.129+0000] {dag.py:4138} INFO - Setting next_dagrun for dataset_s3_bucket_consumer to None, run_after=None
[2026-08-12T05:03:12.135+0000] {logging_mixin.py:190} INFO - [2026-08-12T05:03:12.134+0000] {dag.py:4138} INFO - Setting next_dagrun for dataset_s3_bucket_producer to None, run_after=None
[2026-08-12T05:03:12.161+0000] {processor.py:208} INFO - Processing /home/airflow/.local/lib/python3.12/site-packages/airflow/example_dags/example_dataset_alias.py took 0.241 seconds
[2026-08-12T05:03:42.314+0000] {processor.py:186} INFO - Started process (PID=3857) to work on /home/airflow/.local/lib/python3.12/site-packages/airflow/example_dags/example_dataset_alias.py
[2026-08-12T05:03:42.316+0000] {processor.py:914} INFO - Processing file /home/airflow/.local/lib/python3.12/site-packages/airflow/example_dags/example_dataset_alias.py for tasks to queue
[2026-08-12T05:03:42.319+0000] {logging_mixin.py:190} INFO - [2026-08-12T05:03:42.319+0000] {dagbag.py:587} INFO - Filling up the DagBag from /home/airflow/.local/lib/python3.12/site-packages/airflow/example_dags/example_dataset_alias.py
[2026-08-12T05:03:42.479+0000] {processor.py:925} INFO - DAG(s) 'dataset_s3_bucket_producer', 'dataset_s3_bucket_consumer', 'dataset_alias_example_alias_producer', 'dataset_alias_example_alias_consumer' retrieved from /home/airflow/.local/lib/python3.12/site-packages/airflow/example_dags/example_dataset_alias.py
[2026-08-12T05:03:42.501+0000] {logging_mixin.py:190} INFO - [2026-08-12T05:03:42.501+0000] {dag.py:3211} INFO - Sync 4 DAGs
[2026-08-12T05:03:42.523+0000] {logging_mixin.py:190} INFO - [2026-08-12T05:03:42.523+0000] {dag.py:4138} INFO - Setting next_dagrun for dataset_alias_example_alias_consumer to None, run_after=None
[2026-08-12T05:03:42.526+0000] {logging_mixin.py:190} INFO - [2026-08-12T05:03:42.526+0000] {dag.py:4138} INFO - Setting next_dagrun for dataset_alias_example_alias_producer to None, run_after=None
[2026-08-12T05:03:42.528+0000] {logging_mixin.py:190} INFO - [2026-08-12T05:03:42.528+0000] {dag.py:4138} INFO - Setting next_dagrun for dataset_s3_bucket_consumer to None, run_after=None
[2026-08-12T05:03:42.531+0000] {logging_mixin.py:190} INFO - [2026-08-12T05:03:42.531+0000] {dag.py:4138} INFO - Setting next_dagrun for dataset_s3_bucket_producer to None, run_after=None
[2026-08-12T05:03:42.555+0000] {processor.py:208} INFO - Processing /home/airflow/.local/lib/python3.12/site-packages/airflow/example_dags/example_dataset_alias.py took 0.248 seconds
[2026-08-12T05:04:12.746+0000] {processor.py:186} INFO - Started process (PID=3920) to work on /home/airflow/.local/lib/python3.12/site-packages/airflow/example_dags/example_dataset_alias.py
[2026-08-12T05:04:12.748+0000] {processor.py:914} INFO - Processing file /home/airflow/.local/lib/python3.12/site-packages/airflow/example_dags/example_dataset_alias.py for tasks to queue
[2026-08-12T05:04:12.752+0000] {logging_mixin.py:190} INFO - [2026-08-12T05:04:12.751+0000] {dagbag.py:587} INFO - Filling up the DagBag from /home/airflow/.local/lib/python3.12/site-packages/airflow/example_dags/example_dataset_alias.py
[2026-08-12T05:04:12.894+0000] {processor.py:925} INFO - DAG(s) 'dataset_s3_bucket_consumer', 'dataset_alias_example_alias_consumer', 'dataset_alias_example_alias_producer', 'dataset_s3_bucket_producer' retrieved from /home/airflow/.local/lib/python3.12/site-packages/airflow/example_dags/example_dataset_alias.py
[2026-08-12T05:04:12.918+0000] {logging_mixin.py:190} INFO - [2026-08-12T05:04:12.918+0000] {dag.py:3211} INFO - Sync 4 DAGs
[2026-08-12T05:04:12.940+0000] {logging_mixin.py:190} INFO - [2026-08-12T05:04:12.940+0000] {dag.py:4138} INFO - Setting next_dagrun for dataset_alias_example_alias_consumer to None, run_after=None
[2026-08-12T05:04:12.943+0000] {logging_mixin.py:190} INFO - [2026-08-12T05:04:12.943+0000] {dag.py:4138} INFO - Setting next_dagrun for dataset_alias_example_alias_producer to None, run_after=None
[2026-08-12T05:04:12.946+0000] {logging_mixin.py:190} INFO - [2026-08-12T05:04:12.946+0000] {dag.py:4138} INFO - Setting next_dagrun for dataset_s3_bucket_consumer to None, run_after=None
[2026-08-12T05:04:12.949+0000] {logging_mixin.py:190} INFO - [2026-08-12T05:04:12.948+0000] {dag.py:4138} INFO - Setting next_dagrun for dataset_s3_bucket_producer to None, run_after=None
[2026-08-12T05:04:12.972+0000] {processor.py:208} INFO - Processing /home/airflow/.local/lib/python3.12/site-packages/airflow/example_dags/example_dataset_alias.py took 0.232 seconds
[2026-08-12T05:04:43.097+0000] {processor.py:186} INFO - Started process (PID=3983) to work on /home/airflow/.local/lib/python3.12/site-packages/airflow/example_dags/example_dataset_alias.py
[2026-08-12T05:04:43.099+0000] {processor.py:914} INFO - Processing file /home/airflow/.local/lib/python3.12/site-packages/airflow/example_dags/example_dataset_alias.py for tasks to queue
[2026-08-12T05:04:43.103+0000] {logging_mixin.py:190} INFO - [2026-08-12T05:04:43.103+0000] {dagbag.py:587} INFO - Filling up the DagBag from /home/airflow/.local/lib/python3.12/site-packages/airflow/example_dags/example_dataset_alias.py
[2026-08-12T05:04:43.281+0000] {processor.py:925} INFO - DAG(s) 'dataset_alias_example_alias_producer', 'dataset_s3_bucket_producer', 'dataset_s3_bucket_consumer', 'dataset_alias_example_alias_consumer' retrieved from /home/airflow/.local/lib/python3.12/site-packages/airflow/example_dags/example_dataset_alias.py
[2026-08-12T05:04:43.306+0000] {logging_mixin.py:190} INFO - [2026-08-12T05:04:43.306+0000] {dag.py:3211} INFO - Sync 4 DAGs
[2026-08-12T05:04:43.330+0000] {logging_mixin.py:190} INFO - [2026-08-12T05:04:43.330+0000] {dag.py:4138} INFO - Setting next_dagrun for dataset_alias_example_alias_consumer to None, run_after=None
[2026-08-12T05:04:43.334+0000] {logging_mixin.py:190} INFO - [2026-08-12T05:04:43.334+0000] {dag.py:4138} INFO - Setting next_dagrun for dataset_alias_example_alias_producer to None, run_after=None
[2026-08-12T05:04:43.336+0000] {logging_mixin.py:190} INFO - [2026-08-12T05:04:43.336+0000] {dag.py:4138} INFO - Setting next_dagrun for dataset_s3_bucket_consumer to None, run_after=None
[2026-08-12T05:04:43.339+0000] {logging_mixin.py:190} INFO - [2026-08-12T05:04:43.339+0000] {dag.py:4138} INFO - Setting next_dagrun for dataset_s3_bucket_producer to None, run_after=None
[2026-08-12T05:04:43.365+0000] {processor.py:208} INFO - Processing /home/airflow/.local/lib/python3.12/site-packages/airflow/example_dags/example_dataset_alias.py took 0.276 seconds
[2026-08-12T05:05:14.085+0000] {processor.py:186} INFO - Started process (PID=4046) to work on /home/airflow/.local/lib/python3.12/site-packages/airflow/example_dags/example_dataset_alias.py
[2026-08-12T05:05:14.087+0000] {processor.py:914} INFO - Processing file /home/airflow/.local/lib/python3.12/site-packages/airflow/example_dags/example_dataset_alias.py for tasks to queue
[2026-08-12T05:05:14.090+0000] {logging_mixin.py:190} INFO - [2026-08-12T05:05:14.090+0000] {dagbag.py:587} INFO - Filling up the DagBag from /home/airflow/.local/lib/python3.12/site-packages/airflow/example_dags/example_dataset_alias.py
[2026-08-12T05:05:14.238+0000] {processor.py:925} INFO - DAG(s) 'dataset_s3_bucket_producer', 'dataset_alias_example_alias_consumer', 'dataset_s3_bucket_consumer', 'dataset_alias_example_alias_producer' retrieved from /home/airflow/.local/lib/python3.12/site-packages/airflow/example_dags/example_dataset_alias.py
[2026-08-12T05:05:14.263+0000] {logging_mixin.py:190} INFO - [2026-08-12T05:05:14.263+0000] {dag.py:3211} INFO - Sync 4 DAGs
[2026-08-12T05:05:14.288+0000] {logging_mixin.py:190} INFO - [2026-08-12T05:05:14.288+0000] {dag.py:4138} INFO - Setting next_dagrun for dataset_alias_example_alias_consumer to None, run_after=None
[2026-08-12T05:05:14.291+0000] {logging_mixin.py:190} INFO - [2026-08-12T05:05:14.291+0000] {dag.py:4138} INFO - Setting next_dagrun for dataset_alias_example_alias_producer to None, run_after=None
[2026-08-12T05:05:14.294+0000] {logging_mixin.py:190} INFO - [2026-08-12T05:05:14.294+0000] {dag.py:4138} INFO - Setting next_dagrun for dataset_s3_bucket_consumer to None, run_after=None
[2026-08-12T05:05:14.296+0000] {logging_mixin.py:190} INFO - [2026-08-12T05:05:14.296+0000] {dag.py:4138} INFO - Setting next_dagrun for dataset_s3_bucket_producer to None, run_after=None
[2026-08-12T05:05:14.337+0000] {processor.py:208} INFO - Processing /home/airflow/.local/lib/python3.12/site-packages/airflow/example_dags/example_dataset_alias.py took 0.258 seconds
[2026-08-12T05:05:44.589+0000] {processor.py:186} INFO - Started process (PID=4109) to work on /home/airflow/.local/lib/python3.12/site-packages/airflow/example_dags/example_dataset_alias.py
[2026-08-12T05:05:44.590+0000] {processor.py:914} INFO - Processing file /home/airflow/.local/lib/python3.12/site-packages/airflow/example_dags/example_dataset_alias.py for tasks to queue
[2026-08-12T05:05:44.593+0000] {logging_mixin.py:190} INFO - [2026-08-12T05:05:44.593+0000] {dagbag.py:587} INFO - Filling up the DagBag from /home/airflow/.local/lib/python3.12/site-packages/airflow/example_dags/example_dataset_alias.py
[2026-08-12T05:05:44.770+0000] {processor.py:925} INFO - DAG(s) 'dataset_s3_bucket_producer', 'dataset_alias_example_alias_producer', 'dataset_alias_example_alias_consumer', 'dataset_s3_bucket_consumer' retrieved from /home/airflow/.local/lib/python3.12/site-packages/airflow/example_dags/example_dataset_alias.py
[2026-08-12T05:05:44.794+0000] {logging_mixin.py:190} INFO - [2026-08-12T05:05:44.793+0000] {dag.py:3211} INFO - Sync 4 DAGs
[2026-08-12T05:05:44.817+0000] {logging_mixin.py:190} INFO - [2026-08-12T05:05:44.817+0000] {dag.py:4138} INFO - Setting next_dagrun for dataset_alias_example_alias_consumer to None, run_after=None
[2026-08-12T05:05:44.821+0000] {logging_mixin.py:190} INFO - [2026-08-12T05:05:44.821+0000] {dag.py:4138} INFO - Setting next_dagrun for dataset_alias_example_alias_producer to None, run_after=None
[2026-08-12T05:05:44.824+0000] {logging_mixin.py:190} INFO - [2026-08-12T05:05:44.824+0000] {dag.py:4138} INFO - Setting next_dagrun for dataset_s3_bucket_consumer to None, run_after=None
[2026-08-12T05:05:44.827+0000] {logging_mixin.py:190} INFO - [2026-08-12T05:05:44.826+0000] {dag.py:4138} INFO - Setting next_dagrun for dataset_s3_bucket_producer to None, run_after=None
[2026-08-12T05:05:44.852+0000] {processor.py:208} INFO - Processing /home/airflow/.local/lib/python3.12/site-packages/airflow/example_dags/example_dataset_alias.py took 0.270 seconds
[2026-08-12T05:06:15.658+0000] {processor.py:186} INFO - Started process (PID=4172) to work on /home/airflow/.local/lib/python3.12/site-packages/airflow/example_dags/example_dataset_alias.py
[2026-08-12T05:06:15.660+0000] {processor.py:914} INFO - Processing file /home/airflow/.local/lib/python3.12/site-packages/airflow/example_dags/example_dataset_alias.py for tasks to queue
[2026-08-12T05:06:15.676+0000] {logging_mixin.py:190} INFO - [2026-08-12T05:06:15.675+0000] {dagbag.py:587} INFO - Filling up the DagBag from /home/airflow/.local/lib/python3.12/site-packages/airflow/example_dags/example_dataset_alias.py
[2026-08-12T05:06:15.830+0000] {processor.py:925} INFO - DAG(s) 'dataset_alias_example_alias_consumer', 'dataset_alias_example_alias_producer', 'dataset_s3_bucket_producer', 'dataset_s3_bucket_consumer' retrieved from /home/airflow/.local/lib/python3.12/site-packages/airflow/example_dags/example_dataset_alias.py
[2026-08-12T05:06:15.855+0000] {logging_mixin.py:190} INFO - [2026-08-12T05:06:15.855+0000] {dag.py:3211} INFO - Sync 4 DAGs
[2026-08-12T05:06:15.881+0000] {logging_mixin.py:190} INFO - [2026-08-12T05:06:15.880+0000] {dag.py:4138} INFO - Setting next_dagrun for dataset_alias_example_alias_consumer to None, run_after=None
[2026-08-12T05:06:15.885+0000] {logging_mixin.py:190} INFO - [2026-08-12T05:06:15.885+0000] {dag.py:4138} INFO - Setting next_dagrun for dataset_alias_example_alias_producer to None, run_after=None
[2026-08-12T05:06:15.887+0000] {logging_mixin.py:190} INFO - [2026-08-12T05:06:15.887+0000] {dag.py:4138} INFO - Setting next_dagrun for dataset_s3_bucket_consumer to None, run_after=None
[2026-08-12T05:06:15.889+0000] {logging_mixin.py:190} INFO - [2026-08-12T05:06:15.889+0000] {dag.py:4138} INFO - Setting next_dagrun for dataset_s3_bucket_producer to None, run_after=None
[2026-08-12T05:06:15.916+0000] {processor.py:208} INFO - Processing /home/airflow/.local/lib/python3.12/site-packages/airflow/example_dags/example_dataset_alias.py took 0.264 seconds
[2026-08-12T05:06:46.068+0000] {processor.py:186} INFO - Started process (PID=4235) to work on /home/airflow/.local/lib/python3.12/site-packages/airflow/example_dags/example_dataset_alias.py
[2026-08-12T05:06:46.070+0000] {processor.py:914} INFO - Processing file /home/airflow/.local/lib/python3.12/site-packages/airflow/example_dags/example_dataset_alias.py for tasks to queue
[2026-08-12T05:06:46.073+0000] {logging_mixin.py:190} INFO - [2026-08-12T05:06:46.072+0000] {dagbag.py:587} INFO - Filling up the DagBag from /home/airflow/.local/lib/python3.12/site-packages/airflow/example_dags/example_dataset_alias.py
[2026-08-12T05:06:46.237+0000] {processor.py:925} INFO - DAG(s) 'dataset_s3_bucket_producer', 'dataset_alias_example_alias_producer', 'dataset_s3_bucket_consumer', 'dataset_alias_example_alias_consumer' retrieved from /home/airflow/.local/lib/python3.12/site-packages/airflow/example_dags/example_dataset_alias.py
[2026-08-12T05:06:46.272+0000] {logging_mixin.py:190} INFO - [2026-08-12T05:06:46.271+0000] {dag.py:3211} INFO - Sync 4 DAGs
[2026-08-12T05:06:46.301+0000] {logging_mixin.py:190} INFO - [2026-08-12T05:06:46.301+0000] {dag.py:4138} INFO - Setting next_dagrun for dataset_alias_example_alias_consumer to None, run_after=None
[2026-08-12T05:06:46.306+0000] {logging_mixin.py:190} INFO - [2026-08-12T05:06:46.306+0000] {dag.py:4138} INFO - Setting next_dagrun for dataset_alias_example_alias_producer to None, run_after=None
[2026-08-12T05:06:46.309+0000] {logging_mixin.py:190} INFO - [2026-08-12T05:06:46.309+0000] {dag.py:4138} INFO - Setting next_dagrun for dataset_s3_bucket_consumer to None, run_after=None
[2026-08-12T05:06:46.313+0000] {logging_mixin.py:190} INFO - [2026-08-12T05:06:46.312+0000] {dag.py:4138} INFO - Setting next_dagrun for dataset_s3_bucket_producer to None, run_after=None
[2026-08-12T05:06:46.343+0000] {processor.py:208} INFO - Processing /home/airflow/.local/lib/python3.12/site-packages/airflow/example_dags/example_dataset_alias.py took 0.282 seconds
[2026-08-12T05:07:17.045+0000] {processor.py:186} INFO - Started process (PID=4298) to work on /home/airflow/.local/lib/python3.12/site-packages/airflow/example_dags/example_dataset_alias.py
[2026-08-12T05:07:17.046+0000] {processor.py:914} INFO - Processing file /home/airflow/.local/lib/python3.12/site-packages/airflow/example_dags/example_dataset_alias.py for tasks to queue
[2026-08-12T05:07:17.050+0000] {logging_mixin.py:190} INFO - [2026-08-12T05:07:17.049+0000] {dagbag.py:587} INFO - Filling up the DagBag from /home/airflow/.local/lib/python3.12/site-packages/airflow/example_dags/example_dataset_alias.py
[2026-08-12T05:07:17.214+0000] {processor.py:925} INFO - DAG(s) 'dataset_alias_example_alias_consumer', 'dataset_s3_bucket_producer', 'dataset_s3_bucket_consumer', 'dataset_alias_example_alias_producer' retrieved from /home/airflow/.local/lib/python3.12/site-packages/airflow/example_dags/example_dataset_alias.py
[2026-08-12T05:07:17.238+0000] {logging_mixin.py:190} INFO - [2026-08-12T05:07:17.238+0000] {dag.py:3211} INFO - Sync 4 DAGs
[2026-08-12T05:07:17.258+0000] {logging_mixin.py:190} INFO - [2026-08-12T05:07:17.258+0000] {dag.py:4138} INFO - Setting next_dagrun for dataset_alias_example_alias_consumer to None, run_after=None
[2026-08-12T05:07:17.262+0000] {logging_mixin.py:190} INFO - [2026-08-12T05:07:17.261+0000] {dag.py:4138} INFO - Setting next_dagrun for dataset_alias_example_alias_producer to None, run_after=None
[2026-08-12T05:07:17.264+0000] {logging_mixin.py:190} INFO - [2026-08-12T05:07:17.264+0000] {dag.py:4138} INFO - Setting next_dagrun for dataset_s3_bucket_consumer to None, run_after=None
[2026-08-12T05:07:17.267+0000] {logging_mixin.py:190} INFO - [2026-08-12T05:07:17.266+0000] {dag.py:4138} INFO - Setting next_dagrun for dataset_s3_bucket_producer to None, run_after=None
[2026-08-12T05:07:17.292+0000] {processor.py:208} INFO - Processing /home/airflow/.local/lib/python3.12/site-packages/airflow/example_dags/example_dataset_alias.py took 0.254 seconds
[2026-08-12T05:07:47.719+0000] {processor.py:186} INFO - Started process (PID=4361) to work on /home/airflow/.local/lib/python3.12/site-packages/airflow/example_dags/example_dataset_alias.py
[2026-08-12T05:07:47.721+0000] {processor.py:914} INFO - Processing file /home/airflow/.local/lib/python3.12/site-packages/airflow/example_dags/example_dataset_alias.py for tasks to queue
[2026-08-12T05:07:47.725+0000] {logging_mixin.py:190} INFO - [2026-08-12T05:07:47.724+0000] {dagbag.py:587} INFO - Filling up the DagBag from /home/airflow/.local/lib/python3.12/site-packages/airflow/example_dags/example_dataset_alias.py
[2026-08-12T05:07:47.870+0000] {processor.py:925} INFO - DAG(s) 'dataset_s3_bucket_producer', 'dataset_s3_bucket_consumer', 'dataset_alias_example_alias_producer', 'dataset_alias_example_alias_consumer' retrieved from /home/airflow/.local/lib/python3.12/site-packages/airflow/example_dags/example_dataset_alias.py
[2026-08-12T05:07:47.895+0000] {logging_mixin.py:190} INFO - [2026-08-12T05:07:47.895+0000] {dag.py:3211} INFO - Sync 4 DAGs
[2026-08-12T05:07:47.918+0000] {logging_mixin.py:190} INFO - [2026-08-12T05:07:47.918+0000] {dag.py:4138} INFO - Setting next_dagrun for dataset_alias_example_alias_consumer to None, run_after=None
[2026-08-12T05:07:47.921+0000] {logging_mixin.py:190} INFO - [2026-08-12T05:07:47.921+0000] {dag.py:4138} INFO - Setting next_dagrun for dataset_alias_example_alias_producer to None, run_after=None
[2026-08-12T05:07:47.923+0000] {logging_mixin.py:190} INFO - [2026-08-12T05:07:47.923+0000] {dag.py:4138} INFO - Setting next_dagrun for dataset_s3_bucket_consumer to None, run_after=None
[2026-08-12T05:07:47.925+0000] {logging_mixin.py:190} INFO - [2026-08-12T05:07:47.924+0000] {dag.py:4138} INFO - Setting next_dagrun for dataset_s3_bucket_producer to None, run_after=None
[2026-08-12T05:07:47.949+0000] {processor.py:208} INFO - Processing /home/airflow/.local/lib/python3.12/site-packages/airflow/example_dags/example_dataset_alias.py took 0.236 seconds
[2026-08-12T05:08:18.219+0000] {processor.py:186} INFO - Started process (PID=4424) to work on /home/airflow/.local/lib/python3.12/site-packages/airflow/example_dags/example_dataset_alias.py
[2026-08-12T05:08:18.221+0000] {processor.py:914} INFO - Processing file /home/airflow/.local/lib/python3.12/site-packages/airflow/example_dags/example_dataset_alias.py for tasks to queue
[2026-08-12T05:08:18.224+0000] {logging_mixin.py:190} INFO - [2026-08-12T05:08:18.224+0000] {dagbag.py:587} INFO - Filling up the DagBag from /home/airflow/.local/lib/python3.12/site-packages/airflow/example_dags/example_dataset_alias.py
[2026-08-12T05:08:18.401+0000] {processor.py:925} INFO - DAG(s) 'dataset_alias_example_alias_consumer', 'dataset_alias_example_alias_producer', 'dataset_s3_bucket_producer', 'dataset_s3_bucket_consumer' retrieved from /home/airflow/.local/lib/python3.12/site-packages/airflow/example_dags/example_dataset_alias.py
[2026-08-12T05:08:18.428+0000] {logging_mixin.py:190} INFO - [2026-08-12T05:08:18.428+0000] {dag.py:3211} INFO - Sync 4 DAGs
[2026-08-12T05:08:18.457+0000] {logging_mixin.py:190} INFO - [2026-08-12T05:08:18.457+0000] {dag.py:4138} INFO - Setting next_dagrun for dataset_alias_example_alias_consumer to None, run_after=None
[2026-08-12T05:08:18.461+0000] {logging_mixin.py:190} INFO - [2026-08-12T05:08:18.460+0000] {dag.py:4138} INFO - Setting next_dagrun for dataset_alias_example_alias_producer to None, run_after=None
[2026-08-12T05:08:18.463+0000] {logging_mixin.py:190} INFO - [2026-08-12T05:08:18.462+0000] {dag.py:4138} INFO - Setting next_dagrun for dataset_s3_bucket_consumer to None, run_after=None
[2026-08-12T05:08:18.465+0000] {logging_mixin.py:190} INFO - [2026-08-12T05:08:18.465+0000] {dag.py:4138} INFO - Setting next_dagrun for dataset_s3_bucket_producer to None, run_after=None
[2026-08-12T05:08:18.491+0000] {processor.py:208} INFO - Processing /home/airflow/.local/lib/python3.12/site-packages/airflow/example_dags/example_dataset_alias.py took 0.279 seconds
[2026-08-12T05:08:49.090+0000] {processor.py:186} INFO - Started process (PID=4488) to work on /home/airflow/.local/lib/python3.12/site-packages/airflow/example_dags/example_dataset_alias.py
[2026-08-12T05:08:49.092+0000] {processor.py:914} INFO - Processing file /home/airflow/.local/lib/python3.12/site-packages/airflow/example_dags/example_dataset_alias.py for tasks to queue
[2026-08-12T05:08:49.097+0000] {logging_mixin.py:190} INFO - [2026-08-12T05:08:49.096+0000] {dagbag.py:587} INFO - Filling up the DagBag from /home/airflow/.local/lib/python3.12/site-packages/airflow/example_dags/example_dataset_alias.py
[2026-08-12T05:08:49.299+0000] {processor.py:925} INFO - DAG(s) 'dataset_alias_example_alias_producer', 'dataset_s3_bucket_consumer', 'dataset_s3_bucket_producer', 'dataset_alias_example_alias_consumer' retrieved from /home/airflow/.local/lib/python3.12/site-packages/airflow/example_dags/example_dataset_alias.py
[2026-08-12T05:08:49.325+0000] {logging_mixin.py:190} INFO - [2026-08-12T05:08:49.324+0000] {dag.py:3211} INFO - Sync 4 DAGs
[2026-08-12T05:08:49.352+0000] {logging_mixin.py:190} INFO - [2026-08-12T05:08:49.352+0000] {dag.py:4138} INFO - Setting next_dagrun for dataset_alias_example_alias_consumer to None, run_after=None
[2026-08-12T05:08:49.356+0000] {logging_mixin.py:190} INFO - [2026-08-12T05:08:49.356+0000] {dag.py:4138} INFO - Setting next_dagrun for dataset_alias_example_alias_producer to None, run_after=None
[2026-08-12T05:08:49.359+0000] {logging_mixin.py:190} INFO - [2026-08-12T05:08:49.359+0000] {dag.py:4138} INFO - Setting next_dagrun for dataset_s3_bucket_consumer to None, run_after=None
[2026-08-12T05:08:49.361+0000] {logging_mixin.py:190} INFO - [2026-08-12T05:08:49.361+0000] {dag.py:4138} INFO - Setting next_dagrun for dataset_s3_bucket_producer to None, run_after=None
[2026-08-12T05:08:49.390+0000] {processor.py:208} INFO - Processing /home/airflow/.local/lib/python3.12/site-packages/airflow/example_dags/example_dataset_alias.py took 0.309 seconds
[2026-08-12T05:09:19.543+0000] {processor.py:186} INFO - Started process (PID=4551) to work on /home/airflow/.local/lib/python3.12/site-packages/airflow/example_dags/example_dataset_alias.py
[2026-08-12T05:09:19.544+0000] {processor.py:914} INFO - Processing file /home/airflow/.local/lib/python3.12/site-packages/airflow/example_dags/example_dataset_alias.py for tasks to queue
[2026-08-12T05:09:19.547+0000] {logging_mixin.py:190} INFO - [2026-08-12T05:09:19.547+0000] {dagbag.py:587} INFO - Filling up the DagBag from /home/airflow/.local/lib/python3.12/site-packages/airflow/example_dags/example_dataset_alias.py
[2026-08-12T05:09:19.772+0000] {processor.py:925} INFO - DAG(s) 'dataset_s3_bucket_producer', 'dataset_alias_example_alias_producer', 'dataset_alias_example_alias_consumer', 'dataset_s3_bucket_consumer' retrieved from /home/airflow/.local/lib/python3.12/site-packages/airflow/example_dags/example_dataset_alias.py
[2026-08-12T05:09:19.819+0000] {logging_mixin.py:190} INFO - [2026-08-12T05:09:19.818+0000] {dag.py:3211} INFO - Sync 4 DAGs
[2026-08-12T05:09:19.892+0000] {logging_mixin.py:190} INFO - [2026-08-12T05:09:19.891+0000] {dag.py:4138} INFO - Setting next_dagrun for dataset_alias_example_alias_consumer to None, run_after=None
[2026-08-12T05:09:19.900+0000] {logging_mixin.py:190} INFO - [2026-08-12T05:09:19.900+0000] {dag.py:4138} INFO - Setting next_dagrun for dataset_alias_example_alias_producer to None, run_after=None
[2026-08-12T05:09:19.906+0000] {logging_mixin.py:190} INFO - [2026-08-12T05:09:19.906+0000] {dag.py:4138} INFO - Setting next_dagrun for dataset_s3_bucket_consumer to None, run_after=None
[2026-08-12T05:09:19.909+0000] {logging_mixin.py:190} INFO - [2026-08-12T05:09:19.909+0000] {dag.py:4138} INFO - Setting next_dagrun for dataset_s3_bucket_producer to None, run_after=None
[2026-08-12T05:09:19.959+0000] {processor.py:208} INFO - Processing /home/airflow/.local/lib/python3.12/site-packages/airflow/example_dags/example_dataset_alias.py took 0.422 seconds
[2026-08-12T05:09:50.299+0000] {processor.py:186} INFO - Started process (PID=4615) to work on /home/airflow/.local/lib/python3.12/site-packages/airflow/example_dags/example_dataset_alias.py
[2026-08-12T05:09:50.301+0000] {processor.py:914} INFO - Processing file /home/airflow/.local/lib/python3.12/site-packages/airflow/example_dags/example_dataset_alias.py for tasks to queue
[2026-08-12T05:09:50.304+0000] {logging_mixin.py:190} INFO - [2026-08-12T05:09:50.304+0000] {dagbag.py:587} INFO - Filling up the DagBag from /home/airflow/.local/lib/python3.12/site-packages/airflow/example_dags/example_dataset_alias.py
[2026-08-12T05:09:50.474+0000] {processor.py:925} INFO - DAG(s) 'dataset_alias_example_alias_consumer', 'dataset_s3_bucket_producer', 'dataset_s3_bucket_consumer', 'dataset_alias_example_alias_producer' retrieved from /home/airflow/.local/lib/python3.12/site-packages/airflow/example_dags/example_dataset_alias.py
[2026-08-12T05:09:50.500+0000] {logging_mixin.py:190} INFO - [2026-08-12T05:09:50.500+0000] {dag.py:3211} INFO - Sync 4 DAGs
[2026-08-12T05:09:50.521+0000] {logging_mixin.py:190} INFO - [2026-08-12T05:09:50.521+0000] {dag.py:4138} INFO - Setting next_dagrun for dataset_alias_example_alias_consumer to None, run_after=None
[2026-08-12T05:09:50.525+0000] {logging_mixin.py:190} INFO - [2026-08-12T05:09:50.525+0000] {dag.py:4138} INFO - Setting next_dagrun for dataset_alias_example_alias_producer to None, run_after=None
[2026-08-12T05:09:50.527+0000] {logging_mixin.py:190} INFO - [2026-08-12T05:09:50.527+0000] {dag.py:4138} INFO - Setting next_dagrun for dataset_s3_bucket_consumer to None, run_after=None
[2026-08-12T05:09:50.530+0000] {logging_mixin.py:190} INFO - [2026-08-12T05:09:50.529+0000] {dag.py:4138} INFO - Setting next_dagrun for dataset_s3_bucket_producer to None, run_after=None
[2026-08-12T05:09:50.554+0000] {processor.py:208} INFO - Processing /home/airflow/.local/lib/python3.12/site-packages/airflow/example_dags/example_dataset_alias.py took 0.263 seconds
[2026-08-12T05:10:21.305+0000] {processor.py:186} INFO - Started process (PID=4680) to work on /home/airflow/.local/lib/python3.12/site-packages/airflow/example_dags/example_dataset_alias.py
[2026-08-12T05:10:21.311+0000] {processor.py:914} INFO - Processing file /home/airflow/.local/lib/python3.12/site-packages/airflow/example_dags/example_dataset_alias.py for tasks to queue
[2026-08-12T05:10:21.315+0000] {logging_mixin.py:190} INFO - [2026-08-12T05:10:21.314+0000] {dagbag.py:587} INFO - Filling up the DagBag from /home/airflow/.local/lib/python3.12/site-packages/airflow/example_dags/example_dataset_alias.py
[2026-08-12T05:10:21.517+0000] {processor.py:925} INFO - DAG(s) 'dataset_alias_example_alias_producer', 'dataset_s3_bucket_consumer', 'dataset_s3_bucket_producer', 'dataset_alias_example_alias_consumer' retrieved from /home/airflow/.local/lib/python3.12/site-packages/airflow/example_dags/example_dataset_alias.py
[2026-08-12T05:10:21.539+0000] {logging_mixin.py:190} INFO - [2026-08-12T05:10:21.539+0000] {dag.py:3211} INFO - Sync 4 DAGs
[2026-08-12T05:10:21.577+0000] {logging_mixin.py:190} INFO - [2026-08-12T05:10:21.576+0000] {dag.py:4138} INFO - Setting next_dagrun for dataset_alias_example_alias_consumer to None, run_after=None
[2026-08-12T05:10:21.582+0000] {logging_mixin.py:190} INFO - [2026-08-12T05:10:21.581+0000] {dag.py:4138} INFO - Setting next_dagrun for dataset_alias_example_alias_producer to None, run_after=None
[2026-08-12T05:10:21.584+0000] {logging_mixin.py:190} INFO - [2026-08-12T05:10:21.584+0000] {dag.py:4138} INFO - Setting next_dagrun for dataset_s3_bucket_consumer to None, run_after=None
[2026-08-12T05:10:21.587+0000] {logging_mixin.py:190} INFO - [2026-08-12T05:10:21.586+0000] {dag.py:4138} INFO - Setting next_dagrun for dataset_s3_bucket_producer to None, run_after=None
[2026-08-12T05:10:21.635+0000] {processor.py:208} INFO - Processing /home/airflow/.local/lib/python3.12/site-packages/airflow/example_dags/example_dataset_alias.py took 0.336 seconds
