[2026-08-12T04:30:39.347+0000] {processor.py:186} INFO - Started process (PID=109) to work on /home/airflow/.local/lib/python3.12/site-packages/airflow/example_dags/example_nested_branch_dag.py
[2026-08-12T04:30:39.349+0000] {processor.py:914} INFO - Processing file /home/airflow/.local/lib/python3.12/site-packages/airflow/example_dags/example_nested_branch_dag.py for tasks to queue
[2026-08-12T04:30:39.353+0000] {logging_mixin.py:190} INFO - [2026-08-12T04:30:39.352+0000] {dagbag.py:587} INFO - Filling up the DagBag from /home/airflow/.local/lib/python3.12/site-packages/airflow/example_dags/example_nested_branch_dag.py
[2026-08-12T04:30:39.366+0000] {processor.py:925} INFO - DAG(s) 'example_nested_branch_dag' retrieved from /home/airflow/.local/lib/python3.12/site-packages/airflow/example_dags/example_nested_branch_dag.py
[2026-08-12T04:30:39.489+0000] {logging_mixin.py:190} INFO - [2026-08-12T04:30:39.488+0000] {override.py:1858} INFO - Created Permission View: can edit on DAG:example_nested_branch_dag
[2026-08-12T04:30:39.518+0000] {logging_mixin.py:190} INFO - [2026-08-12T04:30:39.517+0000] {override.py:1858} INFO - Created Permission View: can delete on DAG:example_nested_branch_dag
[2026-08-12T04:30:39.528+0000] {logging_mixin.py:190} INFO - [2026-08-12T04:30:39.528+0000] {override.py:1858} INFO - Created Permission View: can read on DAG:example_nested_branch_dag
[2026-08-12T04:30:39.530+0000] {logging_mixin.py:190} INFO - [2026-08-12T04:30:39.530+0000] {dag.py:3211} INFO - Sync 1 DAGs
[2026-08-12T04:30:39.551+0000] {logging_mixin.py:190} INFO - [2026-08-12T04:30:39.551+0000] {dag.py:3234} INFO - Creating ORM DAG for example_nested_branch_dag
[2026-08-12T04:30:39.563+0000] {logging_mixin.py:190} INFO - [2026-08-12T04:30:39.563+0000] {dag.py:4138} INFO - Setting next_dagrun for example_nested_branch_dag to 2026-08-11 00:00:00+00:00, run_after=2026-08-12 00:00:00+00:00
[2026-08-12T04:30:39.583+0000] {processor.py:208} INFO - Processing /home/airflow/.local/lib/python3.12/site-packages/airflow/example_dags/example_nested_branch_dag.py took 0.246 seconds
[2026-08-12T04:31:10.373+0000] {processor.py:186} INFO - Started process (PID=171) to work on /home/airflow/.local/lib/python3.12/site-packages/airflow/example_dags/example_nested_branch_dag.py
[2026-08-12T04:31:10.375+0000] {processor.py:914} INFO - Processing file /home/airflow/.local/lib/python3.12/site-packages/airflow/example_dags/example_nested_branch_dag.py for tasks to queue
[2026-08-12T04:31:10.379+0000] {logging_mixin.py:190} INFO - [2026-08-12T04:31:10.378+0000] {dagbag.py:587} INFO - Filling up the DagBag from /home/airflow/.local/lib/python3.12/site-packages/airflow/example_dags/example_nested_branch_dag.py
[2026-08-12T04:31:10.390+0000] {processor.py:925} INFO - DAG(s) 'example_nested_branch_dag' retrieved from /home/airflow/.local/lib/python3.12/site-packages/airflow/example_dags/example_nested_branch_dag.py
[2026-08-12T04:31:10.412+0000] {logging_mixin.py:190} INFO - [2026-08-12T04:31:10.412+0000] {dag.py:3211} INFO - Sync 1 DAGs
[2026-08-12T04:31:10.450+0000] {logging_mixin.py:190} INFO - [2026-08-12T04:31:10.449+0000] {dag.py:4138} INFO - Setting next_dagrun for example_nested_branch_dag to 2026-08-11 00:00:00+00:00, run_after=2026-08-12 00:00:00+00:00
[2026-08-12T04:31:10.481+0000] {processor.py:208} INFO - Processing /home/airflow/.local/lib/python3.12/site-packages/airflow/example_dags/example_nested_branch_dag.py took 0.113 seconds
[2026-08-12T04:31:41.197+0000] {processor.py:186} INFO - Started process (PID=234) to work on /home/airflow/.local/lib/python3.12/site-packages/airflow/example_dags/example_nested_branch_dag.py
[2026-08-12T04:31:41.199+0000] {processor.py:914} INFO - Processing file /home/airflow/.local/lib/python3.12/site-packages/airflow/example_dags/example_nested_branch_dag.py for tasks to queue
[2026-08-12T04:31:41.201+0000] {logging_mixin.py:190} INFO - [2026-08-12T04:31:41.201+0000] {dagbag.py:587} INFO - Filling up the DagBag from /home/airflow/.local/lib/python3.12/site-packages/airflow/example_dags/example_nested_branch_dag.py
[2026-08-12T04:31:41.212+0000] {processor.py:925} INFO - DAG(s) 'example_nested_branch_dag' retrieved from /home/airflow/.local/lib/python3.12/site-packages/airflow/example_dags/example_nested_branch_dag.py
[2026-08-12T04:31:41.234+0000] {logging_mixin.py:190} INFO - [2026-08-12T04:31:41.234+0000] {dag.py:3211} INFO - Sync 1 DAGs
[2026-08-12T04:31:41.261+0000] {logging_mixin.py:190} INFO - [2026-08-12T04:31:41.261+0000] {dag.py:4138} INFO - Setting next_dagrun for example_nested_branch_dag to 2026-08-11 00:00:00+00:00, run_after=2026-08-12 00:00:00+00:00
[2026-08-12T04:31:41.284+0000] {processor.py:208} INFO - Processing /home/airflow/.local/lib/python3.12/site-packages/airflow/example_dags/example_nested_branch_dag.py took 0.092 seconds
[2026-08-12T04:32:57.257+0000] {processor.py:186} INFO - Started process (PID=100) to work on /home/airflow/.local/lib/python3.12/site-packages/airflow/example_dags/example_nested_branch_dag.py
[2026-08-12T04:32:57.259+0000] {processor.py:914} INFO - Processing file /home/airflow/.local/lib/python3.12/site-packages/airflow/example_dags/example_nested_branch_dag.py for tasks to queue
[2026-08-12T04:32:57.263+0000] {logging_mixin.py:190} INFO - [2026-08-12T04:32:57.263+0000] {dagbag.py:587} INFO - Filling up the DagBag from /home/airflow/.local/lib/python3.12/site-packages/airflow/example_dags/example_nested_branch_dag.py
[2026-08-12T04:32:57.276+0000] {processor.py:925} INFO - DAG(s) 'example_nested_branch_dag' retrieved from /home/airflow/.local/lib/python3.12/site-packages/airflow/example_dags/example_nested_branch_dag.py
[2026-08-12T04:32:57.304+0000] {logging_mixin.py:190} INFO - [2026-08-12T04:32:57.304+0000] {dag.py:3211} INFO - Sync 1 DAGs
[2026-08-12T04:32:57.338+0000] {logging_mixin.py:190} INFO - [2026-08-12T04:32:57.338+0000] {dag.py:4138} INFO - Setting next_dagrun for example_nested_branch_dag to 2026-08-11 00:00:00+00:00, run_after=2026-08-12 00:00:00+00:00
[2026-08-12T04:32:57.378+0000] {processor.py:208} INFO - Processing /home/airflow/.local/lib/python3.12/site-packages/airflow/example_dags/example_nested_branch_dag.py took 0.127 seconds
[2026-08-12T04:33:27.513+0000] {processor.py:186} INFO - Started process (PID=161) to work on /home/airflow/.local/lib/python3.12/site-packages/airflow/example_dags/example_nested_branch_dag.py
[2026-08-12T04:33:27.515+0000] {processor.py:914} INFO - Processing file /home/airflow/.local/lib/python3.12/site-packages/airflow/example_dags/example_nested_branch_dag.py for tasks to queue
[2026-08-12T04:33:27.517+0000] {logging_mixin.py:190} INFO - [2026-08-12T04:33:27.517+0000] {dagbag.py:587} INFO - Filling up the DagBag from /home/airflow/.local/lib/python3.12/site-packages/airflow/example_dags/example_nested_branch_dag.py
[2026-08-12T04:33:27.528+0000] {processor.py:925} INFO - DAG(s) 'example_nested_branch_dag' retrieved from /home/airflow/.local/lib/python3.12/site-packages/airflow/example_dags/example_nested_branch_dag.py
[2026-08-12T04:33:27.551+0000] {logging_mixin.py:190} INFO - [2026-08-12T04:33:27.550+0000] {dag.py:3211} INFO - Sync 1 DAGs
[2026-08-12T04:33:27.578+0000] {logging_mixin.py:190} INFO - [2026-08-12T04:33:27.578+0000] {dag.py:4138} INFO - Setting next_dagrun for example_nested_branch_dag to 2026-08-11 00:00:00+00:00, run_after=2026-08-12 00:00:00+00:00
[2026-08-12T04:33:27.597+0000] {processor.py:208} INFO - Processing /home/airflow/.local/lib/python3.12/site-packages/airflow/example_dags/example_nested_branch_dag.py took 0.091 seconds
[2026-08-12T04:33:57.723+0000] {processor.py:186} INFO - Started process (PID=223) to work on /home/airflow/.local/lib/python3.12/site-packages/airflow/example_dags/example_nested_branch_dag.py
[2026-08-12T04:33:57.725+0000] {processor.py:914} INFO - Processing file /home/airflow/.local/lib/python3.12/site-packages/airflow/example_dags/example_nested_branch_dag.py for tasks to queue
[2026-08-12T04:33:57.729+0000] {logging_mixin.py:190} INFO - [2026-08-12T04:33:57.728+0000] {dagbag.py:587} INFO - Filling up the DagBag from /home/airflow/.local/lib/python3.12/site-packages/airflow/example_dags/example_nested_branch_dag.py
[2026-08-12T04:33:57.743+0000] {processor.py:925} INFO - DAG(s) 'example_nested_branch_dag' retrieved from /home/airflow/.local/lib/python3.12/site-packages/airflow/example_dags/example_nested_branch_dag.py
[2026-08-12T04:33:57.780+0000] {logging_mixin.py:190} INFO - [2026-08-12T04:33:57.780+0000] {dag.py:3211} INFO - Sync 1 DAGs
[2026-08-12T04:33:57.818+0000] {logging_mixin.py:190} INFO - [2026-08-12T04:33:57.818+0000] {dag.py:4138} INFO - Setting next_dagrun for example_nested_branch_dag to 2026-08-11 00:00:00+00:00, run_after=2026-08-12 00:00:00+00:00
[2026-08-12T04:33:57.841+0000] {processor.py:208} INFO - Processing /home/airflow/.local/lib/python3.12/site-packages/airflow/example_dags/example_nested_branch_dag.py took 0.125 seconds
[2026-08-12T04:34:28.577+0000] {processor.py:186} INFO - Started process (PID=285) to work on /home/airflow/.local/lib/python3.12/site-packages/airflow/example_dags/example_nested_branch_dag.py
[2026-08-12T04:34:28.579+0000] {processor.py:914} INFO - Processing file /home/airflow/.local/lib/python3.12/site-packages/airflow/example_dags/example_nested_branch_dag.py for tasks to queue
[2026-08-12T04:34:28.581+0000] {logging_mixin.py:190} INFO - [2026-08-12T04:34:28.581+0000] {dagbag.py:587} INFO - Filling up the DagBag from /home/airflow/.local/lib/python3.12/site-packages/airflow/example_dags/example_nested_branch_dag.py
[2026-08-12T04:34:28.592+0000] {processor.py:925} INFO - DAG(s) 'example_nested_branch_dag' retrieved from /home/airflow/.local/lib/python3.12/site-packages/airflow/example_dags/example_nested_branch_dag.py
[2026-08-12T04:34:28.614+0000] {logging_mixin.py:190} INFO - [2026-08-12T04:34:28.613+0000] {dag.py:3211} INFO - Sync 1 DAGs
[2026-08-12T04:34:28.635+0000] {logging_mixin.py:190} INFO - [2026-08-12T04:34:28.635+0000] {dag.py:4138} INFO - Setting next_dagrun for example_nested_branch_dag to 2026-08-11 00:00:00+00:00, run_after=2026-08-12 00:00:00+00:00
[2026-08-12T04:34:28.655+0000] {processor.py:208} INFO - Processing /home/airflow/.local/lib/python3.12/site-packages/airflow/example_dags/example_nested_branch_dag.py took 0.083 seconds
[2026-08-12T04:34:58.732+0000] {processor.py:186} INFO - Started process (PID=347) to work on /home/airflow/.local/lib/python3.12/site-packages/airflow/example_dags/example_nested_branch_dag.py
[2026-08-12T04:34:58.734+0000] {processor.py:914} INFO - Processing file /home/airflow/.local/lib/python3.12/site-packages/airflow/example_dags/example_nested_branch_dag.py for tasks to queue
[2026-08-12T04:34:58.737+0000] {logging_mixin.py:190} INFO - [2026-08-12T04:34:58.736+0000] {dagbag.py:587} INFO - Filling up the DagBag from /home/airflow/.local/lib/python3.12/site-packages/airflow/example_dags/example_nested_branch_dag.py
[2026-08-12T04:34:58.750+0000] {processor.py:925} INFO - DAG(s) 'example_nested_branch_dag' retrieved from /home/airflow/.local/lib/python3.12/site-packages/airflow/example_dags/example_nested_branch_dag.py
[2026-08-12T04:34:58.772+0000] {logging_mixin.py:190} INFO - [2026-08-12T04:34:58.772+0000] {dag.py:3211} INFO - Sync 1 DAGs
[2026-08-12T04:34:58.794+0000] {logging_mixin.py:190} INFO - [2026-08-12T04:34:58.794+0000] {dag.py:4138} INFO - Setting next_dagrun for example_nested_branch_dag to 2026-08-11 00:00:00+00:00, run_after=2026-08-12 00:00:00+00:00
[2026-08-12T04:34:58.813+0000] {processor.py:208} INFO - Processing /home/airflow/.local/lib/python3.12/site-packages/airflow/example_dags/example_nested_branch_dag.py took 0.086 seconds
[2026-08-12T04:35:29.355+0000] {processor.py:186} INFO - Started process (PID=409) to work on /home/airflow/.local/lib/python3.12/site-packages/airflow/example_dags/example_nested_branch_dag.py
[2026-08-12T04:35:29.357+0000] {processor.py:914} INFO - Processing file /home/airflow/.local/lib/python3.12/site-packages/airflow/example_dags/example_nested_branch_dag.py for tasks to queue
[2026-08-12T04:35:29.361+0000] {logging_mixin.py:190} INFO - [2026-08-12T04:35:29.360+0000] {dagbag.py:587} INFO - Filling up the DagBag from /home/airflow/.local/lib/python3.12/site-packages/airflow/example_dags/example_nested_branch_dag.py
[2026-08-12T04:35:29.373+0000] {processor.py:925} INFO - DAG(s) 'example_nested_branch_dag' retrieved from /home/airflow/.local/lib/python3.12/site-packages/airflow/example_dags/example_nested_branch_dag.py
[2026-08-12T04:35:29.396+0000] {logging_mixin.py:190} INFO - [2026-08-12T04:35:29.396+0000] {dag.py:3211} INFO - Sync 1 DAGs
[2026-08-12T04:35:29.422+0000] {logging_mixin.py:190} INFO - [2026-08-12T04:35:29.422+0000] {dag.py:4138} INFO - Setting next_dagrun for example_nested_branch_dag to 2026-08-11 00:00:00+00:00, run_after=2026-08-12 00:00:00+00:00
[2026-08-12T04:35:29.447+0000] {processor.py:208} INFO - Processing /home/airflow/.local/lib/python3.12/site-packages/airflow/example_dags/example_nested_branch_dag.py took 0.098 seconds
[2026-08-12T04:36:00.314+0000] {processor.py:186} INFO - Started process (PID=471) to work on /home/airflow/.local/lib/python3.12/site-packages/airflow/example_dags/example_nested_branch_dag.py
[2026-08-12T04:36:00.316+0000] {processor.py:914} INFO - Processing file /home/airflow/.local/lib/python3.12/site-packages/airflow/example_dags/example_nested_branch_dag.py for tasks to queue
[2026-08-12T04:36:00.320+0000] {logging_mixin.py:190} INFO - [2026-08-12T04:36:00.320+0000] {dagbag.py:587} INFO - Filling up the DagBag from /home/airflow/.local/lib/python3.12/site-packages/airflow/example_dags/example_nested_branch_dag.py
[2026-08-12T04:36:00.339+0000] {processor.py:925} INFO - DAG(s) 'example_nested_branch_dag' retrieved from /home/airflow/.local/lib/python3.12/site-packages/airflow/example_dags/example_nested_branch_dag.py
[2026-08-12T04:36:00.372+0000] {logging_mixin.py:190} INFO - [2026-08-12T04:36:00.372+0000] {dag.py:3211} INFO - Sync 1 DAGs
[2026-08-12T04:36:00.403+0000] {logging_mixin.py:190} INFO - [2026-08-12T04:36:00.403+0000] {dag.py:4138} INFO - Setting next_dagrun for example_nested_branch_dag to 2026-08-11 00:00:00+00:00, run_after=2026-08-12 00:00:00+00:00
[2026-08-12T04:36:00.430+0000] {processor.py:208} INFO - Processing /home/airflow/.local/lib/python3.12/site-packages/airflow/example_dags/example_nested_branch_dag.py took 0.126 seconds
[2026-08-12T04:36:30.546+0000] {processor.py:186} INFO - Started process (PID=533) to work on /home/airflow/.local/lib/python3.12/site-packages/airflow/example_dags/example_nested_branch_dag.py
[2026-08-12T04:36:30.548+0000] {processor.py:914} INFO - Processing file /home/airflow/.local/lib/python3.12/site-packages/airflow/example_dags/example_nested_branch_dag.py for tasks to queue
[2026-08-12T04:36:30.551+0000] {logging_mixin.py:190} INFO - [2026-08-12T04:36:30.550+0000] {dagbag.py:587} INFO - Filling up the DagBag from /home/airflow/.local/lib/python3.12/site-packages/airflow/example_dags/example_nested_branch_dag.py
[2026-08-12T04:36:30.561+0000] {processor.py:925} INFO - DAG(s) 'example_nested_branch_dag' retrieved from /home/airflow/.local/lib/python3.12/site-packages/airflow/example_dags/example_nested_branch_dag.py
[2026-08-12T04:36:30.585+0000] {logging_mixin.py:190} INFO - [2026-08-12T04:36:30.584+0000] {dag.py:3211} INFO - Sync 1 DAGs
[2026-08-12T04:36:30.618+0000] {logging_mixin.py:190} INFO - [2026-08-12T04:36:30.617+0000] {dag.py:4138} INFO - Setting next_dagrun for example_nested_branch_dag to 2026-08-11 00:00:00+00:00, run_after=2026-08-12 00:00:00+00:00
[2026-08-12T04:36:30.651+0000] {processor.py:208} INFO - Processing /home/airflow/.local/lib/python3.12/site-packages/airflow/example_dags/example_nested_branch_dag.py took 0.110 seconds
[2026-08-12T04:37:01.468+0000] {processor.py:186} INFO - Started process (PID=595) to work on /home/airflow/.local/lib/python3.12/site-packages/airflow/example_dags/example_nested_branch_dag.py
[2026-08-12T04:37:01.469+0000] {processor.py:914} INFO - Processing file /home/airflow/.local/lib/python3.12/site-packages/airflow/example_dags/example_nested_branch_dag.py for tasks to queue
[2026-08-12T04:37:01.473+0000] {logging_mixin.py:190} INFO - [2026-08-12T04:37:01.472+0000] {dagbag.py:587} INFO - Filling up the DagBag from /home/airflow/.local/lib/python3.12/site-packages/airflow/example_dags/example_nested_branch_dag.py
[2026-08-12T04:37:01.487+0000] {processor.py:925} INFO - DAG(s) 'example_nested_branch_dag' retrieved from /home/airflow/.local/lib/python3.12/site-packages/airflow/example_dags/example_nested_branch_dag.py
[2026-08-12T04:37:01.514+0000] {logging_mixin.py:190} INFO - [2026-08-12T04:37:01.514+0000] {dag.py:3211} INFO - Sync 1 DAGs
[2026-08-12T04:37:01.545+0000] {logging_mixin.py:190} INFO - [2026-08-12T04:37:01.545+0000] {dag.py:4138} INFO - Setting next_dagrun for example_nested_branch_dag to 2026-08-11 00:00:00+00:00, run_after=2026-08-12 00:00:00+00:00
[2026-08-12T04:37:01.570+0000] {processor.py:208} INFO - Processing /home/airflow/.local/lib/python3.12/site-packages/airflow/example_dags/example_nested_branch_dag.py took 0.110 seconds
[2026-08-12T04:37:31.741+0000] {processor.py:186} INFO - Started process (PID=657) to work on /home/airflow/.local/lib/python3.12/site-packages/airflow/example_dags/example_nested_branch_dag.py
[2026-08-12T04:37:31.744+0000] {processor.py:914} INFO - Processing file /home/airflow/.local/lib/python3.12/site-packages/airflow/example_dags/example_nested_branch_dag.py for tasks to queue
[2026-08-12T04:37:31.749+0000] {logging_mixin.py:190} INFO - [2026-08-12T04:37:31.748+0000] {dagbag.py:587} INFO - Filling up the DagBag from /home/airflow/.local/lib/python3.12/site-packages/airflow/example_dags/example_nested_branch_dag.py
[2026-08-12T04:37:31.766+0000] {processor.py:925} INFO - DAG(s) 'example_nested_branch_dag' retrieved from /home/airflow/.local/lib/python3.12/site-packages/airflow/example_dags/example_nested_branch_dag.py
[2026-08-12T04:37:31.792+0000] {logging_mixin.py:190} INFO - [2026-08-12T04:37:31.792+0000] {dag.py:3211} INFO - Sync 1 DAGs
[2026-08-12T04:37:31.820+0000] {logging_mixin.py:190} INFO - [2026-08-12T04:37:31.820+0000] {dag.py:4138} INFO - Setting next_dagrun for example_nested_branch_dag to 2026-08-11 00:00:00+00:00, run_after=2026-08-12 00:00:00+00:00
[2026-08-12T04:37:31.841+0000] {processor.py:208} INFO - Processing /home/airflow/.local/lib/python3.12/site-packages/airflow/example_dags/example_nested_branch_dag.py took 0.112 seconds
[2026-08-12T04:38:02.602+0000] {processor.py:186} INFO - Started process (PID=719) to work on /home/airflow/.local/lib/python3.12/site-packages/airflow/example_dags/example_nested_branch_dag.py
[2026-08-12T04:38:02.604+0000] {processor.py:914} INFO - Processing file /home/airflow/.local/lib/python3.12/site-packages/airflow/example_dags/example_nested_branch_dag.py for tasks to queue
[2026-08-12T04:38:02.608+0000] {logging_mixin.py:190} INFO - [2026-08-12T04:38:02.607+0000] {dagbag.py:587} INFO - Filling up the DagBag from /home/airflow/.local/lib/python3.12/site-packages/airflow/example_dags/example_nested_branch_dag.py
[2026-08-12T04:38:02.622+0000] {processor.py:925} INFO - DAG(s) 'example_nested_branch_dag' retrieved from /home/airflow/.local/lib/python3.12/site-packages/airflow/example_dags/example_nested_branch_dag.py
[2026-08-12T04:38:02.644+0000] {logging_mixin.py:190} INFO - [2026-08-12T04:38:02.644+0000] {dag.py:3211} INFO - Sync 1 DAGs
[2026-08-12T04:38:02.667+0000] {logging_mixin.py:190} INFO - [2026-08-12T04:38:02.666+0000] {dag.py:4138} INFO - Setting next_dagrun for example_nested_branch_dag to 2026-08-11 00:00:00+00:00, run_after=2026-08-12 00:00:00+00:00
[2026-08-12T04:38:02.687+0000] {processor.py:208} INFO - Processing /home/airflow/.local/lib/python3.12/site-packages/airflow/example_dags/example_nested_branch_dag.py took 0.094 seconds
[2026-08-12T04:38:33.273+0000] {processor.py:186} INFO - Started process (PID=781) to work on /home/airflow/.local/lib/python3.12/site-packages/airflow/example_dags/example_nested_branch_dag.py
[2026-08-12T04:38:33.274+0000] {processor.py:914} INFO - Processing file /home/airflow/.local/lib/python3.12/site-packages/airflow/example_dags/example_nested_branch_dag.py for tasks to queue
[2026-08-12T04:38:33.278+0000] {logging_mixin.py:190} INFO - [2026-08-12T04:38:33.278+0000] {dagbag.py:587} INFO - Filling up the DagBag from /home/airflow/.local/lib/python3.12/site-packages/airflow/example_dags/example_nested_branch_dag.py
[2026-08-12T04:38:33.292+0000] {processor.py:925} INFO - DAG(s) 'example_nested_branch_dag' retrieved from /home/airflow/.local/lib/python3.12/site-packages/airflow/example_dags/example_nested_branch_dag.py
[2026-08-12T04:38:33.316+0000] {logging_mixin.py:190} INFO - [2026-08-12T04:38:33.315+0000] {dag.py:3211} INFO - Sync 1 DAGs
[2026-08-12T04:38:33.341+0000] {logging_mixin.py:190} INFO - [2026-08-12T04:38:33.341+0000] {dag.py:4138} INFO - Setting next_dagrun for example_nested_branch_dag to 2026-08-11 00:00:00+00:00, run_after=2026-08-12 00:00:00+00:00
[2026-08-12T04:38:33.362+0000] {processor.py:208} INFO - Processing /home/airflow/.local/lib/python3.12/site-packages/airflow/example_dags/example_nested_branch_dag.py took 0.096 seconds
[2026-08-12T04:39:03.587+0000] {processor.py:186} INFO - Started process (PID=843) to work on /home/airflow/.local/lib/python3.12/site-packages/airflow/example_dags/example_nested_branch_dag.py
[2026-08-12T04:39:03.589+0000] {processor.py:914} INFO - Processing file /home/airflow/.local/lib/python3.12/site-packages/airflow/example_dags/example_nested_branch_dag.py for tasks to queue
[2026-08-12T04:39:03.592+0000] {logging_mixin.py:190} INFO - [2026-08-12T04:39:03.591+0000] {dagbag.py:587} INFO - Filling up the DagBag from /home/airflow/.local/lib/python3.12/site-packages/airflow/example_dags/example_nested_branch_dag.py
[2026-08-12T04:39:03.602+0000] {processor.py:925} INFO - DAG(s) 'example_nested_branch_dag' retrieved from /home/airflow/.local/lib/python3.12/site-packages/airflow/example_dags/example_nested_branch_dag.py
[2026-08-12T04:39:03.621+0000] {logging_mixin.py:190} INFO - [2026-08-12T04:39:03.620+0000] {dag.py:3211} INFO - Sync 1 DAGs
[2026-08-12T04:39:03.640+0000] {logging_mixin.py:190} INFO - [2026-08-12T04:39:03.640+0000] {dag.py:4138} INFO - Setting next_dagrun for example_nested_branch_dag to 2026-08-11 00:00:00+00:00, run_after=2026-08-12 00:00:00+00:00
[2026-08-12T04:39:03.658+0000] {processor.py:208} INFO - Processing /home/airflow/.local/lib/python3.12/site-packages/airflow/example_dags/example_nested_branch_dag.py took 0.076 seconds
[2026-08-12T04:39:33.969+0000] {processor.py:186} INFO - Started process (PID=905) to work on /home/airflow/.local/lib/python3.12/site-packages/airflow/example_dags/example_nested_branch_dag.py
[2026-08-12T04:39:33.971+0000] {processor.py:914} INFO - Processing file /home/airflow/.local/lib/python3.12/site-packages/airflow/example_dags/example_nested_branch_dag.py for tasks to queue
[2026-08-12T04:39:33.975+0000] {logging_mixin.py:190} INFO - [2026-08-12T04:39:33.974+0000] {dagbag.py:587} INFO - Filling up the DagBag from /home/airflow/.local/lib/python3.12/site-packages/airflow/example_dags/example_nested_branch_dag.py
[2026-08-12T04:39:33.997+0000] {processor.py:925} INFO - DAG(s) 'example_nested_branch_dag' retrieved from /home/airflow/.local/lib/python3.12/site-packages/airflow/example_dags/example_nested_branch_dag.py
[2026-08-12T04:39:34.021+0000] {logging_mixin.py:190} INFO - [2026-08-12T04:39:34.021+0000] {dag.py:3211} INFO - Sync 1 DAGs
[2026-08-12T04:39:34.049+0000] {logging_mixin.py:190} INFO - [2026-08-12T04:39:34.048+0000] {dag.py:4138} INFO - Setting next_dagrun for example_nested_branch_dag to 2026-08-11 00:00:00+00:00, run_after=2026-08-12 00:00:00+00:00
[2026-08-12T04:39:34.071+0000] {processor.py:208} INFO - Processing /home/airflow/.local/lib/python3.12/site-packages/airflow/example_dags/example_nested_branch_dag.py took 0.112 seconds
[2026-08-12T04:40:04.446+0000] {processor.py:186} INFO - Started process (PID=967) to work on /home/airflow/.local/lib/python3.12/site-packages/airflow/example_dags/example_nested_branch_dag.py
[2026-08-12T04:40:04.447+0000] {processor.py:914} INFO - Processing file /home/airflow/.local/lib/python3.12/site-packages/airflow/example_dags/example_nested_branch_dag.py for tasks to queue
[2026-08-12T04:40:04.450+0000] {logging_mixin.py:190} INFO - [2026-08-12T04:40:04.450+0000] {dagbag.py:587} INFO - Filling up the DagBag from /home/airflow/.local/lib/python3.12/site-packages/airflow/example_dags/example_nested_branch_dag.py
[2026-08-12T04:40:04.478+0000] {processor.py:925} INFO - DAG(s) 'example_nested_branch_dag' retrieved from /home/airflow/.local/lib/python3.12/site-packages/airflow/example_dags/example_nested_branch_dag.py
[2026-08-12T04:40:04.505+0000] {logging_mixin.py:190} INFO - [2026-08-12T04:40:04.504+0000] {dag.py:3211} INFO - Sync 1 DAGs
[2026-08-12T04:40:04.538+0000] {logging_mixin.py:190} INFO - [2026-08-12T04:40:04.538+0000] {dag.py:4138} INFO - Setting next_dagrun for example_nested_branch_dag to 2026-08-11 00:00:00+00:00, run_after=2026-08-12 00:00:00+00:00
[2026-08-12T04:40:04.561+0000] {processor.py:208} INFO - Processing /home/airflow/.local/lib/python3.12/site-packages/airflow/example_dags/example_nested_branch_dag.py took 0.120 seconds
[2026-08-12T04:40:35.289+0000] {processor.py:186} INFO - Started process (PID=1029) to work on /home/airflow/.local/lib/python3.12/site-packages/airflow/example_dags/example_nested_branch_dag.py
[2026-08-12T04:40:35.292+0000] {processor.py:914} INFO - Processing file /home/airflow/.local/lib/python3.12/site-packages/airflow/example_dags/example_nested_branch_dag.py for tasks to queue
[2026-08-12T04:40:35.297+0000] {logging_mixin.py:190} INFO - [2026-08-12T04:40:35.297+0000] {dagbag.py:587} INFO - Filling up the DagBag from /home/airflow/.local/lib/python3.12/site-packages/airflow/example_dags/example_nested_branch_dag.py
[2026-08-12T04:40:35.320+0000] {processor.py:925} INFO - DAG(s) 'example_nested_branch_dag' retrieved from /home/airflow/.local/lib/python3.12/site-packages/airflow/example_dags/example_nested_branch_dag.py
[2026-08-12T04:40:35.358+0000] {logging_mixin.py:190} INFO - [2026-08-12T04:40:35.358+0000] {dag.py:3211} INFO - Sync 1 DAGs
[2026-08-12T04:40:35.389+0000] {logging_mixin.py:190} INFO - [2026-08-12T04:40:35.388+0000] {dag.py:4138} INFO - Setting next_dagrun for example_nested_branch_dag to 2026-08-11 00:00:00+00:00, run_after=2026-08-12 00:00:00+00:00
[2026-08-12T04:40:35.413+0000] {processor.py:208} INFO - Processing /home/airflow/.local/lib/python3.12/site-packages/airflow/example_dags/example_nested_branch_dag.py took 0.136 seconds
[2026-08-12T04:41:05.851+0000] {processor.py:186} INFO - Started process (PID=1091) to work on /home/airflow/.local/lib/python3.12/site-packages/airflow/example_dags/example_nested_branch_dag.py
[2026-08-12T04:41:05.853+0000] {processor.py:914} INFO - Processing file /home/airflow/.local/lib/python3.12/site-packages/airflow/example_dags/example_nested_branch_dag.py for tasks to queue
[2026-08-12T04:41:05.857+0000] {logging_mixin.py:190} INFO - [2026-08-12T04:41:05.856+0000] {dagbag.py:587} INFO - Filling up the DagBag from /home/airflow/.local/lib/python3.12/site-packages/airflow/example_dags/example_nested_branch_dag.py
[2026-08-12T04:41:05.871+0000] {processor.py:925} INFO - DAG(s) 'example_nested_branch_dag' retrieved from /home/airflow/.local/lib/python3.12/site-packages/airflow/example_dags/example_nested_branch_dag.py
[2026-08-12T04:41:05.897+0000] {logging_mixin.py:190} INFO - [2026-08-12T04:41:05.897+0000] {dag.py:3211} INFO - Sync 1 DAGs
[2026-08-12T04:41:05.931+0000] {logging_mixin.py:190} INFO - [2026-08-12T04:41:05.931+0000] {dag.py:4138} INFO - Setting next_dagrun for example_nested_branch_dag to 2026-08-11 00:00:00+00:00, run_after=2026-08-12 00:00:00+00:00
[2026-08-12T04:41:05.960+0000] {processor.py:208} INFO - Processing /home/airflow/.local/lib/python3.12/site-packages/airflow/example_dags/example_nested_branch_dag.py took 0.115 seconds
[2026-08-12T04:41:36.449+0000] {processor.py:186} INFO - Started process (PID=1153) to work on /home/airflow/.local/lib/python3.12/site-packages/airflow/example_dags/example_nested_branch_dag.py
[2026-08-12T04:41:36.450+0000] {processor.py:914} INFO - Processing file /home/airflow/.local/lib/python3.12/site-packages/airflow/example_dags/example_nested_branch_dag.py for tasks to queue
[2026-08-12T04:41:36.453+0000] {logging_mixin.py:190} INFO - [2026-08-12T04:41:36.452+0000] {dagbag.py:587} INFO - Filling up the DagBag from /home/airflow/.local/lib/python3.12/site-packages/airflow/example_dags/example_nested_branch_dag.py
[2026-08-12T04:41:36.463+0000] {processor.py:925} INFO - DAG(s) 'example_nested_branch_dag' retrieved from /home/airflow/.local/lib/python3.12/site-packages/airflow/example_dags/example_nested_branch_dag.py
[2026-08-12T04:41:36.484+0000] {logging_mixin.py:190} INFO - [2026-08-12T04:41:36.483+0000] {dag.py:3211} INFO - Sync 1 DAGs
[2026-08-12T04:41:36.505+0000] {logging_mixin.py:190} INFO - [2026-08-12T04:41:36.505+0000] {dag.py:4138} INFO - Setting next_dagrun for example_nested_branch_dag to 2026-08-11 00:00:00+00:00, run_after=2026-08-12 00:00:00+00:00
[2026-08-12T04:41:36.522+0000] {processor.py:208} INFO - Processing /home/airflow/.local/lib/python3.12/site-packages/airflow/example_dags/example_nested_branch_dag.py took 0.079 seconds
[2026-08-12T04:42:07.089+0000] {processor.py:186} INFO - Started process (PID=1215) to work on /home/airflow/.local/lib/python3.12/site-packages/airflow/example_dags/example_nested_branch_dag.py
[2026-08-12T04:42:07.091+0000] {processor.py:914} INFO - Processing file /home/airflow/.local/lib/python3.12/site-packages/airflow/example_dags/example_nested_branch_dag.py for tasks to queue
[2026-08-12T04:42:07.094+0000] {logging_mixin.py:190} INFO - [2026-08-12T04:42:07.094+0000] {dagbag.py:587} INFO - Filling up the DagBag from /home/airflow/.local/lib/python3.12/site-packages/airflow/example_dags/example_nested_branch_dag.py
[2026-08-12T04:42:07.105+0000] {processor.py:925} INFO - DAG(s) 'example_nested_branch_dag' retrieved from /home/airflow/.local/lib/python3.12/site-packages/airflow/example_dags/example_nested_branch_dag.py
[2026-08-12T04:42:07.130+0000] {logging_mixin.py:190} INFO - [2026-08-12T04:42:07.129+0000] {dag.py:3211} INFO - Sync 1 DAGs
[2026-08-12T04:42:07.157+0000] {logging_mixin.py:190} INFO - [2026-08-12T04:42:07.157+0000] {dag.py:4138} INFO - Setting next_dagrun for example_nested_branch_dag to 2026-08-11 00:00:00+00:00, run_after=2026-08-12 00:00:00+00:00
[2026-08-12T04:42:07.179+0000] {processor.py:208} INFO - Processing /home/airflow/.local/lib/python3.12/site-packages/airflow/example_dags/example_nested_branch_dag.py took 0.095 seconds
[2026-08-12T04:42:37.666+0000] {processor.py:186} INFO - Started process (PID=1277) to work on /home/airflow/.local/lib/python3.12/site-packages/airflow/example_dags/example_nested_branch_dag.py
[2026-08-12T04:42:37.668+0000] {processor.py:914} INFO - Processing file /home/airflow/.local/lib/python3.12/site-packages/airflow/example_dags/example_nested_branch_dag.py for tasks to queue
[2026-08-12T04:42:37.671+0000] {logging_mixin.py:190} INFO - [2026-08-12T04:42:37.671+0000] {dagbag.py:587} INFO - Filling up the DagBag from /home/airflow/.local/lib/python3.12/site-packages/airflow/example_dags/example_nested_branch_dag.py
[2026-08-12T04:42:37.684+0000] {processor.py:925} INFO - DAG(s) 'example_nested_branch_dag' retrieved from /home/airflow/.local/lib/python3.12/site-packages/airflow/example_dags/example_nested_branch_dag.py
[2026-08-12T04:42:37.707+0000] {logging_mixin.py:190} INFO - [2026-08-12T04:42:37.707+0000] {dag.py:3211} INFO - Sync 1 DAGs
[2026-08-12T04:42:37.731+0000] {logging_mixin.py:190} INFO - [2026-08-12T04:42:37.731+0000] {dag.py:4138} INFO - Setting next_dagrun for example_nested_branch_dag to 2026-08-11 00:00:00+00:00, run_after=2026-08-12 00:00:00+00:00
[2026-08-12T04:42:37.756+0000] {processor.py:208} INFO - Processing /home/airflow/.local/lib/python3.12/site-packages/airflow/example_dags/example_nested_branch_dag.py took 0.096 seconds
[2026-08-12T04:43:08.501+0000] {processor.py:186} INFO - Started process (PID=1339) to work on /home/airflow/.local/lib/python3.12/site-packages/airflow/example_dags/example_nested_branch_dag.py
[2026-08-12T04:43:08.503+0000] {processor.py:914} INFO - Processing file /home/airflow/.local/lib/python3.12/site-packages/airflow/example_dags/example_nested_branch_dag.py for tasks to queue
[2026-08-12T04:43:08.506+0000] {logging_mixin.py:190} INFO - [2026-08-12T04:43:08.506+0000] {dagbag.py:587} INFO - Filling up the DagBag from /home/airflow/.local/lib/python3.12/site-packages/airflow/example_dags/example_nested_branch_dag.py
[2026-08-12T04:43:08.519+0000] {processor.py:925} INFO - DAG(s) 'example_nested_branch_dag' retrieved from /home/airflow/.local/lib/python3.12/site-packages/airflow/example_dags/example_nested_branch_dag.py
[2026-08-12T04:43:08.539+0000] {logging_mixin.py:190} INFO - [2026-08-12T04:43:08.539+0000] {dag.py:3211} INFO - Sync 1 DAGs
[2026-08-12T04:43:08.564+0000] {logging_mixin.py:190} INFO - [2026-08-12T04:43:08.563+0000] {dag.py:4138} INFO - Setting next_dagrun for example_nested_branch_dag to 2026-08-11 00:00:00+00:00, run_after=2026-08-12 00:00:00+00:00
[2026-08-12T04:43:08.586+0000] {processor.py:208} INFO - Processing /home/airflow/.local/lib/python3.12/site-packages/airflow/example_dags/example_nested_branch_dag.py took 0.092 seconds
[2026-08-12T04:43:39.529+0000] {processor.py:186} INFO - Started process (PID=1401) to work on /home/airflow/.local/lib/python3.12/site-packages/airflow/example_dags/example_nested_branch_dag.py
[2026-08-12T04:43:39.533+0000] {processor.py:914} INFO - Processing file /home/airflow/.local/lib/python3.12/site-packages/airflow/example_dags/example_nested_branch_dag.py for tasks to queue
[2026-08-12T04:43:39.539+0000] {logging_mixin.py:190} INFO - [2026-08-12T04:43:39.538+0000] {dagbag.py:587} INFO - Filling up the DagBag from /home/airflow/.local/lib/python3.12/site-packages/airflow/example_dags/example_nested_branch_dag.py
[2026-08-12T04:43:39.559+0000] {processor.py:925} INFO - DAG(s) 'example_nested_branch_dag' retrieved from /home/airflow/.local/lib/python3.12/site-packages/airflow/example_dags/example_nested_branch_dag.py
[2026-08-12T04:43:39.593+0000] {logging_mixin.py:190} INFO - [2026-08-12T04:43:39.593+0000] {dag.py:3211} INFO - Sync 1 DAGs
[2026-08-12T04:43:39.628+0000] {logging_mixin.py:190} INFO - [2026-08-12T04:43:39.628+0000] {dag.py:4138} INFO - Setting next_dagrun for example_nested_branch_dag to 2026-08-11 00:00:00+00:00, run_after=2026-08-12 00:00:00+00:00
[2026-08-12T04:43:39.657+0000] {processor.py:208} INFO - Processing /home/airflow/.local/lib/python3.12/site-packages/airflow/example_dags/example_nested_branch_dag.py took 0.142 seconds
[2026-08-12T04:44:10.264+0000] {processor.py:186} INFO - Started process (PID=1463) to work on /home/airflow/.local/lib/python3.12/site-packages/airflow/example_dags/example_nested_branch_dag.py
[2026-08-12T04:44:10.265+0000] {processor.py:914} INFO - Processing file /home/airflow/.local/lib/python3.12/site-packages/airflow/example_dags/example_nested_branch_dag.py for tasks to queue
[2026-08-12T04:44:10.268+0000] {logging_mixin.py:190} INFO - [2026-08-12T04:44:10.268+0000] {dagbag.py:587} INFO - Filling up the DagBag from /home/airflow/.local/lib/python3.12/site-packages/airflow/example_dags/example_nested_branch_dag.py
[2026-08-12T04:44:10.279+0000] {processor.py:925} INFO - DAG(s) 'example_nested_branch_dag' retrieved from /home/airflow/.local/lib/python3.12/site-packages/airflow/example_dags/example_nested_branch_dag.py
[2026-08-12T04:44:10.301+0000] {logging_mixin.py:190} INFO - [2026-08-12T04:44:10.300+0000] {dag.py:3211} INFO - Sync 1 DAGs
[2026-08-12T04:44:10.327+0000] {logging_mixin.py:190} INFO - [2026-08-12T04:44:10.327+0000] {dag.py:4138} INFO - Setting next_dagrun for example_nested_branch_dag to 2026-08-11 00:00:00+00:00, run_after=2026-08-12 00:00:00+00:00
[2026-08-12T04:44:10.349+0000] {processor.py:208} INFO - Processing /home/airflow/.local/lib/python3.12/site-packages/airflow/example_dags/example_nested_branch_dag.py took 0.090 seconds
[2026-08-12T04:44:41.005+0000] {processor.py:186} INFO - Started process (PID=1525) to work on /home/airflow/.local/lib/python3.12/site-packages/airflow/example_dags/example_nested_branch_dag.py
[2026-08-12T04:44:41.007+0000] {processor.py:914} INFO - Processing file /home/airflow/.local/lib/python3.12/site-packages/airflow/example_dags/example_nested_branch_dag.py for tasks to queue
[2026-08-12T04:44:41.010+0000] {logging_mixin.py:190} INFO - [2026-08-12T04:44:41.009+0000] {dagbag.py:587} INFO - Filling up the DagBag from /home/airflow/.local/lib/python3.12/site-packages/airflow/example_dags/example_nested_branch_dag.py
[2026-08-12T04:44:41.033+0000] {processor.py:925} INFO - DAG(s) 'example_nested_branch_dag' retrieved from /home/airflow/.local/lib/python3.12/site-packages/airflow/example_dags/example_nested_branch_dag.py
[2026-08-12T04:44:41.069+0000] {logging_mixin.py:190} INFO - [2026-08-12T04:44:41.068+0000] {dag.py:3211} INFO - Sync 1 DAGs
[2026-08-12T04:44:41.102+0000] {logging_mixin.py:190} INFO - [2026-08-12T04:44:41.102+0000] {dag.py:4138} INFO - Setting next_dagrun for example_nested_branch_dag to 2026-08-11 00:00:00+00:00, run_after=2026-08-12 00:00:00+00:00
[2026-08-12T04:44:41.134+0000] {processor.py:208} INFO - Processing /home/airflow/.local/lib/python3.12/site-packages/airflow/example_dags/example_nested_branch_dag.py took 0.134 seconds
[2026-08-12T04:45:11.732+0000] {processor.py:186} INFO - Started process (PID=1587) to work on /home/airflow/.local/lib/python3.12/site-packages/airflow/example_dags/example_nested_branch_dag.py
[2026-08-12T04:45:11.734+0000] {processor.py:914} INFO - Processing file /home/airflow/.local/lib/python3.12/site-packages/airflow/example_dags/example_nested_branch_dag.py for tasks to queue
[2026-08-12T04:45:11.737+0000] {logging_mixin.py:190} INFO - [2026-08-12T04:45:11.736+0000] {dagbag.py:587} INFO - Filling up the DagBag from /home/airflow/.local/lib/python3.12/site-packages/airflow/example_dags/example_nested_branch_dag.py
[2026-08-12T04:45:11.750+0000] {processor.py:925} INFO - DAG(s) 'example_nested_branch_dag' retrieved from /home/airflow/.local/lib/python3.12/site-packages/airflow/example_dags/example_nested_branch_dag.py
[2026-08-12T04:45:11.772+0000] {logging_mixin.py:190} INFO - [2026-08-12T04:45:11.772+0000] {dag.py:3211} INFO - Sync 1 DAGs
[2026-08-12T04:45:11.802+0000] {logging_mixin.py:190} INFO - [2026-08-12T04:45:11.801+0000] {dag.py:4138} INFO - Setting next_dagrun for example_nested_branch_dag to 2026-08-11 00:00:00+00:00, run_after=2026-08-12 00:00:00+00:00
[2026-08-12T04:45:11.838+0000] {processor.py:208} INFO - Processing /home/airflow/.local/lib/python3.12/site-packages/airflow/example_dags/example_nested_branch_dag.py took 0.111 seconds
[2026-08-12T04:45:42.253+0000] {processor.py:186} INFO - Started process (PID=1649) to work on /home/airflow/.local/lib/python3.12/site-packages/airflow/example_dags/example_nested_branch_dag.py
[2026-08-12T04:45:42.255+0000] {processor.py:914} INFO - Processing file /home/airflow/.local/lib/python3.12/site-packages/airflow/example_dags/example_nested_branch_dag.py for tasks to queue
[2026-08-12T04:45:42.258+0000] {logging_mixin.py:190} INFO - [2026-08-12T04:45:42.257+0000] {dagbag.py:587} INFO - Filling up the DagBag from /home/airflow/.local/lib/python3.12/site-packages/airflow/example_dags/example_nested_branch_dag.py
[2026-08-12T04:45:42.268+0000] {processor.py:925} INFO - DAG(s) 'example_nested_branch_dag' retrieved from /home/airflow/.local/lib/python3.12/site-packages/airflow/example_dags/example_nested_branch_dag.py
[2026-08-12T04:45:42.291+0000] {logging_mixin.py:190} INFO - [2026-08-12T04:45:42.290+0000] {dag.py:3211} INFO - Sync 1 DAGs
[2026-08-12T04:45:42.318+0000] {logging_mixin.py:190} INFO - [2026-08-12T04:45:42.318+0000] {dag.py:4138} INFO - Setting next_dagrun for example_nested_branch_dag to 2026-08-11 00:00:00+00:00, run_after=2026-08-12 00:00:00+00:00
[2026-08-12T04:45:42.362+0000] {processor.py:208} INFO - Processing /home/airflow/.local/lib/python3.12/site-packages/airflow/example_dags/example_nested_branch_dag.py took 0.114 seconds
[2026-08-12T04:46:12.717+0000] {processor.py:186} INFO - Started process (PID=1711) to work on /home/airflow/.local/lib/python3.12/site-packages/airflow/example_dags/example_nested_branch_dag.py
[2026-08-12T04:46:12.719+0000] {processor.py:914} INFO - Processing file /home/airflow/.local/lib/python3.12/site-packages/airflow/example_dags/example_nested_branch_dag.py for tasks to queue
[2026-08-12T04:46:12.722+0000] {logging_mixin.py:190} INFO - [2026-08-12T04:46:12.722+0000] {dagbag.py:587} INFO - Filling up the DagBag from /home/airflow/.local/lib/python3.12/site-packages/airflow/example_dags/example_nested_branch_dag.py
[2026-08-12T04:46:12.736+0000] {processor.py:925} INFO - DAG(s) 'example_nested_branch_dag' retrieved from /home/airflow/.local/lib/python3.12/site-packages/airflow/example_dags/example_nested_branch_dag.py
[2026-08-12T04:46:12.760+0000] {logging_mixin.py:190} INFO - [2026-08-12T04:46:12.760+0000] {dag.py:3211} INFO - Sync 1 DAGs
[2026-08-12T04:46:12.785+0000] {logging_mixin.py:190} INFO - [2026-08-12T04:46:12.784+0000] {dag.py:4138} INFO - Setting next_dagrun for example_nested_branch_dag to 2026-08-11 00:00:00+00:00, run_after=2026-08-12 00:00:00+00:00
[2026-08-12T04:46:12.806+0000] {processor.py:208} INFO - Processing /home/airflow/.local/lib/python3.12/site-packages/airflow/example_dags/example_nested_branch_dag.py took 0.095 seconds
[2026-08-12T04:46:43.174+0000] {processor.py:186} INFO - Started process (PID=1773) to work on /home/airflow/.local/lib/python3.12/site-packages/airflow/example_dags/example_nested_branch_dag.py
[2026-08-12T04:46:43.176+0000] {processor.py:914} INFO - Processing file /home/airflow/.local/lib/python3.12/site-packages/airflow/example_dags/example_nested_branch_dag.py for tasks to queue
[2026-08-12T04:46:43.180+0000] {logging_mixin.py:190} INFO - [2026-08-12T04:46:43.180+0000] {dagbag.py:587} INFO - Filling up the DagBag from /home/airflow/.local/lib/python3.12/site-packages/airflow/example_dags/example_nested_branch_dag.py
[2026-08-12T04:46:43.199+0000] {processor.py:925} INFO - DAG(s) 'example_nested_branch_dag' retrieved from /home/airflow/.local/lib/python3.12/site-packages/airflow/example_dags/example_nested_branch_dag.py
[2026-08-12T04:46:43.237+0000] {logging_mixin.py:190} INFO - [2026-08-12T04:46:43.237+0000] {dag.py:3211} INFO - Sync 1 DAGs
[2026-08-12T04:46:43.332+0000] {logging_mixin.py:190} INFO - [2026-08-12T04:46:43.332+0000] {dag.py:4138} INFO - Setting next_dagrun for example_nested_branch_dag to 2026-08-11 00:00:00+00:00, run_after=2026-08-12 00:00:00+00:00
[2026-08-12T04:46:43.354+0000] {processor.py:208} INFO - Processing /home/airflow/.local/lib/python3.12/site-packages/airflow/example_dags/example_nested_branch_dag.py took 0.186 seconds
[2026-08-12T04:47:13.656+0000] {processor.py:186} INFO - Started process (PID=1835) to work on /home/airflow/.local/lib/python3.12/site-packages/airflow/example_dags/example_nested_branch_dag.py
[2026-08-12T04:47:13.658+0000] {processor.py:914} INFO - Processing file /home/airflow/.local/lib/python3.12/site-packages/airflow/example_dags/example_nested_branch_dag.py for tasks to queue
[2026-08-12T04:47:13.661+0000] {logging_mixin.py:190} INFO - [2026-08-12T04:47:13.661+0000] {dagbag.py:587} INFO - Filling up the DagBag from /home/airflow/.local/lib/python3.12/site-packages/airflow/example_dags/example_nested_branch_dag.py
[2026-08-12T04:47:13.673+0000] {processor.py:925} INFO - DAG(s) 'example_nested_branch_dag' retrieved from /home/airflow/.local/lib/python3.12/site-packages/airflow/example_dags/example_nested_branch_dag.py
[2026-08-12T04:47:13.697+0000] {logging_mixin.py:190} INFO - [2026-08-12T04:47:13.696+0000] {dag.py:3211} INFO - Sync 1 DAGs
[2026-08-12T04:47:13.723+0000] {logging_mixin.py:190} INFO - [2026-08-12T04:47:13.723+0000] {dag.py:4138} INFO - Setting next_dagrun for example_nested_branch_dag to 2026-08-11 00:00:00+00:00, run_after=2026-08-12 00:00:00+00:00
[2026-08-12T04:47:13.752+0000] {processor.py:208} INFO - Processing /home/airflow/.local/lib/python3.12/site-packages/airflow/example_dags/example_nested_branch_dag.py took 0.101 seconds
[2026-08-12T04:47:44.188+0000] {processor.py:186} INFO - Started process (PID=1897) to work on /home/airflow/.local/lib/python3.12/site-packages/airflow/example_dags/example_nested_branch_dag.py
[2026-08-12T04:47:44.190+0000] {processor.py:914} INFO - Processing file /home/airflow/.local/lib/python3.12/site-packages/airflow/example_dags/example_nested_branch_dag.py for tasks to queue
[2026-08-12T04:47:44.194+0000] {logging_mixin.py:190} INFO - [2026-08-12T04:47:44.193+0000] {dagbag.py:587} INFO - Filling up the DagBag from /home/airflow/.local/lib/python3.12/site-packages/airflow/example_dags/example_nested_branch_dag.py
[2026-08-12T04:47:44.208+0000] {processor.py:925} INFO - DAG(s) 'example_nested_branch_dag' retrieved from /home/airflow/.local/lib/python3.12/site-packages/airflow/example_dags/example_nested_branch_dag.py
[2026-08-12T04:47:44.231+0000] {logging_mixin.py:190} INFO - [2026-08-12T04:47:44.230+0000] {dag.py:3211} INFO - Sync 1 DAGs
[2026-08-12T04:47:44.270+0000] {logging_mixin.py:190} INFO - [2026-08-12T04:47:44.269+0000] {dag.py:4138} INFO - Setting next_dagrun for example_nested_branch_dag to 2026-08-11 00:00:00+00:00, run_after=2026-08-12 00:00:00+00:00
[2026-08-12T04:47:44.295+0000] {processor.py:208} INFO - Processing /home/airflow/.local/lib/python3.12/site-packages/airflow/example_dags/example_nested_branch_dag.py took 0.113 seconds
[2026-08-12T04:48:15.058+0000] {processor.py:186} INFO - Started process (PID=1959) to work on /home/airflow/.local/lib/python3.12/site-packages/airflow/example_dags/example_nested_branch_dag.py
[2026-08-12T04:48:15.059+0000] {processor.py:914} INFO - Processing file /home/airflow/.local/lib/python3.12/site-packages/airflow/example_dags/example_nested_branch_dag.py for tasks to queue
[2026-08-12T04:48:15.062+0000] {logging_mixin.py:190} INFO - [2026-08-12T04:48:15.062+0000] {dagbag.py:587} INFO - Filling up the DagBag from /home/airflow/.local/lib/python3.12/site-packages/airflow/example_dags/example_nested_branch_dag.py
[2026-08-12T04:48:15.074+0000] {processor.py:925} INFO - DAG(s) 'example_nested_branch_dag' retrieved from /home/airflow/.local/lib/python3.12/site-packages/airflow/example_dags/example_nested_branch_dag.py
[2026-08-12T04:48:15.097+0000] {logging_mixin.py:190} INFO - [2026-08-12T04:48:15.097+0000] {dag.py:3211} INFO - Sync 1 DAGs
[2026-08-12T04:48:15.125+0000] {logging_mixin.py:190} INFO - [2026-08-12T04:48:15.125+0000] {dag.py:4138} INFO - Setting next_dagrun for example_nested_branch_dag to 2026-08-11 00:00:00+00:00, run_after=2026-08-12 00:00:00+00:00
[2026-08-12T04:48:15.145+0000] {processor.py:208} INFO - Processing /home/airflow/.local/lib/python3.12/site-packages/airflow/example_dags/example_nested_branch_dag.py took 0.094 seconds
[2026-08-12T04:48:45.949+0000] {processor.py:186} INFO - Started process (PID=2021) to work on /home/airflow/.local/lib/python3.12/site-packages/airflow/example_dags/example_nested_branch_dag.py
[2026-08-12T04:48:45.953+0000] {processor.py:914} INFO - Processing file /home/airflow/.local/lib/python3.12/site-packages/airflow/example_dags/example_nested_branch_dag.py for tasks to queue
[2026-08-12T04:48:45.956+0000] {logging_mixin.py:190} INFO - [2026-08-12T04:48:45.956+0000] {dagbag.py:587} INFO - Filling up the DagBag from /home/airflow/.local/lib/python3.12/site-packages/airflow/example_dags/example_nested_branch_dag.py
[2026-08-12T04:48:45.971+0000] {processor.py:925} INFO - DAG(s) 'example_nested_branch_dag' retrieved from /home/airflow/.local/lib/python3.12/site-packages/airflow/example_dags/example_nested_branch_dag.py
[2026-08-12T04:48:45.996+0000] {logging_mixin.py:190} INFO - [2026-08-12T04:48:45.996+0000] {dag.py:3211} INFO - Sync 1 DAGs
[2026-08-12T04:48:46.027+0000] {logging_mixin.py:190} INFO - [2026-08-12T04:48:46.026+0000] {dag.py:4138} INFO - Setting next_dagrun for example_nested_branch_dag to 2026-08-11 00:00:00+00:00, run_after=2026-08-12 00:00:00+00:00
[2026-08-12T04:48:46.053+0000] {processor.py:208} INFO - Processing /home/airflow/.local/lib/python3.12/site-packages/airflow/example_dags/example_nested_branch_dag.py took 0.110 seconds
[2026-08-12T04:49:16.427+0000] {processor.py:186} INFO - Started process (PID=2083) to work on /home/airflow/.local/lib/python3.12/site-packages/airflow/example_dags/example_nested_branch_dag.py
[2026-08-12T04:49:16.428+0000] {processor.py:914} INFO - Processing file /home/airflow/.local/lib/python3.12/site-packages/airflow/example_dags/example_nested_branch_dag.py for tasks to queue
[2026-08-12T04:49:16.432+0000] {logging_mixin.py:190} INFO - [2026-08-12T04:49:16.431+0000] {dagbag.py:587} INFO - Filling up the DagBag from /home/airflow/.local/lib/python3.12/site-packages/airflow/example_dags/example_nested_branch_dag.py
[2026-08-12T04:49:16.443+0000] {processor.py:925} INFO - DAG(s) 'example_nested_branch_dag' retrieved from /home/airflow/.local/lib/python3.12/site-packages/airflow/example_dags/example_nested_branch_dag.py
[2026-08-12T04:49:16.466+0000] {logging_mixin.py:190} INFO - [2026-08-12T04:49:16.465+0000] {dag.py:3211} INFO - Sync 1 DAGs
[2026-08-12T04:49:16.490+0000] {logging_mixin.py:190} INFO - [2026-08-12T04:49:16.489+0000] {dag.py:4138} INFO - Setting next_dagrun for example_nested_branch_dag to 2026-08-11 00:00:00+00:00, run_after=2026-08-12 00:00:00+00:00
[2026-08-12T04:49:16.509+0000] {processor.py:208} INFO - Processing /home/airflow/.local/lib/python3.12/site-packages/airflow/example_dags/example_nested_branch_dag.py took 0.089 seconds
[2026-08-12T04:49:46.676+0000] {processor.py:186} INFO - Started process (PID=2145) to work on /home/airflow/.local/lib/python3.12/site-packages/airflow/example_dags/example_nested_branch_dag.py
[2026-08-12T04:49:46.677+0000] {processor.py:914} INFO - Processing file /home/airflow/.local/lib/python3.12/site-packages/airflow/example_dags/example_nested_branch_dag.py for tasks to queue
[2026-08-12T04:49:46.681+0000] {logging_mixin.py:190} INFO - [2026-08-12T04:49:46.681+0000] {dagbag.py:587} INFO - Filling up the DagBag from /home/airflow/.local/lib/python3.12/site-packages/airflow/example_dags/example_nested_branch_dag.py
[2026-08-12T04:49:46.693+0000] {processor.py:925} INFO - DAG(s) 'example_nested_branch_dag' retrieved from /home/airflow/.local/lib/python3.12/site-packages/airflow/example_dags/example_nested_branch_dag.py
[2026-08-12T04:49:46.719+0000] {logging_mixin.py:190} INFO - [2026-08-12T04:49:46.719+0000] {dag.py:3211} INFO - Sync 1 DAGs
[2026-08-12T04:49:46.746+0000] {logging_mixin.py:190} INFO - [2026-08-12T04:49:46.746+0000] {dag.py:4138} INFO - Setting next_dagrun for example_nested_branch_dag to 2026-08-11 00:00:00+00:00, run_after=2026-08-12 00:00:00+00:00
[2026-08-12T04:49:46.769+0000] {processor.py:208} INFO - Processing /home/airflow/.local/lib/python3.12/site-packages/airflow/example_dags/example_nested_branch_dag.py took 0.100 seconds
[2026-08-12T04:50:17.120+0000] {processor.py:186} INFO - Started process (PID=2207) to work on /home/airflow/.local/lib/python3.12/site-packages/airflow/example_dags/example_nested_branch_dag.py
[2026-08-12T04:50:17.122+0000] {processor.py:914} INFO - Processing file /home/airflow/.local/lib/python3.12/site-packages/airflow/example_dags/example_nested_branch_dag.py for tasks to queue
[2026-08-12T04:50:17.125+0000] {logging_mixin.py:190} INFO - [2026-08-12T04:50:17.125+0000] {dagbag.py:587} INFO - Filling up the DagBag from /home/airflow/.local/lib/python3.12/site-packages/airflow/example_dags/example_nested_branch_dag.py
[2026-08-12T04:50:17.143+0000] {processor.py:925} INFO - DAG(s) 'example_nested_branch_dag' retrieved from /home/airflow/.local/lib/python3.12/site-packages/airflow/example_dags/example_nested_branch_dag.py
[2026-08-12T04:50:17.172+0000] {logging_mixin.py:190} INFO - [2026-08-12T04:50:17.172+0000] {dag.py:3211} INFO - Sync 1 DAGs
[2026-08-12T04:50:17.208+0000] {logging_mixin.py:190} INFO - [2026-08-12T04:50:17.208+0000] {dag.py:4138} INFO - Setting next_dagrun for example_nested_branch_dag to 2026-08-11 00:00:00+00:00, run_after=2026-08-12 00:00:00+00:00
[2026-08-12T04:50:17.233+0000] {processor.py:208} INFO - Processing /home/airflow/.local/lib/python3.12/site-packages/airflow/example_dags/example_nested_branch_dag.py took 0.120 seconds
[2026-08-12T04:50:48.061+0000] {processor.py:186} INFO - Started process (PID=2268) to work on /home/airflow/.local/lib/python3.12/site-packages/airflow/example_dags/example_nested_branch_dag.py
[2026-08-12T04:50:48.063+0000] {processor.py:914} INFO - Processing file /home/airflow/.local/lib/python3.12/site-packages/airflow/example_dags/example_nested_branch_dag.py for tasks to queue
[2026-08-12T04:50:48.067+0000] {logging_mixin.py:190} INFO - [2026-08-12T04:50:48.066+0000] {dagbag.py:587} INFO - Filling up the DagBag from /home/airflow/.local/lib/python3.12/site-packages/airflow/example_dags/example_nested_branch_dag.py
[2026-08-12T04:50:48.084+0000] {processor.py:925} INFO - DAG(s) 'example_nested_branch_dag' retrieved from /home/airflow/.local/lib/python3.12/site-packages/airflow/example_dags/example_nested_branch_dag.py
[2026-08-12T04:50:48.117+0000] {logging_mixin.py:190} INFO - [2026-08-12T04:50:48.117+0000] {dag.py:3211} INFO - Sync 1 DAGs
[2026-08-12T04:50:48.149+0000] {logging_mixin.py:190} INFO - [2026-08-12T04:50:48.149+0000] {dag.py:4138} INFO - Setting next_dagrun for example_nested_branch_dag to 2026-08-11 00:00:00+00:00, run_after=2026-08-12 00:00:00+00:00
[2026-08-12T04:50:48.171+0000] {processor.py:208} INFO - Processing /home/airflow/.local/lib/python3.12/site-packages/airflow/example_dags/example_nested_branch_dag.py took 0.118 seconds
[2026-08-12T04:51:18.774+0000] {processor.py:186} INFO - Started process (PID=2330) to work on /home/airflow/.local/lib/python3.12/site-packages/airflow/example_dags/example_nested_branch_dag.py
[2026-08-12T04:51:18.776+0000] {processor.py:914} INFO - Processing file /home/airflow/.local/lib/python3.12/site-packages/airflow/example_dags/example_nested_branch_dag.py for tasks to queue
[2026-08-12T04:51:18.779+0000] {logging_mixin.py:190} INFO - [2026-08-12T04:51:18.779+0000] {dagbag.py:587} INFO - Filling up the DagBag from /home/airflow/.local/lib/python3.12/site-packages/airflow/example_dags/example_nested_branch_dag.py
[2026-08-12T04:51:18.795+0000] {processor.py:925} INFO - DAG(s) 'example_nested_branch_dag' retrieved from /home/airflow/.local/lib/python3.12/site-packages/airflow/example_dags/example_nested_branch_dag.py
[2026-08-12T04:51:18.820+0000] {logging_mixin.py:190} INFO - [2026-08-12T04:51:18.820+0000] {dag.py:3211} INFO - Sync 1 DAGs
[2026-08-12T04:51:18.845+0000] {logging_mixin.py:190} INFO - [2026-08-12T04:51:18.845+0000] {dag.py:4138} INFO - Setting next_dagrun for example_nested_branch_dag to 2026-08-11 00:00:00+00:00, run_after=2026-08-12 00:00:00+00:00
[2026-08-12T04:51:18.865+0000] {processor.py:208} INFO - Processing /home/airflow/.local/lib/python3.12/site-packages/airflow/example_dags/example_nested_branch_dag.py took 0.099 seconds
[2026-08-12T04:51:48.954+0000] {processor.py:186} INFO - Started process (PID=2392) to work on /home/airflow/.local/lib/python3.12/site-packages/airflow/example_dags/example_nested_branch_dag.py
[2026-08-12T04:51:48.958+0000] {processor.py:914} INFO - Processing file /home/airflow/.local/lib/python3.12/site-packages/airflow/example_dags/example_nested_branch_dag.py for tasks to queue
[2026-08-12T04:51:48.961+0000] {logging_mixin.py:190} INFO - [2026-08-12T04:51:48.960+0000] {dagbag.py:587} INFO - Filling up the DagBag from /home/airflow/.local/lib/python3.12/site-packages/airflow/example_dags/example_nested_branch_dag.py
[2026-08-12T04:51:48.972+0000] {processor.py:925} INFO - DAG(s) 'example_nested_branch_dag' retrieved from /home/airflow/.local/lib/python3.12/site-packages/airflow/example_dags/example_nested_branch_dag.py
[2026-08-12T04:51:48.995+0000] {logging_mixin.py:190} INFO - [2026-08-12T04:51:48.995+0000] {dag.py:3211} INFO - Sync 1 DAGs
[2026-08-12T04:51:49.024+0000] {logging_mixin.py:190} INFO - [2026-08-12T04:51:49.023+0000] {dag.py:4138} INFO - Setting next_dagrun for example_nested_branch_dag to 2026-08-11 00:00:00+00:00, run_after=2026-08-12 00:00:00+00:00
[2026-08-12T04:51:49.043+0000] {processor.py:208} INFO - Processing /home/airflow/.local/lib/python3.12/site-packages/airflow/example_dags/example_nested_branch_dag.py took 0.094 seconds
[2026-08-12T04:52:19.764+0000] {processor.py:186} INFO - Started process (PID=2454) to work on /home/airflow/.local/lib/python3.12/site-packages/airflow/example_dags/example_nested_branch_dag.py
[2026-08-12T04:52:19.765+0000] {processor.py:914} INFO - Processing file /home/airflow/.local/lib/python3.12/site-packages/airflow/example_dags/example_nested_branch_dag.py for tasks to queue
[2026-08-12T04:52:19.768+0000] {logging_mixin.py:190} INFO - [2026-08-12T04:52:19.768+0000] {dagbag.py:587} INFO - Filling up the DagBag from /home/airflow/.local/lib/python3.12/site-packages/airflow/example_dags/example_nested_branch_dag.py
[2026-08-12T04:52:19.779+0000] {processor.py:925} INFO - DAG(s) 'example_nested_branch_dag' retrieved from /home/airflow/.local/lib/python3.12/site-packages/airflow/example_dags/example_nested_branch_dag.py
[2026-08-12T04:52:19.822+0000] {logging_mixin.py:190} INFO - [2026-08-12T04:52:19.822+0000] {dag.py:3211} INFO - Sync 1 DAGs
[2026-08-12T04:52:19.850+0000] {logging_mixin.py:190} INFO - [2026-08-12T04:52:19.850+0000] {dag.py:4138} INFO - Setting next_dagrun for example_nested_branch_dag to 2026-08-11 00:00:00+00:00, run_after=2026-08-12 00:00:00+00:00
[2026-08-12T04:52:19.900+0000] {processor.py:208} INFO - Processing /home/airflow/.local/lib/python3.12/site-packages/airflow/example_dags/example_nested_branch_dag.py took 0.142 seconds
[2026-08-12T04:52:50.151+0000] {processor.py:186} INFO - Started process (PID=2516) to work on /home/airflow/.local/lib/python3.12/site-packages/airflow/example_dags/example_nested_branch_dag.py
[2026-08-12T04:52:50.152+0000] {processor.py:914} INFO - Processing file /home/airflow/.local/lib/python3.12/site-packages/airflow/example_dags/example_nested_branch_dag.py for tasks to queue
[2026-08-12T04:52:50.155+0000] {logging_mixin.py:190} INFO - [2026-08-12T04:52:50.155+0000] {dagbag.py:587} INFO - Filling up the DagBag from /home/airflow/.local/lib/python3.12/site-packages/airflow/example_dags/example_nested_branch_dag.py
[2026-08-12T04:52:50.166+0000] {processor.py:925} INFO - DAG(s) 'example_nested_branch_dag' retrieved from /home/airflow/.local/lib/python3.12/site-packages/airflow/example_dags/example_nested_branch_dag.py
[2026-08-12T04:52:50.186+0000] {logging_mixin.py:190} INFO - [2026-08-12T04:52:50.185+0000] {dag.py:3211} INFO - Sync 1 DAGs
[2026-08-12T04:52:50.208+0000] {logging_mixin.py:190} INFO - [2026-08-12T04:52:50.208+0000] {dag.py:4138} INFO - Setting next_dagrun for example_nested_branch_dag to 2026-08-11 00:00:00+00:00, run_after=2026-08-12 00:00:00+00:00
[2026-08-12T04:52:50.228+0000] {processor.py:208} INFO - Processing /home/airflow/.local/lib/python3.12/site-packages/airflow/example_dags/example_nested_branch_dag.py took 0.083 seconds
[2026-08-12T04:53:20.601+0000] {processor.py:186} INFO - Started process (PID=2579) to work on /home/airflow/.local/lib/python3.12/site-packages/airflow/example_dags/example_nested_branch_dag.py
[2026-08-12T04:53:20.603+0000] {processor.py:914} INFO - Processing file /home/airflow/.local/lib/python3.12/site-packages/airflow/example_dags/example_nested_branch_dag.py for tasks to queue
[2026-08-12T04:53:20.606+0000] {logging_mixin.py:190} INFO - [2026-08-12T04:53:20.606+0000] {dagbag.py:587} INFO - Filling up the DagBag from /home/airflow/.local/lib/python3.12/site-packages/airflow/example_dags/example_nested_branch_dag.py
[2026-08-12T04:53:20.622+0000] {processor.py:925} INFO - DAG(s) 'example_nested_branch_dag' retrieved from /home/airflow/.local/lib/python3.12/site-packages/airflow/example_dags/example_nested_branch_dag.py
[2026-08-12T04:53:20.649+0000] {logging_mixin.py:190} INFO - [2026-08-12T04:53:20.649+0000] {dag.py:3211} INFO - Sync 1 DAGs
[2026-08-12T04:53:20.679+0000] {logging_mixin.py:190} INFO - [2026-08-12T04:53:20.678+0000] {dag.py:4138} INFO - Setting next_dagrun for example_nested_branch_dag to 2026-08-11 00:00:00+00:00, run_after=2026-08-12 00:00:00+00:00
[2026-08-12T04:53:20.700+0000] {processor.py:208} INFO - Processing /home/airflow/.local/lib/python3.12/site-packages/airflow/example_dags/example_nested_branch_dag.py took 0.105 seconds
[2026-08-12T04:53:51.491+0000] {processor.py:186} INFO - Started process (PID=2642) to work on /home/airflow/.local/lib/python3.12/site-packages/airflow/example_dags/example_nested_branch_dag.py
[2026-08-12T04:53:51.492+0000] {processor.py:914} INFO - Processing file /home/airflow/.local/lib/python3.12/site-packages/airflow/example_dags/example_nested_branch_dag.py for tasks to queue
[2026-08-12T04:53:51.495+0000] {logging_mixin.py:190} INFO - [2026-08-12T04:53:51.495+0000] {dagbag.py:587} INFO - Filling up the DagBag from /home/airflow/.local/lib/python3.12/site-packages/airflow/example_dags/example_nested_branch_dag.py
[2026-08-12T04:53:51.507+0000] {processor.py:925} INFO - DAG(s) 'example_nested_branch_dag' retrieved from /home/airflow/.local/lib/python3.12/site-packages/airflow/example_dags/example_nested_branch_dag.py
[2026-08-12T04:53:51.530+0000] {logging_mixin.py:190} INFO - [2026-08-12T04:53:51.530+0000] {dag.py:3211} INFO - Sync 1 DAGs
[2026-08-12T04:53:51.568+0000] {logging_mixin.py:190} INFO - [2026-08-12T04:53:51.567+0000] {dag.py:4138} INFO - Setting next_dagrun for example_nested_branch_dag to 2026-08-11 00:00:00+00:00, run_after=2026-08-12 00:00:00+00:00
[2026-08-12T04:53:51.592+0000] {processor.py:208} INFO - Processing /home/airflow/.local/lib/python3.12/site-packages/airflow/example_dags/example_nested_branch_dag.py took 0.106 seconds
[2026-08-12T04:54:21.720+0000] {processor.py:186} INFO - Started process (PID=2705) to work on /home/airflow/.local/lib/python3.12/site-packages/airflow/example_dags/example_nested_branch_dag.py
[2026-08-12T04:54:21.722+0000] {processor.py:914} INFO - Processing file /home/airflow/.local/lib/python3.12/site-packages/airflow/example_dags/example_nested_branch_dag.py for tasks to queue
[2026-08-12T04:54:21.725+0000] {logging_mixin.py:190} INFO - [2026-08-12T04:54:21.725+0000] {dagbag.py:587} INFO - Filling up the DagBag from /home/airflow/.local/lib/python3.12/site-packages/airflow/example_dags/example_nested_branch_dag.py
[2026-08-12T04:54:21.739+0000] {processor.py:925} INFO - DAG(s) 'example_nested_branch_dag' retrieved from /home/airflow/.local/lib/python3.12/site-packages/airflow/example_dags/example_nested_branch_dag.py
[2026-08-12T04:54:21.763+0000] {logging_mixin.py:190} INFO - [2026-08-12T04:54:21.763+0000] {dag.py:3211} INFO - Sync 1 DAGs
[2026-08-12T04:54:21.787+0000] {logging_mixin.py:190} INFO - [2026-08-12T04:54:21.786+0000] {dag.py:4138} INFO - Setting next_dagrun for example_nested_branch_dag to 2026-08-11 00:00:00+00:00, run_after=2026-08-12 00:00:00+00:00
[2026-08-12T04:54:21.808+0000] {processor.py:208} INFO - Processing /home/airflow/.local/lib/python3.12/site-packages/airflow/example_dags/example_nested_branch_dag.py took 0.095 seconds
[2026-08-12T04:54:52.285+0000] {processor.py:186} INFO - Started process (PID=2768) to work on /home/airflow/.local/lib/python3.12/site-packages/airflow/example_dags/example_nested_branch_dag.py
[2026-08-12T04:54:52.286+0000] {processor.py:914} INFO - Processing file /home/airflow/.local/lib/python3.12/site-packages/airflow/example_dags/example_nested_branch_dag.py for tasks to queue
[2026-08-12T04:54:52.290+0000] {logging_mixin.py:190} INFO - [2026-08-12T04:54:52.289+0000] {dagbag.py:587} INFO - Filling up the DagBag from /home/airflow/.local/lib/python3.12/site-packages/airflow/example_dags/example_nested_branch_dag.py
[2026-08-12T04:54:52.303+0000] {processor.py:925} INFO - DAG(s) 'example_nested_branch_dag' retrieved from /home/airflow/.local/lib/python3.12/site-packages/airflow/example_dags/example_nested_branch_dag.py
[2026-08-12T04:54:52.326+0000] {logging_mixin.py:190} INFO - [2026-08-12T04:54:52.326+0000] {dag.py:3211} INFO - Sync 1 DAGs
[2026-08-12T04:54:52.349+0000] {logging_mixin.py:190} INFO - [2026-08-12T04:54:52.348+0000] {dag.py:4138} INFO - Setting next_dagrun for example_nested_branch_dag to 2026-08-11 00:00:00+00:00, run_after=2026-08-12 00:00:00+00:00
[2026-08-12T04:54:52.371+0000] {processor.py:208} INFO - Processing /home/airflow/.local/lib/python3.12/site-packages/airflow/example_dags/example_nested_branch_dag.py took 0.093 seconds
[2026-08-12T04:55:22.795+0000] {processor.py:186} INFO - Started process (PID=2831) to work on /home/airflow/.local/lib/python3.12/site-packages/airflow/example_dags/example_nested_branch_dag.py
[2026-08-12T04:55:22.797+0000] {processor.py:914} INFO - Processing file /home/airflow/.local/lib/python3.12/site-packages/airflow/example_dags/example_nested_branch_dag.py for tasks to queue
[2026-08-12T04:55:22.801+0000] {logging_mixin.py:190} INFO - [2026-08-12T04:55:22.800+0000] {dagbag.py:587} INFO - Filling up the DagBag from /home/airflow/.local/lib/python3.12/site-packages/airflow/example_dags/example_nested_branch_dag.py
[2026-08-12T04:55:22.815+0000] {processor.py:925} INFO - DAG(s) 'example_nested_branch_dag' retrieved from /home/airflow/.local/lib/python3.12/site-packages/airflow/example_dags/example_nested_branch_dag.py
[2026-08-12T04:55:22.840+0000] {logging_mixin.py:190} INFO - [2026-08-12T04:55:22.840+0000] {dag.py:3211} INFO - Sync 1 DAGs
[2026-08-12T04:55:22.877+0000] {logging_mixin.py:190} INFO - [2026-08-12T04:55:22.877+0000] {dag.py:4138} INFO - Setting next_dagrun for example_nested_branch_dag to 2026-08-11 00:00:00+00:00, run_after=2026-08-12 00:00:00+00:00
[2026-08-12T04:55:22.897+0000] {processor.py:208} INFO - Processing /home/airflow/.local/lib/python3.12/site-packages/airflow/example_dags/example_nested_branch_dag.py took 0.109 seconds
[2026-08-12T04:55:53.433+0000] {processor.py:186} INFO - Started process (PID=2894) to work on /home/airflow/.local/lib/python3.12/site-packages/airflow/example_dags/example_nested_branch_dag.py
[2026-08-12T04:55:53.435+0000] {processor.py:914} INFO - Processing file /home/airflow/.local/lib/python3.12/site-packages/airflow/example_dags/example_nested_branch_dag.py for tasks to queue
[2026-08-12T04:55:53.439+0000] {logging_mixin.py:190} INFO - [2026-08-12T04:55:53.438+0000] {dagbag.py:587} INFO - Filling up the DagBag from /home/airflow/.local/lib/python3.12/site-packages/airflow/example_dags/example_nested_branch_dag.py
[2026-08-12T04:55:53.454+0000] {processor.py:925} INFO - DAG(s) 'example_nested_branch_dag' retrieved from /home/airflow/.local/lib/python3.12/site-packages/airflow/example_dags/example_nested_branch_dag.py
[2026-08-12T04:55:53.484+0000] {logging_mixin.py:190} INFO - [2026-08-12T04:55:53.484+0000] {dag.py:3211} INFO - Sync 1 DAGs
[2026-08-12T04:55:53.515+0000] {logging_mixin.py:190} INFO - [2026-08-12T04:55:53.515+0000] {dag.py:4138} INFO - Setting next_dagrun for example_nested_branch_dag to 2026-08-11 00:00:00+00:00, run_after=2026-08-12 00:00:00+00:00
[2026-08-12T04:55:53.541+0000] {processor.py:208} INFO - Processing /home/airflow/.local/lib/python3.12/site-packages/airflow/example_dags/example_nested_branch_dag.py took 0.115 seconds
[2026-08-12T04:56:24.240+0000] {processor.py:186} INFO - Started process (PID=2957) to work on /home/airflow/.local/lib/python3.12/site-packages/airflow/example_dags/example_nested_branch_dag.py
[2026-08-12T04:56:24.242+0000] {processor.py:914} INFO - Processing file /home/airflow/.local/lib/python3.12/site-packages/airflow/example_dags/example_nested_branch_dag.py for tasks to queue
[2026-08-12T04:56:24.245+0000] {logging_mixin.py:190} INFO - [2026-08-12T04:56:24.244+0000] {dagbag.py:587} INFO - Filling up the DagBag from /home/airflow/.local/lib/python3.12/site-packages/airflow/example_dags/example_nested_branch_dag.py
[2026-08-12T04:56:24.256+0000] {processor.py:925} INFO - DAG(s) 'example_nested_branch_dag' retrieved from /home/airflow/.local/lib/python3.12/site-packages/airflow/example_dags/example_nested_branch_dag.py
[2026-08-12T04:56:24.279+0000] {logging_mixin.py:190} INFO - [2026-08-12T04:56:24.279+0000] {dag.py:3211} INFO - Sync 1 DAGs
[2026-08-12T04:56:24.304+0000] {logging_mixin.py:190} INFO - [2026-08-12T04:56:24.304+0000] {dag.py:4138} INFO - Setting next_dagrun for example_nested_branch_dag to 2026-08-11 00:00:00+00:00, run_after=2026-08-12 00:00:00+00:00
[2026-08-12T04:56:24.325+0000] {processor.py:208} INFO - Processing /home/airflow/.local/lib/python3.12/site-packages/airflow/example_dags/example_nested_branch_dag.py took 0.090 seconds
[2026-08-12T04:56:55.263+0000] {processor.py:186} INFO - Started process (PID=3020) to work on /home/airflow/.local/lib/python3.12/site-packages/airflow/example_dags/example_nested_branch_dag.py
[2026-08-12T04:56:55.265+0000] {processor.py:914} INFO - Processing file /home/airflow/.local/lib/python3.12/site-packages/airflow/example_dags/example_nested_branch_dag.py for tasks to queue
[2026-08-12T04:56:55.268+0000] {logging_mixin.py:190} INFO - [2026-08-12T04:56:55.267+0000] {dagbag.py:587} INFO - Filling up the DagBag from /home/airflow/.local/lib/python3.12/site-packages/airflow/example_dags/example_nested_branch_dag.py
[2026-08-12T04:56:55.280+0000] {processor.py:925} INFO - DAG(s) 'example_nested_branch_dag' retrieved from /home/airflow/.local/lib/python3.12/site-packages/airflow/example_dags/example_nested_branch_dag.py
[2026-08-12T04:56:55.305+0000] {logging_mixin.py:190} INFO - [2026-08-12T04:56:55.305+0000] {dag.py:3211} INFO - Sync 1 DAGs
[2026-08-12T04:56:55.333+0000] {logging_mixin.py:190} INFO - [2026-08-12T04:56:55.333+0000] {dag.py:4138} INFO - Setting next_dagrun for example_nested_branch_dag to 2026-08-11 00:00:00+00:00, run_after=2026-08-12 00:00:00+00:00
[2026-08-12T04:56:55.366+0000] {processor.py:208} INFO - Processing /home/airflow/.local/lib/python3.12/site-packages/airflow/example_dags/example_nested_branch_dag.py took 0.110 seconds
[2026-08-12T04:57:26.239+0000] {processor.py:186} INFO - Started process (PID=3083) to work on /home/airflow/.local/lib/python3.12/site-packages/airflow/example_dags/example_nested_branch_dag.py
[2026-08-12T04:57:26.241+0000] {processor.py:914} INFO - Processing file /home/airflow/.local/lib/python3.12/site-packages/airflow/example_dags/example_nested_branch_dag.py for tasks to queue
[2026-08-12T04:57:26.244+0000] {logging_mixin.py:190} INFO - [2026-08-12T04:57:26.244+0000] {dagbag.py:587} INFO - Filling up the DagBag from /home/airflow/.local/lib/python3.12/site-packages/airflow/example_dags/example_nested_branch_dag.py
[2026-08-12T04:57:26.259+0000] {processor.py:925} INFO - DAG(s) 'example_nested_branch_dag' retrieved from /home/airflow/.local/lib/python3.12/site-packages/airflow/example_dags/example_nested_branch_dag.py
[2026-08-12T04:57:26.284+0000] {logging_mixin.py:190} INFO - [2026-08-12T04:57:26.284+0000] {dag.py:3211} INFO - Sync 1 DAGs
[2026-08-12T04:57:26.308+0000] {logging_mixin.py:190} INFO - [2026-08-12T04:57:26.308+0000] {dag.py:4138} INFO - Setting next_dagrun for example_nested_branch_dag to 2026-08-11 00:00:00+00:00, run_after=2026-08-12 00:00:00+00:00
[2026-08-12T04:57:26.328+0000] {processor.py:208} INFO - Processing /home/airflow/.local/lib/python3.12/site-packages/airflow/example_dags/example_nested_branch_dag.py took 0.096 seconds
[2026-08-12T04:57:58.854+0000] {processor.py:186} INFO - Started process (PID=3152) to work on /home/airflow/.local/lib/python3.12/site-packages/airflow/example_dags/example_nested_branch_dag.py
[2026-08-12T04:57:58.856+0000] {processor.py:914} INFO - Processing file /home/airflow/.local/lib/python3.12/site-packages/airflow/example_dags/example_nested_branch_dag.py for tasks to queue
[2026-08-12T04:57:58.859+0000] {logging_mixin.py:190} INFO - [2026-08-12T04:57:58.859+0000] {dagbag.py:587} INFO - Filling up the DagBag from /home/airflow/.local/lib/python3.12/site-packages/airflow/example_dags/example_nested_branch_dag.py
[2026-08-12T04:57:58.872+0000] {processor.py:925} INFO - DAG(s) 'example_nested_branch_dag' retrieved from /home/airflow/.local/lib/python3.12/site-packages/airflow/example_dags/example_nested_branch_dag.py
[2026-08-12T04:57:58.897+0000] {logging_mixin.py:190} INFO - [2026-08-12T04:57:58.897+0000] {dag.py:3211} INFO - Sync 1 DAGs
[2026-08-12T04:57:59.138+0000] {logging_mixin.py:190} INFO - [2026-08-12T04:57:59.138+0000] {dag.py:4138} INFO - Setting next_dagrun for example_nested_branch_dag to 2026-08-11 00:00:00+00:00, run_after=2026-08-12 00:00:00+00:00
[2026-08-12T04:57:59.159+0000] {processor.py:208} INFO - Processing /home/airflow/.local/lib/python3.12/site-packages/airflow/example_dags/example_nested_branch_dag.py took 0.310 seconds
[2026-08-12T04:58:29.763+0000] {processor.py:186} INFO - Started process (PID=3216) to work on /home/airflow/.local/lib/python3.12/site-packages/airflow/example_dags/example_nested_branch_dag.py
[2026-08-12T04:58:29.764+0000] {processor.py:914} INFO - Processing file /home/airflow/.local/lib/python3.12/site-packages/airflow/example_dags/example_nested_branch_dag.py for tasks to queue
[2026-08-12T04:58:29.767+0000] {logging_mixin.py:190} INFO - [2026-08-12T04:58:29.767+0000] {dagbag.py:587} INFO - Filling up the DagBag from /home/airflow/.local/lib/python3.12/site-packages/airflow/example_dags/example_nested_branch_dag.py
[2026-08-12T04:58:29.780+0000] {processor.py:925} INFO - DAG(s) 'example_nested_branch_dag' retrieved from /home/airflow/.local/lib/python3.12/site-packages/airflow/example_dags/example_nested_branch_dag.py
[2026-08-12T04:58:29.803+0000] {logging_mixin.py:190} INFO - [2026-08-12T04:58:29.803+0000] {dag.py:3211} INFO - Sync 1 DAGs
[2026-08-12T04:58:29.830+0000] {logging_mixin.py:190} INFO - [2026-08-12T04:58:29.829+0000] {dag.py:4138} INFO - Setting next_dagrun for example_nested_branch_dag to 2026-08-11 00:00:00+00:00, run_after=2026-08-12 00:00:00+00:00
[2026-08-12T04:58:29.852+0000] {processor.py:208} INFO - Processing /home/airflow/.local/lib/python3.12/site-packages/airflow/example_dags/example_nested_branch_dag.py took 0.096 seconds
[2026-08-12T04:59:00.080+0000] {processor.py:186} INFO - Started process (PID=3280) to work on /home/airflow/.local/lib/python3.12/site-packages/airflow/example_dags/example_nested_branch_dag.py
[2026-08-12T04:59:00.082+0000] {processor.py:914} INFO - Processing file /home/airflow/.local/lib/python3.12/site-packages/airflow/example_dags/example_nested_branch_dag.py for tasks to queue
[2026-08-12T04:59:00.085+0000] {logging_mixin.py:190} INFO - [2026-08-12T04:59:00.084+0000] {dagbag.py:587} INFO - Filling up the DagBag from /home/airflow/.local/lib/python3.12/site-packages/airflow/example_dags/example_nested_branch_dag.py
[2026-08-12T04:59:00.098+0000] {processor.py:925} INFO - DAG(s) 'example_nested_branch_dag' retrieved from /home/airflow/.local/lib/python3.12/site-packages/airflow/example_dags/example_nested_branch_dag.py
[2026-08-12T04:59:00.120+0000] {logging_mixin.py:190} INFO - [2026-08-12T04:59:00.120+0000] {dag.py:3211} INFO - Sync 1 DAGs
[2026-08-12T04:59:00.143+0000] {logging_mixin.py:190} INFO - [2026-08-12T04:59:00.143+0000] {dag.py:4138} INFO - Setting next_dagrun for example_nested_branch_dag to 2026-08-11 00:00:00+00:00, run_after=2026-08-12 00:00:00+00:00
[2026-08-12T04:59:00.163+0000] {processor.py:208} INFO - Processing /home/airflow/.local/lib/python3.12/site-packages/airflow/example_dags/example_nested_branch_dag.py took 0.090 seconds
[2026-08-12T04:59:30.755+0000] {processor.py:186} INFO - Started process (PID=3344) to work on /home/airflow/.local/lib/python3.12/site-packages/airflow/example_dags/example_nested_branch_dag.py
[2026-08-12T04:59:30.757+0000] {processor.py:914} INFO - Processing file /home/airflow/.local/lib/python3.12/site-packages/airflow/example_dags/example_nested_branch_dag.py for tasks to queue
[2026-08-12T04:59:30.760+0000] {logging_mixin.py:190} INFO - [2026-08-12T04:59:30.760+0000] {dagbag.py:587} INFO - Filling up the DagBag from /home/airflow/.local/lib/python3.12/site-packages/airflow/example_dags/example_nested_branch_dag.py
[2026-08-12T04:59:30.776+0000] {processor.py:925} INFO - DAG(s) 'example_nested_branch_dag' retrieved from /home/airflow/.local/lib/python3.12/site-packages/airflow/example_dags/example_nested_branch_dag.py
[2026-08-12T04:59:30.803+0000] {logging_mixin.py:190} INFO - [2026-08-12T04:59:30.803+0000] {dag.py:3211} INFO - Sync 1 DAGs
[2026-08-12T04:59:30.834+0000] {logging_mixin.py:190} INFO - [2026-08-12T04:59:30.834+0000] {dag.py:4138} INFO - Setting next_dagrun for example_nested_branch_dag to 2026-08-11 00:00:00+00:00, run_after=2026-08-12 00:00:00+00:00
[2026-08-12T04:59:30.862+0000] {processor.py:208} INFO - Processing /home/airflow/.local/lib/python3.12/site-packages/airflow/example_dags/example_nested_branch_dag.py took 0.112 seconds
[2026-08-12T05:00:02.577+0000] {processor.py:186} INFO - Started process (PID=3406) to work on /home/airflow/.local/lib/python3.12/site-packages/airflow/example_dags/example_nested_branch_dag.py
[2026-08-12T05:00:02.579+0000] {processor.py:914} INFO - Processing file /home/airflow/.local/lib/python3.12/site-packages/airflow/example_dags/example_nested_branch_dag.py for tasks to queue
[2026-08-12T05:00:02.582+0000] {logging_mixin.py:190} INFO - [2026-08-12T05:00:02.582+0000] {dagbag.py:587} INFO - Filling up the DagBag from /home/airflow/.local/lib/python3.12/site-packages/airflow/example_dags/example_nested_branch_dag.py
[2026-08-12T05:00:02.597+0000] {processor.py:925} INFO - DAG(s) 'example_nested_branch_dag' retrieved from /home/airflow/.local/lib/python3.12/site-packages/airflow/example_dags/example_nested_branch_dag.py
[2026-08-12T05:00:02.624+0000] {logging_mixin.py:190} INFO - [2026-08-12T05:00:02.624+0000] {dag.py:3211} INFO - Sync 1 DAGs
[2026-08-12T05:00:02.648+0000] {logging_mixin.py:190} INFO - [2026-08-12T05:00:02.648+0000] {dag.py:4138} INFO - Setting next_dagrun for example_nested_branch_dag to 2026-08-11 00:00:00+00:00, run_after=2026-08-12 00:00:00+00:00
[2026-08-12T05:00:02.669+0000] {processor.py:208} INFO - Processing /home/airflow/.local/lib/python3.12/site-packages/airflow/example_dags/example_nested_branch_dag.py took 0.100 seconds
[2026-08-12T05:00:33.833+0000] {processor.py:186} INFO - Started process (PID=3469) to work on /home/airflow/.local/lib/python3.12/site-packages/airflow/example_dags/example_nested_branch_dag.py
[2026-08-12T05:00:33.834+0000] {processor.py:914} INFO - Processing file /home/airflow/.local/lib/python3.12/site-packages/airflow/example_dags/example_nested_branch_dag.py for tasks to queue
[2026-08-12T05:00:33.838+0000] {logging_mixin.py:190} INFO - [2026-08-12T05:00:33.837+0000] {dagbag.py:587} INFO - Filling up the DagBag from /home/airflow/.local/lib/python3.12/site-packages/airflow/example_dags/example_nested_branch_dag.py
[2026-08-12T05:00:33.850+0000] {processor.py:925} INFO - DAG(s) 'example_nested_branch_dag' retrieved from /home/airflow/.local/lib/python3.12/site-packages/airflow/example_dags/example_nested_branch_dag.py
[2026-08-12T05:00:33.873+0000] {logging_mixin.py:190} INFO - [2026-08-12T05:00:33.872+0000] {dag.py:3211} INFO - Sync 1 DAGs
[2026-08-12T05:00:34.069+0000] {logging_mixin.py:190} INFO - [2026-08-12T05:00:34.069+0000] {dag.py:4138} INFO - Setting next_dagrun for example_nested_branch_dag to 2026-08-11 00:00:00+00:00, run_after=2026-08-12 00:00:00+00:00
[2026-08-12T05:00:34.093+0000] {processor.py:208} INFO - Processing /home/airflow/.local/lib/python3.12/site-packages/airflow/example_dags/example_nested_branch_dag.py took 0.267 seconds
[2026-08-12T05:01:04.852+0000] {processor.py:186} INFO - Started process (PID=3532) to work on /home/airflow/.local/lib/python3.12/site-packages/airflow/example_dags/example_nested_branch_dag.py
[2026-08-12T05:01:04.854+0000] {processor.py:914} INFO - Processing file /home/airflow/.local/lib/python3.12/site-packages/airflow/example_dags/example_nested_branch_dag.py for tasks to queue
[2026-08-12T05:01:04.857+0000] {logging_mixin.py:190} INFO - [2026-08-12T05:01:04.857+0000] {dagbag.py:587} INFO - Filling up the DagBag from /home/airflow/.local/lib/python3.12/site-packages/airflow/example_dags/example_nested_branch_dag.py
[2026-08-12T05:01:04.868+0000] {processor.py:925} INFO - DAG(s) 'example_nested_branch_dag' retrieved from /home/airflow/.local/lib/python3.12/site-packages/airflow/example_dags/example_nested_branch_dag.py
[2026-08-12T05:01:04.892+0000] {logging_mixin.py:190} INFO - [2026-08-12T05:01:04.891+0000] {dag.py:3211} INFO - Sync 1 DAGs
[2026-08-12T05:01:04.918+0000] {logging_mixin.py:190} INFO - [2026-08-12T05:01:04.917+0000] {dag.py:4138} INFO - Setting next_dagrun for example_nested_branch_dag to 2026-08-11 00:00:00+00:00, run_after=2026-08-12 00:00:00+00:00
[2026-08-12T05:01:04.938+0000] {processor.py:208} INFO - Processing /home/airflow/.local/lib/python3.12/site-packages/airflow/example_dags/example_nested_branch_dag.py took 0.092 seconds
[2026-08-12T05:01:35.018+0000] {processor.py:186} INFO - Started process (PID=3595) to work on /home/airflow/.local/lib/python3.12/site-packages/airflow/example_dags/example_nested_branch_dag.py
[2026-08-12T05:01:35.021+0000] {processor.py:914} INFO - Processing file /home/airflow/.local/lib/python3.12/site-packages/airflow/example_dags/example_nested_branch_dag.py for tasks to queue
[2026-08-12T05:01:35.024+0000] {logging_mixin.py:190} INFO - [2026-08-12T05:01:35.024+0000] {dagbag.py:587} INFO - Filling up the DagBag from /home/airflow/.local/lib/python3.12/site-packages/airflow/example_dags/example_nested_branch_dag.py
[2026-08-12T05:01:35.038+0000] {processor.py:925} INFO - DAG(s) 'example_nested_branch_dag' retrieved from /home/airflow/.local/lib/python3.12/site-packages/airflow/example_dags/example_nested_branch_dag.py
[2026-08-12T05:01:35.061+0000] {logging_mixin.py:190} INFO - [2026-08-12T05:01:35.061+0000] {dag.py:3211} INFO - Sync 1 DAGs
[2026-08-12T05:01:35.097+0000] {logging_mixin.py:190} INFO - [2026-08-12T05:01:35.097+0000] {dag.py:4138} INFO - Setting next_dagrun for example_nested_branch_dag to 2026-08-11 00:00:00+00:00, run_after=2026-08-12 00:00:00+00:00
[2026-08-12T05:01:35.119+0000] {processor.py:208} INFO - Processing /home/airflow/.local/lib/python3.12/site-packages/airflow/example_dags/example_nested_branch_dag.py took 0.107 seconds
[2026-08-12T05:02:05.364+0000] {processor.py:186} INFO - Started process (PID=3659) to work on /home/airflow/.local/lib/python3.12/site-packages/airflow/example_dags/example_nested_branch_dag.py
[2026-08-12T05:02:05.366+0000] {processor.py:914} INFO - Processing file /home/airflow/.local/lib/python3.12/site-packages/airflow/example_dags/example_nested_branch_dag.py for tasks to queue
[2026-08-12T05:02:05.370+0000] {logging_mixin.py:190} INFO - [2026-08-12T05:02:05.370+0000] {dagbag.py:587} INFO - Filling up the DagBag from /home/airflow/.local/lib/python3.12/site-packages/airflow/example_dags/example_nested_branch_dag.py
[2026-08-12T05:02:05.384+0000] {processor.py:925} INFO - DAG(s) 'example_nested_branch_dag' retrieved from /home/airflow/.local/lib/python3.12/site-packages/airflow/example_dags/example_nested_branch_dag.py
[2026-08-12T05:02:05.408+0000] {logging_mixin.py:190} INFO - [2026-08-12T05:02:05.407+0000] {dag.py:3211} INFO - Sync 1 DAGs
[2026-08-12T05:02:05.434+0000] {logging_mixin.py:190} INFO - [2026-08-12T05:02:05.434+0000] {dag.py:4138} INFO - Setting next_dagrun for example_nested_branch_dag to 2026-08-11 00:00:00+00:00, run_after=2026-08-12 00:00:00+00:00
[2026-08-12T05:02:05.456+0000] {processor.py:208} INFO - Processing /home/airflow/.local/lib/python3.12/site-packages/airflow/example_dags/example_nested_branch_dag.py took 0.101 seconds
[2026-08-12T05:02:35.586+0000] {processor.py:186} INFO - Started process (PID=3722) to work on /home/airflow/.local/lib/python3.12/site-packages/airflow/example_dags/example_nested_branch_dag.py
[2026-08-12T05:02:35.587+0000] {processor.py:914} INFO - Processing file /home/airflow/.local/lib/python3.12/site-packages/airflow/example_dags/example_nested_branch_dag.py for tasks to queue
[2026-08-12T05:02:35.590+0000] {logging_mixin.py:190} INFO - [2026-08-12T05:02:35.590+0000] {dagbag.py:587} INFO - Filling up the DagBag from /home/airflow/.local/lib/python3.12/site-packages/airflow/example_dags/example_nested_branch_dag.py
[2026-08-12T05:02:35.601+0000] {processor.py:925} INFO - DAG(s) 'example_nested_branch_dag' retrieved from /home/airflow/.local/lib/python3.12/site-packages/airflow/example_dags/example_nested_branch_dag.py
[2026-08-12T05:02:35.625+0000] {logging_mixin.py:190} INFO - [2026-08-12T05:02:35.624+0000] {dag.py:3211} INFO - Sync 1 DAGs
[2026-08-12T05:02:35.650+0000] {logging_mixin.py:190} INFO - [2026-08-12T05:02:35.649+0000] {dag.py:4138} INFO - Setting next_dagrun for example_nested_branch_dag to 2026-08-11 00:00:00+00:00, run_after=2026-08-12 00:00:00+00:00
[2026-08-12T05:02:35.670+0000] {processor.py:208} INFO - Processing /home/airflow/.local/lib/python3.12/site-packages/airflow/example_dags/example_nested_branch_dag.py took 0.090 seconds
[2026-08-12T05:03:06.114+0000] {processor.py:186} INFO - Started process (PID=3785) to work on /home/airflow/.local/lib/python3.12/site-packages/airflow/example_dags/example_nested_branch_dag.py
[2026-08-12T05:03:06.116+0000] {processor.py:914} INFO - Processing file /home/airflow/.local/lib/python3.12/site-packages/airflow/example_dags/example_nested_branch_dag.py for tasks to queue
[2026-08-12T05:03:06.120+0000] {logging_mixin.py:190} INFO - [2026-08-12T05:03:06.119+0000] {dagbag.py:587} INFO - Filling up the DagBag from /home/airflow/.local/lib/python3.12/site-packages/airflow/example_dags/example_nested_branch_dag.py
[2026-08-12T05:03:06.133+0000] {processor.py:925} INFO - DAG(s) 'example_nested_branch_dag' retrieved from /home/airflow/.local/lib/python3.12/site-packages/airflow/example_dags/example_nested_branch_dag.py
[2026-08-12T05:03:06.156+0000] {logging_mixin.py:190} INFO - [2026-08-12T05:03:06.155+0000] {dag.py:3211} INFO - Sync 1 DAGs
[2026-08-12T05:03:06.180+0000] {logging_mixin.py:190} INFO - [2026-08-12T05:03:06.179+0000] {dag.py:4138} INFO - Setting next_dagrun for example_nested_branch_dag to 2026-08-11 00:00:00+00:00, run_after=2026-08-12 00:00:00+00:00
[2026-08-12T05:03:06.201+0000] {processor.py:208} INFO - Processing /home/airflow/.local/lib/python3.12/site-packages/airflow/example_dags/example_nested_branch_dag.py took 0.094 seconds
[2026-08-12T05:03:36.323+0000] {processor.py:186} INFO - Started process (PID=3848) to work on /home/airflow/.local/lib/python3.12/site-packages/airflow/example_dags/example_nested_branch_dag.py
[2026-08-12T05:03:36.324+0000] {processor.py:914} INFO - Processing file /home/airflow/.local/lib/python3.12/site-packages/airflow/example_dags/example_nested_branch_dag.py for tasks to queue
[2026-08-12T05:03:36.327+0000] {logging_mixin.py:190} INFO - [2026-08-12T05:03:36.327+0000] {dagbag.py:587} INFO - Filling up the DagBag from /home/airflow/.local/lib/python3.12/site-packages/airflow/example_dags/example_nested_branch_dag.py
[2026-08-12T05:03:36.342+0000] {processor.py:925} INFO - DAG(s) 'example_nested_branch_dag' retrieved from /home/airflow/.local/lib/python3.12/site-packages/airflow/example_dags/example_nested_branch_dag.py
[2026-08-12T05:03:36.369+0000] {logging_mixin.py:190} INFO - [2026-08-12T05:03:36.369+0000] {dag.py:3211} INFO - Sync 1 DAGs
[2026-08-12T05:03:36.393+0000] {logging_mixin.py:190} INFO - [2026-08-12T05:03:36.393+0000] {dag.py:4138} INFO - Setting next_dagrun for example_nested_branch_dag to 2026-08-11 00:00:00+00:00, run_after=2026-08-12 00:00:00+00:00
[2026-08-12T05:03:36.414+0000] {processor.py:208} INFO - Processing /home/airflow/.local/lib/python3.12/site-packages/airflow/example_dags/example_nested_branch_dag.py took 0.097 seconds
[2026-08-12T05:04:06.812+0000] {processor.py:186} INFO - Started process (PID=3911) to work on /home/airflow/.local/lib/python3.12/site-packages/airflow/example_dags/example_nested_branch_dag.py
[2026-08-12T05:04:06.814+0000] {processor.py:914} INFO - Processing file /home/airflow/.local/lib/python3.12/site-packages/airflow/example_dags/example_nested_branch_dag.py for tasks to queue
[2026-08-12T05:04:06.817+0000] {logging_mixin.py:190} INFO - [2026-08-12T05:04:06.817+0000] {dagbag.py:587} INFO - Filling up the DagBag from /home/airflow/.local/lib/python3.12/site-packages/airflow/example_dags/example_nested_branch_dag.py
[2026-08-12T05:04:06.829+0000] {processor.py:925} INFO - DAG(s) 'example_nested_branch_dag' retrieved from /home/airflow/.local/lib/python3.12/site-packages/airflow/example_dags/example_nested_branch_dag.py
[2026-08-12T05:04:06.850+0000] {logging_mixin.py:190} INFO - [2026-08-12T05:04:06.850+0000] {dag.py:3211} INFO - Sync 1 DAGs
[2026-08-12T05:04:06.872+0000] {logging_mixin.py:190} INFO - [2026-08-12T05:04:06.872+0000] {dag.py:4138} INFO - Setting next_dagrun for example_nested_branch_dag to 2026-08-11 00:00:00+00:00, run_after=2026-08-12 00:00:00+00:00
[2026-08-12T05:04:06.899+0000] {processor.py:208} INFO - Processing /home/airflow/.local/lib/python3.12/site-packages/airflow/example_dags/example_nested_branch_dag.py took 0.094 seconds
[2026-08-12T05:04:37.139+0000] {processor.py:186} INFO - Started process (PID=3974) to work on /home/airflow/.local/lib/python3.12/site-packages/airflow/example_dags/example_nested_branch_dag.py
[2026-08-12T05:04:37.141+0000] {processor.py:914} INFO - Processing file /home/airflow/.local/lib/python3.12/site-packages/airflow/example_dags/example_nested_branch_dag.py for tasks to queue
[2026-08-12T05:04:37.145+0000] {logging_mixin.py:190} INFO - [2026-08-12T05:04:37.144+0000] {dagbag.py:587} INFO - Filling up the DagBag from /home/airflow/.local/lib/python3.12/site-packages/airflow/example_dags/example_nested_branch_dag.py
[2026-08-12T05:04:37.158+0000] {processor.py:925} INFO - DAG(s) 'example_nested_branch_dag' retrieved from /home/airflow/.local/lib/python3.12/site-packages/airflow/example_dags/example_nested_branch_dag.py
[2026-08-12T05:04:37.181+0000] {logging_mixin.py:190} INFO - [2026-08-12T05:04:37.181+0000] {dag.py:3211} INFO - Sync 1 DAGs
[2026-08-12T05:04:37.204+0000] {logging_mixin.py:190} INFO - [2026-08-12T05:04:37.203+0000] {dag.py:4138} INFO - Setting next_dagrun for example_nested_branch_dag to 2026-08-11 00:00:00+00:00, run_after=2026-08-12 00:00:00+00:00
[2026-08-12T05:04:37.228+0000] {processor.py:208} INFO - Processing /home/airflow/.local/lib/python3.12/site-packages/airflow/example_dags/example_nested_branch_dag.py took 0.096 seconds
[2026-08-12T05:05:07.364+0000] {processor.py:186} INFO - Started process (PID=4037) to work on /home/airflow/.local/lib/python3.12/site-packages/airflow/example_dags/example_nested_branch_dag.py
[2026-08-12T05:05:07.365+0000] {processor.py:914} INFO - Processing file /home/airflow/.local/lib/python3.12/site-packages/airflow/example_dags/example_nested_branch_dag.py for tasks to queue
[2026-08-12T05:05:07.368+0000] {logging_mixin.py:190} INFO - [2026-08-12T05:05:07.368+0000] {dagbag.py:587} INFO - Filling up the DagBag from /home/airflow/.local/lib/python3.12/site-packages/airflow/example_dags/example_nested_branch_dag.py
[2026-08-12T05:05:07.379+0000] {processor.py:925} INFO - DAG(s) 'example_nested_branch_dag' retrieved from /home/airflow/.local/lib/python3.12/site-packages/airflow/example_dags/example_nested_branch_dag.py
[2026-08-12T05:05:07.401+0000] {logging_mixin.py:190} INFO - [2026-08-12T05:05:07.401+0000] {dag.py:3211} INFO - Sync 1 DAGs
[2026-08-12T05:05:07.425+0000] {logging_mixin.py:190} INFO - [2026-08-12T05:05:07.425+0000] {dag.py:4138} INFO - Setting next_dagrun for example_nested_branch_dag to 2026-08-11 00:00:00+00:00, run_after=2026-08-12 00:00:00+00:00
[2026-08-12T05:05:07.450+0000] {processor.py:208} INFO - Processing /home/airflow/.local/lib/python3.12/site-packages/airflow/example_dags/example_nested_branch_dag.py took 0.092 seconds
[2026-08-12T05:05:37.809+0000] {processor.py:186} INFO - Started process (PID=4100) to work on /home/airflow/.local/lib/python3.12/site-packages/airflow/example_dags/example_nested_branch_dag.py
[2026-08-12T05:05:37.810+0000] {processor.py:914} INFO - Processing file /home/airflow/.local/lib/python3.12/site-packages/airflow/example_dags/example_nested_branch_dag.py for tasks to queue
[2026-08-12T05:05:37.814+0000] {logging_mixin.py:190} INFO - [2026-08-12T05:05:37.814+0000] {dagbag.py:587} INFO - Filling up the DagBag from /home/airflow/.local/lib/python3.12/site-packages/airflow/example_dags/example_nested_branch_dag.py
[2026-08-12T05:05:37.831+0000] {processor.py:925} INFO - DAG(s) 'example_nested_branch_dag' retrieved from /home/airflow/.local/lib/python3.12/site-packages/airflow/example_dags/example_nested_branch_dag.py
[2026-08-12T05:05:37.875+0000] {logging_mixin.py:190} INFO - [2026-08-12T05:05:37.875+0000] {dag.py:3211} INFO - Sync 1 DAGs
[2026-08-12T05:05:37.915+0000] {logging_mixin.py:190} INFO - [2026-08-12T05:05:37.915+0000] {dag.py:4138} INFO - Setting next_dagrun for example_nested_branch_dag to 2026-08-11 00:00:00+00:00, run_after=2026-08-12 00:00:00+00:00
[2026-08-12T05:05:37.942+0000] {processor.py:208} INFO - Processing /home/airflow/.local/lib/python3.12/site-packages/airflow/example_dags/example_nested_branch_dag.py took 0.142 seconds
[2026-08-12T05:06:08.851+0000] {processor.py:186} INFO - Started process (PID=4163) to work on /home/airflow/.local/lib/python3.12/site-packages/airflow/example_dags/example_nested_branch_dag.py
[2026-08-12T05:06:08.853+0000] {processor.py:914} INFO - Processing file /home/airflow/.local/lib/python3.12/site-packages/airflow/example_dags/example_nested_branch_dag.py for tasks to queue
[2026-08-12T05:06:08.858+0000] {logging_mixin.py:190} INFO - [2026-08-12T05:06:08.858+0000] {dagbag.py:587} INFO - Filling up the DagBag from /home/airflow/.local/lib/python3.12/site-packages/airflow/example_dags/example_nested_branch_dag.py
[2026-08-12T05:06:08.876+0000] {processor.py:925} INFO - DAG(s) 'example_nested_branch_dag' retrieved from /home/airflow/.local/lib/python3.12/site-packages/airflow/example_dags/example_nested_branch_dag.py
[2026-08-12T05:06:08.908+0000] {logging_mixin.py:190} INFO - [2026-08-12T05:06:08.908+0000] {dag.py:3211} INFO - Sync 1 DAGs
[2026-08-12T05:06:08.940+0000] {logging_mixin.py:190} INFO - [2026-08-12T05:06:08.940+0000] {dag.py:4138} INFO - Setting next_dagrun for example_nested_branch_dag to 2026-08-11 00:00:00+00:00, run_after=2026-08-12 00:00:00+00:00
[2026-08-12T05:06:08.965+0000] {processor.py:208} INFO - Processing /home/airflow/.local/lib/python3.12/site-packages/airflow/example_dags/example_nested_branch_dag.py took 0.120 seconds
[2026-08-12T05:06:39.323+0000] {processor.py:186} INFO - Started process (PID=4226) to work on /home/airflow/.local/lib/python3.12/site-packages/airflow/example_dags/example_nested_branch_dag.py
[2026-08-12T05:06:39.325+0000] {processor.py:914} INFO - Processing file /home/airflow/.local/lib/python3.12/site-packages/airflow/example_dags/example_nested_branch_dag.py for tasks to queue
[2026-08-12T05:06:39.328+0000] {logging_mixin.py:190} INFO - [2026-08-12T05:06:39.327+0000] {dagbag.py:587} INFO - Filling up the DagBag from /home/airflow/.local/lib/python3.12/site-packages/airflow/example_dags/example_nested_branch_dag.py
[2026-08-12T05:06:39.343+0000] {processor.py:925} INFO - DAG(s) 'example_nested_branch_dag' retrieved from /home/airflow/.local/lib/python3.12/site-packages/airflow/example_dags/example_nested_branch_dag.py
[2026-08-12T05:06:39.373+0000] {logging_mixin.py:190} INFO - [2026-08-12T05:06:39.372+0000] {dag.py:3211} INFO - Sync 1 DAGs
[2026-08-12T05:06:39.409+0000] {logging_mixin.py:190} INFO - [2026-08-12T05:06:39.409+0000] {dag.py:4138} INFO - Setting next_dagrun for example_nested_branch_dag to 2026-08-11 00:00:00+00:00, run_after=2026-08-12 00:00:00+00:00
[2026-08-12T05:06:39.436+0000] {processor.py:208} INFO - Processing /home/airflow/.local/lib/python3.12/site-packages/airflow/example_dags/example_nested_branch_dag.py took 0.122 seconds
[2026-08-12T05:07:10.136+0000] {processor.py:186} INFO - Started process (PID=4289) to work on /home/airflow/.local/lib/python3.12/site-packages/airflow/example_dags/example_nested_branch_dag.py
[2026-08-12T05:07:10.137+0000] {processor.py:914} INFO - Processing file /home/airflow/.local/lib/python3.12/site-packages/airflow/example_dags/example_nested_branch_dag.py for tasks to queue
[2026-08-12T05:07:10.141+0000] {logging_mixin.py:190} INFO - [2026-08-12T05:07:10.140+0000] {dagbag.py:587} INFO - Filling up the DagBag from /home/airflow/.local/lib/python3.12/site-packages/airflow/example_dags/example_nested_branch_dag.py
[2026-08-12T05:07:10.152+0000] {processor.py:925} INFO - DAG(s) 'example_nested_branch_dag' retrieved from /home/airflow/.local/lib/python3.12/site-packages/airflow/example_dags/example_nested_branch_dag.py
[2026-08-12T05:07:10.177+0000] {logging_mixin.py:190} INFO - [2026-08-12T05:07:10.177+0000] {dag.py:3211} INFO - Sync 1 DAGs
[2026-08-12T05:07:10.201+0000] {logging_mixin.py:190} INFO - [2026-08-12T05:07:10.201+0000] {dag.py:4138} INFO - Setting next_dagrun for example_nested_branch_dag to 2026-08-11 00:00:00+00:00, run_after=2026-08-12 00:00:00+00:00
[2026-08-12T05:07:10.221+0000] {processor.py:208} INFO - Processing /home/airflow/.local/lib/python3.12/site-packages/airflow/example_dags/example_nested_branch_dag.py took 0.092 seconds
[2026-08-12T05:07:40.975+0000] {processor.py:186} INFO - Started process (PID=4352) to work on /home/airflow/.local/lib/python3.12/site-packages/airflow/example_dags/example_nested_branch_dag.py
[2026-08-12T05:07:40.977+0000] {processor.py:914} INFO - Processing file /home/airflow/.local/lib/python3.12/site-packages/airflow/example_dags/example_nested_branch_dag.py for tasks to queue
[2026-08-12T05:07:40.980+0000] {logging_mixin.py:190} INFO - [2026-08-12T05:07:40.980+0000] {dagbag.py:587} INFO - Filling up the DagBag from /home/airflow/.local/lib/python3.12/site-packages/airflow/example_dags/example_nested_branch_dag.py
[2026-08-12T05:07:40.992+0000] {processor.py:925} INFO - DAG(s) 'example_nested_branch_dag' retrieved from /home/airflow/.local/lib/python3.12/site-packages/airflow/example_dags/example_nested_branch_dag.py
[2026-08-12T05:07:41.016+0000] {logging_mixin.py:190} INFO - [2026-08-12T05:07:41.016+0000] {dag.py:3211} INFO - Sync 1 DAGs
[2026-08-12T05:07:41.041+0000] {logging_mixin.py:190} INFO - [2026-08-12T05:07:41.040+0000] {dag.py:4138} INFO - Setting next_dagrun for example_nested_branch_dag to 2026-08-11 00:00:00+00:00, run_after=2026-08-12 00:00:00+00:00
[2026-08-12T05:07:41.062+0000] {processor.py:208} INFO - Processing /home/airflow/.local/lib/python3.12/site-packages/airflow/example_dags/example_nested_branch_dag.py took 0.093 seconds
[2026-08-12T05:08:11.131+0000] {processor.py:186} INFO - Started process (PID=4415) to work on /home/airflow/.local/lib/python3.12/site-packages/airflow/example_dags/example_nested_branch_dag.py
[2026-08-12T05:08:11.133+0000] {processor.py:914} INFO - Processing file /home/airflow/.local/lib/python3.12/site-packages/airflow/example_dags/example_nested_branch_dag.py for tasks to queue
[2026-08-12T05:08:11.136+0000] {logging_mixin.py:190} INFO - [2026-08-12T05:08:11.136+0000] {dagbag.py:587} INFO - Filling up the DagBag from /home/airflow/.local/lib/python3.12/site-packages/airflow/example_dags/example_nested_branch_dag.py
[2026-08-12T05:08:11.148+0000] {processor.py:925} INFO - DAG(s) 'example_nested_branch_dag' retrieved from /home/airflow/.local/lib/python3.12/site-packages/airflow/example_dags/example_nested_branch_dag.py
[2026-08-12T05:08:11.172+0000] {logging_mixin.py:190} INFO - [2026-08-12T05:08:11.171+0000] {dag.py:3211} INFO - Sync 1 DAGs
[2026-08-12T05:08:11.199+0000] {logging_mixin.py:190} INFO - [2026-08-12T05:08:11.199+0000] {dag.py:4138} INFO - Setting next_dagrun for example_nested_branch_dag to 2026-08-11 00:00:00+00:00, run_after=2026-08-12 00:00:00+00:00
[2026-08-12T05:08:11.222+0000] {processor.py:208} INFO - Processing /home/airflow/.local/lib/python3.12/site-packages/airflow/example_dags/example_nested_branch_dag.py took 0.097 seconds
[2026-08-12T05:08:42.012+0000] {processor.py:186} INFO - Started process (PID=4478) to work on /home/airflow/.local/lib/python3.12/site-packages/airflow/example_dags/example_nested_branch_dag.py
[2026-08-12T05:08:42.026+0000] {processor.py:914} INFO - Processing file /home/airflow/.local/lib/python3.12/site-packages/airflow/example_dags/example_nested_branch_dag.py for tasks to queue
[2026-08-12T05:08:42.031+0000] {logging_mixin.py:190} INFO - [2026-08-12T05:08:42.030+0000] {dagbag.py:587} INFO - Filling up the DagBag from /home/airflow/.local/lib/python3.12/site-packages/airflow/example_dags/example_nested_branch_dag.py
[2026-08-12T05:08:42.046+0000] {processor.py:925} INFO - DAG(s) 'example_nested_branch_dag' retrieved from /home/airflow/.local/lib/python3.12/site-packages/airflow/example_dags/example_nested_branch_dag.py
[2026-08-12T05:08:42.080+0000] {logging_mixin.py:190} INFO - [2026-08-12T05:08:42.079+0000] {dag.py:3211} INFO - Sync 1 DAGs
[2026-08-12T05:08:42.113+0000] {logging_mixin.py:190} INFO - [2026-08-12T05:08:42.112+0000] {dag.py:4138} INFO - Setting next_dagrun for example_nested_branch_dag to 2026-08-11 00:00:00+00:00, run_after=2026-08-12 00:00:00+00:00
[2026-08-12T05:08:42.138+0000] {processor.py:208} INFO - Processing /home/airflow/.local/lib/python3.12/site-packages/airflow/example_dags/example_nested_branch_dag.py took 0.133 seconds
[2026-08-12T05:09:12.553+0000] {processor.py:186} INFO - Started process (PID=4541) to work on /home/airflow/.local/lib/python3.12/site-packages/airflow/example_dags/example_nested_branch_dag.py
[2026-08-12T05:09:12.555+0000] {processor.py:914} INFO - Processing file /home/airflow/.local/lib/python3.12/site-packages/airflow/example_dags/example_nested_branch_dag.py for tasks to queue
[2026-08-12T05:09:12.558+0000] {logging_mixin.py:190} INFO - [2026-08-12T05:09:12.558+0000] {dagbag.py:587} INFO - Filling up the DagBag from /home/airflow/.local/lib/python3.12/site-packages/airflow/example_dags/example_nested_branch_dag.py
[2026-08-12T05:09:12.584+0000] {processor.py:925} INFO - DAG(s) 'example_nested_branch_dag' retrieved from /home/airflow/.local/lib/python3.12/site-packages/airflow/example_dags/example_nested_branch_dag.py
[2026-08-12T05:09:12.606+0000] {logging_mixin.py:190} INFO - [2026-08-12T05:09:12.606+0000] {dag.py:3211} INFO - Sync 1 DAGs
[2026-08-12T05:09:12.629+0000] {logging_mixin.py:190} INFO - [2026-08-12T05:09:12.628+0000] {dag.py:4138} INFO - Setting next_dagrun for example_nested_branch_dag to 2026-08-11 00:00:00+00:00, run_after=2026-08-12 00:00:00+00:00
[2026-08-12T05:09:12.659+0000] {processor.py:208} INFO - Processing /home/airflow/.local/lib/python3.12/site-packages/airflow/example_dags/example_nested_branch_dag.py took 0.114 seconds
[2026-08-12T05:09:43.268+0000] {processor.py:186} INFO - Started process (PID=4604) to work on /home/airflow/.local/lib/python3.12/site-packages/airflow/example_dags/example_nested_branch_dag.py
[2026-08-12T05:09:43.269+0000] {processor.py:914} INFO - Processing file /home/airflow/.local/lib/python3.12/site-packages/airflow/example_dags/example_nested_branch_dag.py for tasks to queue
[2026-08-12T05:09:43.274+0000] {logging_mixin.py:190} INFO - [2026-08-12T05:09:43.273+0000] {dagbag.py:587} INFO - Filling up the DagBag from /home/airflow/.local/lib/python3.12/site-packages/airflow/example_dags/example_nested_branch_dag.py
[2026-08-12T05:09:43.289+0000] {processor.py:925} INFO - DAG(s) 'example_nested_branch_dag' retrieved from /home/airflow/.local/lib/python3.12/site-packages/airflow/example_dags/example_nested_branch_dag.py
[2026-08-12T05:09:43.334+0000] {logging_mixin.py:190} INFO - [2026-08-12T05:09:43.333+0000] {dag.py:3211} INFO - Sync 1 DAGs
[2026-08-12T05:09:43.360+0000] {logging_mixin.py:190} INFO - [2026-08-12T05:09:43.360+0000] {dag.py:4138} INFO - Setting next_dagrun for example_nested_branch_dag to 2026-08-11 00:00:00+00:00, run_after=2026-08-12 00:00:00+00:00
[2026-08-12T05:09:43.378+0000] {processor.py:208} INFO - Processing /home/airflow/.local/lib/python3.12/site-packages/airflow/example_dags/example_nested_branch_dag.py took 0.118 seconds
[2026-08-12T05:10:13.981+0000] {processor.py:186} INFO - Started process (PID=4668) to work on /home/airflow/.local/lib/python3.12/site-packages/airflow/example_dags/example_nested_branch_dag.py
[2026-08-12T05:10:13.982+0000] {processor.py:914} INFO - Processing file /home/airflow/.local/lib/python3.12/site-packages/airflow/example_dags/example_nested_branch_dag.py for tasks to queue
[2026-08-12T05:10:13.985+0000] {logging_mixin.py:190} INFO - [2026-08-12T05:10:13.985+0000] {dagbag.py:587} INFO - Filling up the DagBag from /home/airflow/.local/lib/python3.12/site-packages/airflow/example_dags/example_nested_branch_dag.py
[2026-08-12T05:10:14.000+0000] {processor.py:925} INFO - DAG(s) 'example_nested_branch_dag' retrieved from /home/airflow/.local/lib/python3.12/site-packages/airflow/example_dags/example_nested_branch_dag.py
[2026-08-12T05:10:14.024+0000] {logging_mixin.py:190} INFO - [2026-08-12T05:10:14.024+0000] {dag.py:3211} INFO - Sync 1 DAGs
[2026-08-12T05:10:14.049+0000] {logging_mixin.py:190} INFO - [2026-08-12T05:10:14.048+0000] {dag.py:4138} INFO - Setting next_dagrun for example_nested_branch_dag to 2026-08-11 00:00:00+00:00, run_after=2026-08-12 00:00:00+00:00
[2026-08-12T05:10:14.079+0000] {processor.py:208} INFO - Processing /home/airflow/.local/lib/python3.12/site-packages/airflow/example_dags/example_nested_branch_dag.py took 0.107 seconds
