[2026-08-12T04:30:32.493+0000] {processor.py:186} INFO - Started process (PID=68) to work on /home/airflow/.local/lib/python3.12/site-packages/airflow/example_dags/example_short_circuit_decorator.py
[2026-08-12T04:30:32.496+0000] {processor.py:914} INFO - Processing file /home/airflow/.local/lib/python3.12/site-packages/airflow/example_dags/example_short_circuit_decorator.py for tasks to queue
[2026-08-12T04:30:32.502+0000] {logging_mixin.py:190} INFO - [2026-08-12T04:30:32.501+0000] {dagbag.py:587} INFO - Filling up the DagBag from /home/airflow/.local/lib/python3.12/site-packages/airflow/example_dags/example_short_circuit_decorator.py
[2026-08-12T04:30:32.529+0000] {processor.py:925} INFO - DAG(s) 'example_short_circuit_decorator' retrieved from /home/airflow/.local/lib/python3.12/site-packages/airflow/example_dags/example_short_circuit_decorator.py
[2026-08-12T04:30:32.734+0000] {logging_mixin.py:190} INFO - [2026-08-12T04:30:32.733+0000] {override.py:1858} INFO - Created Permission View: can edit on DAG:example_short_circuit_decorator
[2026-08-12T04:30:32.751+0000] {logging_mixin.py:190} INFO - [2026-08-12T04:30:32.750+0000] {override.py:1858} INFO - Created Permission View: can delete on DAG:example_short_circuit_decorator
[2026-08-12T04:30:32.764+0000] {logging_mixin.py:190} INFO - [2026-08-12T04:30:32.763+0000] {override.py:1858} INFO - Created Permission View: can read on DAG:example_short_circuit_decorator
[2026-08-12T04:30:32.765+0000] {logging_mixin.py:190} INFO - [2026-08-12T04:30:32.765+0000] {dag.py:3211} INFO - Sync 1 DAGs
[2026-08-12T04:30:32.787+0000] {logging_mixin.py:190} INFO - [2026-08-12T04:30:32.786+0000] {dag.py:3234} INFO - Creating ORM DAG for example_short_circuit_decorator
[2026-08-12T04:30:32.804+0000] {logging_mixin.py:190} INFO - [2026-08-12T04:30:32.803+0000] {dag.py:4138} INFO - Setting next_dagrun for example_short_circuit_decorator to 2026-08-11 00:00:00+00:00, run_after=2026-08-12 00:00:00+00:00
[2026-08-12T04:30:32.826+0000] {processor.py:208} INFO - Processing /home/airflow/.local/lib/python3.12/site-packages/airflow/example_dags/example_short_circuit_decorator.py took 0.345 seconds
[2026-08-12T04:31:03.233+0000] {processor.py:186} INFO - Started process (PID=135) to work on /home/airflow/.local/lib/python3.12/site-packages/airflow/example_dags/example_short_circuit_decorator.py
[2026-08-12T04:31:03.235+0000] {processor.py:914} INFO - Processing file /home/airflow/.local/lib/python3.12/site-packages/airflow/example_dags/example_short_circuit_decorator.py for tasks to queue
[2026-08-12T04:31:03.241+0000] {logging_mixin.py:190} INFO - [2026-08-12T04:31:03.240+0000] {dagbag.py:587} INFO - Filling up the DagBag from /home/airflow/.local/lib/python3.12/site-packages/airflow/example_dags/example_short_circuit_decorator.py
[2026-08-12T04:31:03.258+0000] {processor.py:925} INFO - DAG(s) 'example_short_circuit_decorator' retrieved from /home/airflow/.local/lib/python3.12/site-packages/airflow/example_dags/example_short_circuit_decorator.py
[2026-08-12T04:31:03.291+0000] {logging_mixin.py:190} INFO - [2026-08-12T04:31:03.291+0000] {dag.py:3211} INFO - Sync 1 DAGs
[2026-08-12T04:31:03.321+0000] {logging_mixin.py:190} INFO - [2026-08-12T04:31:03.320+0000] {dag.py:4138} INFO - Setting next_dagrun for example_short_circuit_decorator to 2026-08-11 00:00:00+00:00, run_after=2026-08-12 00:00:00+00:00
[2026-08-12T04:31:03.345+0000] {processor.py:208} INFO - Processing /home/airflow/.local/lib/python3.12/site-packages/airflow/example_dags/example_short_circuit_decorator.py took 0.119 seconds
[2026-08-12T04:31:34.122+0000] {processor.py:186} INFO - Started process (PID=199) to work on /home/airflow/.local/lib/python3.12/site-packages/airflow/example_dags/example_short_circuit_decorator.py
[2026-08-12T04:31:34.124+0000] {processor.py:914} INFO - Processing file /home/airflow/.local/lib/python3.12/site-packages/airflow/example_dags/example_short_circuit_decorator.py for tasks to queue
[2026-08-12T04:31:34.128+0000] {logging_mixin.py:190} INFO - [2026-08-12T04:31:34.128+0000] {dagbag.py:587} INFO - Filling up the DagBag from /home/airflow/.local/lib/python3.12/site-packages/airflow/example_dags/example_short_circuit_decorator.py
[2026-08-12T04:31:34.138+0000] {processor.py:925} INFO - DAG(s) 'example_short_circuit_decorator' retrieved from /home/airflow/.local/lib/python3.12/site-packages/airflow/example_dags/example_short_circuit_decorator.py
[2026-08-12T04:31:34.175+0000] {logging_mixin.py:190} INFO - [2026-08-12T04:31:34.175+0000] {dag.py:3211} INFO - Sync 1 DAGs
[2026-08-12T04:31:34.199+0000] {logging_mixin.py:190} INFO - [2026-08-12T04:31:34.199+0000] {dag.py:4138} INFO - Setting next_dagrun for example_short_circuit_decorator to 2026-08-11 00:00:00+00:00, run_after=2026-08-12 00:00:00+00:00
[2026-08-12T04:31:34.233+0000] {processor.py:208} INFO - Processing /home/airflow/.local/lib/python3.12/site-packages/airflow/example_dags/example_short_circuit_decorator.py took 0.117 seconds
[2026-08-12T04:32:04.713+0000] {processor.py:186} INFO - Started process (PID=261) to work on /home/airflow/.local/lib/python3.12/site-packages/airflow/example_dags/example_short_circuit_decorator.py
[2026-08-12T04:32:04.715+0000] {processor.py:914} INFO - Processing file /home/airflow/.local/lib/python3.12/site-packages/airflow/example_dags/example_short_circuit_decorator.py for tasks to queue
[2026-08-12T04:32:04.718+0000] {logging_mixin.py:190} INFO - [2026-08-12T04:32:04.718+0000] {dagbag.py:587} INFO - Filling up the DagBag from /home/airflow/.local/lib/python3.12/site-packages/airflow/example_dags/example_short_circuit_decorator.py
[2026-08-12T04:32:04.729+0000] {processor.py:925} INFO - DAG(s) 'example_short_circuit_decorator' retrieved from /home/airflow/.local/lib/python3.12/site-packages/airflow/example_dags/example_short_circuit_decorator.py
[2026-08-12T04:32:04.753+0000] {logging_mixin.py:190} INFO - [2026-08-12T04:32:04.753+0000] {dag.py:3211} INFO - Sync 1 DAGs
[2026-08-12T04:32:04.776+0000] {logging_mixin.py:190} INFO - [2026-08-12T04:32:04.776+0000] {dag.py:4138} INFO - Setting next_dagrun for example_short_circuit_decorator to 2026-08-11 00:00:00+00:00, run_after=2026-08-12 00:00:00+00:00
[2026-08-12T04:32:04.809+0000] {processor.py:208} INFO - Processing /home/airflow/.local/lib/python3.12/site-packages/airflow/example_dags/example_short_circuit_decorator.py took 0.101 seconds
[2026-08-12T04:32:52.811+0000] {processor.py:186} INFO - Started process (PID=58) to work on /home/airflow/.local/lib/python3.12/site-packages/airflow/example_dags/example_short_circuit_decorator.py
[2026-08-12T04:32:52.813+0000] {processor.py:914} INFO - Processing file /home/airflow/.local/lib/python3.12/site-packages/airflow/example_dags/example_short_circuit_decorator.py for tasks to queue
[2026-08-12T04:32:52.819+0000] {logging_mixin.py:190} INFO - [2026-08-12T04:32:52.818+0000] {dagbag.py:587} INFO - Filling up the DagBag from /home/airflow/.local/lib/python3.12/site-packages/airflow/example_dags/example_short_circuit_decorator.py
[2026-08-12T04:32:52.842+0000] {processor.py:925} INFO - DAG(s) 'example_short_circuit_decorator' retrieved from /home/airflow/.local/lib/python3.12/site-packages/airflow/example_dags/example_short_circuit_decorator.py
[2026-08-12T04:32:52.888+0000] {logging_mixin.py:190} INFO - [2026-08-12T04:32:52.888+0000] {dag.py:3211} INFO - Sync 1 DAGs
[2026-08-12T04:32:52.930+0000] {logging_mixin.py:190} INFO - [2026-08-12T04:32:52.929+0000] {dag.py:4138} INFO - Setting next_dagrun for example_short_circuit_decorator to 2026-08-11 00:00:00+00:00, run_after=2026-08-12 00:00:00+00:00
[2026-08-12T04:32:52.982+0000] {processor.py:208} INFO - Processing /home/airflow/.local/lib/python3.12/site-packages/airflow/example_dags/example_short_circuit_decorator.py took 0.181 seconds
[2026-08-12T04:33:23.482+0000] {processor.py:186} INFO - Started process (PID=121) to work on /home/airflow/.local/lib/python3.12/site-packages/airflow/example_dags/example_short_circuit_decorator.py
[2026-08-12T04:33:23.484+0000] {processor.py:914} INFO - Processing file /home/airflow/.local/lib/python3.12/site-packages/airflow/example_dags/example_short_circuit_decorator.py for tasks to queue
[2026-08-12T04:33:23.487+0000] {logging_mixin.py:190} INFO - [2026-08-12T04:33:23.487+0000] {dagbag.py:587} INFO - Filling up the DagBag from /home/airflow/.local/lib/python3.12/site-packages/airflow/example_dags/example_short_circuit_decorator.py
[2026-08-12T04:33:23.501+0000] {processor.py:925} INFO - DAG(s) 'example_short_circuit_decorator' retrieved from /home/airflow/.local/lib/python3.12/site-packages/airflow/example_dags/example_short_circuit_decorator.py
[2026-08-12T04:33:23.525+0000] {logging_mixin.py:190} INFO - [2026-08-12T04:33:23.525+0000] {dag.py:3211} INFO - Sync 1 DAGs
[2026-08-12T04:33:23.549+0000] {logging_mixin.py:190} INFO - [2026-08-12T04:33:23.549+0000] {dag.py:4138} INFO - Setting next_dagrun for example_short_circuit_decorator to 2026-08-11 00:00:00+00:00, run_after=2026-08-12 00:00:00+00:00
[2026-08-12T04:33:23.570+0000] {processor.py:208} INFO - Processing /home/airflow/.local/lib/python3.12/site-packages/airflow/example_dags/example_short_circuit_decorator.py took 0.095 seconds
[2026-08-12T04:33:54.339+0000] {processor.py:186} INFO - Started process (PID=189) to work on /home/airflow/.local/lib/python3.12/site-packages/airflow/example_dags/example_short_circuit_decorator.py
[2026-08-12T04:33:54.341+0000] {processor.py:914} INFO - Processing file /home/airflow/.local/lib/python3.12/site-packages/airflow/example_dags/example_short_circuit_decorator.py for tasks to queue
[2026-08-12T04:33:54.345+0000] {logging_mixin.py:190} INFO - [2026-08-12T04:33:54.344+0000] {dagbag.py:587} INFO - Filling up the DagBag from /home/airflow/.local/lib/python3.12/site-packages/airflow/example_dags/example_short_circuit_decorator.py
[2026-08-12T04:33:54.356+0000] {processor.py:925} INFO - DAG(s) 'example_short_circuit_decorator' retrieved from /home/airflow/.local/lib/python3.12/site-packages/airflow/example_dags/example_short_circuit_decorator.py
[2026-08-12T04:33:54.379+0000] {logging_mixin.py:190} INFO - [2026-08-12T04:33:54.379+0000] {dag.py:3211} INFO - Sync 1 DAGs
[2026-08-12T04:33:54.413+0000] {logging_mixin.py:190} INFO - [2026-08-12T04:33:54.413+0000] {dag.py:4138} INFO - Setting next_dagrun for example_short_circuit_decorator to 2026-08-11 00:00:00+00:00, run_after=2026-08-12 00:00:00+00:00
[2026-08-12T04:33:54.432+0000] {processor.py:208} INFO - Processing /home/airflow/.local/lib/python3.12/site-packages/airflow/example_dags/example_short_circuit_decorator.py took 0.099 seconds
[2026-08-12T04:34:24.735+0000] {processor.py:186} INFO - Started process (PID=251) to work on /home/airflow/.local/lib/python3.12/site-packages/airflow/example_dags/example_short_circuit_decorator.py
[2026-08-12T04:34:24.737+0000] {processor.py:914} INFO - Processing file /home/airflow/.local/lib/python3.12/site-packages/airflow/example_dags/example_short_circuit_decorator.py for tasks to queue
[2026-08-12T04:34:24.741+0000] {logging_mixin.py:190} INFO - [2026-08-12T04:34:24.740+0000] {dagbag.py:587} INFO - Filling up the DagBag from /home/airflow/.local/lib/python3.12/site-packages/airflow/example_dags/example_short_circuit_decorator.py
[2026-08-12T04:34:24.755+0000] {processor.py:925} INFO - DAG(s) 'example_short_circuit_decorator' retrieved from /home/airflow/.local/lib/python3.12/site-packages/airflow/example_dags/example_short_circuit_decorator.py
[2026-08-12T04:34:24.793+0000] {logging_mixin.py:190} INFO - [2026-08-12T04:34:24.793+0000] {dag.py:3211} INFO - Sync 1 DAGs
[2026-08-12T04:34:24.858+0000] {logging_mixin.py:190} INFO - [2026-08-12T04:34:24.858+0000] {dag.py:4138} INFO - Setting next_dagrun for example_short_circuit_decorator to 2026-08-11 00:00:00+00:00, run_after=2026-08-12 00:00:00+00:00
[2026-08-12T04:34:24.888+0000] {processor.py:208} INFO - Processing /home/airflow/.local/lib/python3.12/site-packages/airflow/example_dags/example_short_circuit_decorator.py took 0.161 seconds
[2026-08-12T04:34:55.533+0000] {processor.py:186} INFO - Started process (PID=313) to work on /home/airflow/.local/lib/python3.12/site-packages/airflow/example_dags/example_short_circuit_decorator.py
[2026-08-12T04:34:55.535+0000] {processor.py:914} INFO - Processing file /home/airflow/.local/lib/python3.12/site-packages/airflow/example_dags/example_short_circuit_decorator.py for tasks to queue
[2026-08-12T04:34:55.538+0000] {logging_mixin.py:190} INFO - [2026-08-12T04:34:55.538+0000] {dagbag.py:587} INFO - Filling up the DagBag from /home/airflow/.local/lib/python3.12/site-packages/airflow/example_dags/example_short_circuit_decorator.py
[2026-08-12T04:34:55.564+0000] {processor.py:925} INFO - DAG(s) 'example_short_circuit_decorator' retrieved from /home/airflow/.local/lib/python3.12/site-packages/airflow/example_dags/example_short_circuit_decorator.py
[2026-08-12T04:34:55.601+0000] {logging_mixin.py:190} INFO - [2026-08-12T04:34:55.601+0000] {dag.py:3211} INFO - Sync 1 DAGs
[2026-08-12T04:34:55.625+0000] {logging_mixin.py:190} INFO - [2026-08-12T04:34:55.625+0000] {dag.py:4138} INFO - Setting next_dagrun for example_short_circuit_decorator to 2026-08-11 00:00:00+00:00, run_after=2026-08-12 00:00:00+00:00
[2026-08-12T04:34:55.648+0000] {processor.py:208} INFO - Processing /home/airflow/.local/lib/python3.12/site-packages/airflow/example_dags/example_short_circuit_decorator.py took 0.122 seconds
[2026-08-12T04:35:25.885+0000] {processor.py:186} INFO - Started process (PID=375) to work on /home/airflow/.local/lib/python3.12/site-packages/airflow/example_dags/example_short_circuit_decorator.py
[2026-08-12T04:35:25.887+0000] {processor.py:914} INFO - Processing file /home/airflow/.local/lib/python3.12/site-packages/airflow/example_dags/example_short_circuit_decorator.py for tasks to queue
[2026-08-12T04:35:25.892+0000] {logging_mixin.py:190} INFO - [2026-08-12T04:35:25.891+0000] {dagbag.py:587} INFO - Filling up the DagBag from /home/airflow/.local/lib/python3.12/site-packages/airflow/example_dags/example_short_circuit_decorator.py
[2026-08-12T04:35:25.906+0000] {processor.py:925} INFO - DAG(s) 'example_short_circuit_decorator' retrieved from /home/airflow/.local/lib/python3.12/site-packages/airflow/example_dags/example_short_circuit_decorator.py
[2026-08-12T04:35:25.938+0000] {logging_mixin.py:190} INFO - [2026-08-12T04:35:25.938+0000] {dag.py:3211} INFO - Sync 1 DAGs
[2026-08-12T04:35:25.970+0000] {logging_mixin.py:190} INFO - [2026-08-12T04:35:25.969+0000] {dag.py:4138} INFO - Setting next_dagrun for example_short_circuit_decorator to 2026-08-11 00:00:00+00:00, run_after=2026-08-12 00:00:00+00:00
[2026-08-12T04:35:25.991+0000] {processor.py:208} INFO - Processing /home/airflow/.local/lib/python3.12/site-packages/airflow/example_dags/example_short_circuit_decorator.py took 0.115 seconds
[2026-08-12T04:35:56.102+0000] {processor.py:186} INFO - Started process (PID=437) to work on /home/airflow/.local/lib/python3.12/site-packages/airflow/example_dags/example_short_circuit_decorator.py
[2026-08-12T04:35:56.104+0000] {processor.py:914} INFO - Processing file /home/airflow/.local/lib/python3.12/site-packages/airflow/example_dags/example_short_circuit_decorator.py for tasks to queue
[2026-08-12T04:35:56.106+0000] {logging_mixin.py:190} INFO - [2026-08-12T04:35:56.106+0000] {dagbag.py:587} INFO - Filling up the DagBag from /home/airflow/.local/lib/python3.12/site-packages/airflow/example_dags/example_short_circuit_decorator.py
[2026-08-12T04:35:56.116+0000] {processor.py:925} INFO - DAG(s) 'example_short_circuit_decorator' retrieved from /home/airflow/.local/lib/python3.12/site-packages/airflow/example_dags/example_short_circuit_decorator.py
[2026-08-12T04:35:56.155+0000] {logging_mixin.py:190} INFO - [2026-08-12T04:35:56.155+0000] {dag.py:3211} INFO - Sync 1 DAGs
[2026-08-12T04:35:56.182+0000] {logging_mixin.py:190} INFO - [2026-08-12T04:35:56.181+0000] {dag.py:4138} INFO - Setting next_dagrun for example_short_circuit_decorator to 2026-08-11 00:00:00+00:00, run_after=2026-08-12 00:00:00+00:00
[2026-08-12T04:35:56.205+0000] {processor.py:208} INFO - Processing /home/airflow/.local/lib/python3.12/site-packages/airflow/example_dags/example_short_circuit_decorator.py took 0.108 seconds
[2026-08-12T04:36:27.084+0000] {processor.py:186} INFO - Started process (PID=499) to work on /home/airflow/.local/lib/python3.12/site-packages/airflow/example_dags/example_short_circuit_decorator.py
[2026-08-12T04:36:27.087+0000] {processor.py:914} INFO - Processing file /home/airflow/.local/lib/python3.12/site-packages/airflow/example_dags/example_short_circuit_decorator.py for tasks to queue
[2026-08-12T04:36:27.091+0000] {logging_mixin.py:190} INFO - [2026-08-12T04:36:27.090+0000] {dagbag.py:587} INFO - Filling up the DagBag from /home/airflow/.local/lib/python3.12/site-packages/airflow/example_dags/example_short_circuit_decorator.py
[2026-08-12T04:36:27.104+0000] {processor.py:925} INFO - DAG(s) 'example_short_circuit_decorator' retrieved from /home/airflow/.local/lib/python3.12/site-packages/airflow/example_dags/example_short_circuit_decorator.py
[2026-08-12T04:36:27.127+0000] {logging_mixin.py:190} INFO - [2026-08-12T04:36:27.127+0000] {dag.py:3211} INFO - Sync 1 DAGs
[2026-08-12T04:36:27.164+0000] {logging_mixin.py:190} INFO - [2026-08-12T04:36:27.164+0000] {dag.py:4138} INFO - Setting next_dagrun for example_short_circuit_decorator to 2026-08-11 00:00:00+00:00, run_after=2026-08-12 00:00:00+00:00
[2026-08-12T04:36:27.185+0000] {processor.py:208} INFO - Processing /home/airflow/.local/lib/python3.12/site-packages/airflow/example_dags/example_short_circuit_decorator.py took 0.109 seconds
[2026-08-12T04:36:57.484+0000] {processor.py:186} INFO - Started process (PID=561) to work on /home/airflow/.local/lib/python3.12/site-packages/airflow/example_dags/example_short_circuit_decorator.py
[2026-08-12T04:36:57.486+0000] {processor.py:914} INFO - Processing file /home/airflow/.local/lib/python3.12/site-packages/airflow/example_dags/example_short_circuit_decorator.py for tasks to queue
[2026-08-12T04:36:57.490+0000] {logging_mixin.py:190} INFO - [2026-08-12T04:36:57.489+0000] {dagbag.py:587} INFO - Filling up the DagBag from /home/airflow/.local/lib/python3.12/site-packages/airflow/example_dags/example_short_circuit_decorator.py
[2026-08-12T04:36:57.502+0000] {processor.py:925} INFO - DAG(s) 'example_short_circuit_decorator' retrieved from /home/airflow/.local/lib/python3.12/site-packages/airflow/example_dags/example_short_circuit_decorator.py
[2026-08-12T04:36:57.543+0000] {logging_mixin.py:190} INFO - [2026-08-12T04:36:57.538+0000] {dag.py:3211} INFO - Sync 1 DAGs
[2026-08-12T04:36:57.586+0000] {logging_mixin.py:190} INFO - [2026-08-12T04:36:57.585+0000] {dag.py:4138} INFO - Setting next_dagrun for example_short_circuit_decorator to 2026-08-11 00:00:00+00:00, run_after=2026-08-12 00:00:00+00:00
[2026-08-12T04:36:57.608+0000] {processor.py:208} INFO - Processing /home/airflow/.local/lib/python3.12/site-packages/airflow/example_dags/example_short_circuit_decorator.py took 0.131 seconds
[2026-08-12T04:37:28.420+0000] {processor.py:186} INFO - Started process (PID=623) to work on /home/airflow/.local/lib/python3.12/site-packages/airflow/example_dags/example_short_circuit_decorator.py
[2026-08-12T04:37:28.422+0000] {processor.py:914} INFO - Processing file /home/airflow/.local/lib/python3.12/site-packages/airflow/example_dags/example_short_circuit_decorator.py for tasks to queue
[2026-08-12T04:37:28.424+0000] {logging_mixin.py:190} INFO - [2026-08-12T04:37:28.424+0000] {dagbag.py:587} INFO - Filling up the DagBag from /home/airflow/.local/lib/python3.12/site-packages/airflow/example_dags/example_short_circuit_decorator.py
[2026-08-12T04:37:28.436+0000] {processor.py:925} INFO - DAG(s) 'example_short_circuit_decorator' retrieved from /home/airflow/.local/lib/python3.12/site-packages/airflow/example_dags/example_short_circuit_decorator.py
[2026-08-12T04:37:28.460+0000] {logging_mixin.py:190} INFO - [2026-08-12T04:37:28.460+0000] {dag.py:3211} INFO - Sync 1 DAGs
[2026-08-12T04:37:28.485+0000] {logging_mixin.py:190} INFO - [2026-08-12T04:37:28.485+0000] {dag.py:4138} INFO - Setting next_dagrun for example_short_circuit_decorator to 2026-08-11 00:00:00+00:00, run_after=2026-08-12 00:00:00+00:00
[2026-08-12T04:37:28.507+0000] {processor.py:208} INFO - Processing /home/airflow/.local/lib/python3.12/site-packages/airflow/example_dags/example_short_circuit_decorator.py took 0.094 seconds
[2026-08-12T04:37:59.004+0000] {processor.py:186} INFO - Started process (PID=685) to work on /home/airflow/.local/lib/python3.12/site-packages/airflow/example_dags/example_short_circuit_decorator.py
[2026-08-12T04:37:59.006+0000] {processor.py:914} INFO - Processing file /home/airflow/.local/lib/python3.12/site-packages/airflow/example_dags/example_short_circuit_decorator.py for tasks to queue
[2026-08-12T04:37:59.010+0000] {logging_mixin.py:190} INFO - [2026-08-12T04:37:59.009+0000] {dagbag.py:587} INFO - Filling up the DagBag from /home/airflow/.local/lib/python3.12/site-packages/airflow/example_dags/example_short_circuit_decorator.py
[2026-08-12T04:37:59.024+0000] {processor.py:925} INFO - DAG(s) 'example_short_circuit_decorator' retrieved from /home/airflow/.local/lib/python3.12/site-packages/airflow/example_dags/example_short_circuit_decorator.py
[2026-08-12T04:37:59.049+0000] {logging_mixin.py:190} INFO - [2026-08-12T04:37:59.049+0000] {dag.py:3211} INFO - Sync 1 DAGs
[2026-08-12T04:37:59.075+0000] {logging_mixin.py:190} INFO - [2026-08-12T04:37:59.075+0000] {dag.py:4138} INFO - Setting next_dagrun for example_short_circuit_decorator to 2026-08-11 00:00:00+00:00, run_after=2026-08-12 00:00:00+00:00
[2026-08-12T04:37:59.110+0000] {processor.py:208} INFO - Processing /home/airflow/.local/lib/python3.12/site-packages/airflow/example_dags/example_short_circuit_decorator.py took 0.112 seconds
[2026-08-12T04:38:29.785+0000] {processor.py:186} INFO - Started process (PID=747) to work on /home/airflow/.local/lib/python3.12/site-packages/airflow/example_dags/example_short_circuit_decorator.py
[2026-08-12T04:38:29.787+0000] {processor.py:914} INFO - Processing file /home/airflow/.local/lib/python3.12/site-packages/airflow/example_dags/example_short_circuit_decorator.py for tasks to queue
[2026-08-12T04:38:29.791+0000] {logging_mixin.py:190} INFO - [2026-08-12T04:38:29.790+0000] {dagbag.py:587} INFO - Filling up the DagBag from /home/airflow/.local/lib/python3.12/site-packages/airflow/example_dags/example_short_circuit_decorator.py
[2026-08-12T04:38:29.804+0000] {processor.py:925} INFO - DAG(s) 'example_short_circuit_decorator' retrieved from /home/airflow/.local/lib/python3.12/site-packages/airflow/example_dags/example_short_circuit_decorator.py
[2026-08-12T04:38:29.834+0000] {logging_mixin.py:190} INFO - [2026-08-12T04:38:29.834+0000] {dag.py:3211} INFO - Sync 1 DAGs
[2026-08-12T04:38:29.861+0000] {logging_mixin.py:190} INFO - [2026-08-12T04:38:29.861+0000] {dag.py:4138} INFO - Setting next_dagrun for example_short_circuit_decorator to 2026-08-11 00:00:00+00:00, run_after=2026-08-12 00:00:00+00:00
[2026-08-12T04:38:29.884+0000] {processor.py:208} INFO - Processing /home/airflow/.local/lib/python3.12/site-packages/airflow/example_dags/example_short_circuit_decorator.py took 0.108 seconds
[2026-08-12T04:39:00.189+0000] {processor.py:186} INFO - Started process (PID=809) to work on /home/airflow/.local/lib/python3.12/site-packages/airflow/example_dags/example_short_circuit_decorator.py
[2026-08-12T04:39:00.191+0000] {processor.py:914} INFO - Processing file /home/airflow/.local/lib/python3.12/site-packages/airflow/example_dags/example_short_circuit_decorator.py for tasks to queue
[2026-08-12T04:39:00.194+0000] {logging_mixin.py:190} INFO - [2026-08-12T04:39:00.194+0000] {dagbag.py:587} INFO - Filling up the DagBag from /home/airflow/.local/lib/python3.12/site-packages/airflow/example_dags/example_short_circuit_decorator.py
[2026-08-12T04:39:00.207+0000] {processor.py:925} INFO - DAG(s) 'example_short_circuit_decorator' retrieved from /home/airflow/.local/lib/python3.12/site-packages/airflow/example_dags/example_short_circuit_decorator.py
[2026-08-12T04:39:00.231+0000] {logging_mixin.py:190} INFO - [2026-08-12T04:39:00.231+0000] {dag.py:3211} INFO - Sync 1 DAGs
[2026-08-12T04:39:00.257+0000] {logging_mixin.py:190} INFO - [2026-08-12T04:39:00.257+0000] {dag.py:4138} INFO - Setting next_dagrun for example_short_circuit_decorator to 2026-08-11 00:00:00+00:00, run_after=2026-08-12 00:00:00+00:00
[2026-08-12T04:39:00.277+0000] {processor.py:208} INFO - Processing /home/airflow/.local/lib/python3.12/site-packages/airflow/example_dags/example_short_circuit_decorator.py took 0.093 seconds
[2026-08-12T04:39:30.338+0000] {processor.py:186} INFO - Started process (PID=870) to work on /home/airflow/.local/lib/python3.12/site-packages/airflow/example_dags/example_short_circuit_decorator.py
[2026-08-12T04:39:30.340+0000] {processor.py:914} INFO - Processing file /home/airflow/.local/lib/python3.12/site-packages/airflow/example_dags/example_short_circuit_decorator.py for tasks to queue
[2026-08-12T04:39:30.344+0000] {logging_mixin.py:190} INFO - [2026-08-12T04:39:30.344+0000] {dagbag.py:587} INFO - Filling up the DagBag from /home/airflow/.local/lib/python3.12/site-packages/airflow/example_dags/example_short_circuit_decorator.py
[2026-08-12T04:39:30.357+0000] {processor.py:925} INFO - DAG(s) 'example_short_circuit_decorator' retrieved from /home/airflow/.local/lib/python3.12/site-packages/airflow/example_dags/example_short_circuit_decorator.py
[2026-08-12T04:39:30.381+0000] {logging_mixin.py:190} INFO - [2026-08-12T04:39:30.381+0000] {dag.py:3211} INFO - Sync 1 DAGs
[2026-08-12T04:39:30.405+0000] {logging_mixin.py:190} INFO - [2026-08-12T04:39:30.405+0000] {dag.py:4138} INFO - Setting next_dagrun for example_short_circuit_decorator to 2026-08-11 00:00:00+00:00, run_after=2026-08-12 00:00:00+00:00
[2026-08-12T04:39:30.426+0000] {processor.py:208} INFO - Processing /home/airflow/.local/lib/python3.12/site-packages/airflow/example_dags/example_short_circuit_decorator.py took 0.095 seconds
[2026-08-12T04:40:00.650+0000] {processor.py:186} INFO - Started process (PID=932) to work on /home/airflow/.local/lib/python3.12/site-packages/airflow/example_dags/example_short_circuit_decorator.py
[2026-08-12T04:40:00.652+0000] {processor.py:914} INFO - Processing file /home/airflow/.local/lib/python3.12/site-packages/airflow/example_dags/example_short_circuit_decorator.py for tasks to queue
[2026-08-12T04:40:00.656+0000] {logging_mixin.py:190} INFO - [2026-08-12T04:40:00.655+0000] {dagbag.py:587} INFO - Filling up the DagBag from /home/airflow/.local/lib/python3.12/site-packages/airflow/example_dags/example_short_circuit_decorator.py
[2026-08-12T04:40:00.666+0000] {processor.py:925} INFO - DAG(s) 'example_short_circuit_decorator' retrieved from /home/airflow/.local/lib/python3.12/site-packages/airflow/example_dags/example_short_circuit_decorator.py
[2026-08-12T04:40:00.688+0000] {logging_mixin.py:190} INFO - [2026-08-12T04:40:00.687+0000] {dag.py:3211} INFO - Sync 1 DAGs
[2026-08-12T04:40:00.710+0000] {logging_mixin.py:190} INFO - [2026-08-12T04:40:00.710+0000] {dag.py:4138} INFO - Setting next_dagrun for example_short_circuit_decorator to 2026-08-11 00:00:00+00:00, run_after=2026-08-12 00:00:00+00:00
[2026-08-12T04:40:00.730+0000] {processor.py:208} INFO - Processing /home/airflow/.local/lib/python3.12/site-packages/airflow/example_dags/example_short_circuit_decorator.py took 0.086 seconds
[2026-08-12T04:40:31.314+0000] {processor.py:186} INFO - Started process (PID=994) to work on /home/airflow/.local/lib/python3.12/site-packages/airflow/example_dags/example_short_circuit_decorator.py
[2026-08-12T04:40:31.317+0000] {processor.py:914} INFO - Processing file /home/airflow/.local/lib/python3.12/site-packages/airflow/example_dags/example_short_circuit_decorator.py for tasks to queue
[2026-08-12T04:40:31.323+0000] {logging_mixin.py:190} INFO - [2026-08-12T04:40:31.322+0000] {dagbag.py:587} INFO - Filling up the DagBag from /home/airflow/.local/lib/python3.12/site-packages/airflow/example_dags/example_short_circuit_decorator.py
[2026-08-12T04:40:31.341+0000] {processor.py:925} INFO - DAG(s) 'example_short_circuit_decorator' retrieved from /home/airflow/.local/lib/python3.12/site-packages/airflow/example_dags/example_short_circuit_decorator.py
[2026-08-12T04:40:31.376+0000] {logging_mixin.py:190} INFO - [2026-08-12T04:40:31.376+0000] {dag.py:3211} INFO - Sync 1 DAGs
[2026-08-12T04:40:31.414+0000] {logging_mixin.py:190} INFO - [2026-08-12T04:40:31.413+0000] {dag.py:4138} INFO - Setting next_dagrun for example_short_circuit_decorator to 2026-08-11 00:00:00+00:00, run_after=2026-08-12 00:00:00+00:00
[2026-08-12T04:40:31.436+0000] {processor.py:208} INFO - Processing /home/airflow/.local/lib/python3.12/site-packages/airflow/example_dags/example_short_circuit_decorator.py took 0.133 seconds
[2026-08-12T04:41:02.001+0000] {processor.py:186} INFO - Started process (PID=1056) to work on /home/airflow/.local/lib/python3.12/site-packages/airflow/example_dags/example_short_circuit_decorator.py
[2026-08-12T04:41:02.002+0000] {processor.py:914} INFO - Processing file /home/airflow/.local/lib/python3.12/site-packages/airflow/example_dags/example_short_circuit_decorator.py for tasks to queue
[2026-08-12T04:41:02.005+0000] {logging_mixin.py:190} INFO - [2026-08-12T04:41:02.005+0000] {dagbag.py:587} INFO - Filling up the DagBag from /home/airflow/.local/lib/python3.12/site-packages/airflow/example_dags/example_short_circuit_decorator.py
[2026-08-12T04:41:02.014+0000] {processor.py:925} INFO - DAG(s) 'example_short_circuit_decorator' retrieved from /home/airflow/.local/lib/python3.12/site-packages/airflow/example_dags/example_short_circuit_decorator.py
[2026-08-12T04:41:02.036+0000] {logging_mixin.py:190} INFO - [2026-08-12T04:41:02.036+0000] {dag.py:3211} INFO - Sync 1 DAGs
[2026-08-12T04:41:02.059+0000] {logging_mixin.py:190} INFO - [2026-08-12T04:41:02.059+0000] {dag.py:4138} INFO - Setting next_dagrun for example_short_circuit_decorator to 2026-08-11 00:00:00+00:00, run_after=2026-08-12 00:00:00+00:00
[2026-08-12T04:41:02.080+0000] {processor.py:208} INFO - Processing /home/airflow/.local/lib/python3.12/site-packages/airflow/example_dags/example_short_circuit_decorator.py took 0.085 seconds
[2026-08-12T04:41:32.581+0000] {processor.py:186} INFO - Started process (PID=1118) to work on /home/airflow/.local/lib/python3.12/site-packages/airflow/example_dags/example_short_circuit_decorator.py
[2026-08-12T04:41:32.583+0000] {processor.py:914} INFO - Processing file /home/airflow/.local/lib/python3.12/site-packages/airflow/example_dags/example_short_circuit_decorator.py for tasks to queue
[2026-08-12T04:41:32.586+0000] {logging_mixin.py:190} INFO - [2026-08-12T04:41:32.585+0000] {dagbag.py:587} INFO - Filling up the DagBag from /home/airflow/.local/lib/python3.12/site-packages/airflow/example_dags/example_short_circuit_decorator.py
[2026-08-12T04:41:32.595+0000] {processor.py:925} INFO - DAG(s) 'example_short_circuit_decorator' retrieved from /home/airflow/.local/lib/python3.12/site-packages/airflow/example_dags/example_short_circuit_decorator.py
[2026-08-12T04:41:32.618+0000] {logging_mixin.py:190} INFO - [2026-08-12T04:41:32.618+0000] {dag.py:3211} INFO - Sync 1 DAGs
[2026-08-12T04:41:32.641+0000] {logging_mixin.py:190} INFO - [2026-08-12T04:41:32.640+0000] {dag.py:4138} INFO - Setting next_dagrun for example_short_circuit_decorator to 2026-08-11 00:00:00+00:00, run_after=2026-08-12 00:00:00+00:00
[2026-08-12T04:41:32.660+0000] {processor.py:208} INFO - Processing /home/airflow/.local/lib/python3.12/site-packages/airflow/example_dags/example_short_circuit_decorator.py took 0.083 seconds
[2026-08-12T04:42:03.178+0000] {processor.py:186} INFO - Started process (PID=1180) to work on /home/airflow/.local/lib/python3.12/site-packages/airflow/example_dags/example_short_circuit_decorator.py
[2026-08-12T04:42:03.180+0000] {processor.py:914} INFO - Processing file /home/airflow/.local/lib/python3.12/site-packages/airflow/example_dags/example_short_circuit_decorator.py for tasks to queue
[2026-08-12T04:42:03.183+0000] {logging_mixin.py:190} INFO - [2026-08-12T04:42:03.183+0000] {dagbag.py:587} INFO - Filling up the DagBag from /home/airflow/.local/lib/python3.12/site-packages/airflow/example_dags/example_short_circuit_decorator.py
[2026-08-12T04:42:03.205+0000] {processor.py:925} INFO - DAG(s) 'example_short_circuit_decorator' retrieved from /home/airflow/.local/lib/python3.12/site-packages/airflow/example_dags/example_short_circuit_decorator.py
[2026-08-12T04:42:03.226+0000] {logging_mixin.py:190} INFO - [2026-08-12T04:42:03.226+0000] {dag.py:3211} INFO - Sync 1 DAGs
[2026-08-12T04:42:03.248+0000] {logging_mixin.py:190} INFO - [2026-08-12T04:42:03.248+0000] {dag.py:4138} INFO - Setting next_dagrun for example_short_circuit_decorator to 2026-08-11 00:00:00+00:00, run_after=2026-08-12 00:00:00+00:00
[2026-08-12T04:42:03.282+0000] {processor.py:208} INFO - Processing /home/airflow/.local/lib/python3.12/site-packages/airflow/example_dags/example_short_circuit_decorator.py took 0.110 seconds
[2026-08-12T04:42:34.104+0000] {processor.py:186} INFO - Started process (PID=1243) to work on /home/airflow/.local/lib/python3.12/site-packages/airflow/example_dags/example_short_circuit_decorator.py
[2026-08-12T04:42:34.106+0000] {processor.py:914} INFO - Processing file /home/airflow/.local/lib/python3.12/site-packages/airflow/example_dags/example_short_circuit_decorator.py for tasks to queue
[2026-08-12T04:42:34.109+0000] {logging_mixin.py:190} INFO - [2026-08-12T04:42:34.109+0000] {dagbag.py:587} INFO - Filling up the DagBag from /home/airflow/.local/lib/python3.12/site-packages/airflow/example_dags/example_short_circuit_decorator.py
[2026-08-12T04:42:34.125+0000] {processor.py:925} INFO - DAG(s) 'example_short_circuit_decorator' retrieved from /home/airflow/.local/lib/python3.12/site-packages/airflow/example_dags/example_short_circuit_decorator.py
[2026-08-12T04:42:34.159+0000] {logging_mixin.py:190} INFO - [2026-08-12T04:42:34.158+0000] {dag.py:3211} INFO - Sync 1 DAGs
[2026-08-12T04:42:34.193+0000] {logging_mixin.py:190} INFO - [2026-08-12T04:42:34.193+0000] {dag.py:4138} INFO - Setting next_dagrun for example_short_circuit_decorator to 2026-08-11 00:00:00+00:00, run_after=2026-08-12 00:00:00+00:00
[2026-08-12T04:42:34.218+0000] {processor.py:208} INFO - Processing /home/airflow/.local/lib/python3.12/site-packages/airflow/example_dags/example_short_circuit_decorator.py took 0.120 seconds
[2026-08-12T04:43:04.558+0000] {processor.py:186} INFO - Started process (PID=1304) to work on /home/airflow/.local/lib/python3.12/site-packages/airflow/example_dags/example_short_circuit_decorator.py
[2026-08-12T04:43:04.559+0000] {processor.py:914} INFO - Processing file /home/airflow/.local/lib/python3.12/site-packages/airflow/example_dags/example_short_circuit_decorator.py for tasks to queue
[2026-08-12T04:43:04.562+0000] {logging_mixin.py:190} INFO - [2026-08-12T04:43:04.562+0000] {dagbag.py:587} INFO - Filling up the DagBag from /home/airflow/.local/lib/python3.12/site-packages/airflow/example_dags/example_short_circuit_decorator.py
[2026-08-12T04:43:04.572+0000] {processor.py:925} INFO - DAG(s) 'example_short_circuit_decorator' retrieved from /home/airflow/.local/lib/python3.12/site-packages/airflow/example_dags/example_short_circuit_decorator.py
[2026-08-12T04:43:04.593+0000] {logging_mixin.py:190} INFO - [2026-08-12T04:43:04.593+0000] {dag.py:3211} INFO - Sync 1 DAGs
[2026-08-12T04:43:04.620+0000] {logging_mixin.py:190} INFO - [2026-08-12T04:43:04.619+0000] {dag.py:4138} INFO - Setting next_dagrun for example_short_circuit_decorator to 2026-08-11 00:00:00+00:00, run_after=2026-08-12 00:00:00+00:00
[2026-08-12T04:43:04.640+0000] {processor.py:208} INFO - Processing /home/airflow/.local/lib/python3.12/site-packages/airflow/example_dags/example_short_circuit_decorator.py took 0.088 seconds
[2026-08-12T04:43:35.226+0000] {processor.py:186} INFO - Started process (PID=1366) to work on /home/airflow/.local/lib/python3.12/site-packages/airflow/example_dags/example_short_circuit_decorator.py
[2026-08-12T04:43:35.228+0000] {processor.py:914} INFO - Processing file /home/airflow/.local/lib/python3.12/site-packages/airflow/example_dags/example_short_circuit_decorator.py for tasks to queue
[2026-08-12T04:43:35.231+0000] {logging_mixin.py:190} INFO - [2026-08-12T04:43:35.230+0000] {dagbag.py:587} INFO - Filling up the DagBag from /home/airflow/.local/lib/python3.12/site-packages/airflow/example_dags/example_short_circuit_decorator.py
[2026-08-12T04:43:35.243+0000] {processor.py:925} INFO - DAG(s) 'example_short_circuit_decorator' retrieved from /home/airflow/.local/lib/python3.12/site-packages/airflow/example_dags/example_short_circuit_decorator.py
[2026-08-12T04:43:35.267+0000] {logging_mixin.py:190} INFO - [2026-08-12T04:43:35.266+0000] {dag.py:3211} INFO - Sync 1 DAGs
[2026-08-12T04:43:35.291+0000] {logging_mixin.py:190} INFO - [2026-08-12T04:43:35.291+0000] {dag.py:4138} INFO - Setting next_dagrun for example_short_circuit_decorator to 2026-08-11 00:00:00+00:00, run_after=2026-08-12 00:00:00+00:00
[2026-08-12T04:43:35.314+0000] {processor.py:208} INFO - Processing /home/airflow/.local/lib/python3.12/site-packages/airflow/example_dags/example_short_circuit_decorator.py took 0.094 seconds
[2026-08-12T04:44:05.597+0000] {processor.py:186} INFO - Started process (PID=1429) to work on /home/airflow/.local/lib/python3.12/site-packages/airflow/example_dags/example_short_circuit_decorator.py
[2026-08-12T04:44:05.599+0000] {processor.py:914} INFO - Processing file /home/airflow/.local/lib/python3.12/site-packages/airflow/example_dags/example_short_circuit_decorator.py for tasks to queue
[2026-08-12T04:44:05.602+0000] {logging_mixin.py:190} INFO - [2026-08-12T04:44:05.601+0000] {dagbag.py:587} INFO - Filling up the DagBag from /home/airflow/.local/lib/python3.12/site-packages/airflow/example_dags/example_short_circuit_decorator.py
[2026-08-12T04:44:05.615+0000] {processor.py:925} INFO - DAG(s) 'example_short_circuit_decorator' retrieved from /home/airflow/.local/lib/python3.12/site-packages/airflow/example_dags/example_short_circuit_decorator.py
[2026-08-12T04:44:05.642+0000] {logging_mixin.py:190} INFO - [2026-08-12T04:44:05.642+0000] {dag.py:3211} INFO - Sync 1 DAGs
[2026-08-12T04:44:05.664+0000] {logging_mixin.py:190} INFO - [2026-08-12T04:44:05.664+0000] {dag.py:4138} INFO - Setting next_dagrun for example_short_circuit_decorator to 2026-08-11 00:00:00+00:00, run_after=2026-08-12 00:00:00+00:00
[2026-08-12T04:44:05.685+0000] {processor.py:208} INFO - Processing /home/airflow/.local/lib/python3.12/site-packages/airflow/example_dags/example_short_circuit_decorator.py took 0.093 seconds
[2026-08-12T04:44:36.113+0000] {processor.py:186} INFO - Started process (PID=1490) to work on /home/airflow/.local/lib/python3.12/site-packages/airflow/example_dags/example_short_circuit_decorator.py
[2026-08-12T04:44:36.115+0000] {processor.py:914} INFO - Processing file /home/airflow/.local/lib/python3.12/site-packages/airflow/example_dags/example_short_circuit_decorator.py for tasks to queue
[2026-08-12T04:44:36.119+0000] {logging_mixin.py:190} INFO - [2026-08-12T04:44:36.119+0000] {dagbag.py:587} INFO - Filling up the DagBag from /home/airflow/.local/lib/python3.12/site-packages/airflow/example_dags/example_short_circuit_decorator.py
[2026-08-12T04:44:36.132+0000] {processor.py:925} INFO - DAG(s) 'example_short_circuit_decorator' retrieved from /home/airflow/.local/lib/python3.12/site-packages/airflow/example_dags/example_short_circuit_decorator.py
[2026-08-12T04:44:36.162+0000] {logging_mixin.py:190} INFO - [2026-08-12T04:44:36.161+0000] {dag.py:3211} INFO - Sync 1 DAGs
[2026-08-12T04:44:36.200+0000] {logging_mixin.py:190} INFO - [2026-08-12T04:44:36.200+0000] {dag.py:4138} INFO - Setting next_dagrun for example_short_circuit_decorator to 2026-08-11 00:00:00+00:00, run_after=2026-08-12 00:00:00+00:00
[2026-08-12T04:44:36.223+0000] {processor.py:208} INFO - Processing /home/airflow/.local/lib/python3.12/site-packages/airflow/example_dags/example_short_circuit_decorator.py took 0.116 seconds
[2026-08-12T04:45:06.600+0000] {processor.py:186} INFO - Started process (PID=1552) to work on /home/airflow/.local/lib/python3.12/site-packages/airflow/example_dags/example_short_circuit_decorator.py
[2026-08-12T04:45:06.602+0000] {processor.py:914} INFO - Processing file /home/airflow/.local/lib/python3.12/site-packages/airflow/example_dags/example_short_circuit_decorator.py for tasks to queue
[2026-08-12T04:45:06.606+0000] {logging_mixin.py:190} INFO - [2026-08-12T04:45:06.605+0000] {dagbag.py:587} INFO - Filling up the DagBag from /home/airflow/.local/lib/python3.12/site-packages/airflow/example_dags/example_short_circuit_decorator.py
[2026-08-12T04:45:06.616+0000] {processor.py:925} INFO - DAG(s) 'example_short_circuit_decorator' retrieved from /home/airflow/.local/lib/python3.12/site-packages/airflow/example_dags/example_short_circuit_decorator.py
[2026-08-12T04:45:06.640+0000] {logging_mixin.py:190} INFO - [2026-08-12T04:45:06.639+0000] {dag.py:3211} INFO - Sync 1 DAGs
[2026-08-12T04:45:06.663+0000] {logging_mixin.py:190} INFO - [2026-08-12T04:45:06.662+0000] {dag.py:4138} INFO - Setting next_dagrun for example_short_circuit_decorator to 2026-08-11 00:00:00+00:00, run_after=2026-08-12 00:00:00+00:00
[2026-08-12T04:45:06.685+0000] {processor.py:208} INFO - Processing /home/airflow/.local/lib/python3.12/site-packages/airflow/example_dags/example_short_circuit_decorator.py took 0.091 seconds
[2026-08-12T04:45:37.709+0000] {processor.py:186} INFO - Started process (PID=1615) to work on /home/airflow/.local/lib/python3.12/site-packages/airflow/example_dags/example_short_circuit_decorator.py
[2026-08-12T04:45:37.711+0000] {processor.py:914} INFO - Processing file /home/airflow/.local/lib/python3.12/site-packages/airflow/example_dags/example_short_circuit_decorator.py for tasks to queue
[2026-08-12T04:45:37.715+0000] {logging_mixin.py:190} INFO - [2026-08-12T04:45:37.714+0000] {dagbag.py:587} INFO - Filling up the DagBag from /home/airflow/.local/lib/python3.12/site-packages/airflow/example_dags/example_short_circuit_decorator.py
[2026-08-12T04:45:37.726+0000] {processor.py:925} INFO - DAG(s) 'example_short_circuit_decorator' retrieved from /home/airflow/.local/lib/python3.12/site-packages/airflow/example_dags/example_short_circuit_decorator.py
[2026-08-12T04:45:37.747+0000] {logging_mixin.py:190} INFO - [2026-08-12T04:45:37.747+0000] {dag.py:3211} INFO - Sync 1 DAGs
[2026-08-12T04:45:37.771+0000] {logging_mixin.py:190} INFO - [2026-08-12T04:45:37.771+0000] {dag.py:4138} INFO - Setting next_dagrun for example_short_circuit_decorator to 2026-08-11 00:00:00+00:00, run_after=2026-08-12 00:00:00+00:00
[2026-08-12T04:45:37.804+0000] {processor.py:208} INFO - Processing /home/airflow/.local/lib/python3.12/site-packages/airflow/example_dags/example_short_circuit_decorator.py took 0.101 seconds
[2026-08-12T04:46:08.004+0000] {processor.py:186} INFO - Started process (PID=1677) to work on /home/airflow/.local/lib/python3.12/site-packages/airflow/example_dags/example_short_circuit_decorator.py
[2026-08-12T04:46:08.006+0000] {processor.py:914} INFO - Processing file /home/airflow/.local/lib/python3.12/site-packages/airflow/example_dags/example_short_circuit_decorator.py for tasks to queue
[2026-08-12T04:46:08.008+0000] {logging_mixin.py:190} INFO - [2026-08-12T04:46:08.008+0000] {dagbag.py:587} INFO - Filling up the DagBag from /home/airflow/.local/lib/python3.12/site-packages/airflow/example_dags/example_short_circuit_decorator.py
[2026-08-12T04:46:08.017+0000] {processor.py:925} INFO - DAG(s) 'example_short_circuit_decorator' retrieved from /home/airflow/.local/lib/python3.12/site-packages/airflow/example_dags/example_short_circuit_decorator.py
[2026-08-12T04:46:08.056+0000] {logging_mixin.py:190} INFO - [2026-08-12T04:46:08.055+0000] {dag.py:3211} INFO - Sync 1 DAGs
[2026-08-12T04:46:08.083+0000] {logging_mixin.py:190} INFO - [2026-08-12T04:46:08.083+0000] {dag.py:4138} INFO - Setting next_dagrun for example_short_circuit_decorator to 2026-08-11 00:00:00+00:00, run_after=2026-08-12 00:00:00+00:00
[2026-08-12T04:46:08.105+0000] {processor.py:208} INFO - Processing /home/airflow/.local/lib/python3.12/site-packages/airflow/example_dags/example_short_circuit_decorator.py took 0.107 seconds
[2026-08-12T04:46:38.453+0000] {processor.py:186} INFO - Started process (PID=1739) to work on /home/airflow/.local/lib/python3.12/site-packages/airflow/example_dags/example_short_circuit_decorator.py
[2026-08-12T04:46:38.456+0000] {processor.py:914} INFO - Processing file /home/airflow/.local/lib/python3.12/site-packages/airflow/example_dags/example_short_circuit_decorator.py for tasks to queue
[2026-08-12T04:46:38.461+0000] {logging_mixin.py:190} INFO - [2026-08-12T04:46:38.460+0000] {dagbag.py:587} INFO - Filling up the DagBag from /home/airflow/.local/lib/python3.12/site-packages/airflow/example_dags/example_short_circuit_decorator.py
[2026-08-12T04:46:38.478+0000] {processor.py:925} INFO - DAG(s) 'example_short_circuit_decorator' retrieved from /home/airflow/.local/lib/python3.12/site-packages/airflow/example_dags/example_short_circuit_decorator.py
[2026-08-12T04:46:38.507+0000] {logging_mixin.py:190} INFO - [2026-08-12T04:46:38.507+0000] {dag.py:3211} INFO - Sync 1 DAGs
[2026-08-12T04:46:38.536+0000] {logging_mixin.py:190} INFO - [2026-08-12T04:46:38.536+0000] {dag.py:4138} INFO - Setting next_dagrun for example_short_circuit_decorator to 2026-08-11 00:00:00+00:00, run_after=2026-08-12 00:00:00+00:00
[2026-08-12T04:46:38.566+0000] {processor.py:208} INFO - Processing /home/airflow/.local/lib/python3.12/site-packages/airflow/example_dags/example_short_circuit_decorator.py took 0.122 seconds
[2026-08-12T04:47:08.947+0000] {processor.py:186} INFO - Started process (PID=1800) to work on /home/airflow/.local/lib/python3.12/site-packages/airflow/example_dags/example_short_circuit_decorator.py
[2026-08-12T04:47:08.949+0000] {processor.py:914} INFO - Processing file /home/airflow/.local/lib/python3.12/site-packages/airflow/example_dags/example_short_circuit_decorator.py for tasks to queue
[2026-08-12T04:47:08.952+0000] {logging_mixin.py:190} INFO - [2026-08-12T04:47:08.951+0000] {dagbag.py:587} INFO - Filling up the DagBag from /home/airflow/.local/lib/python3.12/site-packages/airflow/example_dags/example_short_circuit_decorator.py
[2026-08-12T04:47:08.963+0000] {processor.py:925} INFO - DAG(s) 'example_short_circuit_decorator' retrieved from /home/airflow/.local/lib/python3.12/site-packages/airflow/example_dags/example_short_circuit_decorator.py
[2026-08-12T04:47:08.989+0000] {logging_mixin.py:190} INFO - [2026-08-12T04:47:08.988+0000] {dag.py:3211} INFO - Sync 1 DAGs
[2026-08-12T04:47:09.018+0000] {logging_mixin.py:190} INFO - [2026-08-12T04:47:09.018+0000] {dag.py:4138} INFO - Setting next_dagrun for example_short_circuit_decorator to 2026-08-11 00:00:00+00:00, run_after=2026-08-12 00:00:00+00:00
[2026-08-12T04:47:09.041+0000] {processor.py:208} INFO - Processing /home/airflow/.local/lib/python3.12/site-packages/airflow/example_dags/example_short_circuit_decorator.py took 0.100 seconds
[2026-08-12T04:47:39.289+0000] {processor.py:186} INFO - Started process (PID=1862) to work on /home/airflow/.local/lib/python3.12/site-packages/airflow/example_dags/example_short_circuit_decorator.py
[2026-08-12T04:47:39.290+0000] {processor.py:914} INFO - Processing file /home/airflow/.local/lib/python3.12/site-packages/airflow/example_dags/example_short_circuit_decorator.py for tasks to queue
[2026-08-12T04:47:39.293+0000] {logging_mixin.py:190} INFO - [2026-08-12T04:47:39.293+0000] {dagbag.py:587} INFO - Filling up the DagBag from /home/airflow/.local/lib/python3.12/site-packages/airflow/example_dags/example_short_circuit_decorator.py
[2026-08-12T04:47:39.302+0000] {processor.py:925} INFO - DAG(s) 'example_short_circuit_decorator' retrieved from /home/airflow/.local/lib/python3.12/site-packages/airflow/example_dags/example_short_circuit_decorator.py
[2026-08-12T04:47:39.325+0000] {logging_mixin.py:190} INFO - [2026-08-12T04:47:39.325+0000] {dag.py:3211} INFO - Sync 1 DAGs
[2026-08-12T04:47:39.349+0000] {logging_mixin.py:190} INFO - [2026-08-12T04:47:39.349+0000] {dag.py:4138} INFO - Setting next_dagrun for example_short_circuit_decorator to 2026-08-11 00:00:00+00:00, run_after=2026-08-12 00:00:00+00:00
[2026-08-12T04:47:39.379+0000] {processor.py:208} INFO - Processing /home/airflow/.local/lib/python3.12/site-packages/airflow/example_dags/example_short_circuit_decorator.py took 0.095 seconds
[2026-08-12T04:48:10.060+0000] {processor.py:186} INFO - Started process (PID=1924) to work on /home/airflow/.local/lib/python3.12/site-packages/airflow/example_dags/example_short_circuit_decorator.py
[2026-08-12T04:48:10.061+0000] {processor.py:914} INFO - Processing file /home/airflow/.local/lib/python3.12/site-packages/airflow/example_dags/example_short_circuit_decorator.py for tasks to queue
[2026-08-12T04:48:10.064+0000] {logging_mixin.py:190} INFO - [2026-08-12T04:48:10.064+0000] {dagbag.py:587} INFO - Filling up the DagBag from /home/airflow/.local/lib/python3.12/site-packages/airflow/example_dags/example_short_circuit_decorator.py
[2026-08-12T04:48:10.076+0000] {processor.py:925} INFO - DAG(s) 'example_short_circuit_decorator' retrieved from /home/airflow/.local/lib/python3.12/site-packages/airflow/example_dags/example_short_circuit_decorator.py
[2026-08-12T04:48:10.102+0000] {logging_mixin.py:190} INFO - [2026-08-12T04:48:10.102+0000] {dag.py:3211} INFO - Sync 1 DAGs
[2026-08-12T04:48:10.128+0000] {logging_mixin.py:190} INFO - [2026-08-12T04:48:10.128+0000] {dag.py:4138} INFO - Setting next_dagrun for example_short_circuit_decorator to 2026-08-11 00:00:00+00:00, run_after=2026-08-12 00:00:00+00:00
[2026-08-12T04:48:10.154+0000] {processor.py:208} INFO - Processing /home/airflow/.local/lib/python3.12/site-packages/airflow/example_dags/example_short_circuit_decorator.py took 0.101 seconds
[2026-08-12T04:48:40.501+0000] {processor.py:186} INFO - Started process (PID=1986) to work on /home/airflow/.local/lib/python3.12/site-packages/airflow/example_dags/example_short_circuit_decorator.py
[2026-08-12T04:48:40.503+0000] {processor.py:914} INFO - Processing file /home/airflow/.local/lib/python3.12/site-packages/airflow/example_dags/example_short_circuit_decorator.py for tasks to queue
[2026-08-12T04:48:40.506+0000] {logging_mixin.py:190} INFO - [2026-08-12T04:48:40.506+0000] {dagbag.py:587} INFO - Filling up the DagBag from /home/airflow/.local/lib/python3.12/site-packages/airflow/example_dags/example_short_circuit_decorator.py
[2026-08-12T04:48:40.518+0000] {processor.py:925} INFO - DAG(s) 'example_short_circuit_decorator' retrieved from /home/airflow/.local/lib/python3.12/site-packages/airflow/example_dags/example_short_circuit_decorator.py
[2026-08-12T04:48:40.548+0000] {logging_mixin.py:190} INFO - [2026-08-12T04:48:40.548+0000] {dag.py:3211} INFO - Sync 1 DAGs
[2026-08-12T04:48:40.574+0000] {logging_mixin.py:190} INFO - [2026-08-12T04:48:40.574+0000] {dag.py:4138} INFO - Setting next_dagrun for example_short_circuit_decorator to 2026-08-11 00:00:00+00:00, run_after=2026-08-12 00:00:00+00:00
[2026-08-12T04:48:40.600+0000] {processor.py:208} INFO - Processing /home/airflow/.local/lib/python3.12/site-packages/airflow/example_dags/example_short_circuit_decorator.py took 0.106 seconds
[2026-08-12T04:49:11.074+0000] {processor.py:186} INFO - Started process (PID=2048) to work on /home/airflow/.local/lib/python3.12/site-packages/airflow/example_dags/example_short_circuit_decorator.py
[2026-08-12T04:49:11.075+0000] {processor.py:914} INFO - Processing file /home/airflow/.local/lib/python3.12/site-packages/airflow/example_dags/example_short_circuit_decorator.py for tasks to queue
[2026-08-12T04:49:11.079+0000] {logging_mixin.py:190} INFO - [2026-08-12T04:49:11.079+0000] {dagbag.py:587} INFO - Filling up the DagBag from /home/airflow/.local/lib/python3.12/site-packages/airflow/example_dags/example_short_circuit_decorator.py
[2026-08-12T04:49:11.092+0000] {processor.py:925} INFO - DAG(s) 'example_short_circuit_decorator' retrieved from /home/airflow/.local/lib/python3.12/site-packages/airflow/example_dags/example_short_circuit_decorator.py
[2026-08-12T04:49:11.131+0000] {logging_mixin.py:190} INFO - [2026-08-12T04:49:11.130+0000] {dag.py:3211} INFO - Sync 1 DAGs
[2026-08-12T04:49:11.187+0000] {logging_mixin.py:190} INFO - [2026-08-12T04:49:11.187+0000] {dag.py:4138} INFO - Setting next_dagrun for example_short_circuit_decorator to 2026-08-11 00:00:00+00:00, run_after=2026-08-12 00:00:00+00:00
[2026-08-12T04:49:11.229+0000] {processor.py:208} INFO - Processing /home/airflow/.local/lib/python3.12/site-packages/airflow/example_dags/example_short_circuit_decorator.py took 0.161 seconds
[2026-08-12T04:49:41.392+0000] {processor.py:186} INFO - Started process (PID=2110) to work on /home/airflow/.local/lib/python3.12/site-packages/airflow/example_dags/example_short_circuit_decorator.py
[2026-08-12T04:49:41.394+0000] {processor.py:914} INFO - Processing file /home/airflow/.local/lib/python3.12/site-packages/airflow/example_dags/example_short_circuit_decorator.py for tasks to queue
[2026-08-12T04:49:41.399+0000] {logging_mixin.py:190} INFO - [2026-08-12T04:49:41.399+0000] {dagbag.py:587} INFO - Filling up the DagBag from /home/airflow/.local/lib/python3.12/site-packages/airflow/example_dags/example_short_circuit_decorator.py
[2026-08-12T04:49:41.409+0000] {processor.py:925} INFO - DAG(s) 'example_short_circuit_decorator' retrieved from /home/airflow/.local/lib/python3.12/site-packages/airflow/example_dags/example_short_circuit_decorator.py
[2026-08-12T04:49:41.435+0000] {logging_mixin.py:190} INFO - [2026-08-12T04:49:41.435+0000] {dag.py:3211} INFO - Sync 1 DAGs
[2026-08-12T04:49:41.460+0000] {logging_mixin.py:190} INFO - [2026-08-12T04:49:41.460+0000] {dag.py:4138} INFO - Setting next_dagrun for example_short_circuit_decorator to 2026-08-11 00:00:00+00:00, run_after=2026-08-12 00:00:00+00:00
[2026-08-12T04:49:41.487+0000] {processor.py:208} INFO - Processing /home/airflow/.local/lib/python3.12/site-packages/airflow/example_dags/example_short_circuit_decorator.py took 0.100 seconds
[2026-08-12T04:50:11.980+0000] {processor.py:186} INFO - Started process (PID=2172) to work on /home/airflow/.local/lib/python3.12/site-packages/airflow/example_dags/example_short_circuit_decorator.py
[2026-08-12T04:50:11.982+0000] {processor.py:914} INFO - Processing file /home/airflow/.local/lib/python3.12/site-packages/airflow/example_dags/example_short_circuit_decorator.py for tasks to queue
[2026-08-12T04:50:11.984+0000] {logging_mixin.py:190} INFO - [2026-08-12T04:50:11.984+0000] {dagbag.py:587} INFO - Filling up the DagBag from /home/airflow/.local/lib/python3.12/site-packages/airflow/example_dags/example_short_circuit_decorator.py
[2026-08-12T04:50:12.007+0000] {processor.py:925} INFO - DAG(s) 'example_short_circuit_decorator' retrieved from /home/airflow/.local/lib/python3.12/site-packages/airflow/example_dags/example_short_circuit_decorator.py
[2026-08-12T04:50:12.030+0000] {logging_mixin.py:190} INFO - [2026-08-12T04:50:12.030+0000] {dag.py:3211} INFO - Sync 1 DAGs
[2026-08-12T04:50:12.058+0000] {logging_mixin.py:190} INFO - [2026-08-12T04:50:12.058+0000] {dag.py:4138} INFO - Setting next_dagrun for example_short_circuit_decorator to 2026-08-11 00:00:00+00:00, run_after=2026-08-12 00:00:00+00:00
[2026-08-12T04:50:12.081+0000] {processor.py:208} INFO - Processing /home/airflow/.local/lib/python3.12/site-packages/airflow/example_dags/example_short_circuit_decorator.py took 0.106 seconds
[2026-08-12T04:50:42.507+0000] {processor.py:186} INFO - Started process (PID=2234) to work on /home/airflow/.local/lib/python3.12/site-packages/airflow/example_dags/example_short_circuit_decorator.py
[2026-08-12T04:50:42.509+0000] {processor.py:914} INFO - Processing file /home/airflow/.local/lib/python3.12/site-packages/airflow/example_dags/example_short_circuit_decorator.py for tasks to queue
[2026-08-12T04:50:42.512+0000] {logging_mixin.py:190} INFO - [2026-08-12T04:50:42.511+0000] {dagbag.py:587} INFO - Filling up the DagBag from /home/airflow/.local/lib/python3.12/site-packages/airflow/example_dags/example_short_circuit_decorator.py
[2026-08-12T04:50:42.526+0000] {processor.py:925} INFO - DAG(s) 'example_short_circuit_decorator' retrieved from /home/airflow/.local/lib/python3.12/site-packages/airflow/example_dags/example_short_circuit_decorator.py
[2026-08-12T04:50:42.556+0000] {logging_mixin.py:190} INFO - [2026-08-12T04:50:42.556+0000] {dag.py:3211} INFO - Sync 1 DAGs
[2026-08-12T04:50:42.581+0000] {logging_mixin.py:190} INFO - [2026-08-12T04:50:42.581+0000] {dag.py:4138} INFO - Setting next_dagrun for example_short_circuit_decorator to 2026-08-11 00:00:00+00:00, run_after=2026-08-12 00:00:00+00:00
[2026-08-12T04:50:42.604+0000] {processor.py:208} INFO - Processing /home/airflow/.local/lib/python3.12/site-packages/airflow/example_dags/example_short_circuit_decorator.py took 0.103 seconds
[2026-08-12T04:51:13.365+0000] {processor.py:186} INFO - Started process (PID=2296) to work on /home/airflow/.local/lib/python3.12/site-packages/airflow/example_dags/example_short_circuit_decorator.py
[2026-08-12T04:51:13.367+0000] {processor.py:914} INFO - Processing file /home/airflow/.local/lib/python3.12/site-packages/airflow/example_dags/example_short_circuit_decorator.py for tasks to queue
[2026-08-12T04:51:13.371+0000] {logging_mixin.py:190} INFO - [2026-08-12T04:51:13.370+0000] {dagbag.py:587} INFO - Filling up the DagBag from /home/airflow/.local/lib/python3.12/site-packages/airflow/example_dags/example_short_circuit_decorator.py
[2026-08-12T04:51:13.381+0000] {processor.py:925} INFO - DAG(s) 'example_short_circuit_decorator' retrieved from /home/airflow/.local/lib/python3.12/site-packages/airflow/example_dags/example_short_circuit_decorator.py
[2026-08-12T04:51:13.406+0000] {logging_mixin.py:190} INFO - [2026-08-12T04:51:13.406+0000] {dag.py:3211} INFO - Sync 1 DAGs
[2026-08-12T04:51:13.429+0000] {logging_mixin.py:190} INFO - [2026-08-12T04:51:13.429+0000] {dag.py:4138} INFO - Setting next_dagrun for example_short_circuit_decorator to 2026-08-11 00:00:00+00:00, run_after=2026-08-12 00:00:00+00:00
[2026-08-12T04:51:13.451+0000] {processor.py:208} INFO - Processing /home/airflow/.local/lib/python3.12/site-packages/airflow/example_dags/example_short_circuit_decorator.py took 0.092 seconds
[2026-08-12T04:51:43.512+0000] {processor.py:186} INFO - Started process (PID=2358) to work on /home/airflow/.local/lib/python3.12/site-packages/airflow/example_dags/example_short_circuit_decorator.py
[2026-08-12T04:51:43.514+0000] {processor.py:914} INFO - Processing file /home/airflow/.local/lib/python3.12/site-packages/airflow/example_dags/example_short_circuit_decorator.py for tasks to queue
[2026-08-12T04:51:43.516+0000] {logging_mixin.py:190} INFO - [2026-08-12T04:51:43.516+0000] {dagbag.py:587} INFO - Filling up the DagBag from /home/airflow/.local/lib/python3.12/site-packages/airflow/example_dags/example_short_circuit_decorator.py
[2026-08-12T04:51:43.525+0000] {processor.py:925} INFO - DAG(s) 'example_short_circuit_decorator' retrieved from /home/airflow/.local/lib/python3.12/site-packages/airflow/example_dags/example_short_circuit_decorator.py
[2026-08-12T04:51:43.546+0000] {logging_mixin.py:190} INFO - [2026-08-12T04:51:43.546+0000] {dag.py:3211} INFO - Sync 1 DAGs
[2026-08-12T04:51:43.567+0000] {logging_mixin.py:190} INFO - [2026-08-12T04:51:43.566+0000] {dag.py:4138} INFO - Setting next_dagrun for example_short_circuit_decorator to 2026-08-11 00:00:00+00:00, run_after=2026-08-12 00:00:00+00:00
[2026-08-12T04:51:43.586+0000] {processor.py:208} INFO - Processing /home/airflow/.local/lib/python3.12/site-packages/airflow/example_dags/example_short_circuit_decorator.py took 0.079 seconds
[2026-08-12T04:52:14.002+0000] {processor.py:186} INFO - Started process (PID=2420) to work on /home/airflow/.local/lib/python3.12/site-packages/airflow/example_dags/example_short_circuit_decorator.py
[2026-08-12T04:52:14.004+0000] {processor.py:914} INFO - Processing file /home/airflow/.local/lib/python3.12/site-packages/airflow/example_dags/example_short_circuit_decorator.py for tasks to queue
[2026-08-12T04:52:14.007+0000] {logging_mixin.py:190} INFO - [2026-08-12T04:52:14.007+0000] {dagbag.py:587} INFO - Filling up the DagBag from /home/airflow/.local/lib/python3.12/site-packages/airflow/example_dags/example_short_circuit_decorator.py
[2026-08-12T04:52:14.017+0000] {processor.py:925} INFO - DAG(s) 'example_short_circuit_decorator' retrieved from /home/airflow/.local/lib/python3.12/site-packages/airflow/example_dags/example_short_circuit_decorator.py
[2026-08-12T04:52:14.038+0000] {logging_mixin.py:190} INFO - [2026-08-12T04:52:14.038+0000] {dag.py:3211} INFO - Sync 1 DAGs
[2026-08-12T04:52:14.059+0000] {logging_mixin.py:190} INFO - [2026-08-12T04:52:14.059+0000] {dag.py:4138} INFO - Setting next_dagrun for example_short_circuit_decorator to 2026-08-11 00:00:00+00:00, run_after=2026-08-12 00:00:00+00:00
[2026-08-12T04:52:14.082+0000] {processor.py:208} INFO - Processing /home/airflow/.local/lib/python3.12/site-packages/airflow/example_dags/example_short_circuit_decorator.py took 0.085 seconds
[2026-08-12T04:52:44.126+0000] {processor.py:186} INFO - Started process (PID=2482) to work on /home/airflow/.local/lib/python3.12/site-packages/airflow/example_dags/example_short_circuit_decorator.py
[2026-08-12T04:52:44.127+0000] {processor.py:914} INFO - Processing file /home/airflow/.local/lib/python3.12/site-packages/airflow/example_dags/example_short_circuit_decorator.py for tasks to queue
[2026-08-12T04:52:44.130+0000] {logging_mixin.py:190} INFO - [2026-08-12T04:52:44.130+0000] {dagbag.py:587} INFO - Filling up the DagBag from /home/airflow/.local/lib/python3.12/site-packages/airflow/example_dags/example_short_circuit_decorator.py
[2026-08-12T04:52:44.139+0000] {processor.py:925} INFO - DAG(s) 'example_short_circuit_decorator' retrieved from /home/airflow/.local/lib/python3.12/site-packages/airflow/example_dags/example_short_circuit_decorator.py
[2026-08-12T04:52:44.165+0000] {logging_mixin.py:190} INFO - [2026-08-12T04:52:44.164+0000] {dag.py:3211} INFO - Sync 1 DAGs
[2026-08-12T04:52:44.192+0000] {logging_mixin.py:190} INFO - [2026-08-12T04:52:44.192+0000] {dag.py:4138} INFO - Setting next_dagrun for example_short_circuit_decorator to 2026-08-11 00:00:00+00:00, run_after=2026-08-12 00:00:00+00:00
[2026-08-12T04:52:44.218+0000] {processor.py:208} INFO - Processing /home/airflow/.local/lib/python3.12/site-packages/airflow/example_dags/example_short_circuit_decorator.py took 0.097 seconds
[2026-08-12T04:53:14.282+0000] {processor.py:186} INFO - Started process (PID=2545) to work on /home/airflow/.local/lib/python3.12/site-packages/airflow/example_dags/example_short_circuit_decorator.py
[2026-08-12T04:53:14.283+0000] {processor.py:914} INFO - Processing file /home/airflow/.local/lib/python3.12/site-packages/airflow/example_dags/example_short_circuit_decorator.py for tasks to queue
[2026-08-12T04:53:14.286+0000] {logging_mixin.py:190} INFO - [2026-08-12T04:53:14.286+0000] {dagbag.py:587} INFO - Filling up the DagBag from /home/airflow/.local/lib/python3.12/site-packages/airflow/example_dags/example_short_circuit_decorator.py
[2026-08-12T04:53:14.299+0000] {processor.py:925} INFO - DAG(s) 'example_short_circuit_decorator' retrieved from /home/airflow/.local/lib/python3.12/site-packages/airflow/example_dags/example_short_circuit_decorator.py
[2026-08-12T04:53:14.338+0000] {logging_mixin.py:190} INFO - [2026-08-12T04:53:14.338+0000] {dag.py:3211} INFO - Sync 1 DAGs
[2026-08-12T04:53:14.361+0000] {logging_mixin.py:190} INFO - [2026-08-12T04:53:14.361+0000] {dag.py:4138} INFO - Setting next_dagrun for example_short_circuit_decorator to 2026-08-11 00:00:00+00:00, run_after=2026-08-12 00:00:00+00:00
[2026-08-12T04:53:14.382+0000] {processor.py:208} INFO - Processing /home/airflow/.local/lib/python3.12/site-packages/airflow/example_dags/example_short_circuit_decorator.py took 0.107 seconds
[2026-08-12T04:53:44.640+0000] {processor.py:186} INFO - Started process (PID=2608) to work on /home/airflow/.local/lib/python3.12/site-packages/airflow/example_dags/example_short_circuit_decorator.py
[2026-08-12T04:53:44.642+0000] {processor.py:914} INFO - Processing file /home/airflow/.local/lib/python3.12/site-packages/airflow/example_dags/example_short_circuit_decorator.py for tasks to queue
[2026-08-12T04:53:44.646+0000] {logging_mixin.py:190} INFO - [2026-08-12T04:53:44.645+0000] {dagbag.py:587} INFO - Filling up the DagBag from /home/airflow/.local/lib/python3.12/site-packages/airflow/example_dags/example_short_circuit_decorator.py
[2026-08-12T04:53:44.661+0000] {processor.py:925} INFO - DAG(s) 'example_short_circuit_decorator' retrieved from /home/airflow/.local/lib/python3.12/site-packages/airflow/example_dags/example_short_circuit_decorator.py
[2026-08-12T04:53:44.686+0000] {logging_mixin.py:190} INFO - [2026-08-12T04:53:44.686+0000] {dag.py:3211} INFO - Sync 1 DAGs
[2026-08-12T04:53:44.710+0000] {logging_mixin.py:190} INFO - [2026-08-12T04:53:44.710+0000] {dag.py:4138} INFO - Setting next_dagrun for example_short_circuit_decorator to 2026-08-11 00:00:00+00:00, run_after=2026-08-12 00:00:00+00:00
[2026-08-12T04:53:44.731+0000] {processor.py:208} INFO - Processing /home/airflow/.local/lib/python3.12/site-packages/airflow/example_dags/example_short_circuit_decorator.py took 0.097 seconds
[2026-08-12T04:54:15.017+0000] {processor.py:186} INFO - Started process (PID=2671) to work on /home/airflow/.local/lib/python3.12/site-packages/airflow/example_dags/example_short_circuit_decorator.py
[2026-08-12T04:54:15.019+0000] {processor.py:914} INFO - Processing file /home/airflow/.local/lib/python3.12/site-packages/airflow/example_dags/example_short_circuit_decorator.py for tasks to queue
[2026-08-12T04:54:15.021+0000] {logging_mixin.py:190} INFO - [2026-08-12T04:54:15.021+0000] {dagbag.py:587} INFO - Filling up the DagBag from /home/airflow/.local/lib/python3.12/site-packages/airflow/example_dags/example_short_circuit_decorator.py
[2026-08-12T04:54:15.034+0000] {processor.py:925} INFO - DAG(s) 'example_short_circuit_decorator' retrieved from /home/airflow/.local/lib/python3.12/site-packages/airflow/example_dags/example_short_circuit_decorator.py
[2026-08-12T04:54:15.057+0000] {logging_mixin.py:190} INFO - [2026-08-12T04:54:15.057+0000] {dag.py:3211} INFO - Sync 1 DAGs
[2026-08-12T04:54:15.079+0000] {logging_mixin.py:190} INFO - [2026-08-12T04:54:15.079+0000] {dag.py:4138} INFO - Setting next_dagrun for example_short_circuit_decorator to 2026-08-11 00:00:00+00:00, run_after=2026-08-12 00:00:00+00:00
[2026-08-12T04:54:15.100+0000] {processor.py:208} INFO - Processing /home/airflow/.local/lib/python3.12/site-packages/airflow/example_dags/example_short_circuit_decorator.py took 0.088 seconds
[2026-08-12T04:54:45.504+0000] {processor.py:186} INFO - Started process (PID=2734) to work on /home/airflow/.local/lib/python3.12/site-packages/airflow/example_dags/example_short_circuit_decorator.py
[2026-08-12T04:54:45.506+0000] {processor.py:914} INFO - Processing file /home/airflow/.local/lib/python3.12/site-packages/airflow/example_dags/example_short_circuit_decorator.py for tasks to queue
[2026-08-12T04:54:45.509+0000] {logging_mixin.py:190} INFO - [2026-08-12T04:54:45.509+0000] {dagbag.py:587} INFO - Filling up the DagBag from /home/airflow/.local/lib/python3.12/site-packages/airflow/example_dags/example_short_circuit_decorator.py
[2026-08-12T04:54:45.518+0000] {processor.py:925} INFO - DAG(s) 'example_short_circuit_decorator' retrieved from /home/airflow/.local/lib/python3.12/site-packages/airflow/example_dags/example_short_circuit_decorator.py
[2026-08-12T04:54:45.538+0000] {logging_mixin.py:190} INFO - [2026-08-12T04:54:45.538+0000] {dag.py:3211} INFO - Sync 1 DAGs
[2026-08-12T04:54:45.557+0000] {logging_mixin.py:190} INFO - [2026-08-12T04:54:45.557+0000] {dag.py:4138} INFO - Setting next_dagrun for example_short_circuit_decorator to 2026-08-11 00:00:00+00:00, run_after=2026-08-12 00:00:00+00:00
[2026-08-12T04:54:45.574+0000] {processor.py:208} INFO - Processing /home/airflow/.local/lib/python3.12/site-packages/airflow/example_dags/example_short_circuit_decorator.py took 0.077 seconds
[2026-08-12T04:55:16.288+0000] {processor.py:186} INFO - Started process (PID=2797) to work on /home/airflow/.local/lib/python3.12/site-packages/airflow/example_dags/example_short_circuit_decorator.py
[2026-08-12T04:55:16.290+0000] {processor.py:914} INFO - Processing file /home/airflow/.local/lib/python3.12/site-packages/airflow/example_dags/example_short_circuit_decorator.py for tasks to queue
[2026-08-12T04:55:16.292+0000] {logging_mixin.py:190} INFO - [2026-08-12T04:55:16.292+0000] {dagbag.py:587} INFO - Filling up the DagBag from /home/airflow/.local/lib/python3.12/site-packages/airflow/example_dags/example_short_circuit_decorator.py
[2026-08-12T04:55:16.302+0000] {processor.py:925} INFO - DAG(s) 'example_short_circuit_decorator' retrieved from /home/airflow/.local/lib/python3.12/site-packages/airflow/example_dags/example_short_circuit_decorator.py
[2026-08-12T04:55:16.322+0000] {logging_mixin.py:190} INFO - [2026-08-12T04:55:16.322+0000] {dag.py:3211} INFO - Sync 1 DAGs
[2026-08-12T04:55:16.343+0000] {logging_mixin.py:190} INFO - [2026-08-12T04:55:16.343+0000] {dag.py:4138} INFO - Setting next_dagrun for example_short_circuit_decorator to 2026-08-11 00:00:00+00:00, run_after=2026-08-12 00:00:00+00:00
[2026-08-12T04:55:16.361+0000] {processor.py:208} INFO - Processing /home/airflow/.local/lib/python3.12/site-packages/airflow/example_dags/example_short_circuit_decorator.py took 0.079 seconds
[2026-08-12T04:55:46.989+0000] {processor.py:186} INFO - Started process (PID=2860) to work on /home/airflow/.local/lib/python3.12/site-packages/airflow/example_dags/example_short_circuit_decorator.py
[2026-08-12T04:55:46.990+0000] {processor.py:914} INFO - Processing file /home/airflow/.local/lib/python3.12/site-packages/airflow/example_dags/example_short_circuit_decorator.py for tasks to queue
[2026-08-12T04:55:46.994+0000] {logging_mixin.py:190} INFO - [2026-08-12T04:55:46.994+0000] {dagbag.py:587} INFO - Filling up the DagBag from /home/airflow/.local/lib/python3.12/site-packages/airflow/example_dags/example_short_circuit_decorator.py
[2026-08-12T04:55:47.011+0000] {processor.py:925} INFO - DAG(s) 'example_short_circuit_decorator' retrieved from /home/airflow/.local/lib/python3.12/site-packages/airflow/example_dags/example_short_circuit_decorator.py
[2026-08-12T04:55:47.058+0000] {logging_mixin.py:190} INFO - [2026-08-12T04:55:47.058+0000] {dag.py:3211} INFO - Sync 1 DAGs
[2026-08-12T04:55:47.084+0000] {logging_mixin.py:190} INFO - [2026-08-12T04:55:47.084+0000] {dag.py:4138} INFO - Setting next_dagrun for example_short_circuit_decorator to 2026-08-11 00:00:00+00:00, run_after=2026-08-12 00:00:00+00:00
[2026-08-12T04:55:47.110+0000] {processor.py:208} INFO - Processing /home/airflow/.local/lib/python3.12/site-packages/airflow/example_dags/example_short_circuit_decorator.py took 0.128 seconds
[2026-08-12T04:56:17.730+0000] {processor.py:186} INFO - Started process (PID=2923) to work on /home/airflow/.local/lib/python3.12/site-packages/airflow/example_dags/example_short_circuit_decorator.py
[2026-08-12T04:56:17.731+0000] {processor.py:914} INFO - Processing file /home/airflow/.local/lib/python3.12/site-packages/airflow/example_dags/example_short_circuit_decorator.py for tasks to queue
[2026-08-12T04:56:17.735+0000] {logging_mixin.py:190} INFO - [2026-08-12T04:56:17.734+0000] {dagbag.py:587} INFO - Filling up the DagBag from /home/airflow/.local/lib/python3.12/site-packages/airflow/example_dags/example_short_circuit_decorator.py
[2026-08-12T04:56:17.745+0000] {processor.py:925} INFO - DAG(s) 'example_short_circuit_decorator' retrieved from /home/airflow/.local/lib/python3.12/site-packages/airflow/example_dags/example_short_circuit_decorator.py
[2026-08-12T04:56:17.770+0000] {logging_mixin.py:190} INFO - [2026-08-12T04:56:17.770+0000] {dag.py:3211} INFO - Sync 1 DAGs
[2026-08-12T04:56:17.794+0000] {logging_mixin.py:190} INFO - [2026-08-12T04:56:17.794+0000] {dag.py:4138} INFO - Setting next_dagrun for example_short_circuit_decorator to 2026-08-11 00:00:00+00:00, run_after=2026-08-12 00:00:00+00:00
[2026-08-12T04:56:17.815+0000] {processor.py:208} INFO - Processing /home/airflow/.local/lib/python3.12/site-packages/airflow/example_dags/example_short_circuit_decorator.py took 0.091 seconds
[2026-08-12T04:56:48.590+0000] {processor.py:186} INFO - Started process (PID=2986) to work on /home/airflow/.local/lib/python3.12/site-packages/airflow/example_dags/example_short_circuit_decorator.py
[2026-08-12T04:56:48.591+0000] {processor.py:914} INFO - Processing file /home/airflow/.local/lib/python3.12/site-packages/airflow/example_dags/example_short_circuit_decorator.py for tasks to queue
[2026-08-12T04:56:48.594+0000] {logging_mixin.py:190} INFO - [2026-08-12T04:56:48.594+0000] {dagbag.py:587} INFO - Filling up the DagBag from /home/airflow/.local/lib/python3.12/site-packages/airflow/example_dags/example_short_circuit_decorator.py
[2026-08-12T04:56:48.616+0000] {processor.py:925} INFO - DAG(s) 'example_short_circuit_decorator' retrieved from /home/airflow/.local/lib/python3.12/site-packages/airflow/example_dags/example_short_circuit_decorator.py
[2026-08-12T04:56:48.639+0000] {logging_mixin.py:190} INFO - [2026-08-12T04:56:48.639+0000] {dag.py:3211} INFO - Sync 1 DAGs
[2026-08-12T04:56:48.663+0000] {logging_mixin.py:190} INFO - [2026-08-12T04:56:48.663+0000] {dag.py:4138} INFO - Setting next_dagrun for example_short_circuit_decorator to 2026-08-11 00:00:00+00:00, run_after=2026-08-12 00:00:00+00:00
[2026-08-12T04:56:48.685+0000] {processor.py:208} INFO - Processing /home/airflow/.local/lib/python3.12/site-packages/airflow/example_dags/example_short_circuit_decorator.py took 0.101 seconds
[2026-08-12T04:57:19.340+0000] {processor.py:186} INFO - Started process (PID=3049) to work on /home/airflow/.local/lib/python3.12/site-packages/airflow/example_dags/example_short_circuit_decorator.py
[2026-08-12T04:57:19.342+0000] {processor.py:914} INFO - Processing file /home/airflow/.local/lib/python3.12/site-packages/airflow/example_dags/example_short_circuit_decorator.py for tasks to queue
[2026-08-12T04:57:19.346+0000] {logging_mixin.py:190} INFO - [2026-08-12T04:57:19.345+0000] {dagbag.py:587} INFO - Filling up the DagBag from /home/airflow/.local/lib/python3.12/site-packages/airflow/example_dags/example_short_circuit_decorator.py
[2026-08-12T04:57:19.360+0000] {processor.py:925} INFO - DAG(s) 'example_short_circuit_decorator' retrieved from /home/airflow/.local/lib/python3.12/site-packages/airflow/example_dags/example_short_circuit_decorator.py
[2026-08-12T04:57:19.386+0000] {logging_mixin.py:190} INFO - [2026-08-12T04:57:19.386+0000] {dag.py:3211} INFO - Sync 1 DAGs
[2026-08-12T04:57:19.411+0000] {logging_mixin.py:190} INFO - [2026-08-12T04:57:19.411+0000] {dag.py:4138} INFO - Setting next_dagrun for example_short_circuit_decorator to 2026-08-11 00:00:00+00:00, run_after=2026-08-12 00:00:00+00:00
[2026-08-12T04:57:19.432+0000] {processor.py:208} INFO - Processing /home/airflow/.local/lib/python3.12/site-packages/airflow/example_dags/example_short_circuit_decorator.py took 0.098 seconds
[2026-08-12T04:57:50.140+0000] {processor.py:186} INFO - Started process (PID=3112) to work on /home/airflow/.local/lib/python3.12/site-packages/airflow/example_dags/example_short_circuit_decorator.py
[2026-08-12T04:57:50.141+0000] {processor.py:914} INFO - Processing file /home/airflow/.local/lib/python3.12/site-packages/airflow/example_dags/example_short_circuit_decorator.py for tasks to queue
[2026-08-12T04:57:50.144+0000] {logging_mixin.py:190} INFO - [2026-08-12T04:57:50.144+0000] {dagbag.py:587} INFO - Filling up the DagBag from /home/airflow/.local/lib/python3.12/site-packages/airflow/example_dags/example_short_circuit_decorator.py
[2026-08-12T04:57:50.160+0000] {processor.py:925} INFO - DAG(s) 'example_short_circuit_decorator' retrieved from /home/airflow/.local/lib/python3.12/site-packages/airflow/example_dags/example_short_circuit_decorator.py
[2026-08-12T04:57:50.192+0000] {logging_mixin.py:190} INFO - [2026-08-12T04:57:50.192+0000] {dag.py:3211} INFO - Sync 1 DAGs
[2026-08-12T04:57:50.219+0000] {logging_mixin.py:190} INFO - [2026-08-12T04:57:50.219+0000] {dag.py:4138} INFO - Setting next_dagrun for example_short_circuit_decorator to 2026-08-11 00:00:00+00:00, run_after=2026-08-12 00:00:00+00:00
[2026-08-12T04:57:50.240+0000] {processor.py:208} INFO - Processing /home/airflow/.local/lib/python3.12/site-packages/airflow/example_dags/example_short_circuit_decorator.py took 0.106 seconds
[2026-08-12T04:58:20.585+0000] {processor.py:186} INFO - Started process (PID=3175) to work on /home/airflow/.local/lib/python3.12/site-packages/airflow/example_dags/example_short_circuit_decorator.py
[2026-08-12T04:58:20.586+0000] {processor.py:914} INFO - Processing file /home/airflow/.local/lib/python3.12/site-packages/airflow/example_dags/example_short_circuit_decorator.py for tasks to queue
[2026-08-12T04:58:20.589+0000] {logging_mixin.py:190} INFO - [2026-08-12T04:58:20.589+0000] {dagbag.py:587} INFO - Filling up the DagBag from /home/airflow/.local/lib/python3.12/site-packages/airflow/example_dags/example_short_circuit_decorator.py
[2026-08-12T04:58:20.599+0000] {processor.py:925} INFO - DAG(s) 'example_short_circuit_decorator' retrieved from /home/airflow/.local/lib/python3.12/site-packages/airflow/example_dags/example_short_circuit_decorator.py
[2026-08-12T04:58:20.624+0000] {logging_mixin.py:190} INFO - [2026-08-12T04:58:20.624+0000] {dag.py:3211} INFO - Sync 1 DAGs
[2026-08-12T04:58:20.647+0000] {logging_mixin.py:190} INFO - [2026-08-12T04:58:20.647+0000] {dag.py:4138} INFO - Setting next_dagrun for example_short_circuit_decorator to 2026-08-11 00:00:00+00:00, run_after=2026-08-12 00:00:00+00:00
[2026-08-12T04:58:20.668+0000] {processor.py:208} INFO - Processing /home/airflow/.local/lib/python3.12/site-packages/airflow/example_dags/example_short_circuit_decorator.py took 0.089 seconds
[2026-08-12T04:58:51.140+0000] {processor.py:186} INFO - Started process (PID=3238) to work on /home/airflow/.local/lib/python3.12/site-packages/airflow/example_dags/example_short_circuit_decorator.py
[2026-08-12T04:58:51.141+0000] {processor.py:914} INFO - Processing file /home/airflow/.local/lib/python3.12/site-packages/airflow/example_dags/example_short_circuit_decorator.py for tasks to queue
[2026-08-12T04:58:51.144+0000] {logging_mixin.py:190} INFO - [2026-08-12T04:58:51.144+0000] {dagbag.py:587} INFO - Filling up the DagBag from /home/airflow/.local/lib/python3.12/site-packages/airflow/example_dags/example_short_circuit_decorator.py
[2026-08-12T04:58:51.155+0000] {processor.py:925} INFO - DAG(s) 'example_short_circuit_decorator' retrieved from /home/airflow/.local/lib/python3.12/site-packages/airflow/example_dags/example_short_circuit_decorator.py
[2026-08-12T04:58:51.181+0000] {logging_mixin.py:190} INFO - [2026-08-12T04:58:51.181+0000] {dag.py:3211} INFO - Sync 1 DAGs
[2026-08-12T04:58:51.205+0000] {logging_mixin.py:190} INFO - [2026-08-12T04:58:51.205+0000] {dag.py:4138} INFO - Setting next_dagrun for example_short_circuit_decorator to 2026-08-11 00:00:00+00:00, run_after=2026-08-12 00:00:00+00:00
[2026-08-12T04:58:51.226+0000] {processor.py:208} INFO - Processing /home/airflow/.local/lib/python3.12/site-packages/airflow/example_dags/example_short_circuit_decorator.py took 0.092 seconds
[2026-08-12T04:59:21.877+0000] {processor.py:186} INFO - Started process (PID=3301) to work on /home/airflow/.local/lib/python3.12/site-packages/airflow/example_dags/example_short_circuit_decorator.py
[2026-08-12T04:59:21.878+0000] {processor.py:914} INFO - Processing file /home/airflow/.local/lib/python3.12/site-packages/airflow/example_dags/example_short_circuit_decorator.py for tasks to queue
[2026-08-12T04:59:21.882+0000] {logging_mixin.py:190} INFO - [2026-08-12T04:59:21.881+0000] {dagbag.py:587} INFO - Filling up the DagBag from /home/airflow/.local/lib/python3.12/site-packages/airflow/example_dags/example_short_circuit_decorator.py
[2026-08-12T04:59:21.891+0000] {processor.py:925} INFO - DAG(s) 'example_short_circuit_decorator' retrieved from /home/airflow/.local/lib/python3.12/site-packages/airflow/example_dags/example_short_circuit_decorator.py
[2026-08-12T04:59:21.915+0000] {logging_mixin.py:190} INFO - [2026-08-12T04:59:21.915+0000] {dag.py:3211} INFO - Sync 1 DAGs
[2026-08-12T04:59:22.135+0000] {logging_mixin.py:190} INFO - [2026-08-12T04:59:22.135+0000] {dag.py:4138} INFO - Setting next_dagrun for example_short_circuit_decorator to 2026-08-11 00:00:00+00:00, run_after=2026-08-12 00:00:00+00:00
[2026-08-12T04:59:22.155+0000] {processor.py:208} INFO - Processing /home/airflow/.local/lib/python3.12/site-packages/airflow/example_dags/example_short_circuit_decorator.py took 0.283 seconds
[2026-08-12T04:59:52.302+0000] {processor.py:186} INFO - Started process (PID=3365) to work on /home/airflow/.local/lib/python3.12/site-packages/airflow/example_dags/example_short_circuit_decorator.py
[2026-08-12T04:59:52.303+0000] {processor.py:914} INFO - Processing file /home/airflow/.local/lib/python3.12/site-packages/airflow/example_dags/example_short_circuit_decorator.py for tasks to queue
[2026-08-12T04:59:52.305+0000] {logging_mixin.py:190} INFO - [2026-08-12T04:59:52.305+0000] {dagbag.py:587} INFO - Filling up the DagBag from /home/airflow/.local/lib/python3.12/site-packages/airflow/example_dags/example_short_circuit_decorator.py
[2026-08-12T04:59:52.315+0000] {processor.py:925} INFO - DAG(s) 'example_short_circuit_decorator' retrieved from /home/airflow/.local/lib/python3.12/site-packages/airflow/example_dags/example_short_circuit_decorator.py
[2026-08-12T04:59:52.337+0000] {logging_mixin.py:190} INFO - [2026-08-12T04:59:52.337+0000] {dag.py:3211} INFO - Sync 1 DAGs
[2026-08-12T04:59:52.357+0000] {logging_mixin.py:190} INFO - [2026-08-12T04:59:52.356+0000] {dag.py:4138} INFO - Setting next_dagrun for example_short_circuit_decorator to 2026-08-11 00:00:00+00:00, run_after=2026-08-12 00:00:00+00:00
[2026-08-12T04:59:52.512+0000] {processor.py:208} INFO - Processing /home/airflow/.local/lib/python3.12/site-packages/airflow/example_dags/example_short_circuit_decorator.py took 0.216 seconds
[2026-08-12T05:00:23.255+0000] {processor.py:186} INFO - Started process (PID=3428) to work on /home/airflow/.local/lib/python3.12/site-packages/airflow/example_dags/example_short_circuit_decorator.py
[2026-08-12T05:00:23.258+0000] {processor.py:914} INFO - Processing file /home/airflow/.local/lib/python3.12/site-packages/airflow/example_dags/example_short_circuit_decorator.py for tasks to queue
[2026-08-12T05:00:23.265+0000] {logging_mixin.py:190} INFO - [2026-08-12T05:00:23.264+0000] {dagbag.py:587} INFO - Filling up the DagBag from /home/airflow/.local/lib/python3.12/site-packages/airflow/example_dags/example_short_circuit_decorator.py
[2026-08-12T05:00:23.288+0000] {processor.py:925} INFO - DAG(s) 'example_short_circuit_decorator' retrieved from /home/airflow/.local/lib/python3.12/site-packages/airflow/example_dags/example_short_circuit_decorator.py
[2026-08-12T05:00:23.319+0000] {logging_mixin.py:190} INFO - [2026-08-12T05:00:23.318+0000] {dag.py:3211} INFO - Sync 1 DAGs
[2026-08-12T05:00:23.343+0000] {logging_mixin.py:190} INFO - [2026-08-12T05:00:23.343+0000] {dag.py:4138} INFO - Setting next_dagrun for example_short_circuit_decorator to 2026-08-11 00:00:00+00:00, run_after=2026-08-12 00:00:00+00:00
[2026-08-12T05:00:23.359+0000] {processor.py:208} INFO - Processing /home/airflow/.local/lib/python3.12/site-packages/airflow/example_dags/example_short_circuit_decorator.py took 0.121 seconds
[2026-08-12T05:00:53.801+0000] {processor.py:186} INFO - Started process (PID=3491) to work on /home/airflow/.local/lib/python3.12/site-packages/airflow/example_dags/example_short_circuit_decorator.py
[2026-08-12T05:00:53.803+0000] {processor.py:914} INFO - Processing file /home/airflow/.local/lib/python3.12/site-packages/airflow/example_dags/example_short_circuit_decorator.py for tasks to queue
[2026-08-12T05:00:53.807+0000] {logging_mixin.py:190} INFO - [2026-08-12T05:00:53.806+0000] {dagbag.py:587} INFO - Filling up the DagBag from /home/airflow/.local/lib/python3.12/site-packages/airflow/example_dags/example_short_circuit_decorator.py
[2026-08-12T05:00:53.817+0000] {processor.py:925} INFO - DAG(s) 'example_short_circuit_decorator' retrieved from /home/airflow/.local/lib/python3.12/site-packages/airflow/example_dags/example_short_circuit_decorator.py
[2026-08-12T05:00:53.988+0000] {logging_mixin.py:190} INFO - [2026-08-12T05:00:53.988+0000] {dag.py:3211} INFO - Sync 1 DAGs
[2026-08-12T05:00:54.004+0000] {logging_mixin.py:190} INFO - [2026-08-12T05:00:54.004+0000] {dag.py:4138} INFO - Setting next_dagrun for example_short_circuit_decorator to 2026-08-11 00:00:00+00:00, run_after=2026-08-12 00:00:00+00:00
[2026-08-12T05:00:54.020+0000] {processor.py:208} INFO - Processing /home/airflow/.local/lib/python3.12/site-packages/airflow/example_dags/example_short_circuit_decorator.py took 0.225 seconds
[2026-08-12T05:01:24.330+0000] {processor.py:186} INFO - Started process (PID=3554) to work on /home/airflow/.local/lib/python3.12/site-packages/airflow/example_dags/example_short_circuit_decorator.py
[2026-08-12T05:01:24.332+0000] {processor.py:914} INFO - Processing file /home/airflow/.local/lib/python3.12/site-packages/airflow/example_dags/example_short_circuit_decorator.py for tasks to queue
[2026-08-12T05:01:24.334+0000] {logging_mixin.py:190} INFO - [2026-08-12T05:01:24.334+0000] {dagbag.py:587} INFO - Filling up the DagBag from /home/airflow/.local/lib/python3.12/site-packages/airflow/example_dags/example_short_circuit_decorator.py
[2026-08-12T05:01:24.344+0000] {processor.py:925} INFO - DAG(s) 'example_short_circuit_decorator' retrieved from /home/airflow/.local/lib/python3.12/site-packages/airflow/example_dags/example_short_circuit_decorator.py
[2026-08-12T05:01:24.364+0000] {logging_mixin.py:190} INFO - [2026-08-12T05:01:24.363+0000] {dag.py:3211} INFO - Sync 1 DAGs
[2026-08-12T05:01:24.384+0000] {logging_mixin.py:190} INFO - [2026-08-12T05:01:24.384+0000] {dag.py:4138} INFO - Setting next_dagrun for example_short_circuit_decorator to 2026-08-11 00:00:00+00:00, run_after=2026-08-12 00:00:00+00:00
[2026-08-12T05:01:24.402+0000] {processor.py:208} INFO - Processing /home/airflow/.local/lib/python3.12/site-packages/airflow/example_dags/example_short_circuit_decorator.py took 0.078 seconds
[2026-08-12T05:01:54.661+0000] {processor.py:186} INFO - Started process (PID=3617) to work on /home/airflow/.local/lib/python3.12/site-packages/airflow/example_dags/example_short_circuit_decorator.py
[2026-08-12T05:01:54.662+0000] {processor.py:914} INFO - Processing file /home/airflow/.local/lib/python3.12/site-packages/airflow/example_dags/example_short_circuit_decorator.py for tasks to queue
[2026-08-12T05:01:54.665+0000] {logging_mixin.py:190} INFO - [2026-08-12T05:01:54.664+0000] {dagbag.py:587} INFO - Filling up the DagBag from /home/airflow/.local/lib/python3.12/site-packages/airflow/example_dags/example_short_circuit_decorator.py
[2026-08-12T05:01:54.673+0000] {processor.py:925} INFO - DAG(s) 'example_short_circuit_decorator' retrieved from /home/airflow/.local/lib/python3.12/site-packages/airflow/example_dags/example_short_circuit_decorator.py
[2026-08-12T05:01:54.710+0000] {logging_mixin.py:190} INFO - [2026-08-12T05:01:54.710+0000] {dag.py:3211} INFO - Sync 1 DAGs
[2026-08-12T05:01:54.735+0000] {logging_mixin.py:190} INFO - [2026-08-12T05:01:54.735+0000] {dag.py:4138} INFO - Setting next_dagrun for example_short_circuit_decorator to 2026-08-11 00:00:00+00:00, run_after=2026-08-12 00:00:00+00:00
[2026-08-12T05:01:54.754+0000] {processor.py:208} INFO - Processing /home/airflow/.local/lib/python3.12/site-packages/airflow/example_dags/example_short_circuit_decorator.py took 0.100 seconds
[2026-08-12T05:02:24.942+0000] {processor.py:186} INFO - Started process (PID=3681) to work on /home/airflow/.local/lib/python3.12/site-packages/airflow/example_dags/example_short_circuit_decorator.py
[2026-08-12T05:02:24.944+0000] {processor.py:914} INFO - Processing file /home/airflow/.local/lib/python3.12/site-packages/airflow/example_dags/example_short_circuit_decorator.py for tasks to queue
[2026-08-12T05:02:24.948+0000] {logging_mixin.py:190} INFO - [2026-08-12T05:02:24.947+0000] {dagbag.py:587} INFO - Filling up the DagBag from /home/airflow/.local/lib/python3.12/site-packages/airflow/example_dags/example_short_circuit_decorator.py
[2026-08-12T05:02:24.958+0000] {processor.py:925} INFO - DAG(s) 'example_short_circuit_decorator' retrieved from /home/airflow/.local/lib/python3.12/site-packages/airflow/example_dags/example_short_circuit_decorator.py
[2026-08-12T05:02:24.982+0000] {logging_mixin.py:190} INFO - [2026-08-12T05:02:24.982+0000] {dag.py:3211} INFO - Sync 1 DAGs
[2026-08-12T05:02:25.005+0000] {logging_mixin.py:190} INFO - [2026-08-12T05:02:25.005+0000] {dag.py:4138} INFO - Setting next_dagrun for example_short_circuit_decorator to 2026-08-11 00:00:00+00:00, run_after=2026-08-12 00:00:00+00:00
[2026-08-12T05:02:25.027+0000] {processor.py:208} INFO - Processing /home/airflow/.local/lib/python3.12/site-packages/airflow/example_dags/example_short_circuit_decorator.py took 0.094 seconds
[2026-08-12T05:02:55.462+0000] {processor.py:186} INFO - Started process (PID=3744) to work on /home/airflow/.local/lib/python3.12/site-packages/airflow/example_dags/example_short_circuit_decorator.py
[2026-08-12T05:02:55.464+0000] {processor.py:914} INFO - Processing file /home/airflow/.local/lib/python3.12/site-packages/airflow/example_dags/example_short_circuit_decorator.py for tasks to queue
[2026-08-12T05:02:55.468+0000] {logging_mixin.py:190} INFO - [2026-08-12T05:02:55.467+0000] {dagbag.py:587} INFO - Filling up the DagBag from /home/airflow/.local/lib/python3.12/site-packages/airflow/example_dags/example_short_circuit_decorator.py
[2026-08-12T05:02:55.480+0000] {processor.py:925} INFO - DAG(s) 'example_short_circuit_decorator' retrieved from /home/airflow/.local/lib/python3.12/site-packages/airflow/example_dags/example_short_circuit_decorator.py
[2026-08-12T05:02:55.504+0000] {logging_mixin.py:190} INFO - [2026-08-12T05:02:55.503+0000] {dag.py:3211} INFO - Sync 1 DAGs
[2026-08-12T05:02:55.526+0000] {logging_mixin.py:190} INFO - [2026-08-12T05:02:55.526+0000] {dag.py:4138} INFO - Setting next_dagrun for example_short_circuit_decorator to 2026-08-11 00:00:00+00:00, run_after=2026-08-12 00:00:00+00:00
[2026-08-12T05:02:55.545+0000] {processor.py:208} INFO - Processing /home/airflow/.local/lib/python3.12/site-packages/airflow/example_dags/example_short_circuit_decorator.py took 0.090 seconds
[2026-08-12T05:03:25.743+0000] {processor.py:186} INFO - Started process (PID=3807) to work on /home/airflow/.local/lib/python3.12/site-packages/airflow/example_dags/example_short_circuit_decorator.py
[2026-08-12T05:03:25.745+0000] {processor.py:914} INFO - Processing file /home/airflow/.local/lib/python3.12/site-packages/airflow/example_dags/example_short_circuit_decorator.py for tasks to queue
[2026-08-12T05:03:25.748+0000] {logging_mixin.py:190} INFO - [2026-08-12T05:03:25.748+0000] {dagbag.py:587} INFO - Filling up the DagBag from /home/airflow/.local/lib/python3.12/site-packages/airflow/example_dags/example_short_circuit_decorator.py
[2026-08-12T05:03:25.760+0000] {processor.py:925} INFO - DAG(s) 'example_short_circuit_decorator' retrieved from /home/airflow/.local/lib/python3.12/site-packages/airflow/example_dags/example_short_circuit_decorator.py
[2026-08-12T05:03:25.781+0000] {logging_mixin.py:190} INFO - [2026-08-12T05:03:25.781+0000] {dag.py:3211} INFO - Sync 1 DAGs
[2026-08-12T05:03:25.800+0000] {logging_mixin.py:190} INFO - [2026-08-12T05:03:25.800+0000] {dag.py:4138} INFO - Setting next_dagrun for example_short_circuit_decorator to 2026-08-11 00:00:00+00:00, run_after=2026-08-12 00:00:00+00:00
[2026-08-12T05:03:25.818+0000] {processor.py:208} INFO - Processing /home/airflow/.local/lib/python3.12/site-packages/airflow/example_dags/example_short_circuit_decorator.py took 0.081 seconds
[2026-08-12T05:03:56.224+0000] {processor.py:186} INFO - Started process (PID=3870) to work on /home/airflow/.local/lib/python3.12/site-packages/airflow/example_dags/example_short_circuit_decorator.py
[2026-08-12T05:03:56.225+0000] {processor.py:914} INFO - Processing file /home/airflow/.local/lib/python3.12/site-packages/airflow/example_dags/example_short_circuit_decorator.py for tasks to queue
[2026-08-12T05:03:56.229+0000] {logging_mixin.py:190} INFO - [2026-08-12T05:03:56.228+0000] {dagbag.py:587} INFO - Filling up the DagBag from /home/airflow/.local/lib/python3.12/site-packages/airflow/example_dags/example_short_circuit_decorator.py
[2026-08-12T05:03:56.239+0000] {processor.py:925} INFO - DAG(s) 'example_short_circuit_decorator' retrieved from /home/airflow/.local/lib/python3.12/site-packages/airflow/example_dags/example_short_circuit_decorator.py
[2026-08-12T05:03:56.262+0000] {logging_mixin.py:190} INFO - [2026-08-12T05:03:56.262+0000] {dag.py:3211} INFO - Sync 1 DAGs
[2026-08-12T05:03:56.283+0000] {logging_mixin.py:190} INFO - [2026-08-12T05:03:56.283+0000] {dag.py:4138} INFO - Setting next_dagrun for example_short_circuit_decorator to 2026-08-11 00:00:00+00:00, run_after=2026-08-12 00:00:00+00:00
[2026-08-12T05:03:56.303+0000] {processor.py:208} INFO - Processing /home/airflow/.local/lib/python3.12/site-packages/airflow/example_dags/example_short_circuit_decorator.py took 0.085 seconds
[2026-08-12T05:04:26.622+0000] {processor.py:186} INFO - Started process (PID=3933) to work on /home/airflow/.local/lib/python3.12/site-packages/airflow/example_dags/example_short_circuit_decorator.py
[2026-08-12T05:04:26.624+0000] {processor.py:914} INFO - Processing file /home/airflow/.local/lib/python3.12/site-packages/airflow/example_dags/example_short_circuit_decorator.py for tasks to queue
[2026-08-12T05:04:26.628+0000] {logging_mixin.py:190} INFO - [2026-08-12T05:04:26.627+0000] {dagbag.py:587} INFO - Filling up the DagBag from /home/airflow/.local/lib/python3.12/site-packages/airflow/example_dags/example_short_circuit_decorator.py
[2026-08-12T05:04:26.639+0000] {processor.py:925} INFO - DAG(s) 'example_short_circuit_decorator' retrieved from /home/airflow/.local/lib/python3.12/site-packages/airflow/example_dags/example_short_circuit_decorator.py
[2026-08-12T05:04:26.672+0000] {logging_mixin.py:190} INFO - [2026-08-12T05:04:26.672+0000] {dag.py:3211} INFO - Sync 1 DAGs
[2026-08-12T05:04:26.695+0000] {logging_mixin.py:190} INFO - [2026-08-12T05:04:26.695+0000] {dag.py:4138} INFO - Setting next_dagrun for example_short_circuit_decorator to 2026-08-11 00:00:00+00:00, run_after=2026-08-12 00:00:00+00:00
[2026-08-12T05:04:26.714+0000] {processor.py:208} INFO - Processing /home/airflow/.local/lib/python3.12/site-packages/airflow/example_dags/example_short_circuit_decorator.py took 0.099 seconds
[2026-08-12T05:04:56.940+0000] {processor.py:186} INFO - Started process (PID=3996) to work on /home/airflow/.local/lib/python3.12/site-packages/airflow/example_dags/example_short_circuit_decorator.py
[2026-08-12T05:04:56.941+0000] {processor.py:914} INFO - Processing file /home/airflow/.local/lib/python3.12/site-packages/airflow/example_dags/example_short_circuit_decorator.py for tasks to queue
[2026-08-12T05:04:56.944+0000] {logging_mixin.py:190} INFO - [2026-08-12T05:04:56.944+0000] {dagbag.py:587} INFO - Filling up the DagBag from /home/airflow/.local/lib/python3.12/site-packages/airflow/example_dags/example_short_circuit_decorator.py
[2026-08-12T05:04:56.954+0000] {processor.py:925} INFO - DAG(s) 'example_short_circuit_decorator' retrieved from /home/airflow/.local/lib/python3.12/site-packages/airflow/example_dags/example_short_circuit_decorator.py
[2026-08-12T05:04:56.976+0000] {logging_mixin.py:190} INFO - [2026-08-12T05:04:56.975+0000] {dag.py:3211} INFO - Sync 1 DAGs
[2026-08-12T05:04:56.998+0000] {logging_mixin.py:190} INFO - [2026-08-12T05:04:56.998+0000] {dag.py:4138} INFO - Setting next_dagrun for example_short_circuit_decorator to 2026-08-11 00:00:00+00:00, run_after=2026-08-12 00:00:00+00:00
[2026-08-12T05:04:57.024+0000] {processor.py:208} INFO - Processing /home/airflow/.local/lib/python3.12/site-packages/airflow/example_dags/example_short_circuit_decorator.py took 0.090 seconds
[2026-08-12T05:05:28.062+0000] {processor.py:186} INFO - Started process (PID=4065) to work on /home/airflow/.local/lib/python3.12/site-packages/airflow/example_dags/example_short_circuit_decorator.py
[2026-08-12T05:05:28.064+0000] {processor.py:914} INFO - Processing file /home/airflow/.local/lib/python3.12/site-packages/airflow/example_dags/example_short_circuit_decorator.py for tasks to queue
[2026-08-12T05:05:28.068+0000] {logging_mixin.py:190} INFO - [2026-08-12T05:05:28.067+0000] {dagbag.py:587} INFO - Filling up the DagBag from /home/airflow/.local/lib/python3.12/site-packages/airflow/example_dags/example_short_circuit_decorator.py
[2026-08-12T05:05:28.082+0000] {processor.py:925} INFO - DAG(s) 'example_short_circuit_decorator' retrieved from /home/airflow/.local/lib/python3.12/site-packages/airflow/example_dags/example_short_circuit_decorator.py
[2026-08-12T05:05:28.103+0000] {logging_mixin.py:190} INFO - [2026-08-12T05:05:28.103+0000] {dag.py:3211} INFO - Sync 1 DAGs
[2026-08-12T05:05:28.125+0000] {logging_mixin.py:190} INFO - [2026-08-12T05:05:28.125+0000] {dag.py:4138} INFO - Setting next_dagrun for example_short_circuit_decorator to 2026-08-11 00:00:00+00:00, run_after=2026-08-12 00:00:00+00:00
[2026-08-12T05:05:28.143+0000] {processor.py:208} INFO - Processing /home/airflow/.local/lib/python3.12/site-packages/airflow/example_dags/example_short_circuit_decorator.py took 0.089 seconds
[2026-08-12T05:05:58.423+0000] {processor.py:186} INFO - Started process (PID=4128) to work on /home/airflow/.local/lib/python3.12/site-packages/airflow/example_dags/example_short_circuit_decorator.py
[2026-08-12T05:05:58.424+0000] {processor.py:914} INFO - Processing file /home/airflow/.local/lib/python3.12/site-packages/airflow/example_dags/example_short_circuit_decorator.py for tasks to queue
[2026-08-12T05:05:58.428+0000] {logging_mixin.py:190} INFO - [2026-08-12T05:05:58.428+0000] {dagbag.py:587} INFO - Filling up the DagBag from /home/airflow/.local/lib/python3.12/site-packages/airflow/example_dags/example_short_circuit_decorator.py
[2026-08-12T05:05:58.442+0000] {processor.py:925} INFO - DAG(s) 'example_short_circuit_decorator' retrieved from /home/airflow/.local/lib/python3.12/site-packages/airflow/example_dags/example_short_circuit_decorator.py
[2026-08-12T05:05:58.468+0000] {logging_mixin.py:190} INFO - [2026-08-12T05:05:58.468+0000] {dag.py:3211} INFO - Sync 1 DAGs
[2026-08-12T05:05:58.501+0000] {logging_mixin.py:190} INFO - [2026-08-12T05:05:58.500+0000] {dag.py:4138} INFO - Setting next_dagrun for example_short_circuit_decorator to 2026-08-11 00:00:00+00:00, run_after=2026-08-12 00:00:00+00:00
[2026-08-12T05:05:58.533+0000] {processor.py:208} INFO - Processing /home/airflow/.local/lib/python3.12/site-packages/airflow/example_dags/example_short_circuit_decorator.py took 0.118 seconds
[2026-08-12T05:06:28.838+0000] {processor.py:186} INFO - Started process (PID=4191) to work on /home/airflow/.local/lib/python3.12/site-packages/airflow/example_dags/example_short_circuit_decorator.py
[2026-08-12T05:06:28.839+0000] {processor.py:914} INFO - Processing file /home/airflow/.local/lib/python3.12/site-packages/airflow/example_dags/example_short_circuit_decorator.py for tasks to queue
[2026-08-12T05:06:28.842+0000] {logging_mixin.py:190} INFO - [2026-08-12T05:06:28.842+0000] {dagbag.py:587} INFO - Filling up the DagBag from /home/airflow/.local/lib/python3.12/site-packages/airflow/example_dags/example_short_circuit_decorator.py
[2026-08-12T05:06:28.852+0000] {processor.py:925} INFO - DAG(s) 'example_short_circuit_decorator' retrieved from /home/airflow/.local/lib/python3.12/site-packages/airflow/example_dags/example_short_circuit_decorator.py
[2026-08-12T05:06:28.887+0000] {logging_mixin.py:190} INFO - [2026-08-12T05:06:28.887+0000] {dag.py:3211} INFO - Sync 1 DAGs
[2026-08-12T05:06:28.910+0000] {logging_mixin.py:190} INFO - [2026-08-12T05:06:28.910+0000] {dag.py:4138} INFO - Setting next_dagrun for example_short_circuit_decorator to 2026-08-11 00:00:00+00:00, run_after=2026-08-12 00:00:00+00:00
[2026-08-12T05:06:28.934+0000] {processor.py:208} INFO - Processing /home/airflow/.local/lib/python3.12/site-packages/airflow/example_dags/example_short_circuit_decorator.py took 0.102 seconds
[2026-08-12T05:06:59.247+0000] {processor.py:186} INFO - Started process (PID=4254) to work on /home/airflow/.local/lib/python3.12/site-packages/airflow/example_dags/example_short_circuit_decorator.py
[2026-08-12T05:06:59.252+0000] {processor.py:914} INFO - Processing file /home/airflow/.local/lib/python3.12/site-packages/airflow/example_dags/example_short_circuit_decorator.py for tasks to queue
[2026-08-12T05:06:59.259+0000] {logging_mixin.py:190} INFO - [2026-08-12T05:06:59.257+0000] {dagbag.py:587} INFO - Filling up the DagBag from /home/airflow/.local/lib/python3.12/site-packages/airflow/example_dags/example_short_circuit_decorator.py
[2026-08-12T05:06:59.277+0000] {processor.py:925} INFO - DAG(s) 'example_short_circuit_decorator' retrieved from /home/airflow/.local/lib/python3.12/site-packages/airflow/example_dags/example_short_circuit_decorator.py
[2026-08-12T05:06:59.316+0000] {logging_mixin.py:190} INFO - [2026-08-12T05:06:59.315+0000] {dag.py:3211} INFO - Sync 1 DAGs
[2026-08-12T05:06:59.348+0000] {logging_mixin.py:190} INFO - [2026-08-12T05:06:59.348+0000] {dag.py:4138} INFO - Setting next_dagrun for example_short_circuit_decorator to 2026-08-11 00:00:00+00:00, run_after=2026-08-12 00:00:00+00:00
[2026-08-12T05:06:59.370+0000] {processor.py:208} INFO - Processing /home/airflow/.local/lib/python3.12/site-packages/airflow/example_dags/example_short_circuit_decorator.py took 0.132 seconds
[2026-08-12T05:07:30.140+0000] {processor.py:186} INFO - Started process (PID=4317) to work on /home/airflow/.local/lib/python3.12/site-packages/airflow/example_dags/example_short_circuit_decorator.py
[2026-08-12T05:07:30.142+0000] {processor.py:914} INFO - Processing file /home/airflow/.local/lib/python3.12/site-packages/airflow/example_dags/example_short_circuit_decorator.py for tasks to queue
[2026-08-12T05:07:30.149+0000] {logging_mixin.py:190} INFO - [2026-08-12T05:07:30.148+0000] {dagbag.py:587} INFO - Filling up the DagBag from /home/airflow/.local/lib/python3.12/site-packages/airflow/example_dags/example_short_circuit_decorator.py
[2026-08-12T05:07:30.164+0000] {processor.py:925} INFO - DAG(s) 'example_short_circuit_decorator' retrieved from /home/airflow/.local/lib/python3.12/site-packages/airflow/example_dags/example_short_circuit_decorator.py
[2026-08-12T05:07:30.201+0000] {logging_mixin.py:190} INFO - [2026-08-12T05:07:30.201+0000] {dag.py:3211} INFO - Sync 1 DAGs
[2026-08-12T05:07:30.229+0000] {logging_mixin.py:190} INFO - [2026-08-12T05:07:30.229+0000] {dag.py:4138} INFO - Setting next_dagrun for example_short_circuit_decorator to 2026-08-11 00:00:00+00:00, run_after=2026-08-12 00:00:00+00:00
[2026-08-12T05:07:30.259+0000] {processor.py:208} INFO - Processing /home/airflow/.local/lib/python3.12/site-packages/airflow/example_dags/example_short_circuit_decorator.py took 0.129 seconds
[2026-08-12T05:08:00.558+0000] {processor.py:186} INFO - Started process (PID=4380) to work on /home/airflow/.local/lib/python3.12/site-packages/airflow/example_dags/example_short_circuit_decorator.py
[2026-08-12T05:08:00.560+0000] {processor.py:914} INFO - Processing file /home/airflow/.local/lib/python3.12/site-packages/airflow/example_dags/example_short_circuit_decorator.py for tasks to queue
[2026-08-12T05:08:00.563+0000] {logging_mixin.py:190} INFO - [2026-08-12T05:08:00.562+0000] {dagbag.py:587} INFO - Filling up the DagBag from /home/airflow/.local/lib/python3.12/site-packages/airflow/example_dags/example_short_circuit_decorator.py
[2026-08-12T05:08:00.575+0000] {processor.py:925} INFO - DAG(s) 'example_short_circuit_decorator' retrieved from /home/airflow/.local/lib/python3.12/site-packages/airflow/example_dags/example_short_circuit_decorator.py
[2026-08-12T05:08:00.604+0000] {logging_mixin.py:190} INFO - [2026-08-12T05:08:00.603+0000] {dag.py:3211} INFO - Sync 1 DAGs
[2026-08-12T05:08:00.627+0000] {logging_mixin.py:190} INFO - [2026-08-12T05:08:00.627+0000] {dag.py:4138} INFO - Setting next_dagrun for example_short_circuit_decorator to 2026-08-11 00:00:00+00:00, run_after=2026-08-12 00:00:00+00:00
[2026-08-12T05:08:00.678+0000] {processor.py:208} INFO - Processing /home/airflow/.local/lib/python3.12/site-packages/airflow/example_dags/example_short_circuit_decorator.py took 0.125 seconds
[2026-08-12T05:08:31.323+0000] {processor.py:186} INFO - Started process (PID=4443) to work on /home/airflow/.local/lib/python3.12/site-packages/airflow/example_dags/example_short_circuit_decorator.py
[2026-08-12T05:08:31.329+0000] {processor.py:914} INFO - Processing file /home/airflow/.local/lib/python3.12/site-packages/airflow/example_dags/example_short_circuit_decorator.py for tasks to queue
[2026-08-12T05:08:31.332+0000] {logging_mixin.py:190} INFO - [2026-08-12T05:08:31.332+0000] {dagbag.py:587} INFO - Filling up the DagBag from /home/airflow/.local/lib/python3.12/site-packages/airflow/example_dags/example_short_circuit_decorator.py
[2026-08-12T05:08:31.352+0000] {processor.py:925} INFO - DAG(s) 'example_short_circuit_decorator' retrieved from /home/airflow/.local/lib/python3.12/site-packages/airflow/example_dags/example_short_circuit_decorator.py
[2026-08-12T05:08:31.380+0000] {logging_mixin.py:190} INFO - [2026-08-12T05:08:31.380+0000] {dag.py:3211} INFO - Sync 1 DAGs
[2026-08-12T05:08:31.418+0000] {logging_mixin.py:190} INFO - [2026-08-12T05:08:31.417+0000] {dag.py:4138} INFO - Setting next_dagrun for example_short_circuit_decorator to 2026-08-11 00:00:00+00:00, run_after=2026-08-12 00:00:00+00:00
[2026-08-12T05:08:31.438+0000] {processor.py:208} INFO - Processing /home/airflow/.local/lib/python3.12/site-packages/airflow/example_dags/example_short_circuit_decorator.py took 0.121 seconds
[2026-08-12T05:09:01.963+0000] {processor.py:186} INFO - Started process (PID=4506) to work on /home/airflow/.local/lib/python3.12/site-packages/airflow/example_dags/example_short_circuit_decorator.py
[2026-08-12T05:09:01.966+0000] {processor.py:914} INFO - Processing file /home/airflow/.local/lib/python3.12/site-packages/airflow/example_dags/example_short_circuit_decorator.py for tasks to queue
[2026-08-12T05:09:01.970+0000] {logging_mixin.py:190} INFO - [2026-08-12T05:09:01.969+0000] {dagbag.py:587} INFO - Filling up the DagBag from /home/airflow/.local/lib/python3.12/site-packages/airflow/example_dags/example_short_circuit_decorator.py
[2026-08-12T05:09:01.987+0000] {processor.py:925} INFO - DAG(s) 'example_short_circuit_decorator' retrieved from /home/airflow/.local/lib/python3.12/site-packages/airflow/example_dags/example_short_circuit_decorator.py
[2026-08-12T05:09:02.020+0000] {logging_mixin.py:190} INFO - [2026-08-12T05:09:02.020+0000] {dag.py:3211} INFO - Sync 1 DAGs
[2026-08-12T05:09:02.077+0000] {logging_mixin.py:190} INFO - [2026-08-12T05:09:02.077+0000] {dag.py:4138} INFO - Setting next_dagrun for example_short_circuit_decorator to 2026-08-11 00:00:00+00:00, run_after=2026-08-12 00:00:00+00:00
[2026-08-12T05:09:02.161+0000] {processor.py:208} INFO - Processing /home/airflow/.local/lib/python3.12/site-packages/airflow/example_dags/example_short_circuit_decorator.py took 0.205 seconds
[2026-08-12T05:09:32.431+0000] {processor.py:186} INFO - Started process (PID=4569) to work on /home/airflow/.local/lib/python3.12/site-packages/airflow/example_dags/example_short_circuit_decorator.py
[2026-08-12T05:09:32.433+0000] {processor.py:914} INFO - Processing file /home/airflow/.local/lib/python3.12/site-packages/airflow/example_dags/example_short_circuit_decorator.py for tasks to queue
[2026-08-12T05:09:32.437+0000] {logging_mixin.py:190} INFO - [2026-08-12T05:09:32.437+0000] {dagbag.py:587} INFO - Filling up the DagBag from /home/airflow/.local/lib/python3.12/site-packages/airflow/example_dags/example_short_circuit_decorator.py
[2026-08-12T05:09:32.451+0000] {processor.py:925} INFO - DAG(s) 'example_short_circuit_decorator' retrieved from /home/airflow/.local/lib/python3.12/site-packages/airflow/example_dags/example_short_circuit_decorator.py
[2026-08-12T05:09:32.478+0000] {logging_mixin.py:190} INFO - [2026-08-12T05:09:32.478+0000] {dag.py:3211} INFO - Sync 1 DAGs
[2026-08-12T05:09:32.511+0000] {logging_mixin.py:190} INFO - [2026-08-12T05:09:32.511+0000] {dag.py:4138} INFO - Setting next_dagrun for example_short_circuit_decorator to 2026-08-11 00:00:00+00:00, run_after=2026-08-12 00:00:00+00:00
[2026-08-12T05:09:32.538+0000] {processor.py:208} INFO - Processing /home/airflow/.local/lib/python3.12/site-packages/airflow/example_dags/example_short_circuit_decorator.py took 0.114 seconds
[2026-08-12T05:10:03.165+0000] {processor.py:186} INFO - Started process (PID=4633) to work on /home/airflow/.local/lib/python3.12/site-packages/airflow/example_dags/example_short_circuit_decorator.py
[2026-08-12T05:10:03.167+0000] {processor.py:914} INFO - Processing file /home/airflow/.local/lib/python3.12/site-packages/airflow/example_dags/example_short_circuit_decorator.py for tasks to queue
[2026-08-12T05:10:03.170+0000] {logging_mixin.py:190} INFO - [2026-08-12T05:10:03.169+0000] {dagbag.py:587} INFO - Filling up the DagBag from /home/airflow/.local/lib/python3.12/site-packages/airflow/example_dags/example_short_circuit_decorator.py
[2026-08-12T05:10:03.182+0000] {processor.py:925} INFO - DAG(s) 'example_short_circuit_decorator' retrieved from /home/airflow/.local/lib/python3.12/site-packages/airflow/example_dags/example_short_circuit_decorator.py
[2026-08-12T05:10:03.206+0000] {logging_mixin.py:190} INFO - [2026-08-12T05:10:03.205+0000] {dag.py:3211} INFO - Sync 1 DAGs
[2026-08-12T05:10:03.228+0000] {logging_mixin.py:190} INFO - [2026-08-12T05:10:03.227+0000] {dag.py:4138} INFO - Setting next_dagrun for example_short_circuit_decorator to 2026-08-11 00:00:00+00:00, run_after=2026-08-12 00:00:00+00:00
[2026-08-12T05:10:03.249+0000] {processor.py:208} INFO - Processing /home/airflow/.local/lib/python3.12/site-packages/airflow/example_dags/example_short_circuit_decorator.py took 0.091 seconds
