[2026-08-12T04:30:36.790+0000] {processor.py:186} INFO - Started process (PID=94) to work on /home/airflow/.local/lib/python3.12/site-packages/airflow/example_dags/example_branch_labels.py
[2026-08-12T04:30:36.792+0000] {processor.py:914} INFO - Processing file /home/airflow/.local/lib/python3.12/site-packages/airflow/example_dags/example_branch_labels.py for tasks to queue
[2026-08-12T04:30:36.795+0000] {logging_mixin.py:190} INFO - [2026-08-12T04:30:36.795+0000] {dagbag.py:587} INFO - Filling up the DagBag from /home/airflow/.local/lib/python3.12/site-packages/airflow/example_dags/example_branch_labels.py
[2026-08-12T04:30:36.813+0000] {processor.py:925} INFO - DAG(s) 'example_branch_labels' retrieved from /home/airflow/.local/lib/python3.12/site-packages/airflow/example_dags/example_branch_labels.py
[2026-08-12T04:30:36.948+0000] {logging_mixin.py:190} INFO - [2026-08-12T04:30:36.947+0000] {override.py:1858} INFO - Created Permission View: can edit on DAG:example_branch_labels
[2026-08-12T04:30:36.963+0000] {logging_mixin.py:190} INFO - [2026-08-12T04:30:36.963+0000] {override.py:1858} INFO - Created Permission View: can delete on DAG:example_branch_labels
[2026-08-12T04:30:36.972+0000] {logging_mixin.py:190} INFO - [2026-08-12T04:30:36.971+0000] {override.py:1858} INFO - Created Permission View: can read on DAG:example_branch_labels
[2026-08-12T04:30:36.973+0000] {logging_mixin.py:190} INFO - [2026-08-12T04:30:36.973+0000] {dag.py:3211} INFO - Sync 1 DAGs
[2026-08-12T04:30:36.988+0000] {logging_mixin.py:190} INFO - [2026-08-12T04:30:36.988+0000] {dag.py:3234} INFO - Creating ORM DAG for example_branch_labels
[2026-08-12T04:30:37.017+0000] {logging_mixin.py:190} INFO - [2026-08-12T04:30:37.016+0000] {dag.py:4138} INFO - Setting next_dagrun for example_branch_labels to 2026-08-11 00:00:00+00:00, run_after=2026-08-12 00:00:00+00:00
[2026-08-12T04:30:37.039+0000] {processor.py:208} INFO - Processing /home/airflow/.local/lib/python3.12/site-packages/airflow/example_dags/example_branch_labels.py took 0.258 seconds
[2026-08-12T04:31:07.299+0000] {processor.py:186} INFO - Started process (PID=156) to work on /home/airflow/.local/lib/python3.12/site-packages/airflow/example_dags/example_branch_labels.py
[2026-08-12T04:31:07.301+0000] {processor.py:914} INFO - Processing file /home/airflow/.local/lib/python3.12/site-packages/airflow/example_dags/example_branch_labels.py for tasks to queue
[2026-08-12T04:31:07.304+0000] {logging_mixin.py:190} INFO - [2026-08-12T04:31:07.303+0000] {dagbag.py:587} INFO - Filling up the DagBag from /home/airflow/.local/lib/python3.12/site-packages/airflow/example_dags/example_branch_labels.py
[2026-08-12T04:31:07.313+0000] {processor.py:925} INFO - DAG(s) 'example_branch_labels' retrieved from /home/airflow/.local/lib/python3.12/site-packages/airflow/example_dags/example_branch_labels.py
[2026-08-12T04:31:07.335+0000] {logging_mixin.py:190} INFO - [2026-08-12T04:31:07.335+0000] {dag.py:3211} INFO - Sync 1 DAGs
[2026-08-12T04:31:07.364+0000] {logging_mixin.py:190} INFO - [2026-08-12T04:31:07.364+0000] {dag.py:4138} INFO - Setting next_dagrun for example_branch_labels to 2026-08-11 00:00:00+00:00, run_after=2026-08-12 00:00:00+00:00
[2026-08-12T04:31:07.385+0000] {processor.py:208} INFO - Processing /home/airflow/.local/lib/python3.12/site-packages/airflow/example_dags/example_branch_labels.py took 0.090 seconds
[2026-08-12T04:31:37.830+0000] {processor.py:186} INFO - Started process (PID=219) to work on /home/airflow/.local/lib/python3.12/site-packages/airflow/example_dags/example_branch_labels.py
[2026-08-12T04:31:37.832+0000] {processor.py:914} INFO - Processing file /home/airflow/.local/lib/python3.12/site-packages/airflow/example_dags/example_branch_labels.py for tasks to queue
[2026-08-12T04:31:37.836+0000] {logging_mixin.py:190} INFO - [2026-08-12T04:31:37.836+0000] {dagbag.py:587} INFO - Filling up the DagBag from /home/airflow/.local/lib/python3.12/site-packages/airflow/example_dags/example_branch_labels.py
[2026-08-12T04:31:37.852+0000] {processor.py:925} INFO - DAG(s) 'example_branch_labels' retrieved from /home/airflow/.local/lib/python3.12/site-packages/airflow/example_dags/example_branch_labels.py
[2026-08-12T04:31:37.880+0000] {logging_mixin.py:190} INFO - [2026-08-12T04:31:37.880+0000] {dag.py:3211} INFO - Sync 1 DAGs
[2026-08-12T04:31:37.914+0000] {logging_mixin.py:190} INFO - [2026-08-12T04:31:37.913+0000] {dag.py:4138} INFO - Setting next_dagrun for example_branch_labels to 2026-08-11 00:00:00+00:00, run_after=2026-08-12 00:00:00+00:00
[2026-08-12T04:31:37.939+0000] {processor.py:208} INFO - Processing /home/airflow/.local/lib/python3.12/site-packages/airflow/example_dags/example_branch_labels.py took 0.118 seconds
[2026-08-12T04:32:55.585+0000] {processor.py:186} INFO - Started process (PID=85) to work on /home/airflow/.local/lib/python3.12/site-packages/airflow/example_dags/example_branch_labels.py
[2026-08-12T04:32:55.588+0000] {processor.py:914} INFO - Processing file /home/airflow/.local/lib/python3.12/site-packages/airflow/example_dags/example_branch_labels.py for tasks to queue
[2026-08-12T04:32:55.593+0000] {logging_mixin.py:190} INFO - [2026-08-12T04:32:55.593+0000] {dagbag.py:587} INFO - Filling up the DagBag from /home/airflow/.local/lib/python3.12/site-packages/airflow/example_dags/example_branch_labels.py
[2026-08-12T04:32:55.608+0000] {processor.py:925} INFO - DAG(s) 'example_branch_labels' retrieved from /home/airflow/.local/lib/python3.12/site-packages/airflow/example_dags/example_branch_labels.py
[2026-08-12T04:32:55.638+0000] {logging_mixin.py:190} INFO - [2026-08-12T04:32:55.638+0000] {dag.py:3211} INFO - Sync 1 DAGs
[2026-08-12T04:32:55.671+0000] {logging_mixin.py:190} INFO - [2026-08-12T04:32:55.670+0000] {dag.py:4138} INFO - Setting next_dagrun for example_branch_labels to 2026-08-11 00:00:00+00:00, run_after=2026-08-12 00:00:00+00:00
[2026-08-12T04:32:55.696+0000] {processor.py:208} INFO - Processing /home/airflow/.local/lib/python3.12/site-packages/airflow/example_dags/example_branch_labels.py took 0.118 seconds
[2026-08-12T04:33:26.110+0000] {processor.py:186} INFO - Started process (PID=147) to work on /home/airflow/.local/lib/python3.12/site-packages/airflow/example_dags/example_branch_labels.py
[2026-08-12T04:33:26.111+0000] {processor.py:914} INFO - Processing file /home/airflow/.local/lib/python3.12/site-packages/airflow/example_dags/example_branch_labels.py for tasks to queue
[2026-08-12T04:33:26.115+0000] {logging_mixin.py:190} INFO - [2026-08-12T04:33:26.114+0000] {dagbag.py:587} INFO - Filling up the DagBag from /home/airflow/.local/lib/python3.12/site-packages/airflow/example_dags/example_branch_labels.py
[2026-08-12T04:33:26.127+0000] {processor.py:925} INFO - DAG(s) 'example_branch_labels' retrieved from /home/airflow/.local/lib/python3.12/site-packages/airflow/example_dags/example_branch_labels.py
[2026-08-12T04:33:26.147+0000] {logging_mixin.py:190} INFO - [2026-08-12T04:33:26.147+0000] {dag.py:3211} INFO - Sync 1 DAGs
[2026-08-12T04:33:26.168+0000] {logging_mixin.py:190} INFO - [2026-08-12T04:33:26.168+0000] {dag.py:4138} INFO - Setting next_dagrun for example_branch_labels to 2026-08-11 00:00:00+00:00, run_after=2026-08-12 00:00:00+00:00
[2026-08-12T04:33:26.189+0000] {processor.py:208} INFO - Processing /home/airflow/.local/lib/python3.12/site-packages/airflow/example_dags/example_branch_labels.py took 0.086 seconds
[2026-08-12T04:33:56.779+0000] {processor.py:186} INFO - Started process (PID=209) to work on /home/airflow/.local/lib/python3.12/site-packages/airflow/example_dags/example_branch_labels.py
[2026-08-12T04:33:56.781+0000] {processor.py:914} INFO - Processing file /home/airflow/.local/lib/python3.12/site-packages/airflow/example_dags/example_branch_labels.py for tasks to queue
[2026-08-12T04:33:56.786+0000] {logging_mixin.py:190} INFO - [2026-08-12T04:33:56.785+0000] {dagbag.py:587} INFO - Filling up the DagBag from /home/airflow/.local/lib/python3.12/site-packages/airflow/example_dags/example_branch_labels.py
[2026-08-12T04:33:56.800+0000] {processor.py:925} INFO - DAG(s) 'example_branch_labels' retrieved from /home/airflow/.local/lib/python3.12/site-packages/airflow/example_dags/example_branch_labels.py
[2026-08-12T04:33:56.833+0000] {logging_mixin.py:190} INFO - [2026-08-12T04:33:56.833+0000] {dag.py:3211} INFO - Sync 1 DAGs
[2026-08-12T04:33:56.870+0000] {logging_mixin.py:190} INFO - [2026-08-12T04:33:56.869+0000] {dag.py:4138} INFO - Setting next_dagrun for example_branch_labels to 2026-08-11 00:00:00+00:00, run_after=2026-08-12 00:00:00+00:00
[2026-08-12T04:33:56.898+0000] {processor.py:208} INFO - Processing /home/airflow/.local/lib/python3.12/site-packages/airflow/example_dags/example_branch_labels.py took 0.127 seconds
[2026-08-12T04:34:27.382+0000] {processor.py:186} INFO - Started process (PID=271) to work on /home/airflow/.local/lib/python3.12/site-packages/airflow/example_dags/example_branch_labels.py
[2026-08-12T04:34:27.384+0000] {processor.py:914} INFO - Processing file /home/airflow/.local/lib/python3.12/site-packages/airflow/example_dags/example_branch_labels.py for tasks to queue
[2026-08-12T04:34:27.388+0000] {logging_mixin.py:190} INFO - [2026-08-12T04:34:27.388+0000] {dagbag.py:587} INFO - Filling up the DagBag from /home/airflow/.local/lib/python3.12/site-packages/airflow/example_dags/example_branch_labels.py
[2026-08-12T04:34:27.401+0000] {processor.py:925} INFO - DAG(s) 'example_branch_labels' retrieved from /home/airflow/.local/lib/python3.12/site-packages/airflow/example_dags/example_branch_labels.py
[2026-08-12T04:34:27.430+0000] {logging_mixin.py:190} INFO - [2026-08-12T04:34:27.430+0000] {dag.py:3211} INFO - Sync 1 DAGs
[2026-08-12T04:34:27.457+0000] {logging_mixin.py:190} INFO - [2026-08-12T04:34:27.457+0000] {dag.py:4138} INFO - Setting next_dagrun for example_branch_labels to 2026-08-11 00:00:00+00:00, run_after=2026-08-12 00:00:00+00:00
[2026-08-12T04:34:27.478+0000] {processor.py:208} INFO - Processing /home/airflow/.local/lib/python3.12/site-packages/airflow/example_dags/example_branch_labels.py took 0.101 seconds
[2026-08-12T04:34:57.791+0000] {processor.py:186} INFO - Started process (PID=333) to work on /home/airflow/.local/lib/python3.12/site-packages/airflow/example_dags/example_branch_labels.py
[2026-08-12T04:34:57.794+0000] {processor.py:914} INFO - Processing file /home/airflow/.local/lib/python3.12/site-packages/airflow/example_dags/example_branch_labels.py for tasks to queue
[2026-08-12T04:34:57.797+0000] {logging_mixin.py:190} INFO - [2026-08-12T04:34:57.797+0000] {dagbag.py:587} INFO - Filling up the DagBag from /home/airflow/.local/lib/python3.12/site-packages/airflow/example_dags/example_branch_labels.py
[2026-08-12T04:34:57.808+0000] {processor.py:925} INFO - DAG(s) 'example_branch_labels' retrieved from /home/airflow/.local/lib/python3.12/site-packages/airflow/example_dags/example_branch_labels.py
[2026-08-12T04:34:57.833+0000] {logging_mixin.py:190} INFO - [2026-08-12T04:34:57.833+0000] {dag.py:3211} INFO - Sync 1 DAGs
[2026-08-12T04:34:57.874+0000] {logging_mixin.py:190} INFO - [2026-08-12T04:34:57.874+0000] {dag.py:4138} INFO - Setting next_dagrun for example_branch_labels to 2026-08-11 00:00:00+00:00, run_after=2026-08-12 00:00:00+00:00
[2026-08-12T04:34:57.897+0000] {processor.py:208} INFO - Processing /home/airflow/.local/lib/python3.12/site-packages/airflow/example_dags/example_branch_labels.py took 0.113 seconds
[2026-08-12T04:35:28.402+0000] {processor.py:186} INFO - Started process (PID=395) to work on /home/airflow/.local/lib/python3.12/site-packages/airflow/example_dags/example_branch_labels.py
[2026-08-12T04:35:28.403+0000] {processor.py:914} INFO - Processing file /home/airflow/.local/lib/python3.12/site-packages/airflow/example_dags/example_branch_labels.py for tasks to queue
[2026-08-12T04:35:28.406+0000] {logging_mixin.py:190} INFO - [2026-08-12T04:35:28.406+0000] {dagbag.py:587} INFO - Filling up the DagBag from /home/airflow/.local/lib/python3.12/site-packages/airflow/example_dags/example_branch_labels.py
[2026-08-12T04:35:28.417+0000] {processor.py:925} INFO - DAG(s) 'example_branch_labels' retrieved from /home/airflow/.local/lib/python3.12/site-packages/airflow/example_dags/example_branch_labels.py
[2026-08-12T04:35:28.437+0000] {logging_mixin.py:190} INFO - [2026-08-12T04:35:28.437+0000] {dag.py:3211} INFO - Sync 1 DAGs
[2026-08-12T04:35:28.463+0000] {logging_mixin.py:190} INFO - [2026-08-12T04:35:28.463+0000] {dag.py:4138} INFO - Setting next_dagrun for example_branch_labels to 2026-08-11 00:00:00+00:00, run_after=2026-08-12 00:00:00+00:00
[2026-08-12T04:35:28.486+0000] {processor.py:208} INFO - Processing /home/airflow/.local/lib/python3.12/site-packages/airflow/example_dags/example_branch_labels.py took 0.090 seconds
[2026-08-12T04:35:58.962+0000] {processor.py:186} INFO - Started process (PID=457) to work on /home/airflow/.local/lib/python3.12/site-packages/airflow/example_dags/example_branch_labels.py
[2026-08-12T04:35:58.965+0000] {processor.py:914} INFO - Processing file /home/airflow/.local/lib/python3.12/site-packages/airflow/example_dags/example_branch_labels.py for tasks to queue
[2026-08-12T04:35:58.969+0000] {logging_mixin.py:190} INFO - [2026-08-12T04:35:58.968+0000] {dagbag.py:587} INFO - Filling up the DagBag from /home/airflow/.local/lib/python3.12/site-packages/airflow/example_dags/example_branch_labels.py
[2026-08-12T04:35:58.980+0000] {processor.py:925} INFO - DAG(s) 'example_branch_labels' retrieved from /home/airflow/.local/lib/python3.12/site-packages/airflow/example_dags/example_branch_labels.py
[2026-08-12T04:35:59.001+0000] {logging_mixin.py:190} INFO - [2026-08-12T04:35:59.001+0000] {dag.py:3211} INFO - Sync 1 DAGs
[2026-08-12T04:35:59.038+0000] {logging_mixin.py:190} INFO - [2026-08-12T04:35:59.037+0000] {dag.py:4138} INFO - Setting next_dagrun for example_branch_labels to 2026-08-11 00:00:00+00:00, run_after=2026-08-12 00:00:00+00:00
[2026-08-12T04:35:59.060+0000] {processor.py:208} INFO - Processing /home/airflow/.local/lib/python3.12/site-packages/airflow/example_dags/example_branch_labels.py took 0.106 seconds
[2026-08-12T04:36:29.513+0000] {processor.py:186} INFO - Started process (PID=519) to work on /home/airflow/.local/lib/python3.12/site-packages/airflow/example_dags/example_branch_labels.py
[2026-08-12T04:36:29.514+0000] {processor.py:914} INFO - Processing file /home/airflow/.local/lib/python3.12/site-packages/airflow/example_dags/example_branch_labels.py for tasks to queue
[2026-08-12T04:36:29.517+0000] {logging_mixin.py:190} INFO - [2026-08-12T04:36:29.517+0000] {dagbag.py:587} INFO - Filling up the DagBag from /home/airflow/.local/lib/python3.12/site-packages/airflow/example_dags/example_branch_labels.py
[2026-08-12T04:36:29.527+0000] {processor.py:925} INFO - DAG(s) 'example_branch_labels' retrieved from /home/airflow/.local/lib/python3.12/site-packages/airflow/example_dags/example_branch_labels.py
[2026-08-12T04:36:29.547+0000] {logging_mixin.py:190} INFO - [2026-08-12T04:36:29.547+0000] {dag.py:3211} INFO - Sync 1 DAGs
[2026-08-12T04:36:29.570+0000] {logging_mixin.py:190} INFO - [2026-08-12T04:36:29.570+0000] {dag.py:4138} INFO - Setting next_dagrun for example_branch_labels to 2026-08-11 00:00:00+00:00, run_after=2026-08-12 00:00:00+00:00
[2026-08-12T04:36:29.589+0000] {processor.py:208} INFO - Processing /home/airflow/.local/lib/python3.12/site-packages/airflow/example_dags/example_branch_labels.py took 0.083 seconds
[2026-08-12T04:37:00.106+0000] {processor.py:186} INFO - Started process (PID=581) to work on /home/airflow/.local/lib/python3.12/site-packages/airflow/example_dags/example_branch_labels.py
[2026-08-12T04:37:00.107+0000] {processor.py:914} INFO - Processing file /home/airflow/.local/lib/python3.12/site-packages/airflow/example_dags/example_branch_labels.py for tasks to queue
[2026-08-12T04:37:00.110+0000] {logging_mixin.py:190} INFO - [2026-08-12T04:37:00.110+0000] {dagbag.py:587} INFO - Filling up the DagBag from /home/airflow/.local/lib/python3.12/site-packages/airflow/example_dags/example_branch_labels.py
[2026-08-12T04:37:00.120+0000] {processor.py:925} INFO - DAG(s) 'example_branch_labels' retrieved from /home/airflow/.local/lib/python3.12/site-packages/airflow/example_dags/example_branch_labels.py
[2026-08-12T04:37:00.144+0000] {logging_mixin.py:190} INFO - [2026-08-12T04:37:00.144+0000] {dag.py:3211} INFO - Sync 1 DAGs
[2026-08-12T04:37:00.172+0000] {logging_mixin.py:190} INFO - [2026-08-12T04:37:00.171+0000] {dag.py:4138} INFO - Setting next_dagrun for example_branch_labels to 2026-08-11 00:00:00+00:00, run_after=2026-08-12 00:00:00+00:00
[2026-08-12T04:37:00.206+0000] {processor.py:208} INFO - Processing /home/airflow/.local/lib/python3.12/site-packages/airflow/example_dags/example_branch_labels.py took 0.105 seconds
[2026-08-12T04:37:30.321+0000] {processor.py:186} INFO - Started process (PID=643) to work on /home/airflow/.local/lib/python3.12/site-packages/airflow/example_dags/example_branch_labels.py
[2026-08-12T04:37:30.323+0000] {processor.py:914} INFO - Processing file /home/airflow/.local/lib/python3.12/site-packages/airflow/example_dags/example_branch_labels.py for tasks to queue
[2026-08-12T04:37:30.327+0000] {logging_mixin.py:190} INFO - [2026-08-12T04:37:30.327+0000] {dagbag.py:587} INFO - Filling up the DagBag from /home/airflow/.local/lib/python3.12/site-packages/airflow/example_dags/example_branch_labels.py
[2026-08-12T04:37:30.341+0000] {processor.py:925} INFO - DAG(s) 'example_branch_labels' retrieved from /home/airflow/.local/lib/python3.12/site-packages/airflow/example_dags/example_branch_labels.py
[2026-08-12T04:37:30.365+0000] {logging_mixin.py:190} INFO - [2026-08-12T04:37:30.365+0000] {dag.py:3211} INFO - Sync 1 DAGs
[2026-08-12T04:37:30.389+0000] {logging_mixin.py:190} INFO - [2026-08-12T04:37:30.389+0000] {dag.py:4138} INFO - Setting next_dagrun for example_branch_labels to 2026-08-11 00:00:00+00:00, run_after=2026-08-12 00:00:00+00:00
[2026-08-12T04:37:30.410+0000] {processor.py:208} INFO - Processing /home/airflow/.local/lib/python3.12/site-packages/airflow/example_dags/example_branch_labels.py took 0.096 seconds
[2026-08-12T04:38:00.558+0000] {processor.py:186} INFO - Started process (PID=705) to work on /home/airflow/.local/lib/python3.12/site-packages/airflow/example_dags/example_branch_labels.py
[2026-08-12T04:38:00.560+0000] {processor.py:914} INFO - Processing file /home/airflow/.local/lib/python3.12/site-packages/airflow/example_dags/example_branch_labels.py for tasks to queue
[2026-08-12T04:38:00.563+0000] {logging_mixin.py:190} INFO - [2026-08-12T04:38:00.563+0000] {dagbag.py:587} INFO - Filling up the DagBag from /home/airflow/.local/lib/python3.12/site-packages/airflow/example_dags/example_branch_labels.py
[2026-08-12T04:38:00.574+0000] {processor.py:925} INFO - DAG(s) 'example_branch_labels' retrieved from /home/airflow/.local/lib/python3.12/site-packages/airflow/example_dags/example_branch_labels.py
[2026-08-12T04:38:00.595+0000] {logging_mixin.py:190} INFO - [2026-08-12T04:38:00.595+0000] {dag.py:3211} INFO - Sync 1 DAGs
[2026-08-12T04:38:00.616+0000] {logging_mixin.py:190} INFO - [2026-08-12T04:38:00.616+0000] {dag.py:4138} INFO - Setting next_dagrun for example_branch_labels to 2026-08-11 00:00:00+00:00, run_after=2026-08-12 00:00:00+00:00
[2026-08-12T04:38:00.636+0000] {processor.py:208} INFO - Processing /home/airflow/.local/lib/python3.12/site-packages/airflow/example_dags/example_branch_labels.py took 0.083 seconds
[2026-08-12T04:38:31.215+0000] {processor.py:186} INFO - Started process (PID=767) to work on /home/airflow/.local/lib/python3.12/site-packages/airflow/example_dags/example_branch_labels.py
[2026-08-12T04:38:31.217+0000] {processor.py:914} INFO - Processing file /home/airflow/.local/lib/python3.12/site-packages/airflow/example_dags/example_branch_labels.py for tasks to queue
[2026-08-12T04:38:31.220+0000] {logging_mixin.py:190} INFO - [2026-08-12T04:38:31.220+0000] {dagbag.py:587} INFO - Filling up the DagBag from /home/airflow/.local/lib/python3.12/site-packages/airflow/example_dags/example_branch_labels.py
[2026-08-12T04:38:31.230+0000] {processor.py:925} INFO - DAG(s) 'example_branch_labels' retrieved from /home/airflow/.local/lib/python3.12/site-packages/airflow/example_dags/example_branch_labels.py
[2026-08-12T04:38:31.253+0000] {logging_mixin.py:190} INFO - [2026-08-12T04:38:31.253+0000] {dag.py:3211} INFO - Sync 1 DAGs
[2026-08-12T04:38:31.281+0000] {logging_mixin.py:190} INFO - [2026-08-12T04:38:31.281+0000] {dag.py:4138} INFO - Setting next_dagrun for example_branch_labels to 2026-08-11 00:00:00+00:00, run_after=2026-08-12 00:00:00+00:00
[2026-08-12T04:38:31.302+0000] {processor.py:208} INFO - Processing /home/airflow/.local/lib/python3.12/site-packages/airflow/example_dags/example_branch_labels.py took 0.093 seconds
[2026-08-12T04:39:01.586+0000] {processor.py:186} INFO - Started process (PID=829) to work on /home/airflow/.local/lib/python3.12/site-packages/airflow/example_dags/example_branch_labels.py
[2026-08-12T04:39:01.588+0000] {processor.py:914} INFO - Processing file /home/airflow/.local/lib/python3.12/site-packages/airflow/example_dags/example_branch_labels.py for tasks to queue
[2026-08-12T04:39:01.591+0000] {logging_mixin.py:190} INFO - [2026-08-12T04:39:01.591+0000] {dagbag.py:587} INFO - Filling up the DagBag from /home/airflow/.local/lib/python3.12/site-packages/airflow/example_dags/example_branch_labels.py
[2026-08-12T04:39:01.604+0000] {processor.py:925} INFO - DAG(s) 'example_branch_labels' retrieved from /home/airflow/.local/lib/python3.12/site-packages/airflow/example_dags/example_branch_labels.py
[2026-08-12T04:39:01.626+0000] {logging_mixin.py:190} INFO - [2026-08-12T04:39:01.626+0000] {dag.py:3211} INFO - Sync 1 DAGs
[2026-08-12T04:39:01.650+0000] {logging_mixin.py:190} INFO - [2026-08-12T04:39:01.650+0000] {dag.py:4138} INFO - Setting next_dagrun for example_branch_labels to 2026-08-11 00:00:00+00:00, run_after=2026-08-12 00:00:00+00:00
[2026-08-12T04:39:01.669+0000] {processor.py:208} INFO - Processing /home/airflow/.local/lib/python3.12/site-packages/airflow/example_dags/example_branch_labels.py took 0.088 seconds
[2026-08-12T04:39:31.984+0000] {processor.py:186} INFO - Started process (PID=891) to work on /home/airflow/.local/lib/python3.12/site-packages/airflow/example_dags/example_branch_labels.py
[2026-08-12T04:39:31.986+0000] {processor.py:914} INFO - Processing file /home/airflow/.local/lib/python3.12/site-packages/airflow/example_dags/example_branch_labels.py for tasks to queue
[2026-08-12T04:39:31.989+0000] {logging_mixin.py:190} INFO - [2026-08-12T04:39:31.989+0000] {dagbag.py:587} INFO - Filling up the DagBag from /home/airflow/.local/lib/python3.12/site-packages/airflow/example_dags/example_branch_labels.py
[2026-08-12T04:39:31.998+0000] {processor.py:925} INFO - DAG(s) 'example_branch_labels' retrieved from /home/airflow/.local/lib/python3.12/site-packages/airflow/example_dags/example_branch_labels.py
[2026-08-12T04:39:32.021+0000] {logging_mixin.py:190} INFO - [2026-08-12T04:39:32.021+0000] {dag.py:3211} INFO - Sync 1 DAGs
[2026-08-12T04:39:32.046+0000] {logging_mixin.py:190} INFO - [2026-08-12T04:39:32.045+0000] {dag.py:4138} INFO - Setting next_dagrun for example_branch_labels to 2026-08-11 00:00:00+00:00, run_after=2026-08-12 00:00:00+00:00
[2026-08-12T04:39:32.066+0000] {processor.py:208} INFO - Processing /home/airflow/.local/lib/python3.12/site-packages/airflow/example_dags/example_branch_labels.py took 0.088 seconds
[2026-08-12T04:40:02.382+0000] {processor.py:186} INFO - Started process (PID=953) to work on /home/airflow/.local/lib/python3.12/site-packages/airflow/example_dags/example_branch_labels.py
[2026-08-12T04:40:02.383+0000] {processor.py:914} INFO - Processing file /home/airflow/.local/lib/python3.12/site-packages/airflow/example_dags/example_branch_labels.py for tasks to queue
[2026-08-12T04:40:02.387+0000] {logging_mixin.py:190} INFO - [2026-08-12T04:40:02.386+0000] {dagbag.py:587} INFO - Filling up the DagBag from /home/airflow/.local/lib/python3.12/site-packages/airflow/example_dags/example_branch_labels.py
[2026-08-12T04:40:02.397+0000] {processor.py:925} INFO - DAG(s) 'example_branch_labels' retrieved from /home/airflow/.local/lib/python3.12/site-packages/airflow/example_dags/example_branch_labels.py
[2026-08-12T04:40:02.418+0000] {logging_mixin.py:190} INFO - [2026-08-12T04:40:02.418+0000] {dag.py:3211} INFO - Sync 1 DAGs
[2026-08-12T04:40:02.447+0000] {logging_mixin.py:190} INFO - [2026-08-12T04:40:02.447+0000] {dag.py:4138} INFO - Setting next_dagrun for example_branch_labels to 2026-08-11 00:00:00+00:00, run_after=2026-08-12 00:00:00+00:00
[2026-08-12T04:40:02.466+0000] {processor.py:208} INFO - Processing /home/airflow/.local/lib/python3.12/site-packages/airflow/example_dags/example_branch_labels.py took 0.089 seconds
[2026-08-12T04:40:33.124+0000] {processor.py:186} INFO - Started process (PID=1015) to work on /home/airflow/.local/lib/python3.12/site-packages/airflow/example_dags/example_branch_labels.py
[2026-08-12T04:40:33.125+0000] {processor.py:914} INFO - Processing file /home/airflow/.local/lib/python3.12/site-packages/airflow/example_dags/example_branch_labels.py for tasks to queue
[2026-08-12T04:40:33.128+0000] {logging_mixin.py:190} INFO - [2026-08-12T04:40:33.127+0000] {dagbag.py:587} INFO - Filling up the DagBag from /home/airflow/.local/lib/python3.12/site-packages/airflow/example_dags/example_branch_labels.py
[2026-08-12T04:40:33.139+0000] {processor.py:925} INFO - DAG(s) 'example_branch_labels' retrieved from /home/airflow/.local/lib/python3.12/site-packages/airflow/example_dags/example_branch_labels.py
[2026-08-12T04:40:33.169+0000] {logging_mixin.py:190} INFO - [2026-08-12T04:40:33.168+0000] {dag.py:3211} INFO - Sync 1 DAGs
[2026-08-12T04:40:33.200+0000] {logging_mixin.py:190} INFO - [2026-08-12T04:40:33.199+0000] {dag.py:4138} INFO - Setting next_dagrun for example_branch_labels to 2026-08-11 00:00:00+00:00, run_after=2026-08-12 00:00:00+00:00
[2026-08-12T04:40:33.222+0000] {processor.py:208} INFO - Processing /home/airflow/.local/lib/python3.12/site-packages/airflow/example_dags/example_branch_labels.py took 0.103 seconds
[2026-08-12T04:41:03.685+0000] {processor.py:186} INFO - Started process (PID=1077) to work on /home/airflow/.local/lib/python3.12/site-packages/airflow/example_dags/example_branch_labels.py
[2026-08-12T04:41:03.686+0000] {processor.py:914} INFO - Processing file /home/airflow/.local/lib/python3.12/site-packages/airflow/example_dags/example_branch_labels.py for tasks to queue
[2026-08-12T04:41:03.689+0000] {logging_mixin.py:190} INFO - [2026-08-12T04:41:03.689+0000] {dagbag.py:587} INFO - Filling up the DagBag from /home/airflow/.local/lib/python3.12/site-packages/airflow/example_dags/example_branch_labels.py
[2026-08-12T04:41:03.699+0000] {processor.py:925} INFO - DAG(s) 'example_branch_labels' retrieved from /home/airflow/.local/lib/python3.12/site-packages/airflow/example_dags/example_branch_labels.py
[2026-08-12T04:41:03.721+0000] {logging_mixin.py:190} INFO - [2026-08-12T04:41:03.720+0000] {dag.py:3211} INFO - Sync 1 DAGs
[2026-08-12T04:41:03.742+0000] {logging_mixin.py:190} INFO - [2026-08-12T04:41:03.742+0000] {dag.py:4138} INFO - Setting next_dagrun for example_branch_labels to 2026-08-11 00:00:00+00:00, run_after=2026-08-12 00:00:00+00:00
[2026-08-12T04:41:03.766+0000] {processor.py:208} INFO - Processing /home/airflow/.local/lib/python3.12/site-packages/airflow/example_dags/example_branch_labels.py took 0.087 seconds
[2026-08-12T04:41:34.250+0000] {processor.py:186} INFO - Started process (PID=1139) to work on /home/airflow/.local/lib/python3.12/site-packages/airflow/example_dags/example_branch_labels.py
[2026-08-12T04:41:34.252+0000] {processor.py:914} INFO - Processing file /home/airflow/.local/lib/python3.12/site-packages/airflow/example_dags/example_branch_labels.py for tasks to queue
[2026-08-12T04:41:34.256+0000] {logging_mixin.py:190} INFO - [2026-08-12T04:41:34.256+0000] {dagbag.py:587} INFO - Filling up the DagBag from /home/airflow/.local/lib/python3.12/site-packages/airflow/example_dags/example_branch_labels.py
[2026-08-12T04:41:34.266+0000] {processor.py:925} INFO - DAG(s) 'example_branch_labels' retrieved from /home/airflow/.local/lib/python3.12/site-packages/airflow/example_dags/example_branch_labels.py
[2026-08-12T04:41:34.288+0000] {logging_mixin.py:190} INFO - [2026-08-12T04:41:34.288+0000] {dag.py:3211} INFO - Sync 1 DAGs
[2026-08-12T04:41:34.313+0000] {logging_mixin.py:190} INFO - [2026-08-12T04:41:34.313+0000] {dag.py:4138} INFO - Setting next_dagrun for example_branch_labels to 2026-08-11 00:00:00+00:00, run_after=2026-08-12 00:00:00+00:00
[2026-08-12T04:41:34.331+0000] {processor.py:208} INFO - Processing /home/airflow/.local/lib/python3.12/site-packages/airflow/example_dags/example_branch_labels.py took 0.086 seconds
[2026-08-12T04:42:05.024+0000] {processor.py:186} INFO - Started process (PID=1201) to work on /home/airflow/.local/lib/python3.12/site-packages/airflow/example_dags/example_branch_labels.py
[2026-08-12T04:42:05.026+0000] {processor.py:914} INFO - Processing file /home/airflow/.local/lib/python3.12/site-packages/airflow/example_dags/example_branch_labels.py for tasks to queue
[2026-08-12T04:42:05.030+0000] {logging_mixin.py:190} INFO - [2026-08-12T04:42:05.030+0000] {dagbag.py:587} INFO - Filling up the DagBag from /home/airflow/.local/lib/python3.12/site-packages/airflow/example_dags/example_branch_labels.py
[2026-08-12T04:42:05.043+0000] {processor.py:925} INFO - DAG(s) 'example_branch_labels' retrieved from /home/airflow/.local/lib/python3.12/site-packages/airflow/example_dags/example_branch_labels.py
[2026-08-12T04:42:05.067+0000] {logging_mixin.py:190} INFO - [2026-08-12T04:42:05.067+0000] {dag.py:3211} INFO - Sync 1 DAGs
[2026-08-12T04:42:05.091+0000] {logging_mixin.py:190} INFO - [2026-08-12T04:42:05.091+0000] {dag.py:4138} INFO - Setting next_dagrun for example_branch_labels to 2026-08-11 00:00:00+00:00, run_after=2026-08-12 00:00:00+00:00
[2026-08-12T04:42:05.112+0000] {processor.py:208} INFO - Processing /home/airflow/.local/lib/python3.12/site-packages/airflow/example_dags/example_branch_labels.py took 0.096 seconds
[2026-08-12T04:42:35.553+0000] {processor.py:186} INFO - Started process (PID=1263) to work on /home/airflow/.local/lib/python3.12/site-packages/airflow/example_dags/example_branch_labels.py
[2026-08-12T04:42:35.554+0000] {processor.py:914} INFO - Processing file /home/airflow/.local/lib/python3.12/site-packages/airflow/example_dags/example_branch_labels.py for tasks to queue
[2026-08-12T04:42:35.557+0000] {logging_mixin.py:190} INFO - [2026-08-12T04:42:35.557+0000] {dagbag.py:587} INFO - Filling up the DagBag from /home/airflow/.local/lib/python3.12/site-packages/airflow/example_dags/example_branch_labels.py
[2026-08-12T04:42:35.567+0000] {processor.py:925} INFO - DAG(s) 'example_branch_labels' retrieved from /home/airflow/.local/lib/python3.12/site-packages/airflow/example_dags/example_branch_labels.py
[2026-08-12T04:42:35.588+0000] {logging_mixin.py:190} INFO - [2026-08-12T04:42:35.588+0000] {dag.py:3211} INFO - Sync 1 DAGs
[2026-08-12T04:42:35.616+0000] {logging_mixin.py:190} INFO - [2026-08-12T04:42:35.616+0000] {dag.py:4138} INFO - Setting next_dagrun for example_branch_labels to 2026-08-11 00:00:00+00:00, run_after=2026-08-12 00:00:00+00:00
[2026-08-12T04:42:35.648+0000] {processor.py:208} INFO - Processing /home/airflow/.local/lib/python3.12/site-packages/airflow/example_dags/example_branch_labels.py took 0.100 seconds
[2026-08-12T04:43:06.418+0000] {processor.py:186} INFO - Started process (PID=1325) to work on /home/airflow/.local/lib/python3.12/site-packages/airflow/example_dags/example_branch_labels.py
[2026-08-12T04:43:06.420+0000] {processor.py:914} INFO - Processing file /home/airflow/.local/lib/python3.12/site-packages/airflow/example_dags/example_branch_labels.py for tasks to queue
[2026-08-12T04:43:06.424+0000] {logging_mixin.py:190} INFO - [2026-08-12T04:43:06.423+0000] {dagbag.py:587} INFO - Filling up the DagBag from /home/airflow/.local/lib/python3.12/site-packages/airflow/example_dags/example_branch_labels.py
[2026-08-12T04:43:06.436+0000] {processor.py:925} INFO - DAG(s) 'example_branch_labels' retrieved from /home/airflow/.local/lib/python3.12/site-packages/airflow/example_dags/example_branch_labels.py
[2026-08-12T04:43:06.456+0000] {logging_mixin.py:190} INFO - [2026-08-12T04:43:06.456+0000] {dag.py:3211} INFO - Sync 1 DAGs
[2026-08-12T04:43:06.482+0000] {logging_mixin.py:190} INFO - [2026-08-12T04:43:06.482+0000] {dag.py:4138} INFO - Setting next_dagrun for example_branch_labels to 2026-08-11 00:00:00+00:00, run_after=2026-08-12 00:00:00+00:00
[2026-08-12T04:43:06.504+0000] {processor.py:208} INFO - Processing /home/airflow/.local/lib/python3.12/site-packages/airflow/example_dags/example_branch_labels.py took 0.093 seconds
[2026-08-12T04:43:37.228+0000] {processor.py:186} INFO - Started process (PID=1387) to work on /home/airflow/.local/lib/python3.12/site-packages/airflow/example_dags/example_branch_labels.py
[2026-08-12T04:43:37.230+0000] {processor.py:914} INFO - Processing file /home/airflow/.local/lib/python3.12/site-packages/airflow/example_dags/example_branch_labels.py for tasks to queue
[2026-08-12T04:43:37.235+0000] {logging_mixin.py:190} INFO - [2026-08-12T04:43:37.234+0000] {dagbag.py:587} INFO - Filling up the DagBag from /home/airflow/.local/lib/python3.12/site-packages/airflow/example_dags/example_branch_labels.py
[2026-08-12T04:43:37.259+0000] {processor.py:925} INFO - DAG(s) 'example_branch_labels' retrieved from /home/airflow/.local/lib/python3.12/site-packages/airflow/example_dags/example_branch_labels.py
[2026-08-12T04:43:37.298+0000] {logging_mixin.py:190} INFO - [2026-08-12T04:43:37.297+0000] {dag.py:3211} INFO - Sync 1 DAGs
[2026-08-12T04:43:37.334+0000] {logging_mixin.py:190} INFO - [2026-08-12T04:43:37.334+0000] {dag.py:4138} INFO - Setting next_dagrun for example_branch_labels to 2026-08-11 00:00:00+00:00, run_after=2026-08-12 00:00:00+00:00
[2026-08-12T04:43:37.379+0000] {processor.py:208} INFO - Processing /home/airflow/.local/lib/python3.12/site-packages/airflow/example_dags/example_branch_labels.py took 0.161 seconds
[2026-08-12T04:44:08.198+0000] {processor.py:186} INFO - Started process (PID=1449) to work on /home/airflow/.local/lib/python3.12/site-packages/airflow/example_dags/example_branch_labels.py
[2026-08-12T04:44:08.200+0000] {processor.py:914} INFO - Processing file /home/airflow/.local/lib/python3.12/site-packages/airflow/example_dags/example_branch_labels.py for tasks to queue
[2026-08-12T04:44:08.203+0000] {logging_mixin.py:190} INFO - [2026-08-12T04:44:08.203+0000] {dagbag.py:587} INFO - Filling up the DagBag from /home/airflow/.local/lib/python3.12/site-packages/airflow/example_dags/example_branch_labels.py
[2026-08-12T04:44:08.214+0000] {processor.py:925} INFO - DAG(s) 'example_branch_labels' retrieved from /home/airflow/.local/lib/python3.12/site-packages/airflow/example_dags/example_branch_labels.py
[2026-08-12T04:44:08.242+0000] {logging_mixin.py:190} INFO - [2026-08-12T04:44:08.241+0000] {dag.py:3211} INFO - Sync 1 DAGs
[2026-08-12T04:44:08.266+0000] {logging_mixin.py:190} INFO - [2026-08-12T04:44:08.266+0000] {dag.py:4138} INFO - Setting next_dagrun for example_branch_labels to 2026-08-11 00:00:00+00:00, run_after=2026-08-12 00:00:00+00:00
[2026-08-12T04:44:08.286+0000] {processor.py:208} INFO - Processing /home/airflow/.local/lib/python3.12/site-packages/airflow/example_dags/example_branch_labels.py took 0.094 seconds
[2026-08-12T04:44:39.087+0000] {processor.py:186} INFO - Started process (PID=1511) to work on /home/airflow/.local/lib/python3.12/site-packages/airflow/example_dags/example_branch_labels.py
[2026-08-12T04:44:39.089+0000] {processor.py:914} INFO - Processing file /home/airflow/.local/lib/python3.12/site-packages/airflow/example_dags/example_branch_labels.py for tasks to queue
[2026-08-12T04:44:39.095+0000] {logging_mixin.py:190} INFO - [2026-08-12T04:44:39.095+0000] {dagbag.py:587} INFO - Filling up the DagBag from /home/airflow/.local/lib/python3.12/site-packages/airflow/example_dags/example_branch_labels.py
[2026-08-12T04:44:39.108+0000] {processor.py:925} INFO - DAG(s) 'example_branch_labels' retrieved from /home/airflow/.local/lib/python3.12/site-packages/airflow/example_dags/example_branch_labels.py
[2026-08-12T04:44:39.138+0000] {logging_mixin.py:190} INFO - [2026-08-12T04:44:39.137+0000] {dag.py:3211} INFO - Sync 1 DAGs
[2026-08-12T04:44:39.165+0000] {logging_mixin.py:190} INFO - [2026-08-12T04:44:39.165+0000] {dag.py:4138} INFO - Setting next_dagrun for example_branch_labels to 2026-08-11 00:00:00+00:00, run_after=2026-08-12 00:00:00+00:00
[2026-08-12T04:44:39.191+0000] {processor.py:208} INFO - Processing /home/airflow/.local/lib/python3.12/site-packages/airflow/example_dags/example_branch_labels.py took 0.109 seconds
[2026-08-12T04:45:09.476+0000] {processor.py:186} INFO - Started process (PID=1573) to work on /home/airflow/.local/lib/python3.12/site-packages/airflow/example_dags/example_branch_labels.py
[2026-08-12T04:45:09.478+0000] {processor.py:914} INFO - Processing file /home/airflow/.local/lib/python3.12/site-packages/airflow/example_dags/example_branch_labels.py for tasks to queue
[2026-08-12T04:45:09.481+0000] {logging_mixin.py:190} INFO - [2026-08-12T04:45:09.480+0000] {dagbag.py:587} INFO - Filling up the DagBag from /home/airflow/.local/lib/python3.12/site-packages/airflow/example_dags/example_branch_labels.py
[2026-08-12T04:45:09.490+0000] {processor.py:925} INFO - DAG(s) 'example_branch_labels' retrieved from /home/airflow/.local/lib/python3.12/site-packages/airflow/example_dags/example_branch_labels.py
[2026-08-12T04:45:09.512+0000] {logging_mixin.py:190} INFO - [2026-08-12T04:45:09.512+0000] {dag.py:3211} INFO - Sync 1 DAGs
[2026-08-12T04:45:09.538+0000] {logging_mixin.py:190} INFO - [2026-08-12T04:45:09.538+0000] {dag.py:4138} INFO - Setting next_dagrun for example_branch_labels to 2026-08-11 00:00:00+00:00, run_after=2026-08-12 00:00:00+00:00
[2026-08-12T04:45:09.567+0000] {processor.py:208} INFO - Processing /home/airflow/.local/lib/python3.12/site-packages/airflow/example_dags/example_branch_labels.py took 0.096 seconds
[2026-08-12T04:45:40.119+0000] {processor.py:186} INFO - Started process (PID=1635) to work on /home/airflow/.local/lib/python3.12/site-packages/airflow/example_dags/example_branch_labels.py
[2026-08-12T04:45:40.120+0000] {processor.py:914} INFO - Processing file /home/airflow/.local/lib/python3.12/site-packages/airflow/example_dags/example_branch_labels.py for tasks to queue
[2026-08-12T04:45:40.123+0000] {logging_mixin.py:190} INFO - [2026-08-12T04:45:40.123+0000] {dagbag.py:587} INFO - Filling up the DagBag from /home/airflow/.local/lib/python3.12/site-packages/airflow/example_dags/example_branch_labels.py
[2026-08-12T04:45:40.133+0000] {processor.py:925} INFO - DAG(s) 'example_branch_labels' retrieved from /home/airflow/.local/lib/python3.12/site-packages/airflow/example_dags/example_branch_labels.py
[2026-08-12T04:45:40.154+0000] {logging_mixin.py:190} INFO - [2026-08-12T04:45:40.153+0000] {dag.py:3211} INFO - Sync 1 DAGs
[2026-08-12T04:45:40.176+0000] {logging_mixin.py:190} INFO - [2026-08-12T04:45:40.176+0000] {dag.py:4138} INFO - Setting next_dagrun for example_branch_labels to 2026-08-11 00:00:00+00:00, run_after=2026-08-12 00:00:00+00:00
[2026-08-12T04:45:40.195+0000] {processor.py:208} INFO - Processing /home/airflow/.local/lib/python3.12/site-packages/airflow/example_dags/example_branch_labels.py took 0.082 seconds
[2026-08-12T04:46:10.571+0000] {processor.py:186} INFO - Started process (PID=1697) to work on /home/airflow/.local/lib/python3.12/site-packages/airflow/example_dags/example_branch_labels.py
[2026-08-12T04:46:10.573+0000] {processor.py:914} INFO - Processing file /home/airflow/.local/lib/python3.12/site-packages/airflow/example_dags/example_branch_labels.py for tasks to queue
[2026-08-12T04:46:10.575+0000] {logging_mixin.py:190} INFO - [2026-08-12T04:46:10.575+0000] {dagbag.py:587} INFO - Filling up the DagBag from /home/airflow/.local/lib/python3.12/site-packages/airflow/example_dags/example_branch_labels.py
[2026-08-12T04:46:10.585+0000] {processor.py:925} INFO - DAG(s) 'example_branch_labels' retrieved from /home/airflow/.local/lib/python3.12/site-packages/airflow/example_dags/example_branch_labels.py
[2026-08-12T04:46:10.604+0000] {logging_mixin.py:190} INFO - [2026-08-12T04:46:10.604+0000] {dag.py:3211} INFO - Sync 1 DAGs
[2026-08-12T04:46:10.624+0000] {logging_mixin.py:190} INFO - [2026-08-12T04:46:10.623+0000] {dag.py:4138} INFO - Setting next_dagrun for example_branch_labels to 2026-08-11 00:00:00+00:00, run_after=2026-08-12 00:00:00+00:00
[2026-08-12T04:46:10.642+0000] {processor.py:208} INFO - Processing /home/airflow/.local/lib/python3.12/site-packages/airflow/example_dags/example_branch_labels.py took 0.076 seconds
[2026-08-12T04:46:41.075+0000] {processor.py:186} INFO - Started process (PID=1759) to work on /home/airflow/.local/lib/python3.12/site-packages/airflow/example_dags/example_branch_labels.py
[2026-08-12T04:46:41.077+0000] {processor.py:914} INFO - Processing file /home/airflow/.local/lib/python3.12/site-packages/airflow/example_dags/example_branch_labels.py for tasks to queue
[2026-08-12T04:46:41.080+0000] {logging_mixin.py:190} INFO - [2026-08-12T04:46:41.079+0000] {dagbag.py:587} INFO - Filling up the DagBag from /home/airflow/.local/lib/python3.12/site-packages/airflow/example_dags/example_branch_labels.py
[2026-08-12T04:46:41.091+0000] {processor.py:925} INFO - DAG(s) 'example_branch_labels' retrieved from /home/airflow/.local/lib/python3.12/site-packages/airflow/example_dags/example_branch_labels.py
[2026-08-12T04:46:41.113+0000] {logging_mixin.py:190} INFO - [2026-08-12T04:46:41.112+0000] {dag.py:3211} INFO - Sync 1 DAGs
[2026-08-12T04:46:41.143+0000] {logging_mixin.py:190} INFO - [2026-08-12T04:46:41.142+0000] {dag.py:4138} INFO - Setting next_dagrun for example_branch_labels to 2026-08-11 00:00:00+00:00, run_after=2026-08-12 00:00:00+00:00
[2026-08-12T04:46:41.165+0000] {processor.py:208} INFO - Processing /home/airflow/.local/lib/python3.12/site-packages/airflow/example_dags/example_branch_labels.py took 0.096 seconds
[2026-08-12T04:47:11.556+0000] {processor.py:186} INFO - Started process (PID=1821) to work on /home/airflow/.local/lib/python3.12/site-packages/airflow/example_dags/example_branch_labels.py
[2026-08-12T04:47:11.558+0000] {processor.py:914} INFO - Processing file /home/airflow/.local/lib/python3.12/site-packages/airflow/example_dags/example_branch_labels.py for tasks to queue
[2026-08-12T04:47:11.562+0000] {logging_mixin.py:190} INFO - [2026-08-12T04:47:11.561+0000] {dagbag.py:587} INFO - Filling up the DagBag from /home/airflow/.local/lib/python3.12/site-packages/airflow/example_dags/example_branch_labels.py
[2026-08-12T04:47:11.572+0000] {processor.py:925} INFO - DAG(s) 'example_branch_labels' retrieved from /home/airflow/.local/lib/python3.12/site-packages/airflow/example_dags/example_branch_labels.py
[2026-08-12T04:47:11.594+0000] {logging_mixin.py:190} INFO - [2026-08-12T04:47:11.593+0000] {dag.py:3211} INFO - Sync 1 DAGs
[2026-08-12T04:47:11.630+0000] {logging_mixin.py:190} INFO - [2026-08-12T04:47:11.630+0000] {dag.py:4138} INFO - Setting next_dagrun for example_branch_labels to 2026-08-11 00:00:00+00:00, run_after=2026-08-12 00:00:00+00:00
[2026-08-12T04:47:11.653+0000] {processor.py:208} INFO - Processing /home/airflow/.local/lib/python3.12/site-packages/airflow/example_dags/example_branch_labels.py took 0.102 seconds
[2026-08-12T04:47:41.893+0000] {processor.py:186} INFO - Started process (PID=1883) to work on /home/airflow/.local/lib/python3.12/site-packages/airflow/example_dags/example_branch_labels.py
[2026-08-12T04:47:41.895+0000] {processor.py:914} INFO - Processing file /home/airflow/.local/lib/python3.12/site-packages/airflow/example_dags/example_branch_labels.py for tasks to queue
[2026-08-12T04:47:41.899+0000] {logging_mixin.py:190} INFO - [2026-08-12T04:47:41.898+0000] {dagbag.py:587} INFO - Filling up the DagBag from /home/airflow/.local/lib/python3.12/site-packages/airflow/example_dags/example_branch_labels.py
[2026-08-12T04:47:41.911+0000] {processor.py:925} INFO - DAG(s) 'example_branch_labels' retrieved from /home/airflow/.local/lib/python3.12/site-packages/airflow/example_dags/example_branch_labels.py
[2026-08-12T04:47:41.935+0000] {logging_mixin.py:190} INFO - [2026-08-12T04:47:41.935+0000] {dag.py:3211} INFO - Sync 1 DAGs
[2026-08-12T04:47:41.961+0000] {logging_mixin.py:190} INFO - [2026-08-12T04:47:41.961+0000] {dag.py:4138} INFO - Setting next_dagrun for example_branch_labels to 2026-08-11 00:00:00+00:00, run_after=2026-08-12 00:00:00+00:00
[2026-08-12T04:47:41.980+0000] {processor.py:208} INFO - Processing /home/airflow/.local/lib/python3.12/site-packages/airflow/example_dags/example_branch_labels.py took 0.096 seconds
[2026-08-12T04:48:12.972+0000] {processor.py:186} INFO - Started process (PID=1945) to work on /home/airflow/.local/lib/python3.12/site-packages/airflow/example_dags/example_branch_labels.py
[2026-08-12T04:48:12.974+0000] {processor.py:914} INFO - Processing file /home/airflow/.local/lib/python3.12/site-packages/airflow/example_dags/example_branch_labels.py for tasks to queue
[2026-08-12T04:48:12.977+0000] {logging_mixin.py:190} INFO - [2026-08-12T04:48:12.977+0000] {dagbag.py:587} INFO - Filling up the DagBag from /home/airflow/.local/lib/python3.12/site-packages/airflow/example_dags/example_branch_labels.py
[2026-08-12T04:48:12.987+0000] {processor.py:925} INFO - DAG(s) 'example_branch_labels' retrieved from /home/airflow/.local/lib/python3.12/site-packages/airflow/example_dags/example_branch_labels.py
[2026-08-12T04:48:13.023+0000] {logging_mixin.py:190} INFO - [2026-08-12T04:48:13.023+0000] {dag.py:3211} INFO - Sync 1 DAGs
[2026-08-12T04:48:13.052+0000] {logging_mixin.py:190} INFO - [2026-08-12T04:48:13.052+0000] {dag.py:4138} INFO - Setting next_dagrun for example_branch_labels to 2026-08-11 00:00:00+00:00, run_after=2026-08-12 00:00:00+00:00
[2026-08-12T04:48:13.074+0000] {processor.py:208} INFO - Processing /home/airflow/.local/lib/python3.12/site-packages/airflow/example_dags/example_branch_labels.py took 0.109 seconds
[2026-08-12T04:48:43.605+0000] {processor.py:186} INFO - Started process (PID=2007) to work on /home/airflow/.local/lib/python3.12/site-packages/airflow/example_dags/example_branch_labels.py
[2026-08-12T04:48:43.607+0000] {processor.py:914} INFO - Processing file /home/airflow/.local/lib/python3.12/site-packages/airflow/example_dags/example_branch_labels.py for tasks to queue
[2026-08-12T04:48:43.611+0000] {logging_mixin.py:190} INFO - [2026-08-12T04:48:43.611+0000] {dagbag.py:587} INFO - Filling up the DagBag from /home/airflow/.local/lib/python3.12/site-packages/airflow/example_dags/example_branch_labels.py
[2026-08-12T04:48:43.624+0000] {processor.py:925} INFO - DAG(s) 'example_branch_labels' retrieved from /home/airflow/.local/lib/python3.12/site-packages/airflow/example_dags/example_branch_labels.py
[2026-08-12T04:48:43.650+0000] {logging_mixin.py:190} INFO - [2026-08-12T04:48:43.650+0000] {dag.py:3211} INFO - Sync 1 DAGs
[2026-08-12T04:48:43.679+0000] {logging_mixin.py:190} INFO - [2026-08-12T04:48:43.678+0000] {dag.py:4138} INFO - Setting next_dagrun for example_branch_labels to 2026-08-11 00:00:00+00:00, run_after=2026-08-12 00:00:00+00:00
[2026-08-12T04:48:43.701+0000] {processor.py:208} INFO - Processing /home/airflow/.local/lib/python3.12/site-packages/airflow/example_dags/example_branch_labels.py took 0.103 seconds
[2026-08-12T04:49:13.810+0000] {processor.py:186} INFO - Started process (PID=2069) to work on /home/airflow/.local/lib/python3.12/site-packages/airflow/example_dags/example_branch_labels.py
[2026-08-12T04:49:13.813+0000] {processor.py:914} INFO - Processing file /home/airflow/.local/lib/python3.12/site-packages/airflow/example_dags/example_branch_labels.py for tasks to queue
[2026-08-12T04:49:13.817+0000] {logging_mixin.py:190} INFO - [2026-08-12T04:49:13.817+0000] {dagbag.py:587} INFO - Filling up the DagBag from /home/airflow/.local/lib/python3.12/site-packages/airflow/example_dags/example_branch_labels.py
[2026-08-12T04:49:13.830+0000] {processor.py:925} INFO - DAG(s) 'example_branch_labels' retrieved from /home/airflow/.local/lib/python3.12/site-packages/airflow/example_dags/example_branch_labels.py
[2026-08-12T04:49:13.856+0000] {logging_mixin.py:190} INFO - [2026-08-12T04:49:13.855+0000] {dag.py:3211} INFO - Sync 1 DAGs
[2026-08-12T04:49:13.882+0000] {logging_mixin.py:190} INFO - [2026-08-12T04:49:13.882+0000] {dag.py:4138} INFO - Setting next_dagrun for example_branch_labels to 2026-08-11 00:00:00+00:00, run_after=2026-08-12 00:00:00+00:00
[2026-08-12T04:49:13.908+0000] {processor.py:208} INFO - Processing /home/airflow/.local/lib/python3.12/site-packages/airflow/example_dags/example_branch_labels.py took 0.118 seconds
[2026-08-12T04:49:44.186+0000] {processor.py:186} INFO - Started process (PID=2131) to work on /home/airflow/.local/lib/python3.12/site-packages/airflow/example_dags/example_branch_labels.py
[2026-08-12T04:49:44.189+0000] {processor.py:914} INFO - Processing file /home/airflow/.local/lib/python3.12/site-packages/airflow/example_dags/example_branch_labels.py for tasks to queue
[2026-08-12T04:49:44.193+0000] {logging_mixin.py:190} INFO - [2026-08-12T04:49:44.192+0000] {dagbag.py:587} INFO - Filling up the DagBag from /home/airflow/.local/lib/python3.12/site-packages/airflow/example_dags/example_branch_labels.py
[2026-08-12T04:49:44.207+0000] {processor.py:925} INFO - DAG(s) 'example_branch_labels' retrieved from /home/airflow/.local/lib/python3.12/site-packages/airflow/example_dags/example_branch_labels.py
[2026-08-12T04:49:44.239+0000] {logging_mixin.py:190} INFO - [2026-08-12T04:49:44.239+0000] {dag.py:3211} INFO - Sync 1 DAGs
[2026-08-12T04:49:44.278+0000] {logging_mixin.py:190} INFO - [2026-08-12T04:49:44.278+0000] {dag.py:4138} INFO - Setting next_dagrun for example_branch_labels to 2026-08-11 00:00:00+00:00, run_after=2026-08-12 00:00:00+00:00
[2026-08-12T04:49:44.311+0000] {processor.py:208} INFO - Processing /home/airflow/.local/lib/python3.12/site-packages/airflow/example_dags/example_branch_labels.py took 0.133 seconds
[2026-08-12T04:50:14.905+0000] {processor.py:186} INFO - Started process (PID=2193) to work on /home/airflow/.local/lib/python3.12/site-packages/airflow/example_dags/example_branch_labels.py
[2026-08-12T04:50:14.906+0000] {processor.py:914} INFO - Processing file /home/airflow/.local/lib/python3.12/site-packages/airflow/example_dags/example_branch_labels.py for tasks to queue
[2026-08-12T04:50:14.910+0000] {logging_mixin.py:190} INFO - [2026-08-12T04:50:14.909+0000] {dagbag.py:587} INFO - Filling up the DagBag from /home/airflow/.local/lib/python3.12/site-packages/airflow/example_dags/example_branch_labels.py
[2026-08-12T04:50:14.920+0000] {processor.py:925} INFO - DAG(s) 'example_branch_labels' retrieved from /home/airflow/.local/lib/python3.12/site-packages/airflow/example_dags/example_branch_labels.py
[2026-08-12T04:50:14.947+0000] {logging_mixin.py:190} INFO - [2026-08-12T04:50:14.947+0000] {dag.py:3211} INFO - Sync 1 DAGs
[2026-08-12T04:50:14.974+0000] {logging_mixin.py:190} INFO - [2026-08-12T04:50:14.973+0000] {dag.py:4138} INFO - Setting next_dagrun for example_branch_labels to 2026-08-11 00:00:00+00:00, run_after=2026-08-12 00:00:00+00:00
[2026-08-12T04:50:15.011+0000] {processor.py:208} INFO - Processing /home/airflow/.local/lib/python3.12/site-packages/airflow/example_dags/example_branch_labels.py took 0.111 seconds
[2026-08-12T04:50:45.125+0000] {processor.py:186} INFO - Started process (PID=2255) to work on /home/airflow/.local/lib/python3.12/site-packages/airflow/example_dags/example_branch_labels.py
[2026-08-12T04:50:45.127+0000] {processor.py:914} INFO - Processing file /home/airflow/.local/lib/python3.12/site-packages/airflow/example_dags/example_branch_labels.py for tasks to queue
[2026-08-12T04:50:45.130+0000] {logging_mixin.py:190} INFO - [2026-08-12T04:50:45.130+0000] {dagbag.py:587} INFO - Filling up the DagBag from /home/airflow/.local/lib/python3.12/site-packages/airflow/example_dags/example_branch_labels.py
[2026-08-12T04:50:45.140+0000] {processor.py:925} INFO - DAG(s) 'example_branch_labels' retrieved from /home/airflow/.local/lib/python3.12/site-packages/airflow/example_dags/example_branch_labels.py
[2026-08-12T04:50:45.164+0000] {logging_mixin.py:190} INFO - [2026-08-12T04:50:45.163+0000] {dag.py:3211} INFO - Sync 1 DAGs
[2026-08-12T04:50:45.188+0000] {logging_mixin.py:190} INFO - [2026-08-12T04:50:45.188+0000] {dag.py:4138} INFO - Setting next_dagrun for example_branch_labels to 2026-08-11 00:00:00+00:00, run_after=2026-08-12 00:00:00+00:00
[2026-08-12T04:50:45.209+0000] {processor.py:208} INFO - Processing /home/airflow/.local/lib/python3.12/site-packages/airflow/example_dags/example_branch_labels.py took 0.089 seconds
[2026-08-12T04:51:16.011+0000] {processor.py:186} INFO - Started process (PID=2317) to work on /home/airflow/.local/lib/python3.12/site-packages/airflow/example_dags/example_branch_labels.py
[2026-08-12T04:51:16.013+0000] {processor.py:914} INFO - Processing file /home/airflow/.local/lib/python3.12/site-packages/airflow/example_dags/example_branch_labels.py for tasks to queue
[2026-08-12T04:51:16.016+0000] {logging_mixin.py:190} INFO - [2026-08-12T04:51:16.016+0000] {dagbag.py:587} INFO - Filling up the DagBag from /home/airflow/.local/lib/python3.12/site-packages/airflow/example_dags/example_branch_labels.py
[2026-08-12T04:51:16.028+0000] {processor.py:925} INFO - DAG(s) 'example_branch_labels' retrieved from /home/airflow/.local/lib/python3.12/site-packages/airflow/example_dags/example_branch_labels.py
[2026-08-12T04:51:16.050+0000] {logging_mixin.py:190} INFO - [2026-08-12T04:51:16.050+0000] {dag.py:3211} INFO - Sync 1 DAGs
[2026-08-12T04:51:16.075+0000] {logging_mixin.py:190} INFO - [2026-08-12T04:51:16.075+0000] {dag.py:4138} INFO - Setting next_dagrun for example_branch_labels to 2026-08-11 00:00:00+00:00, run_after=2026-08-12 00:00:00+00:00
[2026-08-12T04:51:16.095+0000] {processor.py:208} INFO - Processing /home/airflow/.local/lib/python3.12/site-packages/airflow/example_dags/example_branch_labels.py took 0.091 seconds
[2026-08-12T04:51:47.194+0000] {processor.py:186} INFO - Started process (PID=2379) to work on /home/airflow/.local/lib/python3.12/site-packages/airflow/example_dags/example_branch_labels.py
[2026-08-12T04:51:47.195+0000] {processor.py:914} INFO - Processing file /home/airflow/.local/lib/python3.12/site-packages/airflow/example_dags/example_branch_labels.py for tasks to queue
[2026-08-12T04:51:47.198+0000] {logging_mixin.py:190} INFO - [2026-08-12T04:51:47.198+0000] {dagbag.py:587} INFO - Filling up the DagBag from /home/airflow/.local/lib/python3.12/site-packages/airflow/example_dags/example_branch_labels.py
[2026-08-12T04:51:47.222+0000] {processor.py:925} INFO - DAG(s) 'example_branch_labels' retrieved from /home/airflow/.local/lib/python3.12/site-packages/airflow/example_dags/example_branch_labels.py
[2026-08-12T04:51:47.245+0000] {logging_mixin.py:190} INFO - [2026-08-12T04:51:47.245+0000] {dag.py:3211} INFO - Sync 1 DAGs
[2026-08-12T04:51:47.269+0000] {logging_mixin.py:190} INFO - [2026-08-12T04:51:47.269+0000] {dag.py:4138} INFO - Setting next_dagrun for example_branch_labels to 2026-08-11 00:00:00+00:00, run_after=2026-08-12 00:00:00+00:00
[2026-08-12T04:51:47.291+0000] {processor.py:208} INFO - Processing /home/airflow/.local/lib/python3.12/site-packages/airflow/example_dags/example_branch_labels.py took 0.103 seconds
[2026-08-12T04:52:17.790+0000] {processor.py:186} INFO - Started process (PID=2441) to work on /home/airflow/.local/lib/python3.12/site-packages/airflow/example_dags/example_branch_labels.py
[2026-08-12T04:52:17.793+0000] {processor.py:914} INFO - Processing file /home/airflow/.local/lib/python3.12/site-packages/airflow/example_dags/example_branch_labels.py for tasks to queue
[2026-08-12T04:52:17.799+0000] {logging_mixin.py:190} INFO - [2026-08-12T04:52:17.798+0000] {dagbag.py:587} INFO - Filling up the DagBag from /home/airflow/.local/lib/python3.12/site-packages/airflow/example_dags/example_branch_labels.py
[2026-08-12T04:52:17.817+0000] {processor.py:925} INFO - DAG(s) 'example_branch_labels' retrieved from /home/airflow/.local/lib/python3.12/site-packages/airflow/example_dags/example_branch_labels.py
[2026-08-12T04:52:17.849+0000] {logging_mixin.py:190} INFO - [2026-08-12T04:52:17.849+0000] {dag.py:3211} INFO - Sync 1 DAGs
[2026-08-12T04:52:17.895+0000] {logging_mixin.py:190} INFO - [2026-08-12T04:52:17.894+0000] {dag.py:4138} INFO - Setting next_dagrun for example_branch_labels to 2026-08-11 00:00:00+00:00, run_after=2026-08-12 00:00:00+00:00
[2026-08-12T04:52:17.916+0000] {processor.py:208} INFO - Processing /home/airflow/.local/lib/python3.12/site-packages/airflow/example_dags/example_branch_labels.py took 0.136 seconds
[2026-08-12T04:52:49.129+0000] {processor.py:186} INFO - Started process (PID=2503) to work on /home/airflow/.local/lib/python3.12/site-packages/airflow/example_dags/example_branch_labels.py
[2026-08-12T04:52:49.130+0000] {processor.py:914} INFO - Processing file /home/airflow/.local/lib/python3.12/site-packages/airflow/example_dags/example_branch_labels.py for tasks to queue
[2026-08-12T04:52:49.133+0000] {logging_mixin.py:190} INFO - [2026-08-12T04:52:49.133+0000] {dagbag.py:587} INFO - Filling up the DagBag from /home/airflow/.local/lib/python3.12/site-packages/airflow/example_dags/example_branch_labels.py
[2026-08-12T04:52:49.143+0000] {processor.py:925} INFO - DAG(s) 'example_branch_labels' retrieved from /home/airflow/.local/lib/python3.12/site-packages/airflow/example_dags/example_branch_labels.py
[2026-08-12T04:52:49.167+0000] {logging_mixin.py:190} INFO - [2026-08-12T04:52:49.167+0000] {dag.py:3211} INFO - Sync 1 DAGs
[2026-08-12T04:52:49.190+0000] {logging_mixin.py:190} INFO - [2026-08-12T04:52:49.190+0000] {dag.py:4138} INFO - Setting next_dagrun for example_branch_labels to 2026-08-11 00:00:00+00:00, run_after=2026-08-12 00:00:00+00:00
[2026-08-12T04:52:49.212+0000] {processor.py:208} INFO - Processing /home/airflow/.local/lib/python3.12/site-packages/airflow/example_dags/example_branch_labels.py took 0.090 seconds
[2026-08-12T04:53:19.797+0000] {processor.py:186} INFO - Started process (PID=2566) to work on /home/airflow/.local/lib/python3.12/site-packages/airflow/example_dags/example_branch_labels.py
[2026-08-12T04:53:19.799+0000] {processor.py:914} INFO - Processing file /home/airflow/.local/lib/python3.12/site-packages/airflow/example_dags/example_branch_labels.py for tasks to queue
[2026-08-12T04:53:19.801+0000] {logging_mixin.py:190} INFO - [2026-08-12T04:53:19.801+0000] {dagbag.py:587} INFO - Filling up the DagBag from /home/airflow/.local/lib/python3.12/site-packages/airflow/example_dags/example_branch_labels.py
[2026-08-12T04:53:19.811+0000] {processor.py:925} INFO - DAG(s) 'example_branch_labels' retrieved from /home/airflow/.local/lib/python3.12/site-packages/airflow/example_dags/example_branch_labels.py
[2026-08-12T04:53:19.834+0000] {logging_mixin.py:190} INFO - [2026-08-12T04:53:19.834+0000] {dag.py:3211} INFO - Sync 1 DAGs
[2026-08-12T04:53:19.859+0000] {logging_mixin.py:190} INFO - [2026-08-12T04:53:19.858+0000] {dag.py:4138} INFO - Setting next_dagrun for example_branch_labels to 2026-08-11 00:00:00+00:00, run_after=2026-08-12 00:00:00+00:00
[2026-08-12T04:53:19.879+0000] {processor.py:208} INFO - Processing /home/airflow/.local/lib/python3.12/site-packages/airflow/example_dags/example_branch_labels.py took 0.088 seconds
[2026-08-12T04:53:50.443+0000] {processor.py:186} INFO - Started process (PID=2629) to work on /home/airflow/.local/lib/python3.12/site-packages/airflow/example_dags/example_branch_labels.py
[2026-08-12T04:53:50.445+0000] {processor.py:914} INFO - Processing file /home/airflow/.local/lib/python3.12/site-packages/airflow/example_dags/example_branch_labels.py for tasks to queue
[2026-08-12T04:53:50.448+0000] {logging_mixin.py:190} INFO - [2026-08-12T04:53:50.448+0000] {dagbag.py:587} INFO - Filling up the DagBag from /home/airflow/.local/lib/python3.12/site-packages/airflow/example_dags/example_branch_labels.py
[2026-08-12T04:53:50.463+0000] {processor.py:925} INFO - DAG(s) 'example_branch_labels' retrieved from /home/airflow/.local/lib/python3.12/site-packages/airflow/example_dags/example_branch_labels.py
[2026-08-12T04:53:50.486+0000] {logging_mixin.py:190} INFO - [2026-08-12T04:53:50.485+0000] {dag.py:3211} INFO - Sync 1 DAGs
[2026-08-12T04:53:50.510+0000] {logging_mixin.py:190} INFO - [2026-08-12T04:53:50.510+0000] {dag.py:4138} INFO - Setting next_dagrun for example_branch_labels to 2026-08-11 00:00:00+00:00, run_after=2026-08-12 00:00:00+00:00
[2026-08-12T04:53:50.530+0000] {processor.py:208} INFO - Processing /home/airflow/.local/lib/python3.12/site-packages/airflow/example_dags/example_branch_labels.py took 0.093 seconds
[2026-08-12T04:54:20.613+0000] {processor.py:186} INFO - Started process (PID=2692) to work on /home/airflow/.local/lib/python3.12/site-packages/airflow/example_dags/example_branch_labels.py
[2026-08-12T04:54:20.615+0000] {processor.py:914} INFO - Processing file /home/airflow/.local/lib/python3.12/site-packages/airflow/example_dags/example_branch_labels.py for tasks to queue
[2026-08-12T04:54:20.618+0000] {logging_mixin.py:190} INFO - [2026-08-12T04:54:20.618+0000] {dagbag.py:587} INFO - Filling up the DagBag from /home/airflow/.local/lib/python3.12/site-packages/airflow/example_dags/example_branch_labels.py
[2026-08-12T04:54:20.627+0000] {processor.py:925} INFO - DAG(s) 'example_branch_labels' retrieved from /home/airflow/.local/lib/python3.12/site-packages/airflow/example_dags/example_branch_labels.py
[2026-08-12T04:54:20.651+0000] {logging_mixin.py:190} INFO - [2026-08-12T04:54:20.651+0000] {dag.py:3211} INFO - Sync 1 DAGs
[2026-08-12T04:54:20.674+0000] {logging_mixin.py:190} INFO - [2026-08-12T04:54:20.674+0000] {dag.py:4138} INFO - Setting next_dagrun for example_branch_labels to 2026-08-11 00:00:00+00:00, run_after=2026-08-12 00:00:00+00:00
[2026-08-12T04:54:20.694+0000] {processor.py:208} INFO - Processing /home/airflow/.local/lib/python3.12/site-packages/airflow/example_dags/example_branch_labels.py took 0.086 seconds
[2026-08-12T04:54:51.318+0000] {processor.py:186} INFO - Started process (PID=2755) to work on /home/airflow/.local/lib/python3.12/site-packages/airflow/example_dags/example_branch_labels.py
[2026-08-12T04:54:51.320+0000] {processor.py:914} INFO - Processing file /home/airflow/.local/lib/python3.12/site-packages/airflow/example_dags/example_branch_labels.py for tasks to queue
[2026-08-12T04:54:51.324+0000] {logging_mixin.py:190} INFO - [2026-08-12T04:54:51.323+0000] {dagbag.py:587} INFO - Filling up the DagBag from /home/airflow/.local/lib/python3.12/site-packages/airflow/example_dags/example_branch_labels.py
[2026-08-12T04:54:51.336+0000] {processor.py:925} INFO - DAG(s) 'example_branch_labels' retrieved from /home/airflow/.local/lib/python3.12/site-packages/airflow/example_dags/example_branch_labels.py
[2026-08-12T04:54:51.362+0000] {logging_mixin.py:190} INFO - [2026-08-12T04:54:51.362+0000] {dag.py:3211} INFO - Sync 1 DAGs
[2026-08-12T04:54:51.388+0000] {logging_mixin.py:190} INFO - [2026-08-12T04:54:51.387+0000] {dag.py:4138} INFO - Setting next_dagrun for example_branch_labels to 2026-08-11 00:00:00+00:00, run_after=2026-08-12 00:00:00+00:00
[2026-08-12T04:54:51.409+0000] {processor.py:208} INFO - Processing /home/airflow/.local/lib/python3.12/site-packages/airflow/example_dags/example_branch_labels.py took 0.098 seconds
[2026-08-12T04:55:21.954+0000] {processor.py:186} INFO - Started process (PID=2818) to work on /home/airflow/.local/lib/python3.12/site-packages/airflow/example_dags/example_branch_labels.py
[2026-08-12T04:55:21.955+0000] {processor.py:914} INFO - Processing file /home/airflow/.local/lib/python3.12/site-packages/airflow/example_dags/example_branch_labels.py for tasks to queue
[2026-08-12T04:55:21.958+0000] {logging_mixin.py:190} INFO - [2026-08-12T04:55:21.958+0000] {dagbag.py:587} INFO - Filling up the DagBag from /home/airflow/.local/lib/python3.12/site-packages/airflow/example_dags/example_branch_labels.py
[2026-08-12T04:55:21.968+0000] {processor.py:925} INFO - DAG(s) 'example_branch_labels' retrieved from /home/airflow/.local/lib/python3.12/site-packages/airflow/example_dags/example_branch_labels.py
[2026-08-12T04:55:21.988+0000] {logging_mixin.py:190} INFO - [2026-08-12T04:55:21.988+0000] {dag.py:3211} INFO - Sync 1 DAGs
[2026-08-12T04:55:22.010+0000] {logging_mixin.py:190} INFO - [2026-08-12T04:55:22.010+0000] {dag.py:4138} INFO - Setting next_dagrun for example_branch_labels to 2026-08-11 00:00:00+00:00, run_after=2026-08-12 00:00:00+00:00
[2026-08-12T04:55:22.033+0000] {processor.py:208} INFO - Processing /home/airflow/.local/lib/python3.12/site-packages/airflow/example_dags/example_branch_labels.py took 0.085 seconds
[2026-08-12T04:55:52.639+0000] {processor.py:186} INFO - Started process (PID=2881) to work on /home/airflow/.local/lib/python3.12/site-packages/airflow/example_dags/example_branch_labels.py
[2026-08-12T04:55:52.642+0000] {processor.py:914} INFO - Processing file /home/airflow/.local/lib/python3.12/site-packages/airflow/example_dags/example_branch_labels.py for tasks to queue
[2026-08-12T04:55:52.646+0000] {logging_mixin.py:190} INFO - [2026-08-12T04:55:52.645+0000] {dagbag.py:587} INFO - Filling up the DagBag from /home/airflow/.local/lib/python3.12/site-packages/airflow/example_dags/example_branch_labels.py
[2026-08-12T04:55:52.659+0000] {processor.py:925} INFO - DAG(s) 'example_branch_labels' retrieved from /home/airflow/.local/lib/python3.12/site-packages/airflow/example_dags/example_branch_labels.py
[2026-08-12T04:55:52.685+0000] {logging_mixin.py:190} INFO - [2026-08-12T04:55:52.685+0000] {dag.py:3211} INFO - Sync 1 DAGs
[2026-08-12T04:55:52.710+0000] {logging_mixin.py:190} INFO - [2026-08-12T04:55:52.710+0000] {dag.py:4138} INFO - Setting next_dagrun for example_branch_labels to 2026-08-11 00:00:00+00:00, run_after=2026-08-12 00:00:00+00:00
[2026-08-12T04:55:52.729+0000] {processor.py:208} INFO - Processing /home/airflow/.local/lib/python3.12/site-packages/airflow/example_dags/example_branch_labels.py took 0.099 seconds
[2026-08-12T04:56:23.433+0000] {processor.py:186} INFO - Started process (PID=2944) to work on /home/airflow/.local/lib/python3.12/site-packages/airflow/example_dags/example_branch_labels.py
[2026-08-12T04:56:23.435+0000] {processor.py:914} INFO - Processing file /home/airflow/.local/lib/python3.12/site-packages/airflow/example_dags/example_branch_labels.py for tasks to queue
[2026-08-12T04:56:23.438+0000] {logging_mixin.py:190} INFO - [2026-08-12T04:56:23.438+0000] {dagbag.py:587} INFO - Filling up the DagBag from /home/airflow/.local/lib/python3.12/site-packages/airflow/example_dags/example_branch_labels.py
[2026-08-12T04:56:23.451+0000] {processor.py:925} INFO - DAG(s) 'example_branch_labels' retrieved from /home/airflow/.local/lib/python3.12/site-packages/airflow/example_dags/example_branch_labels.py
[2026-08-12T04:56:23.475+0000] {logging_mixin.py:190} INFO - [2026-08-12T04:56:23.475+0000] {dag.py:3211} INFO - Sync 1 DAGs
[2026-08-12T04:56:23.499+0000] {logging_mixin.py:190} INFO - [2026-08-12T04:56:23.499+0000] {dag.py:4138} INFO - Setting next_dagrun for example_branch_labels to 2026-08-11 00:00:00+00:00, run_after=2026-08-12 00:00:00+00:00
[2026-08-12T04:56:23.522+0000] {processor.py:208} INFO - Processing /home/airflow/.local/lib/python3.12/site-packages/airflow/example_dags/example_branch_labels.py took 0.094 seconds
[2026-08-12T04:56:54.434+0000] {processor.py:186} INFO - Started process (PID=3007) to work on /home/airflow/.local/lib/python3.12/site-packages/airflow/example_dags/example_branch_labels.py
[2026-08-12T04:56:54.436+0000] {processor.py:914} INFO - Processing file /home/airflow/.local/lib/python3.12/site-packages/airflow/example_dags/example_branch_labels.py for tasks to queue
[2026-08-12T04:56:54.439+0000] {logging_mixin.py:190} INFO - [2026-08-12T04:56:54.439+0000] {dagbag.py:587} INFO - Filling up the DagBag from /home/airflow/.local/lib/python3.12/site-packages/airflow/example_dags/example_branch_labels.py
[2026-08-12T04:56:54.448+0000] {processor.py:925} INFO - DAG(s) 'example_branch_labels' retrieved from /home/airflow/.local/lib/python3.12/site-packages/airflow/example_dags/example_branch_labels.py
[2026-08-12T04:56:54.470+0000] {logging_mixin.py:190} INFO - [2026-08-12T04:56:54.470+0000] {dag.py:3211} INFO - Sync 1 DAGs
[2026-08-12T04:56:54.499+0000] {logging_mixin.py:190} INFO - [2026-08-12T04:56:54.499+0000] {dag.py:4138} INFO - Setting next_dagrun for example_branch_labels to 2026-08-11 00:00:00+00:00, run_after=2026-08-12 00:00:00+00:00
[2026-08-12T04:56:54.519+0000] {processor.py:208} INFO - Processing /home/airflow/.local/lib/python3.12/site-packages/airflow/example_dags/example_branch_labels.py took 0.091 seconds
[2026-08-12T04:57:25.361+0000] {processor.py:186} INFO - Started process (PID=3070) to work on /home/airflow/.local/lib/python3.12/site-packages/airflow/example_dags/example_branch_labels.py
[2026-08-12T04:57:25.363+0000] {processor.py:914} INFO - Processing file /home/airflow/.local/lib/python3.12/site-packages/airflow/example_dags/example_branch_labels.py for tasks to queue
[2026-08-12T04:57:25.366+0000] {logging_mixin.py:190} INFO - [2026-08-12T04:57:25.366+0000] {dagbag.py:587} INFO - Filling up the DagBag from /home/airflow/.local/lib/python3.12/site-packages/airflow/example_dags/example_branch_labels.py
[2026-08-12T04:57:25.376+0000] {processor.py:925} INFO - DAG(s) 'example_branch_labels' retrieved from /home/airflow/.local/lib/python3.12/site-packages/airflow/example_dags/example_branch_labels.py
[2026-08-12T04:57:25.398+0000] {logging_mixin.py:190} INFO - [2026-08-12T04:57:25.397+0000] {dag.py:3211} INFO - Sync 1 DAGs
[2026-08-12T04:57:25.422+0000] {logging_mixin.py:190} INFO - [2026-08-12T04:57:25.421+0000] {dag.py:4138} INFO - Setting next_dagrun for example_branch_labels to 2026-08-11 00:00:00+00:00, run_after=2026-08-12 00:00:00+00:00
[2026-08-12T04:57:25.441+0000] {processor.py:208} INFO - Processing /home/airflow/.local/lib/python3.12/site-packages/airflow/example_dags/example_branch_labels.py took 0.086 seconds
[2026-08-12T04:57:56.662+0000] {processor.py:186} INFO - Started process (PID=3133) to work on /home/airflow/.local/lib/python3.12/site-packages/airflow/example_dags/example_branch_labels.py
[2026-08-12T04:57:56.664+0000] {processor.py:914} INFO - Processing file /home/airflow/.local/lib/python3.12/site-packages/airflow/example_dags/example_branch_labels.py for tasks to queue
[2026-08-12T04:57:56.668+0000] {logging_mixin.py:190} INFO - [2026-08-12T04:57:56.667+0000] {dagbag.py:587} INFO - Filling up the DagBag from /home/airflow/.local/lib/python3.12/site-packages/airflow/example_dags/example_branch_labels.py
[2026-08-12T04:57:56.679+0000] {processor.py:925} INFO - DAG(s) 'example_branch_labels' retrieved from /home/airflow/.local/lib/python3.12/site-packages/airflow/example_dags/example_branch_labels.py
[2026-08-12T04:57:56.704+0000] {logging_mixin.py:190} INFO - [2026-08-12T04:57:56.703+0000] {dag.py:3211} INFO - Sync 1 DAGs
[2026-08-12T04:57:56.736+0000] {logging_mixin.py:190} INFO - [2026-08-12T04:57:56.735+0000] {dag.py:4138} INFO - Setting next_dagrun for example_branch_labels to 2026-08-11 00:00:00+00:00, run_after=2026-08-12 00:00:00+00:00
[2026-08-12T04:57:56.953+0000] {processor.py:208} INFO - Processing /home/airflow/.local/lib/python3.12/site-packages/airflow/example_dags/example_branch_labels.py took 0.299 seconds
[2026-08-12T04:58:27.553+0000] {processor.py:186} INFO - Started process (PID=3202) to work on /home/airflow/.local/lib/python3.12/site-packages/airflow/example_dags/example_branch_labels.py
[2026-08-12T04:58:27.555+0000] {processor.py:914} INFO - Processing file /home/airflow/.local/lib/python3.12/site-packages/airflow/example_dags/example_branch_labels.py for tasks to queue
[2026-08-12T04:58:27.557+0000] {logging_mixin.py:190} INFO - [2026-08-12T04:58:27.557+0000] {dagbag.py:587} INFO - Filling up the DagBag from /home/airflow/.local/lib/python3.12/site-packages/airflow/example_dags/example_branch_labels.py
[2026-08-12T04:58:27.566+0000] {processor.py:925} INFO - DAG(s) 'example_branch_labels' retrieved from /home/airflow/.local/lib/python3.12/site-packages/airflow/example_dags/example_branch_labels.py
[2026-08-12T04:58:27.587+0000] {logging_mixin.py:190} INFO - [2026-08-12T04:58:27.586+0000] {dag.py:3211} INFO - Sync 1 DAGs
[2026-08-12T04:58:27.608+0000] {logging_mixin.py:190} INFO - [2026-08-12T04:58:27.608+0000] {dag.py:4138} INFO - Setting next_dagrun for example_branch_labels to 2026-08-11 00:00:00+00:00, run_after=2026-08-12 00:00:00+00:00
[2026-08-12T04:58:27.626+0000] {processor.py:208} INFO - Processing /home/airflow/.local/lib/python3.12/site-packages/airflow/example_dags/example_branch_labels.py took 0.078 seconds
[2026-08-12T04:58:57.905+0000] {processor.py:186} INFO - Started process (PID=3265) to work on /home/airflow/.local/lib/python3.12/site-packages/airflow/example_dags/example_branch_labels.py
[2026-08-12T04:58:57.907+0000] {processor.py:914} INFO - Processing file /home/airflow/.local/lib/python3.12/site-packages/airflow/example_dags/example_branch_labels.py for tasks to queue
[2026-08-12T04:58:57.910+0000] {logging_mixin.py:190} INFO - [2026-08-12T04:58:57.910+0000] {dagbag.py:587} INFO - Filling up the DagBag from /home/airflow/.local/lib/python3.12/site-packages/airflow/example_dags/example_branch_labels.py
[2026-08-12T04:58:57.920+0000] {processor.py:925} INFO - DAG(s) 'example_branch_labels' retrieved from /home/airflow/.local/lib/python3.12/site-packages/airflow/example_dags/example_branch_labels.py
[2026-08-12T04:58:57.942+0000] {logging_mixin.py:190} INFO - [2026-08-12T04:58:57.942+0000] {dag.py:3211} INFO - Sync 1 DAGs
[2026-08-12T04:58:57.964+0000] {logging_mixin.py:190} INFO - [2026-08-12T04:58:57.964+0000] {dag.py:4138} INFO - Setting next_dagrun for example_branch_labels to 2026-08-11 00:00:00+00:00, run_after=2026-08-12 00:00:00+00:00
[2026-08-12T04:58:57.984+0000] {processor.py:208} INFO - Processing /home/airflow/.local/lib/python3.12/site-packages/airflow/example_dags/example_branch_labels.py took 0.084 seconds
[2026-08-12T04:59:28.761+0000] {processor.py:186} INFO - Started process (PID=3329) to work on /home/airflow/.local/lib/python3.12/site-packages/airflow/example_dags/example_branch_labels.py
[2026-08-12T04:59:28.763+0000] {processor.py:914} INFO - Processing file /home/airflow/.local/lib/python3.12/site-packages/airflow/example_dags/example_branch_labels.py for tasks to queue
[2026-08-12T04:59:28.766+0000] {logging_mixin.py:190} INFO - [2026-08-12T04:59:28.766+0000] {dagbag.py:587} INFO - Filling up the DagBag from /home/airflow/.local/lib/python3.12/site-packages/airflow/example_dags/example_branch_labels.py
[2026-08-12T04:59:28.781+0000] {processor.py:925} INFO - DAG(s) 'example_branch_labels' retrieved from /home/airflow/.local/lib/python3.12/site-packages/airflow/example_dags/example_branch_labels.py
[2026-08-12T04:59:28.810+0000] {logging_mixin.py:190} INFO - [2026-08-12T04:59:28.809+0000] {dag.py:3211} INFO - Sync 1 DAGs
[2026-08-12T04:59:28.836+0000] {logging_mixin.py:190} INFO - [2026-08-12T04:59:28.836+0000] {dag.py:4138} INFO - Setting next_dagrun for example_branch_labels to 2026-08-11 00:00:00+00:00, run_after=2026-08-12 00:00:00+00:00
[2026-08-12T04:59:28.856+0000] {processor.py:208} INFO - Processing /home/airflow/.local/lib/python3.12/site-packages/airflow/example_dags/example_branch_labels.py took 0.102 seconds
[2026-08-12T05:00:00.102+0000] {processor.py:186} INFO - Started process (PID=3392) to work on /home/airflow/.local/lib/python3.12/site-packages/airflow/example_dags/example_branch_labels.py
[2026-08-12T05:00:00.103+0000] {processor.py:914} INFO - Processing file /home/airflow/.local/lib/python3.12/site-packages/airflow/example_dags/example_branch_labels.py for tasks to queue
[2026-08-12T05:00:00.106+0000] {logging_mixin.py:190} INFO - [2026-08-12T05:00:00.106+0000] {dagbag.py:587} INFO - Filling up the DagBag from /home/airflow/.local/lib/python3.12/site-packages/airflow/example_dags/example_branch_labels.py
[2026-08-12T05:00:00.115+0000] {processor.py:925} INFO - DAG(s) 'example_branch_labels' retrieved from /home/airflow/.local/lib/python3.12/site-packages/airflow/example_dags/example_branch_labels.py
[2026-08-12T05:00:00.136+0000] {logging_mixin.py:190} INFO - [2026-08-12T05:00:00.136+0000] {dag.py:3211} INFO - Sync 1 DAGs
[2026-08-12T05:00:00.324+0000] {logging_mixin.py:190} INFO - [2026-08-12T05:00:00.324+0000] {dag.py:4138} INFO - Setting next_dagrun for example_branch_labels to 2026-08-11 00:00:00+00:00, run_after=2026-08-12 00:00:00+00:00
[2026-08-12T05:00:00.356+0000] {processor.py:208} INFO - Processing /home/airflow/.local/lib/python3.12/site-packages/airflow/example_dags/example_branch_labels.py took 0.259 seconds
[2026-08-12T05:00:31.366+0000] {processor.py:186} INFO - Started process (PID=3455) to work on /home/airflow/.local/lib/python3.12/site-packages/airflow/example_dags/example_branch_labels.py
[2026-08-12T05:00:31.368+0000] {processor.py:914} INFO - Processing file /home/airflow/.local/lib/python3.12/site-packages/airflow/example_dags/example_branch_labels.py for tasks to queue
[2026-08-12T05:00:31.371+0000] {logging_mixin.py:190} INFO - [2026-08-12T05:00:31.371+0000] {dagbag.py:587} INFO - Filling up the DagBag from /home/airflow/.local/lib/python3.12/site-packages/airflow/example_dags/example_branch_labels.py
[2026-08-12T05:00:31.382+0000] {processor.py:925} INFO - DAG(s) 'example_branch_labels' retrieved from /home/airflow/.local/lib/python3.12/site-packages/airflow/example_dags/example_branch_labels.py
[2026-08-12T05:00:31.402+0000] {logging_mixin.py:190} INFO - [2026-08-12T05:00:31.402+0000] {dag.py:3211} INFO - Sync 1 DAGs
[2026-08-12T05:00:31.426+0000] {logging_mixin.py:190} INFO - [2026-08-12T05:00:31.425+0000] {dag.py:4138} INFO - Setting next_dagrun for example_branch_labels to 2026-08-11 00:00:00+00:00, run_after=2026-08-12 00:00:00+00:00
[2026-08-12T05:00:31.617+0000] {processor.py:208} INFO - Processing /home/airflow/.local/lib/python3.12/site-packages/airflow/example_dags/example_branch_labels.py took 0.257 seconds
[2026-08-12T05:01:01.697+0000] {processor.py:186} INFO - Started process (PID=3518) to work on /home/airflow/.local/lib/python3.12/site-packages/airflow/example_dags/example_branch_labels.py
[2026-08-12T05:01:01.698+0000] {processor.py:914} INFO - Processing file /home/airflow/.local/lib/python3.12/site-packages/airflow/example_dags/example_branch_labels.py for tasks to queue
[2026-08-12T05:01:01.701+0000] {logging_mixin.py:190} INFO - [2026-08-12T05:01:01.701+0000] {dagbag.py:587} INFO - Filling up the DagBag from /home/airflow/.local/lib/python3.12/site-packages/airflow/example_dags/example_branch_labels.py
[2026-08-12T05:01:01.710+0000] {processor.py:925} INFO - DAG(s) 'example_branch_labels' retrieved from /home/airflow/.local/lib/python3.12/site-packages/airflow/example_dags/example_branch_labels.py
[2026-08-12T05:01:01.733+0000] {logging_mixin.py:190} INFO - [2026-08-12T05:01:01.733+0000] {dag.py:3211} INFO - Sync 1 DAGs
[2026-08-12T05:01:01.757+0000] {logging_mixin.py:190} INFO - [2026-08-12T05:01:01.756+0000] {dag.py:4138} INFO - Setting next_dagrun for example_branch_labels to 2026-08-11 00:00:00+00:00, run_after=2026-08-12 00:00:00+00:00
[2026-08-12T05:01:01.777+0000] {processor.py:208} INFO - Processing /home/airflow/.local/lib/python3.12/site-packages/airflow/example_dags/example_branch_labels.py took 0.085 seconds
[2026-08-12T05:01:32.039+0000] {processor.py:186} INFO - Started process (PID=3582) to work on /home/airflow/.local/lib/python3.12/site-packages/airflow/example_dags/example_branch_labels.py
[2026-08-12T05:01:32.041+0000] {processor.py:914} INFO - Processing file /home/airflow/.local/lib/python3.12/site-packages/airflow/example_dags/example_branch_labels.py for tasks to queue
[2026-08-12T05:01:32.044+0000] {logging_mixin.py:190} INFO - [2026-08-12T05:01:32.044+0000] {dagbag.py:587} INFO - Filling up the DagBag from /home/airflow/.local/lib/python3.12/site-packages/airflow/example_dags/example_branch_labels.py
[2026-08-12T05:01:32.054+0000] {processor.py:925} INFO - DAG(s) 'example_branch_labels' retrieved from /home/airflow/.local/lib/python3.12/site-packages/airflow/example_dags/example_branch_labels.py
[2026-08-12T05:01:32.076+0000] {logging_mixin.py:190} INFO - [2026-08-12T05:01:32.076+0000] {dag.py:3211} INFO - Sync 1 DAGs
[2026-08-12T05:01:32.100+0000] {logging_mixin.py:190} INFO - [2026-08-12T05:01:32.100+0000] {dag.py:4138} INFO - Setting next_dagrun for example_branch_labels to 2026-08-11 00:00:00+00:00, run_after=2026-08-12 00:00:00+00:00
[2026-08-12T05:01:32.119+0000] {processor.py:208} INFO - Processing /home/airflow/.local/lib/python3.12/site-packages/airflow/example_dags/example_branch_labels.py took 0.086 seconds
[2026-08-12T05:02:02.371+0000] {processor.py:186} INFO - Started process (PID=3646) to work on /home/airflow/.local/lib/python3.12/site-packages/airflow/example_dags/example_branch_labels.py
[2026-08-12T05:02:02.373+0000] {processor.py:914} INFO - Processing file /home/airflow/.local/lib/python3.12/site-packages/airflow/example_dags/example_branch_labels.py for tasks to queue
[2026-08-12T05:02:02.377+0000] {logging_mixin.py:190} INFO - [2026-08-12T05:02:02.376+0000] {dagbag.py:587} INFO - Filling up the DagBag from /home/airflow/.local/lib/python3.12/site-packages/airflow/example_dags/example_branch_labels.py
[2026-08-12T05:02:02.389+0000] {processor.py:925} INFO - DAG(s) 'example_branch_labels' retrieved from /home/airflow/.local/lib/python3.12/site-packages/airflow/example_dags/example_branch_labels.py
[2026-08-12T05:02:02.413+0000] {logging_mixin.py:190} INFO - [2026-08-12T05:02:02.413+0000] {dag.py:3211} INFO - Sync 1 DAGs
[2026-08-12T05:02:02.438+0000] {logging_mixin.py:190} INFO - [2026-08-12T05:02:02.438+0000] {dag.py:4138} INFO - Setting next_dagrun for example_branch_labels to 2026-08-11 00:00:00+00:00, run_after=2026-08-12 00:00:00+00:00
[2026-08-12T05:02:02.460+0000] {processor.py:208} INFO - Processing /home/airflow/.local/lib/python3.12/site-packages/airflow/example_dags/example_branch_labels.py took 0.095 seconds
[2026-08-12T05:02:32.669+0000] {processor.py:186} INFO - Started process (PID=3709) to work on /home/airflow/.local/lib/python3.12/site-packages/airflow/example_dags/example_branch_labels.py
[2026-08-12T05:02:32.670+0000] {processor.py:914} INFO - Processing file /home/airflow/.local/lib/python3.12/site-packages/airflow/example_dags/example_branch_labels.py for tasks to queue
[2026-08-12T05:02:32.674+0000] {logging_mixin.py:190} INFO - [2026-08-12T05:02:32.673+0000] {dagbag.py:587} INFO - Filling up the DagBag from /home/airflow/.local/lib/python3.12/site-packages/airflow/example_dags/example_branch_labels.py
[2026-08-12T05:02:32.686+0000] {processor.py:925} INFO - DAG(s) 'example_branch_labels' retrieved from /home/airflow/.local/lib/python3.12/site-packages/airflow/example_dags/example_branch_labels.py
[2026-08-12T05:02:32.708+0000] {logging_mixin.py:190} INFO - [2026-08-12T05:02:32.708+0000] {dag.py:3211} INFO - Sync 1 DAGs
[2026-08-12T05:02:32.732+0000] {logging_mixin.py:190} INFO - [2026-08-12T05:02:32.731+0000] {dag.py:4138} INFO - Setting next_dagrun for example_branch_labels to 2026-08-11 00:00:00+00:00, run_after=2026-08-12 00:00:00+00:00
[2026-08-12T05:02:32.754+0000] {processor.py:208} INFO - Processing /home/airflow/.local/lib/python3.12/site-packages/airflow/example_dags/example_branch_labels.py took 0.093 seconds
[2026-08-12T05:03:03.167+0000] {processor.py:186} INFO - Started process (PID=3773) to work on /home/airflow/.local/lib/python3.12/site-packages/airflow/example_dags/example_branch_labels.py
[2026-08-12T05:03:03.168+0000] {processor.py:914} INFO - Processing file /home/airflow/.local/lib/python3.12/site-packages/airflow/example_dags/example_branch_labels.py for tasks to queue
[2026-08-12T05:03:03.173+0000] {logging_mixin.py:190} INFO - [2026-08-12T05:03:03.172+0000] {dagbag.py:587} INFO - Filling up the DagBag from /home/airflow/.local/lib/python3.12/site-packages/airflow/example_dags/example_branch_labels.py
[2026-08-12T05:03:03.184+0000] {processor.py:925} INFO - DAG(s) 'example_branch_labels' retrieved from /home/airflow/.local/lib/python3.12/site-packages/airflow/example_dags/example_branch_labels.py
[2026-08-12T05:03:03.207+0000] {logging_mixin.py:190} INFO - [2026-08-12T05:03:03.206+0000] {dag.py:3211} INFO - Sync 1 DAGs
[2026-08-12T05:03:03.229+0000] {logging_mixin.py:190} INFO - [2026-08-12T05:03:03.228+0000] {dag.py:4138} INFO - Setting next_dagrun for example_branch_labels to 2026-08-11 00:00:00+00:00, run_after=2026-08-12 00:00:00+00:00
[2026-08-12T05:03:03.246+0000] {processor.py:208} INFO - Processing /home/airflow/.local/lib/python3.12/site-packages/airflow/example_dags/example_branch_labels.py took 0.086 seconds
[2026-08-12T05:03:33.427+0000] {processor.py:186} INFO - Started process (PID=3835) to work on /home/airflow/.local/lib/python3.12/site-packages/airflow/example_dags/example_branch_labels.py
[2026-08-12T05:03:33.429+0000] {processor.py:914} INFO - Processing file /home/airflow/.local/lib/python3.12/site-packages/airflow/example_dags/example_branch_labels.py for tasks to queue
[2026-08-12T05:03:33.432+0000] {logging_mixin.py:190} INFO - [2026-08-12T05:03:33.431+0000] {dagbag.py:587} INFO - Filling up the DagBag from /home/airflow/.local/lib/python3.12/site-packages/airflow/example_dags/example_branch_labels.py
[2026-08-12T05:03:33.442+0000] {processor.py:925} INFO - DAG(s) 'example_branch_labels' retrieved from /home/airflow/.local/lib/python3.12/site-packages/airflow/example_dags/example_branch_labels.py
[2026-08-12T05:03:33.464+0000] {logging_mixin.py:190} INFO - [2026-08-12T05:03:33.464+0000] {dag.py:3211} INFO - Sync 1 DAGs
[2026-08-12T05:03:33.489+0000] {logging_mixin.py:190} INFO - [2026-08-12T05:03:33.489+0000] {dag.py:4138} INFO - Setting next_dagrun for example_branch_labels to 2026-08-11 00:00:00+00:00, run_after=2026-08-12 00:00:00+00:00
[2026-08-12T05:03:33.509+0000] {processor.py:208} INFO - Processing /home/airflow/.local/lib/python3.12/site-packages/airflow/example_dags/example_branch_labels.py took 0.087 seconds
[2026-08-12T05:04:03.759+0000] {processor.py:186} INFO - Started process (PID=3898) to work on /home/airflow/.local/lib/python3.12/site-packages/airflow/example_dags/example_branch_labels.py
[2026-08-12T05:04:03.761+0000] {processor.py:914} INFO - Processing file /home/airflow/.local/lib/python3.12/site-packages/airflow/example_dags/example_branch_labels.py for tasks to queue
[2026-08-12T05:04:03.763+0000] {logging_mixin.py:190} INFO - [2026-08-12T05:04:03.763+0000] {dagbag.py:587} INFO - Filling up the DagBag from /home/airflow/.local/lib/python3.12/site-packages/airflow/example_dags/example_branch_labels.py
[2026-08-12T05:04:03.773+0000] {processor.py:925} INFO - DAG(s) 'example_branch_labels' retrieved from /home/airflow/.local/lib/python3.12/site-packages/airflow/example_dags/example_branch_labels.py
[2026-08-12T05:04:03.794+0000] {logging_mixin.py:190} INFO - [2026-08-12T05:04:03.794+0000] {dag.py:3211} INFO - Sync 1 DAGs
[2026-08-12T05:04:03.820+0000] {logging_mixin.py:190} INFO - [2026-08-12T05:04:03.819+0000] {dag.py:4138} INFO - Setting next_dagrun for example_branch_labels to 2026-08-11 00:00:00+00:00, run_after=2026-08-12 00:00:00+00:00
[2026-08-12T05:04:03.840+0000] {processor.py:208} INFO - Processing /home/airflow/.local/lib/python3.12/site-packages/airflow/example_dags/example_branch_labels.py took 0.086 seconds
[2026-08-12T05:04:34.212+0000] {processor.py:186} INFO - Started process (PID=3961) to work on /home/airflow/.local/lib/python3.12/site-packages/airflow/example_dags/example_branch_labels.py
[2026-08-12T05:04:34.214+0000] {processor.py:914} INFO - Processing file /home/airflow/.local/lib/python3.12/site-packages/airflow/example_dags/example_branch_labels.py for tasks to queue
[2026-08-12T05:04:34.218+0000] {logging_mixin.py:190} INFO - [2026-08-12T05:04:34.217+0000] {dagbag.py:587} INFO - Filling up the DagBag from /home/airflow/.local/lib/python3.12/site-packages/airflow/example_dags/example_branch_labels.py
[2026-08-12T05:04:34.228+0000] {processor.py:925} INFO - DAG(s) 'example_branch_labels' retrieved from /home/airflow/.local/lib/python3.12/site-packages/airflow/example_dags/example_branch_labels.py
[2026-08-12T05:04:34.261+0000] {logging_mixin.py:190} INFO - [2026-08-12T05:04:34.261+0000] {dag.py:3211} INFO - Sync 1 DAGs
[2026-08-12T05:04:34.286+0000] {logging_mixin.py:190} INFO - [2026-08-12T05:04:34.285+0000] {dag.py:4138} INFO - Setting next_dagrun for example_branch_labels to 2026-08-11 00:00:00+00:00, run_after=2026-08-12 00:00:00+00:00
[2026-08-12T05:04:34.309+0000] {processor.py:208} INFO - Processing /home/airflow/.local/lib/python3.12/site-packages/airflow/example_dags/example_branch_labels.py took 0.104 seconds
[2026-08-12T05:05:04.453+0000] {processor.py:186} INFO - Started process (PID=4024) to work on /home/airflow/.local/lib/python3.12/site-packages/airflow/example_dags/example_branch_labels.py
[2026-08-12T05:05:04.455+0000] {processor.py:914} INFO - Processing file /home/airflow/.local/lib/python3.12/site-packages/airflow/example_dags/example_branch_labels.py for tasks to queue
[2026-08-12T05:05:04.458+0000] {logging_mixin.py:190} INFO - [2026-08-12T05:05:04.458+0000] {dagbag.py:587} INFO - Filling up the DagBag from /home/airflow/.local/lib/python3.12/site-packages/airflow/example_dags/example_branch_labels.py
[2026-08-12T05:05:04.468+0000] {processor.py:925} INFO - DAG(s) 'example_branch_labels' retrieved from /home/airflow/.local/lib/python3.12/site-packages/airflow/example_dags/example_branch_labels.py
[2026-08-12T05:05:04.489+0000] {logging_mixin.py:190} INFO - [2026-08-12T05:05:04.489+0000] {dag.py:3211} INFO - Sync 1 DAGs
[2026-08-12T05:05:04.515+0000] {logging_mixin.py:190} INFO - [2026-08-12T05:05:04.515+0000] {dag.py:4138} INFO - Setting next_dagrun for example_branch_labels to 2026-08-11 00:00:00+00:00, run_after=2026-08-12 00:00:00+00:00
[2026-08-12T05:05:04.536+0000] {processor.py:208} INFO - Processing /home/airflow/.local/lib/python3.12/site-packages/airflow/example_dags/example_branch_labels.py took 0.089 seconds
[2026-08-12T05:05:34.898+0000] {processor.py:186} INFO - Started process (PID=4087) to work on /home/airflow/.local/lib/python3.12/site-packages/airflow/example_dags/example_branch_labels.py
[2026-08-12T05:05:34.900+0000] {processor.py:914} INFO - Processing file /home/airflow/.local/lib/python3.12/site-packages/airflow/example_dags/example_branch_labels.py for tasks to queue
[2026-08-12T05:05:34.903+0000] {logging_mixin.py:190} INFO - [2026-08-12T05:05:34.903+0000] {dagbag.py:587} INFO - Filling up the DagBag from /home/airflow/.local/lib/python3.12/site-packages/airflow/example_dags/example_branch_labels.py
[2026-08-12T05:05:34.912+0000] {processor.py:925} INFO - DAG(s) 'example_branch_labels' retrieved from /home/airflow/.local/lib/python3.12/site-packages/airflow/example_dags/example_branch_labels.py
[2026-08-12T05:05:34.934+0000] {logging_mixin.py:190} INFO - [2026-08-12T05:05:34.934+0000] {dag.py:3211} INFO - Sync 1 DAGs
[2026-08-12T05:05:34.973+0000] {logging_mixin.py:190} INFO - [2026-08-12T05:05:34.973+0000] {dag.py:4138} INFO - Setting next_dagrun for example_branch_labels to 2026-08-11 00:00:00+00:00, run_after=2026-08-12 00:00:00+00:00
[2026-08-12T05:05:34.993+0000] {processor.py:208} INFO - Processing /home/airflow/.local/lib/python3.12/site-packages/airflow/example_dags/example_branch_labels.py took 0.101 seconds
[2026-08-12T05:06:05.613+0000] {processor.py:186} INFO - Started process (PID=4150) to work on /home/airflow/.local/lib/python3.12/site-packages/airflow/example_dags/example_branch_labels.py
[2026-08-12T05:06:05.615+0000] {processor.py:914} INFO - Processing file /home/airflow/.local/lib/python3.12/site-packages/airflow/example_dags/example_branch_labels.py for tasks to queue
[2026-08-12T05:06:05.619+0000] {logging_mixin.py:190} INFO - [2026-08-12T05:06:05.619+0000] {dagbag.py:587} INFO - Filling up the DagBag from /home/airflow/.local/lib/python3.12/site-packages/airflow/example_dags/example_branch_labels.py
[2026-08-12T05:06:05.632+0000] {processor.py:925} INFO - DAG(s) 'example_branch_labels' retrieved from /home/airflow/.local/lib/python3.12/site-packages/airflow/example_dags/example_branch_labels.py
[2026-08-12T05:06:05.665+0000] {logging_mixin.py:190} INFO - [2026-08-12T05:06:05.664+0000] {dag.py:3211} INFO - Sync 1 DAGs
[2026-08-12T05:06:05.706+0000] {logging_mixin.py:190} INFO - [2026-08-12T05:06:05.705+0000] {dag.py:4138} INFO - Setting next_dagrun for example_branch_labels to 2026-08-11 00:00:00+00:00, run_after=2026-08-12 00:00:00+00:00
[2026-08-12T05:06:05.737+0000] {processor.py:208} INFO - Processing /home/airflow/.local/lib/python3.12/site-packages/airflow/example_dags/example_branch_labels.py took 0.133 seconds
[2026-08-12T05:06:35.810+0000] {processor.py:186} INFO - Started process (PID=4213) to work on /home/airflow/.local/lib/python3.12/site-packages/airflow/example_dags/example_branch_labels.py
[2026-08-12T05:06:35.812+0000] {processor.py:914} INFO - Processing file /home/airflow/.local/lib/python3.12/site-packages/airflow/example_dags/example_branch_labels.py for tasks to queue
[2026-08-12T05:06:35.817+0000] {logging_mixin.py:190} INFO - [2026-08-12T05:06:35.816+0000] {dagbag.py:587} INFO - Filling up the DagBag from /home/airflow/.local/lib/python3.12/site-packages/airflow/example_dags/example_branch_labels.py
[2026-08-12T05:06:35.834+0000] {processor.py:925} INFO - DAG(s) 'example_branch_labels' retrieved from /home/airflow/.local/lib/python3.12/site-packages/airflow/example_dags/example_branch_labels.py
[2026-08-12T05:06:35.861+0000] {logging_mixin.py:190} INFO - [2026-08-12T05:06:35.860+0000] {dag.py:3211} INFO - Sync 1 DAGs
[2026-08-12T05:06:35.893+0000] {logging_mixin.py:190} INFO - [2026-08-12T05:06:35.893+0000] {dag.py:4138} INFO - Setting next_dagrun for example_branch_labels to 2026-08-11 00:00:00+00:00, run_after=2026-08-12 00:00:00+00:00
[2026-08-12T05:06:35.915+0000] {processor.py:208} INFO - Processing /home/airflow/.local/lib/python3.12/site-packages/airflow/example_dags/example_branch_labels.py took 0.114 seconds
[2026-08-12T05:07:06.090+0000] {processor.py:186} INFO - Started process (PID=4276) to work on /home/airflow/.local/lib/python3.12/site-packages/airflow/example_dags/example_branch_labels.py
[2026-08-12T05:07:06.092+0000] {processor.py:914} INFO - Processing file /home/airflow/.local/lib/python3.12/site-packages/airflow/example_dags/example_branch_labels.py for tasks to queue
[2026-08-12T05:07:06.096+0000] {logging_mixin.py:190} INFO - [2026-08-12T05:07:06.096+0000] {dagbag.py:587} INFO - Filling up the DagBag from /home/airflow/.local/lib/python3.12/site-packages/airflow/example_dags/example_branch_labels.py
[2026-08-12T05:07:06.110+0000] {processor.py:925} INFO - DAG(s) 'example_branch_labels' retrieved from /home/airflow/.local/lib/python3.12/site-packages/airflow/example_dags/example_branch_labels.py
[2026-08-12T05:07:06.136+0000] {logging_mixin.py:190} INFO - [2026-08-12T05:07:06.136+0000] {dag.py:3211} INFO - Sync 1 DAGs
[2026-08-12T05:07:06.163+0000] {logging_mixin.py:190} INFO - [2026-08-12T05:07:06.162+0000] {dag.py:4138} INFO - Setting next_dagrun for example_branch_labels to 2026-08-11 00:00:00+00:00, run_after=2026-08-12 00:00:00+00:00
[2026-08-12T05:07:06.188+0000] {processor.py:208} INFO - Processing /home/airflow/.local/lib/python3.12/site-packages/airflow/example_dags/example_branch_labels.py took 0.105 seconds
[2026-08-12T05:07:37.063+0000] {processor.py:186} INFO - Started process (PID=4339) to work on /home/airflow/.local/lib/python3.12/site-packages/airflow/example_dags/example_branch_labels.py
[2026-08-12T05:07:37.065+0000] {processor.py:914} INFO - Processing file /home/airflow/.local/lib/python3.12/site-packages/airflow/example_dags/example_branch_labels.py for tasks to queue
[2026-08-12T05:07:37.069+0000] {logging_mixin.py:190} INFO - [2026-08-12T05:07:37.069+0000] {dagbag.py:587} INFO - Filling up the DagBag from /home/airflow/.local/lib/python3.12/site-packages/airflow/example_dags/example_branch_labels.py
[2026-08-12T05:07:37.079+0000] {processor.py:925} INFO - DAG(s) 'example_branch_labels' retrieved from /home/airflow/.local/lib/python3.12/site-packages/airflow/example_dags/example_branch_labels.py
[2026-08-12T05:07:37.102+0000] {logging_mixin.py:190} INFO - [2026-08-12T05:07:37.102+0000] {dag.py:3211} INFO - Sync 1 DAGs
[2026-08-12T05:07:37.127+0000] {logging_mixin.py:190} INFO - [2026-08-12T05:07:37.127+0000] {dag.py:4138} INFO - Setting next_dagrun for example_branch_labels to 2026-08-11 00:00:00+00:00, run_after=2026-08-12 00:00:00+00:00
[2026-08-12T05:07:37.151+0000] {processor.py:208} INFO - Processing /home/airflow/.local/lib/python3.12/site-packages/airflow/example_dags/example_branch_labels.py took 0.094 seconds
[2026-08-12T05:08:07.294+0000] {processor.py:186} INFO - Started process (PID=4402) to work on /home/airflow/.local/lib/python3.12/site-packages/airflow/example_dags/example_branch_labels.py
[2026-08-12T05:08:07.296+0000] {processor.py:914} INFO - Processing file /home/airflow/.local/lib/python3.12/site-packages/airflow/example_dags/example_branch_labels.py for tasks to queue
[2026-08-12T05:08:07.299+0000] {logging_mixin.py:190} INFO - [2026-08-12T05:08:07.299+0000] {dagbag.py:587} INFO - Filling up the DagBag from /home/airflow/.local/lib/python3.12/site-packages/airflow/example_dags/example_branch_labels.py
[2026-08-12T05:08:07.310+0000] {processor.py:925} INFO - DAG(s) 'example_branch_labels' retrieved from /home/airflow/.local/lib/python3.12/site-packages/airflow/example_dags/example_branch_labels.py
[2026-08-12T05:08:07.331+0000] {logging_mixin.py:190} INFO - [2026-08-12T05:08:07.331+0000] {dag.py:3211} INFO - Sync 1 DAGs
[2026-08-12T05:08:07.360+0000] {logging_mixin.py:190} INFO - [2026-08-12T05:08:07.360+0000] {dag.py:4138} INFO - Setting next_dagrun for example_branch_labels to 2026-08-11 00:00:00+00:00, run_after=2026-08-12 00:00:00+00:00
[2026-08-12T05:08:07.382+0000] {processor.py:208} INFO - Processing /home/airflow/.local/lib/python3.12/site-packages/airflow/example_dags/example_branch_labels.py took 0.094 seconds
[2026-08-12T05:08:38.030+0000] {processor.py:186} INFO - Started process (PID=4465) to work on /home/airflow/.local/lib/python3.12/site-packages/airflow/example_dags/example_branch_labels.py
[2026-08-12T05:08:38.032+0000] {processor.py:914} INFO - Processing file /home/airflow/.local/lib/python3.12/site-packages/airflow/example_dags/example_branch_labels.py for tasks to queue
[2026-08-12T05:08:38.035+0000] {logging_mixin.py:190} INFO - [2026-08-12T05:08:38.035+0000] {dagbag.py:587} INFO - Filling up the DagBag from /home/airflow/.local/lib/python3.12/site-packages/airflow/example_dags/example_branch_labels.py
[2026-08-12T05:08:38.045+0000] {processor.py:925} INFO - DAG(s) 'example_branch_labels' retrieved from /home/airflow/.local/lib/python3.12/site-packages/airflow/example_dags/example_branch_labels.py
[2026-08-12T05:08:38.072+0000] {logging_mixin.py:190} INFO - [2026-08-12T05:08:38.071+0000] {dag.py:3211} INFO - Sync 1 DAGs
[2026-08-12T05:08:38.097+0000] {logging_mixin.py:190} INFO - [2026-08-12T05:08:38.097+0000] {dag.py:4138} INFO - Setting next_dagrun for example_branch_labels to 2026-08-11 00:00:00+00:00, run_after=2026-08-12 00:00:00+00:00
[2026-08-12T05:08:38.117+0000] {processor.py:208} INFO - Processing /home/airflow/.local/lib/python3.12/site-packages/airflow/example_dags/example_branch_labels.py took 0.094 seconds
[2026-08-12T05:09:08.634+0000] {processor.py:186} INFO - Started process (PID=4528) to work on /home/airflow/.local/lib/python3.12/site-packages/airflow/example_dags/example_branch_labels.py
[2026-08-12T05:09:08.635+0000] {processor.py:914} INFO - Processing file /home/airflow/.local/lib/python3.12/site-packages/airflow/example_dags/example_branch_labels.py for tasks to queue
[2026-08-12T05:09:08.639+0000] {logging_mixin.py:190} INFO - [2026-08-12T05:09:08.639+0000] {dagbag.py:587} INFO - Filling up the DagBag from /home/airflow/.local/lib/python3.12/site-packages/airflow/example_dags/example_branch_labels.py
[2026-08-12T05:09:08.650+0000] {processor.py:925} INFO - DAG(s) 'example_branch_labels' retrieved from /home/airflow/.local/lib/python3.12/site-packages/airflow/example_dags/example_branch_labels.py
[2026-08-12T05:09:08.675+0000] {logging_mixin.py:190} INFO - [2026-08-12T05:09:08.675+0000] {dag.py:3211} INFO - Sync 1 DAGs
[2026-08-12T05:09:08.709+0000] {logging_mixin.py:190} INFO - [2026-08-12T05:09:08.708+0000] {dag.py:4138} INFO - Setting next_dagrun for example_branch_labels to 2026-08-11 00:00:00+00:00, run_after=2026-08-12 00:00:00+00:00
[2026-08-12T05:09:08.737+0000] {processor.py:208} INFO - Processing /home/airflow/.local/lib/python3.12/site-packages/airflow/example_dags/example_branch_labels.py took 0.108 seconds
[2026-08-12T05:09:39.510+0000] {processor.py:186} INFO - Started process (PID=4591) to work on /home/airflow/.local/lib/python3.12/site-packages/airflow/example_dags/example_branch_labels.py
[2026-08-12T05:09:39.512+0000] {processor.py:914} INFO - Processing file /home/airflow/.local/lib/python3.12/site-packages/airflow/example_dags/example_branch_labels.py for tasks to queue
[2026-08-12T05:09:39.515+0000] {logging_mixin.py:190} INFO - [2026-08-12T05:09:39.514+0000] {dagbag.py:587} INFO - Filling up the DagBag from /home/airflow/.local/lib/python3.12/site-packages/airflow/example_dags/example_branch_labels.py
[2026-08-12T05:09:39.528+0000] {processor.py:925} INFO - DAG(s) 'example_branch_labels' retrieved from /home/airflow/.local/lib/python3.12/site-packages/airflow/example_dags/example_branch_labels.py
[2026-08-12T05:09:39.551+0000] {logging_mixin.py:190} INFO - [2026-08-12T05:09:39.550+0000] {dag.py:3211} INFO - Sync 1 DAGs
[2026-08-12T05:09:39.572+0000] {logging_mixin.py:190} INFO - [2026-08-12T05:09:39.572+0000] {dag.py:4138} INFO - Setting next_dagrun for example_branch_labels to 2026-08-11 00:00:00+00:00, run_after=2026-08-12 00:00:00+00:00
[2026-08-12T05:09:39.592+0000] {processor.py:208} INFO - Processing /home/airflow/.local/lib/python3.12/site-packages/airflow/example_dags/example_branch_labels.py took 0.087 seconds
