[2026-08-12T04:30:33.248+0000] {processor.py:186} INFO - Started process (PID=76) to work on /home/airflow/.local/lib/python3.12/site-packages/airflow/example_dags/example_kubernetes_executor.py
[2026-08-12T04:30:33.250+0000] {processor.py:914} INFO - Processing file /home/airflow/.local/lib/python3.12/site-packages/airflow/example_dags/example_kubernetes_executor.py for tasks to queue
[2026-08-12T04:30:33.254+0000] {logging_mixin.py:190} INFO - [2026-08-12T04:30:33.253+0000] {dagbag.py:587} INFO - Filling up the DagBag from /home/airflow/.local/lib/python3.12/site-packages/airflow/example_dags/example_kubernetes_executor.py
[2026-08-12T04:30:33.277+0000] {processor.py:925} INFO - DAG(s) 'example_kubernetes_executor' retrieved from /home/airflow/.local/lib/python3.12/site-packages/airflow/example_dags/example_kubernetes_executor.py
[2026-08-12T04:30:33.479+0000] {logging_mixin.py:190} INFO - [2026-08-12T04:30:33.478+0000] {override.py:1858} INFO - Created Permission View: can edit on DAG:example_kubernetes_executor
[2026-08-12T04:30:33.497+0000] {logging_mixin.py:190} INFO - [2026-08-12T04:30:33.497+0000] {override.py:1858} INFO - Created Permission View: can delete on DAG:example_kubernetes_executor
[2026-08-12T04:30:33.510+0000] {logging_mixin.py:190} INFO - [2026-08-12T04:30:33.509+0000] {override.py:1858} INFO - Created Permission View: can read on DAG:example_kubernetes_executor
[2026-08-12T04:30:33.512+0000] {logging_mixin.py:190} INFO - [2026-08-12T04:30:33.512+0000] {dag.py:3211} INFO - Sync 1 DAGs
[2026-08-12T04:30:33.535+0000] {logging_mixin.py:190} INFO - [2026-08-12T04:30:33.535+0000] {dag.py:3234} INFO - Creating ORM DAG for example_kubernetes_executor
[2026-08-12T04:30:33.538+0000] {logging_mixin.py:190} INFO - [2026-08-12T04:30:33.537+0000] {dag.py:4138} INFO - Setting next_dagrun for example_kubernetes_executor to None, run_after=None
[2026-08-12T04:30:33.565+0000] {processor.py:208} INFO - Processing /home/airflow/.local/lib/python3.12/site-packages/airflow/example_dags/example_kubernetes_executor.py took 0.325 seconds
[2026-08-12T04:31:03.697+0000] {processor.py:186} INFO - Started process (PID=138) to work on /home/airflow/.local/lib/python3.12/site-packages/airflow/example_dags/example_kubernetes_executor.py
[2026-08-12T04:31:03.699+0000] {processor.py:914} INFO - Processing file /home/airflow/.local/lib/python3.12/site-packages/airflow/example_dags/example_kubernetes_executor.py for tasks to queue
[2026-08-12T04:31:03.703+0000] {logging_mixin.py:190} INFO - [2026-08-12T04:31:03.703+0000] {dagbag.py:587} INFO - Filling up the DagBag from /home/airflow/.local/lib/python3.12/site-packages/airflow/example_dags/example_kubernetes_executor.py
[2026-08-12T04:31:03.720+0000] {processor.py:925} INFO - DAG(s) 'example_kubernetes_executor' retrieved from /home/airflow/.local/lib/python3.12/site-packages/airflow/example_dags/example_kubernetes_executor.py
[2026-08-12T04:31:03.765+0000] {logging_mixin.py:190} INFO - [2026-08-12T04:31:03.765+0000] {dag.py:3211} INFO - Sync 1 DAGs
[2026-08-12T04:31:03.780+0000] {logging_mixin.py:190} INFO - [2026-08-12T04:31:03.780+0000] {dag.py:4138} INFO - Setting next_dagrun for example_kubernetes_executor to None, run_after=None
[2026-08-12T04:31:03.814+0000] {processor.py:208} INFO - Processing /home/airflow/.local/lib/python3.12/site-packages/airflow/example_dags/example_kubernetes_executor.py took 0.124 seconds
[2026-08-12T04:31:34.297+0000] {processor.py:186} INFO - Started process (PID=201) to work on /home/airflow/.local/lib/python3.12/site-packages/airflow/example_dags/example_kubernetes_executor.py
[2026-08-12T04:31:34.299+0000] {processor.py:914} INFO - Processing file /home/airflow/.local/lib/python3.12/site-packages/airflow/example_dags/example_kubernetes_executor.py for tasks to queue
[2026-08-12T04:31:34.302+0000] {logging_mixin.py:190} INFO - [2026-08-12T04:31:34.302+0000] {dagbag.py:587} INFO - Filling up the DagBag from /home/airflow/.local/lib/python3.12/site-packages/airflow/example_dags/example_kubernetes_executor.py
[2026-08-12T04:31:34.329+0000] {processor.py:925} INFO - DAG(s) 'example_kubernetes_executor' retrieved from /home/airflow/.local/lib/python3.12/site-packages/airflow/example_dags/example_kubernetes_executor.py
[2026-08-12T04:31:34.370+0000] {logging_mixin.py:190} INFO - [2026-08-12T04:31:34.369+0000] {dag.py:3211} INFO - Sync 1 DAGs
[2026-08-12T04:31:34.387+0000] {logging_mixin.py:190} INFO - [2026-08-12T04:31:34.386+0000] {dag.py:4138} INFO - Setting next_dagrun for example_kubernetes_executor to None, run_after=None
[2026-08-12T04:31:34.407+0000] {processor.py:208} INFO - Processing /home/airflow/.local/lib/python3.12/site-packages/airflow/example_dags/example_kubernetes_executor.py took 0.116 seconds
[2026-08-12T04:32:04.861+0000] {processor.py:186} INFO - Started process (PID=263) to work on /home/airflow/.local/lib/python3.12/site-packages/airflow/example_dags/example_kubernetes_executor.py
[2026-08-12T04:32:04.863+0000] {processor.py:914} INFO - Processing file /home/airflow/.local/lib/python3.12/site-packages/airflow/example_dags/example_kubernetes_executor.py for tasks to queue
[2026-08-12T04:32:04.867+0000] {logging_mixin.py:190} INFO - [2026-08-12T04:32:04.866+0000] {dagbag.py:587} INFO - Filling up the DagBag from /home/airflow/.local/lib/python3.12/site-packages/airflow/example_dags/example_kubernetes_executor.py
[2026-08-12T04:32:04.883+0000] {processor.py:925} INFO - DAG(s) 'example_kubernetes_executor' retrieved from /home/airflow/.local/lib/python3.12/site-packages/airflow/example_dags/example_kubernetes_executor.py
[2026-08-12T04:32:04.926+0000] {logging_mixin.py:190} INFO - [2026-08-12T04:32:04.926+0000] {dag.py:3211} INFO - Sync 1 DAGs
[2026-08-12T04:32:04.947+0000] {logging_mixin.py:190} INFO - [2026-08-12T04:32:04.947+0000] {dag.py:4138} INFO - Setting next_dagrun for example_kubernetes_executor to None, run_after=None
[2026-08-12T04:32:04.973+0000] {processor.py:208} INFO - Processing /home/airflow/.local/lib/python3.12/site-packages/airflow/example_dags/example_kubernetes_executor.py took 0.118 seconds
[2026-08-12T04:32:53.208+0000] {processor.py:186} INFO - Started process (PID=60) to work on /home/airflow/.local/lib/python3.12/site-packages/airflow/example_dags/example_kubernetes_executor.py
[2026-08-12T04:32:53.211+0000] {processor.py:914} INFO - Processing file /home/airflow/.local/lib/python3.12/site-packages/airflow/example_dags/example_kubernetes_executor.py for tasks to queue
[2026-08-12T04:32:53.217+0000] {logging_mixin.py:190} INFO - [2026-08-12T04:32:53.217+0000] {dagbag.py:587} INFO - Filling up the DagBag from /home/airflow/.local/lib/python3.12/site-packages/airflow/example_dags/example_kubernetes_executor.py
[2026-08-12T04:32:53.254+0000] {processor.py:925} INFO - DAG(s) 'example_kubernetes_executor' retrieved from /home/airflow/.local/lib/python3.12/site-packages/airflow/example_dags/example_kubernetes_executor.py
[2026-08-12T04:32:53.343+0000] {logging_mixin.py:190} INFO - [2026-08-12T04:32:53.342+0000] {dag.py:3211} INFO - Sync 1 DAGs
[2026-08-12T04:32:53.368+0000] {logging_mixin.py:190} INFO - [2026-08-12T04:32:53.368+0000] {dag.py:4138} INFO - Setting next_dagrun for example_kubernetes_executor to None, run_after=None
[2026-08-12T04:32:53.423+0000] {processor.py:208} INFO - Processing /home/airflow/.local/lib/python3.12/site-packages/airflow/example_dags/example_kubernetes_executor.py took 0.228 seconds
[2026-08-12T04:33:23.611+0000] {processor.py:186} INFO - Started process (PID=123) to work on /home/airflow/.local/lib/python3.12/site-packages/airflow/example_dags/example_kubernetes_executor.py
[2026-08-12T04:33:23.612+0000] {processor.py:914} INFO - Processing file /home/airflow/.local/lib/python3.12/site-packages/airflow/example_dags/example_kubernetes_executor.py for tasks to queue
[2026-08-12T04:33:23.615+0000] {logging_mixin.py:190} INFO - [2026-08-12T04:33:23.615+0000] {dagbag.py:587} INFO - Filling up the DagBag from /home/airflow/.local/lib/python3.12/site-packages/airflow/example_dags/example_kubernetes_executor.py
[2026-08-12T04:33:23.628+0000] {processor.py:925} INFO - DAG(s) 'example_kubernetes_executor' retrieved from /home/airflow/.local/lib/python3.12/site-packages/airflow/example_dags/example_kubernetes_executor.py
[2026-08-12T04:33:23.659+0000] {logging_mixin.py:190} INFO - [2026-08-12T04:33:23.658+0000] {dag.py:3211} INFO - Sync 1 DAGs
[2026-08-12T04:33:23.671+0000] {logging_mixin.py:190} INFO - [2026-08-12T04:33:23.671+0000] {dag.py:4138} INFO - Setting next_dagrun for example_kubernetes_executor to None, run_after=None
[2026-08-12T04:33:23.695+0000] {processor.py:208} INFO - Processing /home/airflow/.local/lib/python3.12/site-packages/airflow/example_dags/example_kubernetes_executor.py took 0.090 seconds
[2026-08-12T04:33:54.505+0000] {processor.py:186} INFO - Started process (PID=191) to work on /home/airflow/.local/lib/python3.12/site-packages/airflow/example_dags/example_kubernetes_executor.py
[2026-08-12T04:33:54.507+0000] {processor.py:914} INFO - Processing file /home/airflow/.local/lib/python3.12/site-packages/airflow/example_dags/example_kubernetes_executor.py for tasks to queue
[2026-08-12T04:33:54.510+0000] {logging_mixin.py:190} INFO - [2026-08-12T04:33:54.509+0000] {dagbag.py:587} INFO - Filling up the DagBag from /home/airflow/.local/lib/python3.12/site-packages/airflow/example_dags/example_kubernetes_executor.py
[2026-08-12T04:33:54.523+0000] {processor.py:925} INFO - DAG(s) 'example_kubernetes_executor' retrieved from /home/airflow/.local/lib/python3.12/site-packages/airflow/example_dags/example_kubernetes_executor.py
[2026-08-12T04:33:54.563+0000] {logging_mixin.py:190} INFO - [2026-08-12T04:33:54.563+0000] {dag.py:3211} INFO - Sync 1 DAGs
[2026-08-12T04:33:54.580+0000] {logging_mixin.py:190} INFO - [2026-08-12T04:33:54.580+0000] {dag.py:4138} INFO - Setting next_dagrun for example_kubernetes_executor to None, run_after=None
[2026-08-12T04:33:54.605+0000] {processor.py:208} INFO - Processing /home/airflow/.local/lib/python3.12/site-packages/airflow/example_dags/example_kubernetes_executor.py took 0.105 seconds
[2026-08-12T04:34:24.955+0000] {processor.py:186} INFO - Started process (PID=253) to work on /home/airflow/.local/lib/python3.12/site-packages/airflow/example_dags/example_kubernetes_executor.py
[2026-08-12T04:34:24.957+0000] {processor.py:914} INFO - Processing file /home/airflow/.local/lib/python3.12/site-packages/airflow/example_dags/example_kubernetes_executor.py for tasks to queue
[2026-08-12T04:34:24.961+0000] {logging_mixin.py:190} INFO - [2026-08-12T04:34:24.960+0000] {dagbag.py:587} INFO - Filling up the DagBag from /home/airflow/.local/lib/python3.12/site-packages/airflow/example_dags/example_kubernetes_executor.py
[2026-08-12T04:34:24.974+0000] {processor.py:925} INFO - DAG(s) 'example_kubernetes_executor' retrieved from /home/airflow/.local/lib/python3.12/site-packages/airflow/example_dags/example_kubernetes_executor.py
[2026-08-12T04:34:25.013+0000] {logging_mixin.py:190} INFO - [2026-08-12T04:34:25.013+0000] {dag.py:3211} INFO - Sync 1 DAGs
[2026-08-12T04:34:25.030+0000] {logging_mixin.py:190} INFO - [2026-08-12T04:34:25.030+0000] {dag.py:4138} INFO - Setting next_dagrun for example_kubernetes_executor to None, run_after=None
[2026-08-12T04:34:25.051+0000] {processor.py:208} INFO - Processing /home/airflow/.local/lib/python3.12/site-packages/airflow/example_dags/example_kubernetes_executor.py took 0.102 seconds
[2026-08-12T04:34:55.685+0000] {processor.py:186} INFO - Started process (PID=315) to work on /home/airflow/.local/lib/python3.12/site-packages/airflow/example_dags/example_kubernetes_executor.py
[2026-08-12T04:34:55.686+0000] {processor.py:914} INFO - Processing file /home/airflow/.local/lib/python3.12/site-packages/airflow/example_dags/example_kubernetes_executor.py for tasks to queue
[2026-08-12T04:34:55.690+0000] {logging_mixin.py:190} INFO - [2026-08-12T04:34:55.689+0000] {dagbag.py:587} INFO - Filling up the DagBag from /home/airflow/.local/lib/python3.12/site-packages/airflow/example_dags/example_kubernetes_executor.py
[2026-08-12T04:34:55.707+0000] {processor.py:925} INFO - DAG(s) 'example_kubernetes_executor' retrieved from /home/airflow/.local/lib/python3.12/site-packages/airflow/example_dags/example_kubernetes_executor.py
[2026-08-12T04:34:55.762+0000] {logging_mixin.py:190} INFO - [2026-08-12T04:34:55.761+0000] {dag.py:3211} INFO - Sync 1 DAGs
[2026-08-12T04:34:55.781+0000] {logging_mixin.py:190} INFO - [2026-08-12T04:34:55.780+0000] {dag.py:4138} INFO - Setting next_dagrun for example_kubernetes_executor to None, run_after=None
[2026-08-12T04:34:55.804+0000] {processor.py:208} INFO - Processing /home/airflow/.local/lib/python3.12/site-packages/airflow/example_dags/example_kubernetes_executor.py took 0.127 seconds
[2026-08-12T04:35:26.091+0000] {processor.py:186} INFO - Started process (PID=377) to work on /home/airflow/.local/lib/python3.12/site-packages/airflow/example_dags/example_kubernetes_executor.py
[2026-08-12T04:35:26.093+0000] {processor.py:914} INFO - Processing file /home/airflow/.local/lib/python3.12/site-packages/airflow/example_dags/example_kubernetes_executor.py for tasks to queue
[2026-08-12T04:35:26.096+0000] {logging_mixin.py:190} INFO - [2026-08-12T04:35:26.096+0000] {dagbag.py:587} INFO - Filling up the DagBag from /home/airflow/.local/lib/python3.12/site-packages/airflow/example_dags/example_kubernetes_executor.py
[2026-08-12T04:35:26.111+0000] {processor.py:925} INFO - DAG(s) 'example_kubernetes_executor' retrieved from /home/airflow/.local/lib/python3.12/site-packages/airflow/example_dags/example_kubernetes_executor.py
[2026-08-12T04:35:26.151+0000] {logging_mixin.py:190} INFO - [2026-08-12T04:35:26.150+0000] {dag.py:3211} INFO - Sync 1 DAGs
[2026-08-12T04:35:26.165+0000] {logging_mixin.py:190} INFO - [2026-08-12T04:35:26.165+0000] {dag.py:4138} INFO - Setting next_dagrun for example_kubernetes_executor to None, run_after=None
[2026-08-12T04:35:26.185+0000] {processor.py:208} INFO - Processing /home/airflow/.local/lib/python3.12/site-packages/airflow/example_dags/example_kubernetes_executor.py took 0.102 seconds
[2026-08-12T04:35:56.406+0000] {processor.py:186} INFO - Started process (PID=439) to work on /home/airflow/.local/lib/python3.12/site-packages/airflow/example_dags/example_kubernetes_executor.py
[2026-08-12T04:35:56.408+0000] {processor.py:914} INFO - Processing file /home/airflow/.local/lib/python3.12/site-packages/airflow/example_dags/example_kubernetes_executor.py for tasks to queue
[2026-08-12T04:35:56.411+0000] {logging_mixin.py:190} INFO - [2026-08-12T04:35:56.410+0000] {dagbag.py:587} INFO - Filling up the DagBag from /home/airflow/.local/lib/python3.12/site-packages/airflow/example_dags/example_kubernetes_executor.py
[2026-08-12T04:35:56.427+0000] {processor.py:925} INFO - DAG(s) 'example_kubernetes_executor' retrieved from /home/airflow/.local/lib/python3.12/site-packages/airflow/example_dags/example_kubernetes_executor.py
[2026-08-12T04:35:56.464+0000] {logging_mixin.py:190} INFO - [2026-08-12T04:35:56.463+0000] {dag.py:3211} INFO - Sync 1 DAGs
[2026-08-12T04:35:56.480+0000] {logging_mixin.py:190} INFO - [2026-08-12T04:35:56.480+0000] {dag.py:4138} INFO - Setting next_dagrun for example_kubernetes_executor to None, run_after=None
[2026-08-12T04:35:56.504+0000] {processor.py:208} INFO - Processing /home/airflow/.local/lib/python3.12/site-packages/airflow/example_dags/example_kubernetes_executor.py took 0.104 seconds
[2026-08-12T04:36:27.244+0000] {processor.py:186} INFO - Started process (PID=501) to work on /home/airflow/.local/lib/python3.12/site-packages/airflow/example_dags/example_kubernetes_executor.py
[2026-08-12T04:36:27.245+0000] {processor.py:914} INFO - Processing file /home/airflow/.local/lib/python3.12/site-packages/airflow/example_dags/example_kubernetes_executor.py for tasks to queue
[2026-08-12T04:36:27.248+0000] {logging_mixin.py:190} INFO - [2026-08-12T04:36:27.248+0000] {dagbag.py:587} INFO - Filling up the DagBag from /home/airflow/.local/lib/python3.12/site-packages/airflow/example_dags/example_kubernetes_executor.py
[2026-08-12T04:36:27.264+0000] {processor.py:925} INFO - DAG(s) 'example_kubernetes_executor' retrieved from /home/airflow/.local/lib/python3.12/site-packages/airflow/example_dags/example_kubernetes_executor.py
[2026-08-12T04:36:27.300+0000] {logging_mixin.py:190} INFO - [2026-08-12T04:36:27.300+0000] {dag.py:3211} INFO - Sync 1 DAGs
[2026-08-12T04:36:27.330+0000] {logging_mixin.py:190} INFO - [2026-08-12T04:36:27.329+0000] {dag.py:4138} INFO - Setting next_dagrun for example_kubernetes_executor to None, run_after=None
[2026-08-12T04:36:27.352+0000] {processor.py:208} INFO - Processing /home/airflow/.local/lib/python3.12/site-packages/airflow/example_dags/example_kubernetes_executor.py took 0.114 seconds
[2026-08-12T04:36:57.693+0000] {processor.py:186} INFO - Started process (PID=563) to work on /home/airflow/.local/lib/python3.12/site-packages/airflow/example_dags/example_kubernetes_executor.py
[2026-08-12T04:36:57.701+0000] {processor.py:914} INFO - Processing file /home/airflow/.local/lib/python3.12/site-packages/airflow/example_dags/example_kubernetes_executor.py for tasks to queue
[2026-08-12T04:36:57.712+0000] {logging_mixin.py:190} INFO - [2026-08-12T04:36:57.712+0000] {dagbag.py:587} INFO - Filling up the DagBag from /home/airflow/.local/lib/python3.12/site-packages/airflow/example_dags/example_kubernetes_executor.py
[2026-08-12T04:36:57.728+0000] {processor.py:925} INFO - DAG(s) 'example_kubernetes_executor' retrieved from /home/airflow/.local/lib/python3.12/site-packages/airflow/example_dags/example_kubernetes_executor.py
[2026-08-12T04:36:57.764+0000] {logging_mixin.py:190} INFO - [2026-08-12T04:36:57.764+0000] {dag.py:3211} INFO - Sync 1 DAGs
[2026-08-12T04:36:57.781+0000] {logging_mixin.py:190} INFO - [2026-08-12T04:36:57.780+0000] {dag.py:4138} INFO - Setting next_dagrun for example_kubernetes_executor to None, run_after=None
[2026-08-12T04:36:57.800+0000] {processor.py:208} INFO - Processing /home/airflow/.local/lib/python3.12/site-packages/airflow/example_dags/example_kubernetes_executor.py took 0.115 seconds
[2026-08-12T04:37:28.553+0000] {processor.py:186} INFO - Started process (PID=625) to work on /home/airflow/.local/lib/python3.12/site-packages/airflow/example_dags/example_kubernetes_executor.py
[2026-08-12T04:37:28.554+0000] {processor.py:914} INFO - Processing file /home/airflow/.local/lib/python3.12/site-packages/airflow/example_dags/example_kubernetes_executor.py for tasks to queue
[2026-08-12T04:37:28.557+0000] {logging_mixin.py:190} INFO - [2026-08-12T04:37:28.557+0000] {dagbag.py:587} INFO - Filling up the DagBag from /home/airflow/.local/lib/python3.12/site-packages/airflow/example_dags/example_kubernetes_executor.py
[2026-08-12T04:37:28.572+0000] {processor.py:925} INFO - DAG(s) 'example_kubernetes_executor' retrieved from /home/airflow/.local/lib/python3.12/site-packages/airflow/example_dags/example_kubernetes_executor.py
[2026-08-12T04:37:28.634+0000] {logging_mixin.py:190} INFO - [2026-08-12T04:37:28.634+0000] {dag.py:3211} INFO - Sync 1 DAGs
[2026-08-12T04:37:28.649+0000] {logging_mixin.py:190} INFO - [2026-08-12T04:37:28.648+0000] {dag.py:4138} INFO - Setting next_dagrun for example_kubernetes_executor to None, run_after=None
[2026-08-12T04:37:28.682+0000] {processor.py:208} INFO - Processing /home/airflow/.local/lib/python3.12/site-packages/airflow/example_dags/example_kubernetes_executor.py took 0.137 seconds
[2026-08-12T04:37:59.202+0000] {processor.py:186} INFO - Started process (PID=687) to work on /home/airflow/.local/lib/python3.12/site-packages/airflow/example_dags/example_kubernetes_executor.py
[2026-08-12T04:37:59.204+0000] {processor.py:914} INFO - Processing file /home/airflow/.local/lib/python3.12/site-packages/airflow/example_dags/example_kubernetes_executor.py for tasks to queue
[2026-08-12T04:37:59.208+0000] {logging_mixin.py:190} INFO - [2026-08-12T04:37:59.208+0000] {dagbag.py:587} INFO - Filling up the DagBag from /home/airflow/.local/lib/python3.12/site-packages/airflow/example_dags/example_kubernetes_executor.py
[2026-08-12T04:37:59.225+0000] {processor.py:925} INFO - DAG(s) 'example_kubernetes_executor' retrieved from /home/airflow/.local/lib/python3.12/site-packages/airflow/example_dags/example_kubernetes_executor.py
[2026-08-12T04:37:59.267+0000] {logging_mixin.py:190} INFO - [2026-08-12T04:37:59.266+0000] {dag.py:3211} INFO - Sync 1 DAGs
[2026-08-12T04:37:59.286+0000] {logging_mixin.py:190} INFO - [2026-08-12T04:37:59.286+0000] {dag.py:4138} INFO - Setting next_dagrun for example_kubernetes_executor to None, run_after=None
[2026-08-12T04:37:59.316+0000] {processor.py:208} INFO - Processing /home/airflow/.local/lib/python3.12/site-packages/airflow/example_dags/example_kubernetes_executor.py took 0.122 seconds
[2026-08-12T04:38:29.963+0000] {processor.py:186} INFO - Started process (PID=749) to work on /home/airflow/.local/lib/python3.12/site-packages/airflow/example_dags/example_kubernetes_executor.py
[2026-08-12T04:38:29.964+0000] {processor.py:914} INFO - Processing file /home/airflow/.local/lib/python3.12/site-packages/airflow/example_dags/example_kubernetes_executor.py for tasks to queue
[2026-08-12T04:38:29.969+0000] {logging_mixin.py:190} INFO - [2026-08-12T04:38:29.968+0000] {dagbag.py:587} INFO - Filling up the DagBag from /home/airflow/.local/lib/python3.12/site-packages/airflow/example_dags/example_kubernetes_executor.py
[2026-08-12T04:38:29.990+0000] {processor.py:925} INFO - DAG(s) 'example_kubernetes_executor' retrieved from /home/airflow/.local/lib/python3.12/site-packages/airflow/example_dags/example_kubernetes_executor.py
[2026-08-12T04:38:30.029+0000] {logging_mixin.py:190} INFO - [2026-08-12T04:38:30.029+0000] {dag.py:3211} INFO - Sync 1 DAGs
[2026-08-12T04:38:30.043+0000] {logging_mixin.py:190} INFO - [2026-08-12T04:38:30.043+0000] {dag.py:4138} INFO - Setting next_dagrun for example_kubernetes_executor to None, run_after=None
[2026-08-12T04:38:30.078+0000] {processor.py:208} INFO - Processing /home/airflow/.local/lib/python3.12/site-packages/airflow/example_dags/example_kubernetes_executor.py took 0.122 seconds
[2026-08-12T04:39:00.342+0000] {processor.py:186} INFO - Started process (PID=811) to work on /home/airflow/.local/lib/python3.12/site-packages/airflow/example_dags/example_kubernetes_executor.py
[2026-08-12T04:39:00.344+0000] {processor.py:914} INFO - Processing file /home/airflow/.local/lib/python3.12/site-packages/airflow/example_dags/example_kubernetes_executor.py for tasks to queue
[2026-08-12T04:39:00.360+0000] {logging_mixin.py:190} INFO - [2026-08-12T04:39:00.359+0000] {dagbag.py:587} INFO - Filling up the DagBag from /home/airflow/.local/lib/python3.12/site-packages/airflow/example_dags/example_kubernetes_executor.py
[2026-08-12T04:39:00.374+0000] {processor.py:925} INFO - DAG(s) 'example_kubernetes_executor' retrieved from /home/airflow/.local/lib/python3.12/site-packages/airflow/example_dags/example_kubernetes_executor.py
[2026-08-12T04:39:00.416+0000] {logging_mixin.py:190} INFO - [2026-08-12T04:39:00.415+0000] {dag.py:3211} INFO - Sync 1 DAGs
[2026-08-12T04:39:00.431+0000] {logging_mixin.py:190} INFO - [2026-08-12T04:39:00.430+0000] {dag.py:4138} INFO - Setting next_dagrun for example_kubernetes_executor to None, run_after=None
[2026-08-12T04:39:00.453+0000] {processor.py:208} INFO - Processing /home/airflow/.local/lib/python3.12/site-packages/airflow/example_dags/example_kubernetes_executor.py took 0.117 seconds
[2026-08-12T04:39:30.831+0000] {processor.py:186} INFO - Started process (PID=873) to work on /home/airflow/.local/lib/python3.12/site-packages/airflow/example_dags/example_kubernetes_executor.py
[2026-08-12T04:39:30.833+0000] {processor.py:914} INFO - Processing file /home/airflow/.local/lib/python3.12/site-packages/airflow/example_dags/example_kubernetes_executor.py for tasks to queue
[2026-08-12T04:39:30.835+0000] {logging_mixin.py:190} INFO - [2026-08-12T04:39:30.835+0000] {dagbag.py:587} INFO - Filling up the DagBag from /home/airflow/.local/lib/python3.12/site-packages/airflow/example_dags/example_kubernetes_executor.py
[2026-08-12T04:39:30.848+0000] {processor.py:925} INFO - DAG(s) 'example_kubernetes_executor' retrieved from /home/airflow/.local/lib/python3.12/site-packages/airflow/example_dags/example_kubernetes_executor.py
[2026-08-12T04:39:30.879+0000] {logging_mixin.py:190} INFO - [2026-08-12T04:39:30.879+0000] {dag.py:3211} INFO - Sync 1 DAGs
[2026-08-12T04:39:30.894+0000] {logging_mixin.py:190} INFO - [2026-08-12T04:39:30.893+0000] {dag.py:4138} INFO - Setting next_dagrun for example_kubernetes_executor to None, run_after=None
[2026-08-12T04:39:30.917+0000] {processor.py:208} INFO - Processing /home/airflow/.local/lib/python3.12/site-packages/airflow/example_dags/example_kubernetes_executor.py took 0.091 seconds
[2026-08-12T04:40:01.090+0000] {processor.py:186} INFO - Started process (PID=935) to work on /home/airflow/.local/lib/python3.12/site-packages/airflow/example_dags/example_kubernetes_executor.py
[2026-08-12T04:40:01.092+0000] {processor.py:914} INFO - Processing file /home/airflow/.local/lib/python3.12/site-packages/airflow/example_dags/example_kubernetes_executor.py for tasks to queue
[2026-08-12T04:40:01.096+0000] {logging_mixin.py:190} INFO - [2026-08-12T04:40:01.096+0000] {dagbag.py:587} INFO - Filling up the DagBag from /home/airflow/.local/lib/python3.12/site-packages/airflow/example_dags/example_kubernetes_executor.py
[2026-08-12T04:40:01.132+0000] {processor.py:925} INFO - DAG(s) 'example_kubernetes_executor' retrieved from /home/airflow/.local/lib/python3.12/site-packages/airflow/example_dags/example_kubernetes_executor.py
[2026-08-12T04:40:01.206+0000] {logging_mixin.py:190} INFO - [2026-08-12T04:40:01.205+0000] {dag.py:3211} INFO - Sync 1 DAGs
[2026-08-12T04:40:01.221+0000] {logging_mixin.py:190} INFO - [2026-08-12T04:40:01.221+0000] {dag.py:4138} INFO - Setting next_dagrun for example_kubernetes_executor to None, run_after=None
[2026-08-12T04:40:01.243+0000] {processor.py:208} INFO - Processing /home/airflow/.local/lib/python3.12/site-packages/airflow/example_dags/example_kubernetes_executor.py took 0.159 seconds
[2026-08-12T04:40:31.592+0000] {processor.py:186} INFO - Started process (PID=997) to work on /home/airflow/.local/lib/python3.12/site-packages/airflow/example_dags/example_kubernetes_executor.py
[2026-08-12T04:40:31.594+0000] {processor.py:914} INFO - Processing file /home/airflow/.local/lib/python3.12/site-packages/airflow/example_dags/example_kubernetes_executor.py for tasks to queue
[2026-08-12T04:40:31.597+0000] {logging_mixin.py:190} INFO - [2026-08-12T04:40:31.596+0000] {dagbag.py:587} INFO - Filling up the DagBag from /home/airflow/.local/lib/python3.12/site-packages/airflow/example_dags/example_kubernetes_executor.py
[2026-08-12T04:40:31.610+0000] {processor.py:925} INFO - DAG(s) 'example_kubernetes_executor' retrieved from /home/airflow/.local/lib/python3.12/site-packages/airflow/example_dags/example_kubernetes_executor.py
[2026-08-12T04:40:31.657+0000] {logging_mixin.py:190} INFO - [2026-08-12T04:40:31.657+0000] {dag.py:3211} INFO - Sync 1 DAGs
[2026-08-12T04:40:31.671+0000] {logging_mixin.py:190} INFO - [2026-08-12T04:40:31.671+0000] {dag.py:4138} INFO - Setting next_dagrun for example_kubernetes_executor to None, run_after=None
[2026-08-12T04:40:31.692+0000] {processor.py:208} INFO - Processing /home/airflow/.local/lib/python3.12/site-packages/airflow/example_dags/example_kubernetes_executor.py took 0.105 seconds
[2026-08-12T04:41:02.391+0000] {processor.py:186} INFO - Started process (PID=1059) to work on /home/airflow/.local/lib/python3.12/site-packages/airflow/example_dags/example_kubernetes_executor.py
[2026-08-12T04:41:02.392+0000] {processor.py:914} INFO - Processing file /home/airflow/.local/lib/python3.12/site-packages/airflow/example_dags/example_kubernetes_executor.py for tasks to queue
[2026-08-12T04:41:02.396+0000] {logging_mixin.py:190} INFO - [2026-08-12T04:41:02.396+0000] {dagbag.py:587} INFO - Filling up the DagBag from /home/airflow/.local/lib/python3.12/site-packages/airflow/example_dags/example_kubernetes_executor.py
[2026-08-12T04:41:02.411+0000] {processor.py:925} INFO - DAG(s) 'example_kubernetes_executor' retrieved from /home/airflow/.local/lib/python3.12/site-packages/airflow/example_dags/example_kubernetes_executor.py
[2026-08-12T04:41:02.448+0000] {logging_mixin.py:190} INFO - [2026-08-12T04:41:02.447+0000] {dag.py:3211} INFO - Sync 1 DAGs
[2026-08-12T04:41:02.461+0000] {logging_mixin.py:190} INFO - [2026-08-12T04:41:02.461+0000] {dag.py:4138} INFO - Setting next_dagrun for example_kubernetes_executor to None, run_after=None
[2026-08-12T04:41:02.481+0000] {processor.py:208} INFO - Processing /home/airflow/.local/lib/python3.12/site-packages/airflow/example_dags/example_kubernetes_executor.py took 0.097 seconds
[2026-08-12T04:41:32.835+0000] {processor.py:186} INFO - Started process (PID=1121) to work on /home/airflow/.local/lib/python3.12/site-packages/airflow/example_dags/example_kubernetes_executor.py
[2026-08-12T04:41:32.836+0000] {processor.py:914} INFO - Processing file /home/airflow/.local/lib/python3.12/site-packages/airflow/example_dags/example_kubernetes_executor.py for tasks to queue
[2026-08-12T04:41:32.839+0000] {logging_mixin.py:190} INFO - [2026-08-12T04:41:32.838+0000] {dagbag.py:587} INFO - Filling up the DagBag from /home/airflow/.local/lib/python3.12/site-packages/airflow/example_dags/example_kubernetes_executor.py
[2026-08-12T04:41:32.863+0000] {processor.py:925} INFO - DAG(s) 'example_kubernetes_executor' retrieved from /home/airflow/.local/lib/python3.12/site-packages/airflow/example_dags/example_kubernetes_executor.py
[2026-08-12T04:41:32.897+0000] {logging_mixin.py:190} INFO - [2026-08-12T04:41:32.897+0000] {dag.py:3211} INFO - Sync 1 DAGs
[2026-08-12T04:41:32.929+0000] {logging_mixin.py:190} INFO - [2026-08-12T04:41:32.928+0000] {dag.py:4138} INFO - Setting next_dagrun for example_kubernetes_executor to None, run_after=None
[2026-08-12T04:41:32.966+0000] {processor.py:208} INFO - Processing /home/airflow/.local/lib/python3.12/site-packages/airflow/example_dags/example_kubernetes_executor.py took 0.136 seconds
[2026-08-12T04:42:03.436+0000] {processor.py:186} INFO - Started process (PID=1183) to work on /home/airflow/.local/lib/python3.12/site-packages/airflow/example_dags/example_kubernetes_executor.py
[2026-08-12T04:42:03.438+0000] {processor.py:914} INFO - Processing file /home/airflow/.local/lib/python3.12/site-packages/airflow/example_dags/example_kubernetes_executor.py for tasks to queue
[2026-08-12T04:42:03.442+0000] {logging_mixin.py:190} INFO - [2026-08-12T04:42:03.441+0000] {dagbag.py:587} INFO - Filling up the DagBag from /home/airflow/.local/lib/python3.12/site-packages/airflow/example_dags/example_kubernetes_executor.py
[2026-08-12T04:42:03.458+0000] {processor.py:925} INFO - DAG(s) 'example_kubernetes_executor' retrieved from /home/airflow/.local/lib/python3.12/site-packages/airflow/example_dags/example_kubernetes_executor.py
[2026-08-12T04:42:03.496+0000] {logging_mixin.py:190} INFO - [2026-08-12T04:42:03.496+0000] {dag.py:3211} INFO - Sync 1 DAGs
[2026-08-12T04:42:03.512+0000] {logging_mixin.py:190} INFO - [2026-08-12T04:42:03.511+0000] {dag.py:4138} INFO - Setting next_dagrun for example_kubernetes_executor to None, run_after=None
[2026-08-12T04:42:03.531+0000] {processor.py:208} INFO - Processing /home/airflow/.local/lib/python3.12/site-packages/airflow/example_dags/example_kubernetes_executor.py took 0.100 seconds
[2026-08-12T04:42:34.273+0000] {processor.py:186} INFO - Started process (PID=1245) to work on /home/airflow/.local/lib/python3.12/site-packages/airflow/example_dags/example_kubernetes_executor.py
[2026-08-12T04:42:34.274+0000] {processor.py:914} INFO - Processing file /home/airflow/.local/lib/python3.12/site-packages/airflow/example_dags/example_kubernetes_executor.py for tasks to queue
[2026-08-12T04:42:34.278+0000] {logging_mixin.py:190} INFO - [2026-08-12T04:42:34.277+0000] {dagbag.py:587} INFO - Filling up the DagBag from /home/airflow/.local/lib/python3.12/site-packages/airflow/example_dags/example_kubernetes_executor.py
[2026-08-12T04:42:34.293+0000] {processor.py:925} INFO - DAG(s) 'example_kubernetes_executor' retrieved from /home/airflow/.local/lib/python3.12/site-packages/airflow/example_dags/example_kubernetes_executor.py
[2026-08-12T04:42:34.328+0000] {logging_mixin.py:190} INFO - [2026-08-12T04:42:34.327+0000] {dag.py:3211} INFO - Sync 1 DAGs
[2026-08-12T04:42:34.347+0000] {logging_mixin.py:190} INFO - [2026-08-12T04:42:34.347+0000] {dag.py:4138} INFO - Setting next_dagrun for example_kubernetes_executor to None, run_after=None
[2026-08-12T04:42:34.369+0000] {processor.py:208} INFO - Processing /home/airflow/.local/lib/python3.12/site-packages/airflow/example_dags/example_kubernetes_executor.py took 0.102 seconds
[2026-08-12T04:43:04.949+0000] {processor.py:186} INFO - Started process (PID=1307) to work on /home/airflow/.local/lib/python3.12/site-packages/airflow/example_dags/example_kubernetes_executor.py
[2026-08-12T04:43:04.950+0000] {processor.py:914} INFO - Processing file /home/airflow/.local/lib/python3.12/site-packages/airflow/example_dags/example_kubernetes_executor.py for tasks to queue
[2026-08-12T04:43:04.966+0000] {logging_mixin.py:190} INFO - [2026-08-12T04:43:04.961+0000] {dagbag.py:587} INFO - Filling up the DagBag from /home/airflow/.local/lib/python3.12/site-packages/airflow/example_dags/example_kubernetes_executor.py
[2026-08-12T04:43:04.984+0000] {processor.py:925} INFO - DAG(s) 'example_kubernetes_executor' retrieved from /home/airflow/.local/lib/python3.12/site-packages/airflow/example_dags/example_kubernetes_executor.py
[2026-08-12T04:43:05.021+0000] {logging_mixin.py:190} INFO - [2026-08-12T04:43:05.021+0000] {dag.py:3211} INFO - Sync 1 DAGs
[2026-08-12T04:43:05.034+0000] {logging_mixin.py:190} INFO - [2026-08-12T04:43:05.034+0000] {dag.py:4138} INFO - Setting next_dagrun for example_kubernetes_executor to None, run_after=None
[2026-08-12T04:43:05.056+0000] {processor.py:208} INFO - Processing /home/airflow/.local/lib/python3.12/site-packages/airflow/example_dags/example_kubernetes_executor.py took 0.112 seconds
[2026-08-12T04:43:35.503+0000] {processor.py:186} INFO - Started process (PID=1369) to work on /home/airflow/.local/lib/python3.12/site-packages/airflow/example_dags/example_kubernetes_executor.py
[2026-08-12T04:43:35.505+0000] {processor.py:914} INFO - Processing file /home/airflow/.local/lib/python3.12/site-packages/airflow/example_dags/example_kubernetes_executor.py for tasks to queue
[2026-08-12T04:43:35.510+0000] {logging_mixin.py:190} INFO - [2026-08-12T04:43:35.509+0000] {dagbag.py:587} INFO - Filling up the DagBag from /home/airflow/.local/lib/python3.12/site-packages/airflow/example_dags/example_kubernetes_executor.py
[2026-08-12T04:43:35.530+0000] {processor.py:925} INFO - DAG(s) 'example_kubernetes_executor' retrieved from /home/airflow/.local/lib/python3.12/site-packages/airflow/example_dags/example_kubernetes_executor.py
[2026-08-12T04:43:35.569+0000] {logging_mixin.py:190} INFO - [2026-08-12T04:43:35.569+0000] {dag.py:3211} INFO - Sync 1 DAGs
[2026-08-12T04:43:35.585+0000] {logging_mixin.py:190} INFO - [2026-08-12T04:43:35.584+0000] {dag.py:4138} INFO - Setting next_dagrun for example_kubernetes_executor to None, run_after=None
[2026-08-12T04:43:35.620+0000] {processor.py:208} INFO - Processing /home/airflow/.local/lib/python3.12/site-packages/airflow/example_dags/example_kubernetes_executor.py took 0.125 seconds
[2026-08-12T04:44:05.859+0000] {processor.py:186} INFO - Started process (PID=1431) to work on /home/airflow/.local/lib/python3.12/site-packages/airflow/example_dags/example_kubernetes_executor.py
[2026-08-12T04:44:05.861+0000] {processor.py:914} INFO - Processing file /home/airflow/.local/lib/python3.12/site-packages/airflow/example_dags/example_kubernetes_executor.py for tasks to queue
[2026-08-12T04:44:05.865+0000] {logging_mixin.py:190} INFO - [2026-08-12T04:44:05.865+0000] {dagbag.py:587} INFO - Filling up the DagBag from /home/airflow/.local/lib/python3.12/site-packages/airflow/example_dags/example_kubernetes_executor.py
[2026-08-12T04:44:05.882+0000] {processor.py:925} INFO - DAG(s) 'example_kubernetes_executor' retrieved from /home/airflow/.local/lib/python3.12/site-packages/airflow/example_dags/example_kubernetes_executor.py
[2026-08-12T04:44:05.922+0000] {logging_mixin.py:190} INFO - [2026-08-12T04:44:05.922+0000] {dag.py:3211} INFO - Sync 1 DAGs
[2026-08-12T04:44:05.937+0000] {logging_mixin.py:190} INFO - [2026-08-12T04:44:05.937+0000] {dag.py:4138} INFO - Setting next_dagrun for example_kubernetes_executor to None, run_after=None
[2026-08-12T04:44:05.961+0000] {processor.py:208} INFO - Processing /home/airflow/.local/lib/python3.12/site-packages/airflow/example_dags/example_kubernetes_executor.py took 0.110 seconds
[2026-08-12T04:44:36.528+0000] {processor.py:186} INFO - Started process (PID=1493) to work on /home/airflow/.local/lib/python3.12/site-packages/airflow/example_dags/example_kubernetes_executor.py
[2026-08-12T04:44:36.530+0000] {processor.py:914} INFO - Processing file /home/airflow/.local/lib/python3.12/site-packages/airflow/example_dags/example_kubernetes_executor.py for tasks to queue
[2026-08-12T04:44:36.533+0000] {logging_mixin.py:190} INFO - [2026-08-12T04:44:36.532+0000] {dagbag.py:587} INFO - Filling up the DagBag from /home/airflow/.local/lib/python3.12/site-packages/airflow/example_dags/example_kubernetes_executor.py
[2026-08-12T04:44:36.550+0000] {processor.py:925} INFO - DAG(s) 'example_kubernetes_executor' retrieved from /home/airflow/.local/lib/python3.12/site-packages/airflow/example_dags/example_kubernetes_executor.py
[2026-08-12T04:44:36.587+0000] {logging_mixin.py:190} INFO - [2026-08-12T04:44:36.586+0000] {dag.py:3211} INFO - Sync 1 DAGs
[2026-08-12T04:44:36.600+0000] {logging_mixin.py:190} INFO - [2026-08-12T04:44:36.600+0000] {dag.py:4138} INFO - Setting next_dagrun for example_kubernetes_executor to None, run_after=None
[2026-08-12T04:44:36.622+0000] {processor.py:208} INFO - Processing /home/airflow/.local/lib/python3.12/site-packages/airflow/example_dags/example_kubernetes_executor.py took 0.099 seconds
[2026-08-12T04:45:06.984+0000] {processor.py:186} INFO - Started process (PID=1555) to work on /home/airflow/.local/lib/python3.12/site-packages/airflow/example_dags/example_kubernetes_executor.py
[2026-08-12T04:45:06.985+0000] {processor.py:914} INFO - Processing file /home/airflow/.local/lib/python3.12/site-packages/airflow/example_dags/example_kubernetes_executor.py for tasks to queue
[2026-08-12T04:45:06.988+0000] {logging_mixin.py:190} INFO - [2026-08-12T04:45:06.988+0000] {dagbag.py:587} INFO - Filling up the DagBag from /home/airflow/.local/lib/python3.12/site-packages/airflow/example_dags/example_kubernetes_executor.py
[2026-08-12T04:45:07.001+0000] {processor.py:925} INFO - DAG(s) 'example_kubernetes_executor' retrieved from /home/airflow/.local/lib/python3.12/site-packages/airflow/example_dags/example_kubernetes_executor.py
[2026-08-12T04:45:07.038+0000] {logging_mixin.py:190} INFO - [2026-08-12T04:45:07.037+0000] {dag.py:3211} INFO - Sync 1 DAGs
[2026-08-12T04:45:07.051+0000] {logging_mixin.py:190} INFO - [2026-08-12T04:45:07.051+0000] {dag.py:4138} INFO - Setting next_dagrun for example_kubernetes_executor to None, run_after=None
[2026-08-12T04:45:07.071+0000] {processor.py:208} INFO - Processing /home/airflow/.local/lib/python3.12/site-packages/airflow/example_dags/example_kubernetes_executor.py took 0.092 seconds
[2026-08-12T04:45:37.838+0000] {processor.py:186} INFO - Started process (PID=1617) to work on /home/airflow/.local/lib/python3.12/site-packages/airflow/example_dags/example_kubernetes_executor.py
[2026-08-12T04:45:37.840+0000] {processor.py:914} INFO - Processing file /home/airflow/.local/lib/python3.12/site-packages/airflow/example_dags/example_kubernetes_executor.py for tasks to queue
[2026-08-12T04:45:37.843+0000] {logging_mixin.py:190} INFO - [2026-08-12T04:45:37.842+0000] {dagbag.py:587} INFO - Filling up the DagBag from /home/airflow/.local/lib/python3.12/site-packages/airflow/example_dags/example_kubernetes_executor.py
[2026-08-12T04:45:37.856+0000] {processor.py:925} INFO - DAG(s) 'example_kubernetes_executor' retrieved from /home/airflow/.local/lib/python3.12/site-packages/airflow/example_dags/example_kubernetes_executor.py
[2026-08-12T04:45:37.889+0000] {logging_mixin.py:190} INFO - [2026-08-12T04:45:37.888+0000] {dag.py:3211} INFO - Sync 1 DAGs
[2026-08-12T04:45:37.902+0000] {logging_mixin.py:190} INFO - [2026-08-12T04:45:37.901+0000] {dag.py:4138} INFO - Setting next_dagrun for example_kubernetes_executor to None, run_after=None
[2026-08-12T04:45:37.922+0000] {processor.py:208} INFO - Processing /home/airflow/.local/lib/python3.12/site-packages/airflow/example_dags/example_kubernetes_executor.py took 0.089 seconds
[2026-08-12T04:46:08.170+0000] {processor.py:186} INFO - Started process (PID=1679) to work on /home/airflow/.local/lib/python3.12/site-packages/airflow/example_dags/example_kubernetes_executor.py
[2026-08-12T04:46:08.172+0000] {processor.py:914} INFO - Processing file /home/airflow/.local/lib/python3.12/site-packages/airflow/example_dags/example_kubernetes_executor.py for tasks to queue
[2026-08-12T04:46:08.176+0000] {logging_mixin.py:190} INFO - [2026-08-12T04:46:08.175+0000] {dagbag.py:587} INFO - Filling up the DagBag from /home/airflow/.local/lib/python3.12/site-packages/airflow/example_dags/example_kubernetes_executor.py
[2026-08-12T04:46:08.198+0000] {processor.py:925} INFO - DAG(s) 'example_kubernetes_executor' retrieved from /home/airflow/.local/lib/python3.12/site-packages/airflow/example_dags/example_kubernetes_executor.py
[2026-08-12T04:46:08.238+0000] {logging_mixin.py:190} INFO - [2026-08-12T04:46:08.238+0000] {dag.py:3211} INFO - Sync 1 DAGs
[2026-08-12T04:46:08.254+0000] {logging_mixin.py:190} INFO - [2026-08-12T04:46:08.253+0000] {dag.py:4138} INFO - Setting next_dagrun for example_kubernetes_executor to None, run_after=None
[2026-08-12T04:46:08.275+0000] {processor.py:208} INFO - Processing /home/airflow/.local/lib/python3.12/site-packages/airflow/example_dags/example_kubernetes_executor.py took 0.113 seconds
[2026-08-12T04:46:38.776+0000] {processor.py:186} INFO - Started process (PID=1741) to work on /home/airflow/.local/lib/python3.12/site-packages/airflow/example_dags/example_kubernetes_executor.py
[2026-08-12T04:46:38.777+0000] {processor.py:914} INFO - Processing file /home/airflow/.local/lib/python3.12/site-packages/airflow/example_dags/example_kubernetes_executor.py for tasks to queue
[2026-08-12T04:46:38.780+0000] {logging_mixin.py:190} INFO - [2026-08-12T04:46:38.780+0000] {dagbag.py:587} INFO - Filling up the DagBag from /home/airflow/.local/lib/python3.12/site-packages/airflow/example_dags/example_kubernetes_executor.py
[2026-08-12T04:46:38.793+0000] {processor.py:925} INFO - DAG(s) 'example_kubernetes_executor' retrieved from /home/airflow/.local/lib/python3.12/site-packages/airflow/example_dags/example_kubernetes_executor.py
[2026-08-12T04:46:38.834+0000] {logging_mixin.py:190} INFO - [2026-08-12T04:46:38.833+0000] {dag.py:3211} INFO - Sync 1 DAGs
[2026-08-12T04:46:38.851+0000] {logging_mixin.py:190} INFO - [2026-08-12T04:46:38.850+0000] {dag.py:4138} INFO - Setting next_dagrun for example_kubernetes_executor to None, run_after=None
[2026-08-12T04:46:38.871+0000] {processor.py:208} INFO - Processing /home/airflow/.local/lib/python3.12/site-packages/airflow/example_dags/example_kubernetes_executor.py took 0.101 seconds
[2026-08-12T04:47:09.334+0000] {processor.py:186} INFO - Started process (PID=1803) to work on /home/airflow/.local/lib/python3.12/site-packages/airflow/example_dags/example_kubernetes_executor.py
[2026-08-12T04:47:09.336+0000] {processor.py:914} INFO - Processing file /home/airflow/.local/lib/python3.12/site-packages/airflow/example_dags/example_kubernetes_executor.py for tasks to queue
[2026-08-12T04:47:09.340+0000] {logging_mixin.py:190} INFO - [2026-08-12T04:47:09.340+0000] {dagbag.py:587} INFO - Filling up the DagBag from /home/airflow/.local/lib/python3.12/site-packages/airflow/example_dags/example_kubernetes_executor.py
[2026-08-12T04:47:09.360+0000] {processor.py:925} INFO - DAG(s) 'example_kubernetes_executor' retrieved from /home/airflow/.local/lib/python3.12/site-packages/airflow/example_dags/example_kubernetes_executor.py
[2026-08-12T04:47:09.398+0000] {logging_mixin.py:190} INFO - [2026-08-12T04:47:09.398+0000] {dag.py:3211} INFO - Sync 1 DAGs
[2026-08-12T04:47:09.414+0000] {logging_mixin.py:190} INFO - [2026-08-12T04:47:09.414+0000] {dag.py:4138} INFO - Setting next_dagrun for example_kubernetes_executor to None, run_after=None
[2026-08-12T04:47:09.435+0000] {processor.py:208} INFO - Processing /home/airflow/.local/lib/python3.12/site-packages/airflow/example_dags/example_kubernetes_executor.py took 0.110 seconds
[2026-08-12T04:47:39.684+0000] {processor.py:186} INFO - Started process (PID=1865) to work on /home/airflow/.local/lib/python3.12/site-packages/airflow/example_dags/example_kubernetes_executor.py
[2026-08-12T04:47:39.686+0000] {processor.py:914} INFO - Processing file /home/airflow/.local/lib/python3.12/site-packages/airflow/example_dags/example_kubernetes_executor.py for tasks to queue
[2026-08-12T04:47:39.688+0000] {logging_mixin.py:190} INFO - [2026-08-12T04:47:39.688+0000] {dagbag.py:587} INFO - Filling up the DagBag from /home/airflow/.local/lib/python3.12/site-packages/airflow/example_dags/example_kubernetes_executor.py
[2026-08-12T04:47:39.701+0000] {processor.py:925} INFO - DAG(s) 'example_kubernetes_executor' retrieved from /home/airflow/.local/lib/python3.12/site-packages/airflow/example_dags/example_kubernetes_executor.py
[2026-08-12T04:47:39.738+0000] {logging_mixin.py:190} INFO - [2026-08-12T04:47:39.737+0000] {dag.py:3211} INFO - Sync 1 DAGs
[2026-08-12T04:47:39.754+0000] {logging_mixin.py:190} INFO - [2026-08-12T04:47:39.753+0000] {dag.py:4138} INFO - Setting next_dagrun for example_kubernetes_executor to None, run_after=None
[2026-08-12T04:47:39.785+0000] {processor.py:208} INFO - Processing /home/airflow/.local/lib/python3.12/site-packages/airflow/example_dags/example_kubernetes_executor.py took 0.106 seconds
[2026-08-12T04:48:10.453+0000] {processor.py:186} INFO - Started process (PID=1927) to work on /home/airflow/.local/lib/python3.12/site-packages/airflow/example_dags/example_kubernetes_executor.py
[2026-08-12T04:48:10.454+0000] {processor.py:914} INFO - Processing file /home/airflow/.local/lib/python3.12/site-packages/airflow/example_dags/example_kubernetes_executor.py for tasks to queue
[2026-08-12T04:48:10.458+0000] {logging_mixin.py:190} INFO - [2026-08-12T04:48:10.458+0000] {dagbag.py:587} INFO - Filling up the DagBag from /home/airflow/.local/lib/python3.12/site-packages/airflow/example_dags/example_kubernetes_executor.py
[2026-08-12T04:48:10.479+0000] {processor.py:925} INFO - DAG(s) 'example_kubernetes_executor' retrieved from /home/airflow/.local/lib/python3.12/site-packages/airflow/example_dags/example_kubernetes_executor.py
[2026-08-12T04:48:10.518+0000] {logging_mixin.py:190} INFO - [2026-08-12T04:48:10.517+0000] {dag.py:3211} INFO - Sync 1 DAGs
[2026-08-12T04:48:10.541+0000] {logging_mixin.py:190} INFO - [2026-08-12T04:48:10.540+0000] {dag.py:4138} INFO - Setting next_dagrun for example_kubernetes_executor to None, run_after=None
[2026-08-12T04:48:10.570+0000] {processor.py:208} INFO - Processing /home/airflow/.local/lib/python3.12/site-packages/airflow/example_dags/example_kubernetes_executor.py took 0.124 seconds
[2026-08-12T04:48:40.770+0000] {processor.py:186} INFO - Started process (PID=1989) to work on /home/airflow/.local/lib/python3.12/site-packages/airflow/example_dags/example_kubernetes_executor.py
[2026-08-12T04:48:40.772+0000] {processor.py:914} INFO - Processing file /home/airflow/.local/lib/python3.12/site-packages/airflow/example_dags/example_kubernetes_executor.py for tasks to queue
[2026-08-12T04:48:40.775+0000] {logging_mixin.py:190} INFO - [2026-08-12T04:48:40.775+0000] {dagbag.py:587} INFO - Filling up the DagBag from /home/airflow/.local/lib/python3.12/site-packages/airflow/example_dags/example_kubernetes_executor.py
[2026-08-12T04:48:40.793+0000] {processor.py:925} INFO - DAG(s) 'example_kubernetes_executor' retrieved from /home/airflow/.local/lib/python3.12/site-packages/airflow/example_dags/example_kubernetes_executor.py
[2026-08-12T04:48:40.835+0000] {logging_mixin.py:190} INFO - [2026-08-12T04:48:40.835+0000] {dag.py:3211} INFO - Sync 1 DAGs
[2026-08-12T04:48:40.854+0000] {logging_mixin.py:190} INFO - [2026-08-12T04:48:40.854+0000] {dag.py:4138} INFO - Setting next_dagrun for example_kubernetes_executor to None, run_after=None
[2026-08-12T04:48:40.878+0000] {processor.py:208} INFO - Processing /home/airflow/.local/lib/python3.12/site-packages/airflow/example_dags/example_kubernetes_executor.py took 0.115 seconds
[2026-08-12T04:49:11.981+0000] {processor.py:186} INFO - Started process (PID=2051) to work on /home/airflow/.local/lib/python3.12/site-packages/airflow/example_dags/example_kubernetes_executor.py
[2026-08-12T04:49:11.983+0000] {processor.py:914} INFO - Processing file /home/airflow/.local/lib/python3.12/site-packages/airflow/example_dags/example_kubernetes_executor.py for tasks to queue
[2026-08-12T04:49:11.988+0000] {logging_mixin.py:190} INFO - [2026-08-12T04:49:11.988+0000] {dagbag.py:587} INFO - Filling up the DagBag from /home/airflow/.local/lib/python3.12/site-packages/airflow/example_dags/example_kubernetes_executor.py
[2026-08-12T04:49:12.011+0000] {processor.py:925} INFO - DAG(s) 'example_kubernetes_executor' retrieved from /home/airflow/.local/lib/python3.12/site-packages/airflow/example_dags/example_kubernetes_executor.py
[2026-08-12T04:49:12.094+0000] {logging_mixin.py:190} INFO - [2026-08-12T04:49:12.094+0000] {dag.py:3211} INFO - Sync 1 DAGs
[2026-08-12T04:49:12.114+0000] {logging_mixin.py:190} INFO - [2026-08-12T04:49:12.114+0000] {dag.py:4138} INFO - Setting next_dagrun for example_kubernetes_executor to None, run_after=None
[2026-08-12T04:49:12.146+0000] {processor.py:208} INFO - Processing /home/airflow/.local/lib/python3.12/site-packages/airflow/example_dags/example_kubernetes_executor.py took 0.174 seconds
[2026-08-12T04:49:42.550+0000] {processor.py:186} INFO - Started process (PID=2113) to work on /home/airflow/.local/lib/python3.12/site-packages/airflow/example_dags/example_kubernetes_executor.py
[2026-08-12T04:49:42.552+0000] {processor.py:914} INFO - Processing file /home/airflow/.local/lib/python3.12/site-packages/airflow/example_dags/example_kubernetes_executor.py for tasks to queue
[2026-08-12T04:49:42.555+0000] {logging_mixin.py:190} INFO - [2026-08-12T04:49:42.555+0000] {dagbag.py:587} INFO - Filling up the DagBag from /home/airflow/.local/lib/python3.12/site-packages/airflow/example_dags/example_kubernetes_executor.py
[2026-08-12T04:49:42.569+0000] {processor.py:925} INFO - DAG(s) 'example_kubernetes_executor' retrieved from /home/airflow/.local/lib/python3.12/site-packages/airflow/example_dags/example_kubernetes_executor.py
[2026-08-12T04:49:42.611+0000] {logging_mixin.py:190} INFO - [2026-08-12T04:49:42.611+0000] {dag.py:3211} INFO - Sync 1 DAGs
[2026-08-12T04:49:42.625+0000] {logging_mixin.py:190} INFO - [2026-08-12T04:49:42.624+0000] {dag.py:4138} INFO - Setting next_dagrun for example_kubernetes_executor to None, run_after=None
[2026-08-12T04:49:42.646+0000] {processor.py:208} INFO - Processing /home/airflow/.local/lib/python3.12/site-packages/airflow/example_dags/example_kubernetes_executor.py took 0.101 seconds
[2026-08-12T04:50:13.258+0000] {processor.py:186} INFO - Started process (PID=2175) to work on /home/airflow/.local/lib/python3.12/site-packages/airflow/example_dags/example_kubernetes_executor.py
[2026-08-12T04:50:13.259+0000] {processor.py:914} INFO - Processing file /home/airflow/.local/lib/python3.12/site-packages/airflow/example_dags/example_kubernetes_executor.py for tasks to queue
[2026-08-12T04:50:13.262+0000] {logging_mixin.py:190} INFO - [2026-08-12T04:50:13.262+0000] {dagbag.py:587} INFO - Filling up the DagBag from /home/airflow/.local/lib/python3.12/site-packages/airflow/example_dags/example_kubernetes_executor.py
[2026-08-12T04:50:13.277+0000] {processor.py:925} INFO - DAG(s) 'example_kubernetes_executor' retrieved from /home/airflow/.local/lib/python3.12/site-packages/airflow/example_dags/example_kubernetes_executor.py
[2026-08-12T04:50:13.325+0000] {logging_mixin.py:190} INFO - [2026-08-12T04:50:13.325+0000] {dag.py:3211} INFO - Sync 1 DAGs
[2026-08-12T04:50:13.347+0000] {logging_mixin.py:190} INFO - [2026-08-12T04:50:13.346+0000] {dag.py:4138} INFO - Setting next_dagrun for example_kubernetes_executor to None, run_after=None
[2026-08-12T04:50:13.378+0000] {processor.py:208} INFO - Processing /home/airflow/.local/lib/python3.12/site-packages/airflow/example_dags/example_kubernetes_executor.py took 0.126 seconds
[2026-08-12T04:50:43.529+0000] {processor.py:186} INFO - Started process (PID=2236) to work on /home/airflow/.local/lib/python3.12/site-packages/airflow/example_dags/example_kubernetes_executor.py
[2026-08-12T04:50:43.530+0000] {processor.py:914} INFO - Processing file /home/airflow/.local/lib/python3.12/site-packages/airflow/example_dags/example_kubernetes_executor.py for tasks to queue
[2026-08-12T04:50:43.534+0000] {logging_mixin.py:190} INFO - [2026-08-12T04:50:43.534+0000] {dagbag.py:587} INFO - Filling up the DagBag from /home/airflow/.local/lib/python3.12/site-packages/airflow/example_dags/example_kubernetes_executor.py
[2026-08-12T04:50:43.553+0000] {processor.py:925} INFO - DAG(s) 'example_kubernetes_executor' retrieved from /home/airflow/.local/lib/python3.12/site-packages/airflow/example_dags/example_kubernetes_executor.py
[2026-08-12T04:50:43.596+0000] {logging_mixin.py:190} INFO - [2026-08-12T04:50:43.595+0000] {dag.py:3211} INFO - Sync 1 DAGs
[2026-08-12T04:50:43.612+0000] {logging_mixin.py:190} INFO - [2026-08-12T04:50:43.612+0000] {dag.py:4138} INFO - Setting next_dagrun for example_kubernetes_executor to None, run_after=None
[2026-08-12T04:50:43.636+0000] {processor.py:208} INFO - Processing /home/airflow/.local/lib/python3.12/site-packages/airflow/example_dags/example_kubernetes_executor.py took 0.115 seconds
[2026-08-12T04:51:14.524+0000] {processor.py:186} INFO - Started process (PID=2299) to work on /home/airflow/.local/lib/python3.12/site-packages/airflow/example_dags/example_kubernetes_executor.py
[2026-08-12T04:51:14.525+0000] {processor.py:914} INFO - Processing file /home/airflow/.local/lib/python3.12/site-packages/airflow/example_dags/example_kubernetes_executor.py for tasks to queue
[2026-08-12T04:51:14.528+0000] {logging_mixin.py:190} INFO - [2026-08-12T04:51:14.528+0000] {dagbag.py:587} INFO - Filling up the DagBag from /home/airflow/.local/lib/python3.12/site-packages/airflow/example_dags/example_kubernetes_executor.py
[2026-08-12T04:51:14.542+0000] {processor.py:925} INFO - DAG(s) 'example_kubernetes_executor' retrieved from /home/airflow/.local/lib/python3.12/site-packages/airflow/example_dags/example_kubernetes_executor.py
[2026-08-12T04:51:14.596+0000] {logging_mixin.py:190} INFO - [2026-08-12T04:51:14.595+0000] {dag.py:3211} INFO - Sync 1 DAGs
[2026-08-12T04:51:14.616+0000] {logging_mixin.py:190} INFO - [2026-08-12T04:51:14.615+0000] {dag.py:4138} INFO - Setting next_dagrun for example_kubernetes_executor to None, run_after=None
[2026-08-12T04:51:14.637+0000] {processor.py:208} INFO - Processing /home/airflow/.local/lib/python3.12/site-packages/airflow/example_dags/example_kubernetes_executor.py took 0.119 seconds
[2026-08-12T04:51:45.648+0000] {processor.py:186} INFO - Started process (PID=2361) to work on /home/airflow/.local/lib/python3.12/site-packages/airflow/example_dags/example_kubernetes_executor.py
[2026-08-12T04:51:45.649+0000] {processor.py:914} INFO - Processing file /home/airflow/.local/lib/python3.12/site-packages/airflow/example_dags/example_kubernetes_executor.py for tasks to queue
[2026-08-12T04:51:45.653+0000] {logging_mixin.py:190} INFO - [2026-08-12T04:51:45.652+0000] {dagbag.py:587} INFO - Filling up the DagBag from /home/airflow/.local/lib/python3.12/site-packages/airflow/example_dags/example_kubernetes_executor.py
[2026-08-12T04:51:45.665+0000] {processor.py:925} INFO - DAG(s) 'example_kubernetes_executor' retrieved from /home/airflow/.local/lib/python3.12/site-packages/airflow/example_dags/example_kubernetes_executor.py
[2026-08-12T04:51:45.702+0000] {logging_mixin.py:190} INFO - [2026-08-12T04:51:45.702+0000] {dag.py:3211} INFO - Sync 1 DAGs
[2026-08-12T04:51:45.717+0000] {logging_mixin.py:190} INFO - [2026-08-12T04:51:45.716+0000] {dag.py:4138} INFO - Setting next_dagrun for example_kubernetes_executor to None, run_after=None
[2026-08-12T04:51:45.737+0000] {processor.py:208} INFO - Processing /home/airflow/.local/lib/python3.12/site-packages/airflow/example_dags/example_kubernetes_executor.py took 0.093 seconds
[2026-08-12T04:52:16.152+0000] {processor.py:186} INFO - Started process (PID=2423) to work on /home/airflow/.local/lib/python3.12/site-packages/airflow/example_dags/example_kubernetes_executor.py
[2026-08-12T04:52:16.153+0000] {processor.py:914} INFO - Processing file /home/airflow/.local/lib/python3.12/site-packages/airflow/example_dags/example_kubernetes_executor.py for tasks to queue
[2026-08-12T04:52:16.155+0000] {logging_mixin.py:190} INFO - [2026-08-12T04:52:16.155+0000] {dagbag.py:587} INFO - Filling up the DagBag from /home/airflow/.local/lib/python3.12/site-packages/airflow/example_dags/example_kubernetes_executor.py
[2026-08-12T04:52:16.167+0000] {processor.py:925} INFO - DAG(s) 'example_kubernetes_executor' retrieved from /home/airflow/.local/lib/python3.12/site-packages/airflow/example_dags/example_kubernetes_executor.py
[2026-08-12T04:52:16.202+0000] {logging_mixin.py:190} INFO - [2026-08-12T04:52:16.202+0000] {dag.py:3211} INFO - Sync 1 DAGs
[2026-08-12T04:52:16.216+0000] {logging_mixin.py:190} INFO - [2026-08-12T04:52:16.215+0000] {dag.py:4138} INFO - Setting next_dagrun for example_kubernetes_executor to None, run_after=None
[2026-08-12T04:52:16.255+0000] {processor.py:208} INFO - Processing /home/airflow/.local/lib/python3.12/site-packages/airflow/example_dags/example_kubernetes_executor.py took 0.109 seconds
[2026-08-12T04:52:46.303+0000] {processor.py:186} INFO - Started process (PID=2484) to work on /home/airflow/.local/lib/python3.12/site-packages/airflow/example_dags/example_kubernetes_executor.py
[2026-08-12T04:52:46.305+0000] {processor.py:914} INFO - Processing file /home/airflow/.local/lib/python3.12/site-packages/airflow/example_dags/example_kubernetes_executor.py for tasks to queue
[2026-08-12T04:52:46.308+0000] {logging_mixin.py:190} INFO - [2026-08-12T04:52:46.307+0000] {dagbag.py:587} INFO - Filling up the DagBag from /home/airflow/.local/lib/python3.12/site-packages/airflow/example_dags/example_kubernetes_executor.py
[2026-08-12T04:52:46.320+0000] {processor.py:925} INFO - DAG(s) 'example_kubernetes_executor' retrieved from /home/airflow/.local/lib/python3.12/site-packages/airflow/example_dags/example_kubernetes_executor.py
[2026-08-12T04:52:46.355+0000] {logging_mixin.py:190} INFO - [2026-08-12T04:52:46.354+0000] {dag.py:3211} INFO - Sync 1 DAGs
[2026-08-12T04:52:46.368+0000] {logging_mixin.py:190} INFO - [2026-08-12T04:52:46.368+0000] {dag.py:4138} INFO - Setting next_dagrun for example_kubernetes_executor to None, run_after=None
[2026-08-12T04:52:46.400+0000] {processor.py:208} INFO - Processing /home/airflow/.local/lib/python3.12/site-packages/airflow/example_dags/example_kubernetes_executor.py took 0.103 seconds
[2026-08-12T04:53:16.463+0000] {processor.py:186} INFO - Started process (PID=2547) to work on /home/airflow/.local/lib/python3.12/site-packages/airflow/example_dags/example_kubernetes_executor.py
[2026-08-12T04:53:16.464+0000] {processor.py:914} INFO - Processing file /home/airflow/.local/lib/python3.12/site-packages/airflow/example_dags/example_kubernetes_executor.py for tasks to queue
[2026-08-12T04:53:16.467+0000] {logging_mixin.py:190} INFO - [2026-08-12T04:53:16.466+0000] {dagbag.py:587} INFO - Filling up the DagBag from /home/airflow/.local/lib/python3.12/site-packages/airflow/example_dags/example_kubernetes_executor.py
[2026-08-12T04:53:16.478+0000] {processor.py:925} INFO - DAG(s) 'example_kubernetes_executor' retrieved from /home/airflow/.local/lib/python3.12/site-packages/airflow/example_dags/example_kubernetes_executor.py
[2026-08-12T04:53:16.517+0000] {logging_mixin.py:190} INFO - [2026-08-12T04:53:16.516+0000] {dag.py:3211} INFO - Sync 1 DAGs
[2026-08-12T04:53:16.531+0000] {logging_mixin.py:190} INFO - [2026-08-12T04:53:16.531+0000] {dag.py:4138} INFO - Setting next_dagrun for example_kubernetes_executor to None, run_after=None
[2026-08-12T04:53:16.567+0000] {processor.py:208} INFO - Processing /home/airflow/.local/lib/python3.12/site-packages/airflow/example_dags/example_kubernetes_executor.py took 0.109 seconds
[2026-08-12T04:53:46.689+0000] {processor.py:186} INFO - Started process (PID=2610) to work on /home/airflow/.local/lib/python3.12/site-packages/airflow/example_dags/example_kubernetes_executor.py
[2026-08-12T04:53:46.690+0000] {processor.py:914} INFO - Processing file /home/airflow/.local/lib/python3.12/site-packages/airflow/example_dags/example_kubernetes_executor.py for tasks to queue
[2026-08-12T04:53:46.693+0000] {logging_mixin.py:190} INFO - [2026-08-12T04:53:46.693+0000] {dagbag.py:587} INFO - Filling up the DagBag from /home/airflow/.local/lib/python3.12/site-packages/airflow/example_dags/example_kubernetes_executor.py
[2026-08-12T04:53:46.706+0000] {processor.py:925} INFO - DAG(s) 'example_kubernetes_executor' retrieved from /home/airflow/.local/lib/python3.12/site-packages/airflow/example_dags/example_kubernetes_executor.py
[2026-08-12T04:53:46.742+0000] {logging_mixin.py:190} INFO - [2026-08-12T04:53:46.742+0000] {dag.py:3211} INFO - Sync 1 DAGs
[2026-08-12T04:53:46.757+0000] {logging_mixin.py:190} INFO - [2026-08-12T04:53:46.756+0000] {dag.py:4138} INFO - Setting next_dagrun for example_kubernetes_executor to None, run_after=None
[2026-08-12T04:53:46.776+0000] {processor.py:208} INFO - Processing /home/airflow/.local/lib/python3.12/site-packages/airflow/example_dags/example_kubernetes_executor.py took 0.093 seconds
[2026-08-12T04:54:17.059+0000] {processor.py:186} INFO - Started process (PID=2673) to work on /home/airflow/.local/lib/python3.12/site-packages/airflow/example_dags/example_kubernetes_executor.py
[2026-08-12T04:54:17.061+0000] {processor.py:914} INFO - Processing file /home/airflow/.local/lib/python3.12/site-packages/airflow/example_dags/example_kubernetes_executor.py for tasks to queue
[2026-08-12T04:54:17.064+0000] {logging_mixin.py:190} INFO - [2026-08-12T04:54:17.064+0000] {dagbag.py:587} INFO - Filling up the DagBag from /home/airflow/.local/lib/python3.12/site-packages/airflow/example_dags/example_kubernetes_executor.py
[2026-08-12T04:54:17.078+0000] {processor.py:925} INFO - DAG(s) 'example_kubernetes_executor' retrieved from /home/airflow/.local/lib/python3.12/site-packages/airflow/example_dags/example_kubernetes_executor.py
[2026-08-12T04:54:17.112+0000] {logging_mixin.py:190} INFO - [2026-08-12T04:54:17.112+0000] {dag.py:3211} INFO - Sync 1 DAGs
[2026-08-12T04:54:17.127+0000] {logging_mixin.py:190} INFO - [2026-08-12T04:54:17.127+0000] {dag.py:4138} INFO - Setting next_dagrun for example_kubernetes_executor to None, run_after=None
[2026-08-12T04:54:17.146+0000] {processor.py:208} INFO - Processing /home/airflow/.local/lib/python3.12/site-packages/airflow/example_dags/example_kubernetes_executor.py took 0.093 seconds
[2026-08-12T04:54:47.640+0000] {processor.py:186} INFO - Started process (PID=2736) to work on /home/airflow/.local/lib/python3.12/site-packages/airflow/example_dags/example_kubernetes_executor.py
[2026-08-12T04:54:47.641+0000] {processor.py:914} INFO - Processing file /home/airflow/.local/lib/python3.12/site-packages/airflow/example_dags/example_kubernetes_executor.py for tasks to queue
[2026-08-12T04:54:47.644+0000] {logging_mixin.py:190} INFO - [2026-08-12T04:54:47.644+0000] {dagbag.py:587} INFO - Filling up the DagBag from /home/airflow/.local/lib/python3.12/site-packages/airflow/example_dags/example_kubernetes_executor.py
[2026-08-12T04:54:47.658+0000] {processor.py:925} INFO - DAG(s) 'example_kubernetes_executor' retrieved from /home/airflow/.local/lib/python3.12/site-packages/airflow/example_dags/example_kubernetes_executor.py
[2026-08-12T04:54:47.691+0000] {logging_mixin.py:190} INFO - [2026-08-12T04:54:47.690+0000] {dag.py:3211} INFO - Sync 1 DAGs
[2026-08-12T04:54:47.703+0000] {logging_mixin.py:190} INFO - [2026-08-12T04:54:47.702+0000] {dag.py:4138} INFO - Setting next_dagrun for example_kubernetes_executor to None, run_after=None
[2026-08-12T04:54:47.734+0000] {processor.py:208} INFO - Processing /home/airflow/.local/lib/python3.12/site-packages/airflow/example_dags/example_kubernetes_executor.py took 0.100 seconds
[2026-08-12T04:55:18.414+0000] {processor.py:186} INFO - Started process (PID=2799) to work on /home/airflow/.local/lib/python3.12/site-packages/airflow/example_dags/example_kubernetes_executor.py
[2026-08-12T04:55:18.416+0000] {processor.py:914} INFO - Processing file /home/airflow/.local/lib/python3.12/site-packages/airflow/example_dags/example_kubernetes_executor.py for tasks to queue
[2026-08-12T04:55:18.419+0000] {logging_mixin.py:190} INFO - [2026-08-12T04:55:18.418+0000] {dagbag.py:587} INFO - Filling up the DagBag from /home/airflow/.local/lib/python3.12/site-packages/airflow/example_dags/example_kubernetes_executor.py
[2026-08-12T04:55:18.431+0000] {processor.py:925} INFO - DAG(s) 'example_kubernetes_executor' retrieved from /home/airflow/.local/lib/python3.12/site-packages/airflow/example_dags/example_kubernetes_executor.py
[2026-08-12T04:55:18.464+0000] {logging_mixin.py:190} INFO - [2026-08-12T04:55:18.464+0000] {dag.py:3211} INFO - Sync 1 DAGs
[2026-08-12T04:55:18.479+0000] {logging_mixin.py:190} INFO - [2026-08-12T04:55:18.478+0000] {dag.py:4138} INFO - Setting next_dagrun for example_kubernetes_executor to None, run_after=None
[2026-08-12T04:55:18.497+0000] {processor.py:208} INFO - Processing /home/airflow/.local/lib/python3.12/site-packages/airflow/example_dags/example_kubernetes_executor.py took 0.089 seconds
[2026-08-12T04:55:49.194+0000] {processor.py:186} INFO - Started process (PID=2862) to work on /home/airflow/.local/lib/python3.12/site-packages/airflow/example_dags/example_kubernetes_executor.py
[2026-08-12T04:55:49.195+0000] {processor.py:914} INFO - Processing file /home/airflow/.local/lib/python3.12/site-packages/airflow/example_dags/example_kubernetes_executor.py for tasks to queue
[2026-08-12T04:55:49.198+0000] {logging_mixin.py:190} INFO - [2026-08-12T04:55:49.198+0000] {dagbag.py:587} INFO - Filling up the DagBag from /home/airflow/.local/lib/python3.12/site-packages/airflow/example_dags/example_kubernetes_executor.py
[2026-08-12T04:55:49.210+0000] {processor.py:925} INFO - DAG(s) 'example_kubernetes_executor' retrieved from /home/airflow/.local/lib/python3.12/site-packages/airflow/example_dags/example_kubernetes_executor.py
[2026-08-12T04:55:49.246+0000] {logging_mixin.py:190} INFO - [2026-08-12T04:55:49.245+0000] {dag.py:3211} INFO - Sync 1 DAGs
[2026-08-12T04:55:49.260+0000] {logging_mixin.py:190} INFO - [2026-08-12T04:55:49.260+0000] {dag.py:4138} INFO - Setting next_dagrun for example_kubernetes_executor to None, run_after=None
[2026-08-12T04:55:49.295+0000] {processor.py:208} INFO - Processing /home/airflow/.local/lib/python3.12/site-packages/airflow/example_dags/example_kubernetes_executor.py took 0.106 seconds
[2026-08-12T04:56:19.871+0000] {processor.py:186} INFO - Started process (PID=2925) to work on /home/airflow/.local/lib/python3.12/site-packages/airflow/example_dags/example_kubernetes_executor.py
[2026-08-12T04:56:19.873+0000] {processor.py:914} INFO - Processing file /home/airflow/.local/lib/python3.12/site-packages/airflow/example_dags/example_kubernetes_executor.py for tasks to queue
[2026-08-12T04:56:19.876+0000] {logging_mixin.py:190} INFO - [2026-08-12T04:56:19.876+0000] {dagbag.py:587} INFO - Filling up the DagBag from /home/airflow/.local/lib/python3.12/site-packages/airflow/example_dags/example_kubernetes_executor.py
[2026-08-12T04:56:19.890+0000] {processor.py:925} INFO - DAG(s) 'example_kubernetes_executor' retrieved from /home/airflow/.local/lib/python3.12/site-packages/airflow/example_dags/example_kubernetes_executor.py
[2026-08-12T04:56:19.923+0000] {logging_mixin.py:190} INFO - [2026-08-12T04:56:19.923+0000] {dag.py:3211} INFO - Sync 1 DAGs
[2026-08-12T04:56:19.936+0000] {logging_mixin.py:190} INFO - [2026-08-12T04:56:19.936+0000] {dag.py:4138} INFO - Setting next_dagrun for example_kubernetes_executor to None, run_after=None
[2026-08-12T04:56:19.956+0000] {processor.py:208} INFO - Processing /home/airflow/.local/lib/python3.12/site-packages/airflow/example_dags/example_kubernetes_executor.py took 0.091 seconds
[2026-08-12T04:56:50.623+0000] {processor.py:186} INFO - Started process (PID=2988) to work on /home/airflow/.local/lib/python3.12/site-packages/airflow/example_dags/example_kubernetes_executor.py
[2026-08-12T04:56:50.625+0000] {processor.py:914} INFO - Processing file /home/airflow/.local/lib/python3.12/site-packages/airflow/example_dags/example_kubernetes_executor.py for tasks to queue
[2026-08-12T04:56:50.629+0000] {logging_mixin.py:190} INFO - [2026-08-12T04:56:50.629+0000] {dagbag.py:587} INFO - Filling up the DagBag from /home/airflow/.local/lib/python3.12/site-packages/airflow/example_dags/example_kubernetes_executor.py
[2026-08-12T04:56:50.649+0000] {processor.py:925} INFO - DAG(s) 'example_kubernetes_executor' retrieved from /home/airflow/.local/lib/python3.12/site-packages/airflow/example_dags/example_kubernetes_executor.py
[2026-08-12T04:56:50.700+0000] {logging_mixin.py:190} INFO - [2026-08-12T04:56:50.700+0000] {dag.py:3211} INFO - Sync 1 DAGs
[2026-08-12T04:56:50.733+0000] {logging_mixin.py:190} INFO - [2026-08-12T04:56:50.732+0000] {dag.py:4138} INFO - Setting next_dagrun for example_kubernetes_executor to None, run_after=None
[2026-08-12T04:56:50.779+0000] {processor.py:208} INFO - Processing /home/airflow/.local/lib/python3.12/site-packages/airflow/example_dags/example_kubernetes_executor.py took 0.163 seconds
[2026-08-12T04:57:21.381+0000] {processor.py:186} INFO - Started process (PID=3051) to work on /home/airflow/.local/lib/python3.12/site-packages/airflow/example_dags/example_kubernetes_executor.py
[2026-08-12T04:57:21.382+0000] {processor.py:914} INFO - Processing file /home/airflow/.local/lib/python3.12/site-packages/airflow/example_dags/example_kubernetes_executor.py for tasks to queue
[2026-08-12T04:57:21.385+0000] {logging_mixin.py:190} INFO - [2026-08-12T04:57:21.384+0000] {dagbag.py:587} INFO - Filling up the DagBag from /home/airflow/.local/lib/python3.12/site-packages/airflow/example_dags/example_kubernetes_executor.py
[2026-08-12T04:57:21.398+0000] {processor.py:925} INFO - DAG(s) 'example_kubernetes_executor' retrieved from /home/airflow/.local/lib/python3.12/site-packages/airflow/example_dags/example_kubernetes_executor.py
[2026-08-12T04:57:21.430+0000] {logging_mixin.py:190} INFO - [2026-08-12T04:57:21.430+0000] {dag.py:3211} INFO - Sync 1 DAGs
[2026-08-12T04:57:21.443+0000] {logging_mixin.py:190} INFO - [2026-08-12T04:57:21.443+0000] {dag.py:4138} INFO - Setting next_dagrun for example_kubernetes_executor to None, run_after=None
[2026-08-12T04:57:21.472+0000] {processor.py:208} INFO - Processing /home/airflow/.local/lib/python3.12/site-packages/airflow/example_dags/example_kubernetes_executor.py took 0.097 seconds
[2026-08-12T04:57:52.314+0000] {processor.py:186} INFO - Started process (PID=3114) to work on /home/airflow/.local/lib/python3.12/site-packages/airflow/example_dags/example_kubernetes_executor.py
[2026-08-12T04:57:52.316+0000] {processor.py:914} INFO - Processing file /home/airflow/.local/lib/python3.12/site-packages/airflow/example_dags/example_kubernetes_executor.py for tasks to queue
[2026-08-12T04:57:52.319+0000] {logging_mixin.py:190} INFO - [2026-08-12T04:57:52.319+0000] {dagbag.py:587} INFO - Filling up the DagBag from /home/airflow/.local/lib/python3.12/site-packages/airflow/example_dags/example_kubernetes_executor.py
[2026-08-12T04:57:52.333+0000] {processor.py:925} INFO - DAG(s) 'example_kubernetes_executor' retrieved from /home/airflow/.local/lib/python3.12/site-packages/airflow/example_dags/example_kubernetes_executor.py
[2026-08-12T04:57:52.369+0000] {logging_mixin.py:190} INFO - [2026-08-12T04:57:52.369+0000] {dag.py:3211} INFO - Sync 1 DAGs
[2026-08-12T04:57:52.384+0000] {logging_mixin.py:190} INFO - [2026-08-12T04:57:52.384+0000] {dag.py:4138} INFO - Setting next_dagrun for example_kubernetes_executor to None, run_after=None
[2026-08-12T04:57:52.419+0000] {processor.py:208} INFO - Processing /home/airflow/.local/lib/python3.12/site-packages/airflow/example_dags/example_kubernetes_executor.py took 0.111 seconds
[2026-08-12T04:58:22.731+0000] {processor.py:186} INFO - Started process (PID=3177) to work on /home/airflow/.local/lib/python3.12/site-packages/airflow/example_dags/example_kubernetes_executor.py
[2026-08-12T04:58:22.732+0000] {processor.py:914} INFO - Processing file /home/airflow/.local/lib/python3.12/site-packages/airflow/example_dags/example_kubernetes_executor.py for tasks to queue
[2026-08-12T04:58:22.736+0000] {logging_mixin.py:190} INFO - [2026-08-12T04:58:22.736+0000] {dagbag.py:587} INFO - Filling up the DagBag from /home/airflow/.local/lib/python3.12/site-packages/airflow/example_dags/example_kubernetes_executor.py
[2026-08-12T04:58:22.748+0000] {processor.py:925} INFO - DAG(s) 'example_kubernetes_executor' retrieved from /home/airflow/.local/lib/python3.12/site-packages/airflow/example_dags/example_kubernetes_executor.py
[2026-08-12T04:58:22.783+0000] {logging_mixin.py:190} INFO - [2026-08-12T04:58:22.783+0000] {dag.py:3211} INFO - Sync 1 DAGs
[2026-08-12T04:58:22.796+0000] {logging_mixin.py:190} INFO - [2026-08-12T04:58:22.796+0000] {dag.py:4138} INFO - Setting next_dagrun for example_kubernetes_executor to None, run_after=None
[2026-08-12T04:58:22.825+0000] {processor.py:208} INFO - Processing /home/airflow/.local/lib/python3.12/site-packages/airflow/example_dags/example_kubernetes_executor.py took 0.101 seconds
[2026-08-12T04:58:53.188+0000] {processor.py:186} INFO - Started process (PID=3240) to work on /home/airflow/.local/lib/python3.12/site-packages/airflow/example_dags/example_kubernetes_executor.py
[2026-08-12T04:58:53.190+0000] {processor.py:914} INFO - Processing file /home/airflow/.local/lib/python3.12/site-packages/airflow/example_dags/example_kubernetes_executor.py for tasks to queue
[2026-08-12T04:58:53.193+0000] {logging_mixin.py:190} INFO - [2026-08-12T04:58:53.192+0000] {dagbag.py:587} INFO - Filling up the DagBag from /home/airflow/.local/lib/python3.12/site-packages/airflow/example_dags/example_kubernetes_executor.py
[2026-08-12T04:58:53.204+0000] {processor.py:925} INFO - DAG(s) 'example_kubernetes_executor' retrieved from /home/airflow/.local/lib/python3.12/site-packages/airflow/example_dags/example_kubernetes_executor.py
[2026-08-12T04:58:53.239+0000] {logging_mixin.py:190} INFO - [2026-08-12T04:58:53.238+0000] {dag.py:3211} INFO - Sync 1 DAGs
[2026-08-12T04:58:53.255+0000] {logging_mixin.py:190} INFO - [2026-08-12T04:58:53.255+0000] {dag.py:4138} INFO - Setting next_dagrun for example_kubernetes_executor to None, run_after=None
[2026-08-12T04:58:53.288+0000] {processor.py:208} INFO - Processing /home/airflow/.local/lib/python3.12/site-packages/airflow/example_dags/example_kubernetes_executor.py took 0.105 seconds
[2026-08-12T04:59:23.940+0000] {processor.py:186} INFO - Started process (PID=3303) to work on /home/airflow/.local/lib/python3.12/site-packages/airflow/example_dags/example_kubernetes_executor.py
[2026-08-12T04:59:23.941+0000] {processor.py:914} INFO - Processing file /home/airflow/.local/lib/python3.12/site-packages/airflow/example_dags/example_kubernetes_executor.py for tasks to queue
[2026-08-12T04:59:23.944+0000] {logging_mixin.py:190} INFO - [2026-08-12T04:59:23.944+0000] {dagbag.py:587} INFO - Filling up the DagBag from /home/airflow/.local/lib/python3.12/site-packages/airflow/example_dags/example_kubernetes_executor.py
[2026-08-12T04:59:23.956+0000] {processor.py:925} INFO - DAG(s) 'example_kubernetes_executor' retrieved from /home/airflow/.local/lib/python3.12/site-packages/airflow/example_dags/example_kubernetes_executor.py
[2026-08-12T04:59:24.151+0000] {logging_mixin.py:190} INFO - [2026-08-12T04:59:24.151+0000] {dag.py:3211} INFO - Sync 1 DAGs
[2026-08-12T04:59:24.163+0000] {logging_mixin.py:190} INFO - [2026-08-12T04:59:24.162+0000] {dag.py:4138} INFO - Setting next_dagrun for example_kubernetes_executor to None, run_after=None
[2026-08-12T04:59:24.200+0000] {processor.py:208} INFO - Processing /home/airflow/.local/lib/python3.12/site-packages/airflow/example_dags/example_kubernetes_executor.py took 0.265 seconds
[2026-08-12T04:59:54.587+0000] {processor.py:186} INFO - Started process (PID=3367) to work on /home/airflow/.local/lib/python3.12/site-packages/airflow/example_dags/example_kubernetes_executor.py
[2026-08-12T04:59:54.589+0000] {processor.py:914} INFO - Processing file /home/airflow/.local/lib/python3.12/site-packages/airflow/example_dags/example_kubernetes_executor.py for tasks to queue
[2026-08-12T04:59:54.592+0000] {logging_mixin.py:190} INFO - [2026-08-12T04:59:54.592+0000] {dagbag.py:587} INFO - Filling up the DagBag from /home/airflow/.local/lib/python3.12/site-packages/airflow/example_dags/example_kubernetes_executor.py
[2026-08-12T04:59:54.605+0000] {processor.py:925} INFO - DAG(s) 'example_kubernetes_executor' retrieved from /home/airflow/.local/lib/python3.12/site-packages/airflow/example_dags/example_kubernetes_executor.py
[2026-08-12T04:59:54.640+0000] {logging_mixin.py:190} INFO - [2026-08-12T04:59:54.640+0000] {dag.py:3211} INFO - Sync 1 DAGs
[2026-08-12T04:59:54.818+0000] {logging_mixin.py:190} INFO - [2026-08-12T04:59:54.818+0000] {dag.py:4138} INFO - Setting next_dagrun for example_kubernetes_executor to None, run_after=None
[2026-08-12T04:59:54.842+0000] {processor.py:208} INFO - Processing /home/airflow/.local/lib/python3.12/site-packages/airflow/example_dags/example_kubernetes_executor.py took 0.260 seconds
[2026-08-12T05:00:25.311+0000] {processor.py:186} INFO - Started process (PID=3430) to work on /home/airflow/.local/lib/python3.12/site-packages/airflow/example_dags/example_kubernetes_executor.py
[2026-08-12T05:00:25.312+0000] {processor.py:914} INFO - Processing file /home/airflow/.local/lib/python3.12/site-packages/airflow/example_dags/example_kubernetes_executor.py for tasks to queue
[2026-08-12T05:00:25.316+0000] {logging_mixin.py:190} INFO - [2026-08-12T05:00:25.315+0000] {dagbag.py:587} INFO - Filling up the DagBag from /home/airflow/.local/lib/python3.12/site-packages/airflow/example_dags/example_kubernetes_executor.py
[2026-08-12T05:00:25.329+0000] {processor.py:925} INFO - DAG(s) 'example_kubernetes_executor' retrieved from /home/airflow/.local/lib/python3.12/site-packages/airflow/example_dags/example_kubernetes_executor.py
[2026-08-12T05:00:25.365+0000] {logging_mixin.py:190} INFO - [2026-08-12T05:00:25.364+0000] {dag.py:3211} INFO - Sync 1 DAGs
[2026-08-12T05:00:25.380+0000] {logging_mixin.py:190} INFO - [2026-08-12T05:00:25.379+0000] {dag.py:4138} INFO - Setting next_dagrun for example_kubernetes_executor to None, run_after=None
[2026-08-12T05:00:25.402+0000] {processor.py:208} INFO - Processing /home/airflow/.local/lib/python3.12/site-packages/airflow/example_dags/example_kubernetes_executor.py took 0.098 seconds
[2026-08-12T05:00:56.086+0000] {processor.py:186} INFO - Started process (PID=3493) to work on /home/airflow/.local/lib/python3.12/site-packages/airflow/example_dags/example_kubernetes_executor.py
[2026-08-12T05:00:56.088+0000] {processor.py:914} INFO - Processing file /home/airflow/.local/lib/python3.12/site-packages/airflow/example_dags/example_kubernetes_executor.py for tasks to queue
[2026-08-12T05:00:56.091+0000] {logging_mixin.py:190} INFO - [2026-08-12T05:00:56.091+0000] {dagbag.py:587} INFO - Filling up the DagBag from /home/airflow/.local/lib/python3.12/site-packages/airflow/example_dags/example_kubernetes_executor.py
[2026-08-12T05:00:56.105+0000] {processor.py:925} INFO - DAG(s) 'example_kubernetes_executor' retrieved from /home/airflow/.local/lib/python3.12/site-packages/airflow/example_dags/example_kubernetes_executor.py
[2026-08-12T05:00:56.309+0000] {logging_mixin.py:190} INFO - [2026-08-12T05:00:56.309+0000] {dag.py:3211} INFO - Sync 1 DAGs
[2026-08-12T05:00:56.320+0000] {logging_mixin.py:190} INFO - [2026-08-12T05:00:56.320+0000] {dag.py:4138} INFO - Setting next_dagrun for example_kubernetes_executor to None, run_after=None
[2026-08-12T05:00:56.341+0000] {processor.py:208} INFO - Processing /home/airflow/.local/lib/python3.12/site-packages/airflow/example_dags/example_kubernetes_executor.py took 0.261 seconds
[2026-08-12T05:01:26.467+0000] {processor.py:186} INFO - Started process (PID=3556) to work on /home/airflow/.local/lib/python3.12/site-packages/airflow/example_dags/example_kubernetes_executor.py
[2026-08-12T05:01:26.468+0000] {processor.py:914} INFO - Processing file /home/airflow/.local/lib/python3.12/site-packages/airflow/example_dags/example_kubernetes_executor.py for tasks to queue
[2026-08-12T05:01:26.471+0000] {logging_mixin.py:190} INFO - [2026-08-12T05:01:26.471+0000] {dagbag.py:587} INFO - Filling up the DagBag from /home/airflow/.local/lib/python3.12/site-packages/airflow/example_dags/example_kubernetes_executor.py
[2026-08-12T05:01:26.483+0000] {processor.py:925} INFO - DAG(s) 'example_kubernetes_executor' retrieved from /home/airflow/.local/lib/python3.12/site-packages/airflow/example_dags/example_kubernetes_executor.py
[2026-08-12T05:01:26.517+0000] {logging_mixin.py:190} INFO - [2026-08-12T05:01:26.517+0000] {dag.py:3211} INFO - Sync 1 DAGs
[2026-08-12T05:01:26.530+0000] {logging_mixin.py:190} INFO - [2026-08-12T05:01:26.529+0000] {dag.py:4138} INFO - Setting next_dagrun for example_kubernetes_executor to None, run_after=None
[2026-08-12T05:01:26.547+0000] {processor.py:208} INFO - Processing /home/airflow/.local/lib/python3.12/site-packages/airflow/example_dags/example_kubernetes_executor.py took 0.086 seconds
[2026-08-12T05:01:56.830+0000] {processor.py:186} INFO - Started process (PID=3619) to work on /home/airflow/.local/lib/python3.12/site-packages/airflow/example_dags/example_kubernetes_executor.py
[2026-08-12T05:01:56.831+0000] {processor.py:914} INFO - Processing file /home/airflow/.local/lib/python3.12/site-packages/airflow/example_dags/example_kubernetes_executor.py for tasks to queue
[2026-08-12T05:01:56.835+0000] {logging_mixin.py:190} INFO - [2026-08-12T05:01:56.834+0000] {dagbag.py:587} INFO - Filling up the DagBag from /home/airflow/.local/lib/python3.12/site-packages/airflow/example_dags/example_kubernetes_executor.py
[2026-08-12T05:01:56.848+0000] {processor.py:925} INFO - DAG(s) 'example_kubernetes_executor' retrieved from /home/airflow/.local/lib/python3.12/site-packages/airflow/example_dags/example_kubernetes_executor.py
[2026-08-12T05:01:56.884+0000] {logging_mixin.py:190} INFO - [2026-08-12T05:01:56.883+0000] {dag.py:3211} INFO - Sync 1 DAGs
[2026-08-12T05:01:56.897+0000] {logging_mixin.py:190} INFO - [2026-08-12T05:01:56.896+0000] {dag.py:4138} INFO - Setting next_dagrun for example_kubernetes_executor to None, run_after=None
[2026-08-12T05:01:56.930+0000] {processor.py:208} INFO - Processing /home/airflow/.local/lib/python3.12/site-packages/airflow/example_dags/example_kubernetes_executor.py took 0.107 seconds
[2026-08-12T05:02:27.110+0000] {processor.py:186} INFO - Started process (PID=3683) to work on /home/airflow/.local/lib/python3.12/site-packages/airflow/example_dags/example_kubernetes_executor.py
[2026-08-12T05:02:27.111+0000] {processor.py:914} INFO - Processing file /home/airflow/.local/lib/python3.12/site-packages/airflow/example_dags/example_kubernetes_executor.py for tasks to queue
[2026-08-12T05:02:27.114+0000] {logging_mixin.py:190} INFO - [2026-08-12T05:02:27.114+0000] {dagbag.py:587} INFO - Filling up the DagBag from /home/airflow/.local/lib/python3.12/site-packages/airflow/example_dags/example_kubernetes_executor.py
[2026-08-12T05:02:27.125+0000] {processor.py:925} INFO - DAG(s) 'example_kubernetes_executor' retrieved from /home/airflow/.local/lib/python3.12/site-packages/airflow/example_dags/example_kubernetes_executor.py
[2026-08-12T05:02:27.160+0000] {logging_mixin.py:190} INFO - [2026-08-12T05:02:27.160+0000] {dag.py:3211} INFO - Sync 1 DAGs
[2026-08-12T05:02:27.173+0000] {logging_mixin.py:190} INFO - [2026-08-12T05:02:27.173+0000] {dag.py:4138} INFO - Setting next_dagrun for example_kubernetes_executor to None, run_after=None
[2026-08-12T05:02:27.191+0000] {processor.py:208} INFO - Processing /home/airflow/.local/lib/python3.12/site-packages/airflow/example_dags/example_kubernetes_executor.py took 0.087 seconds
[2026-08-12T05:02:57.612+0000] {processor.py:186} INFO - Started process (PID=3746) to work on /home/airflow/.local/lib/python3.12/site-packages/airflow/example_dags/example_kubernetes_executor.py
[2026-08-12T05:02:57.613+0000] {processor.py:914} INFO - Processing file /home/airflow/.local/lib/python3.12/site-packages/airflow/example_dags/example_kubernetes_executor.py for tasks to queue
[2026-08-12T05:02:57.616+0000] {logging_mixin.py:190} INFO - [2026-08-12T05:02:57.616+0000] {dagbag.py:587} INFO - Filling up the DagBag from /home/airflow/.local/lib/python3.12/site-packages/airflow/example_dags/example_kubernetes_executor.py
[2026-08-12T05:02:57.629+0000] {processor.py:925} INFO - DAG(s) 'example_kubernetes_executor' retrieved from /home/airflow/.local/lib/python3.12/site-packages/airflow/example_dags/example_kubernetes_executor.py
[2026-08-12T05:02:57.662+0000] {logging_mixin.py:190} INFO - [2026-08-12T05:02:57.661+0000] {dag.py:3211} INFO - Sync 1 DAGs
[2026-08-12T05:02:57.674+0000] {logging_mixin.py:190} INFO - [2026-08-12T05:02:57.674+0000] {dag.py:4138} INFO - Setting next_dagrun for example_kubernetes_executor to None, run_after=None
[2026-08-12T05:02:57.706+0000] {processor.py:208} INFO - Processing /home/airflow/.local/lib/python3.12/site-packages/airflow/example_dags/example_kubernetes_executor.py took 0.100 seconds
[2026-08-12T05:03:27.872+0000] {processor.py:186} INFO - Started process (PID=3815) to work on /home/airflow/.local/lib/python3.12/site-packages/airflow/example_dags/example_kubernetes_executor.py
[2026-08-12T05:03:27.873+0000] {processor.py:914} INFO - Processing file /home/airflow/.local/lib/python3.12/site-packages/airflow/example_dags/example_kubernetes_executor.py for tasks to queue
[2026-08-12T05:03:27.876+0000] {logging_mixin.py:190} INFO - [2026-08-12T05:03:27.876+0000] {dagbag.py:587} INFO - Filling up the DagBag from /home/airflow/.local/lib/python3.12/site-packages/airflow/example_dags/example_kubernetes_executor.py
[2026-08-12T05:03:27.888+0000] {processor.py:925} INFO - DAG(s) 'example_kubernetes_executor' retrieved from /home/airflow/.local/lib/python3.12/site-packages/airflow/example_dags/example_kubernetes_executor.py
[2026-08-12T05:03:27.923+0000] {logging_mixin.py:190} INFO - [2026-08-12T05:03:27.922+0000] {dag.py:3211} INFO - Sync 1 DAGs
[2026-08-12T05:03:27.950+0000] {logging_mixin.py:190} INFO - [2026-08-12T05:03:27.950+0000] {dag.py:4138} INFO - Setting next_dagrun for example_kubernetes_executor to None, run_after=None
[2026-08-12T05:03:27.970+0000] {processor.py:208} INFO - Processing /home/airflow/.local/lib/python3.12/site-packages/airflow/example_dags/example_kubernetes_executor.py took 0.104 seconds
[2026-08-12T05:03:58.381+0000] {processor.py:186} INFO - Started process (PID=3878) to work on /home/airflow/.local/lib/python3.12/site-packages/airflow/example_dags/example_kubernetes_executor.py
[2026-08-12T05:03:58.383+0000] {processor.py:914} INFO - Processing file /home/airflow/.local/lib/python3.12/site-packages/airflow/example_dags/example_kubernetes_executor.py for tasks to queue
[2026-08-12T05:03:58.387+0000] {logging_mixin.py:190} INFO - [2026-08-12T05:03:58.387+0000] {dagbag.py:587} INFO - Filling up the DagBag from /home/airflow/.local/lib/python3.12/site-packages/airflow/example_dags/example_kubernetes_executor.py
[2026-08-12T05:03:58.406+0000] {processor.py:925} INFO - DAG(s) 'example_kubernetes_executor' retrieved from /home/airflow/.local/lib/python3.12/site-packages/airflow/example_dags/example_kubernetes_executor.py
[2026-08-12T05:03:58.462+0000] {logging_mixin.py:190} INFO - [2026-08-12T05:03:58.462+0000] {dag.py:3211} INFO - Sync 1 DAGs
[2026-08-12T05:03:58.487+0000] {logging_mixin.py:190} INFO - [2026-08-12T05:03:58.487+0000] {dag.py:4138} INFO - Setting next_dagrun for example_kubernetes_executor to None, run_after=None
[2026-08-12T05:03:58.529+0000] {processor.py:208} INFO - Processing /home/airflow/.local/lib/python3.12/site-packages/airflow/example_dags/example_kubernetes_executor.py took 0.153 seconds
[2026-08-12T05:04:28.795+0000] {processor.py:186} INFO - Started process (PID=3941) to work on /home/airflow/.local/lib/python3.12/site-packages/airflow/example_dags/example_kubernetes_executor.py
[2026-08-12T05:04:28.796+0000] {processor.py:914} INFO - Processing file /home/airflow/.local/lib/python3.12/site-packages/airflow/example_dags/example_kubernetes_executor.py for tasks to queue
[2026-08-12T05:04:28.799+0000] {logging_mixin.py:190} INFO - [2026-08-12T05:04:28.799+0000] {dagbag.py:587} INFO - Filling up the DagBag from /home/airflow/.local/lib/python3.12/site-packages/airflow/example_dags/example_kubernetes_executor.py
[2026-08-12T05:04:28.812+0000] {processor.py:925} INFO - DAG(s) 'example_kubernetes_executor' retrieved from /home/airflow/.local/lib/python3.12/site-packages/airflow/example_dags/example_kubernetes_executor.py
[2026-08-12T05:04:28.846+0000] {logging_mixin.py:190} INFO - [2026-08-12T05:04:28.845+0000] {dag.py:3211} INFO - Sync 1 DAGs
[2026-08-12T05:04:28.858+0000] {logging_mixin.py:190} INFO - [2026-08-12T05:04:28.858+0000] {dag.py:4138} INFO - Setting next_dagrun for example_kubernetes_executor to None, run_after=None
[2026-08-12T05:04:28.890+0000] {processor.py:208} INFO - Processing /home/airflow/.local/lib/python3.12/site-packages/airflow/example_dags/example_kubernetes_executor.py took 0.100 seconds
[2026-08-12T05:04:59.089+0000] {processor.py:186} INFO - Started process (PID=4004) to work on /home/airflow/.local/lib/python3.12/site-packages/airflow/example_dags/example_kubernetes_executor.py
[2026-08-12T05:04:59.091+0000] {processor.py:914} INFO - Processing file /home/airflow/.local/lib/python3.12/site-packages/airflow/example_dags/example_kubernetes_executor.py for tasks to queue
[2026-08-12T05:04:59.094+0000] {logging_mixin.py:190} INFO - [2026-08-12T05:04:59.094+0000] {dagbag.py:587} INFO - Filling up the DagBag from /home/airflow/.local/lib/python3.12/site-packages/airflow/example_dags/example_kubernetes_executor.py
[2026-08-12T05:04:59.107+0000] {processor.py:925} INFO - DAG(s) 'example_kubernetes_executor' retrieved from /home/airflow/.local/lib/python3.12/site-packages/airflow/example_dags/example_kubernetes_executor.py
[2026-08-12T05:04:59.141+0000] {logging_mixin.py:190} INFO - [2026-08-12T05:04:59.141+0000] {dag.py:3211} INFO - Sync 1 DAGs
[2026-08-12T05:04:59.156+0000] {logging_mixin.py:190} INFO - [2026-08-12T05:04:59.155+0000] {dag.py:4138} INFO - Setting next_dagrun for example_kubernetes_executor to None, run_after=None
[2026-08-12T05:04:59.175+0000] {processor.py:208} INFO - Processing /home/airflow/.local/lib/python3.12/site-packages/airflow/example_dags/example_kubernetes_executor.py took 0.092 seconds
[2026-08-12T05:05:29.308+0000] {processor.py:186} INFO - Started process (PID=4067) to work on /home/airflow/.local/lib/python3.12/site-packages/airflow/example_dags/example_kubernetes_executor.py
[2026-08-12T05:05:29.309+0000] {processor.py:914} INFO - Processing file /home/airflow/.local/lib/python3.12/site-packages/airflow/example_dags/example_kubernetes_executor.py for tasks to queue
[2026-08-12T05:05:29.312+0000] {logging_mixin.py:190} INFO - [2026-08-12T05:05:29.312+0000] {dagbag.py:587} INFO - Filling up the DagBag from /home/airflow/.local/lib/python3.12/site-packages/airflow/example_dags/example_kubernetes_executor.py
[2026-08-12T05:05:29.325+0000] {processor.py:925} INFO - DAG(s) 'example_kubernetes_executor' retrieved from /home/airflow/.local/lib/python3.12/site-packages/airflow/example_dags/example_kubernetes_executor.py
[2026-08-12T05:05:29.360+0000] {logging_mixin.py:190} INFO - [2026-08-12T05:05:29.360+0000] {dag.py:3211} INFO - Sync 1 DAGs
[2026-08-12T05:05:29.374+0000] {logging_mixin.py:190} INFO - [2026-08-12T05:05:29.374+0000] {dag.py:4138} INFO - Setting next_dagrun for example_kubernetes_executor to None, run_after=None
[2026-08-12T05:05:29.394+0000] {processor.py:208} INFO - Processing /home/airflow/.local/lib/python3.12/site-packages/airflow/example_dags/example_kubernetes_executor.py took 0.092 seconds
[2026-08-12T05:05:59.592+0000] {processor.py:186} INFO - Started process (PID=4130) to work on /home/airflow/.local/lib/python3.12/site-packages/airflow/example_dags/example_kubernetes_executor.py
[2026-08-12T05:05:59.594+0000] {processor.py:914} INFO - Processing file /home/airflow/.local/lib/python3.12/site-packages/airflow/example_dags/example_kubernetes_executor.py for tasks to queue
[2026-08-12T05:05:59.596+0000] {logging_mixin.py:190} INFO - [2026-08-12T05:05:59.596+0000] {dagbag.py:587} INFO - Filling up the DagBag from /home/airflow/.local/lib/python3.12/site-packages/airflow/example_dags/example_kubernetes_executor.py
[2026-08-12T05:05:59.612+0000] {processor.py:925} INFO - DAG(s) 'example_kubernetes_executor' retrieved from /home/airflow/.local/lib/python3.12/site-packages/airflow/example_dags/example_kubernetes_executor.py
[2026-08-12T05:05:59.647+0000] {logging_mixin.py:190} INFO - [2026-08-12T05:05:59.647+0000] {dag.py:3211} INFO - Sync 1 DAGs
[2026-08-12T05:05:59.660+0000] {logging_mixin.py:190} INFO - [2026-08-12T05:05:59.660+0000] {dag.py:4138} INFO - Setting next_dagrun for example_kubernetes_executor to None, run_after=None
[2026-08-12T05:05:59.681+0000] {processor.py:208} INFO - Processing /home/airflow/.local/lib/python3.12/site-packages/airflow/example_dags/example_kubernetes_executor.py took 0.094 seconds
[2026-08-12T05:06:30.000+0000] {processor.py:186} INFO - Started process (PID=4193) to work on /home/airflow/.local/lib/python3.12/site-packages/airflow/example_dags/example_kubernetes_executor.py
[2026-08-12T05:06:30.001+0000] {processor.py:914} INFO - Processing file /home/airflow/.local/lib/python3.12/site-packages/airflow/example_dags/example_kubernetes_executor.py for tasks to queue
[2026-08-12T05:06:30.005+0000] {logging_mixin.py:190} INFO - [2026-08-12T05:06:30.005+0000] {dagbag.py:587} INFO - Filling up the DagBag from /home/airflow/.local/lib/python3.12/site-packages/airflow/example_dags/example_kubernetes_executor.py
[2026-08-12T05:06:30.020+0000] {processor.py:925} INFO - DAG(s) 'example_kubernetes_executor' retrieved from /home/airflow/.local/lib/python3.12/site-packages/airflow/example_dags/example_kubernetes_executor.py
[2026-08-12T05:06:30.065+0000] {logging_mixin.py:190} INFO - [2026-08-12T05:06:30.064+0000] {dag.py:3211} INFO - Sync 1 DAGs
[2026-08-12T05:06:30.082+0000] {logging_mixin.py:190} INFO - [2026-08-12T05:06:30.081+0000] {dag.py:4138} INFO - Setting next_dagrun for example_kubernetes_executor to None, run_after=None
[2026-08-12T05:06:30.102+0000] {processor.py:208} INFO - Processing /home/airflow/.local/lib/python3.12/site-packages/airflow/example_dags/example_kubernetes_executor.py took 0.109 seconds
[2026-08-12T05:07:00.431+0000] {processor.py:186} INFO - Started process (PID=4256) to work on /home/airflow/.local/lib/python3.12/site-packages/airflow/example_dags/example_kubernetes_executor.py
[2026-08-12T05:07:00.433+0000] {processor.py:914} INFO - Processing file /home/airflow/.local/lib/python3.12/site-packages/airflow/example_dags/example_kubernetes_executor.py for tasks to queue
[2026-08-12T05:07:00.436+0000] {logging_mixin.py:190} INFO - [2026-08-12T05:07:00.435+0000] {dagbag.py:587} INFO - Filling up the DagBag from /home/airflow/.local/lib/python3.12/site-packages/airflow/example_dags/example_kubernetes_executor.py
[2026-08-12T05:07:00.451+0000] {processor.py:925} INFO - DAG(s) 'example_kubernetes_executor' retrieved from /home/airflow/.local/lib/python3.12/site-packages/airflow/example_dags/example_kubernetes_executor.py
[2026-08-12T05:07:00.491+0000] {logging_mixin.py:190} INFO - [2026-08-12T05:07:00.491+0000] {dag.py:3211} INFO - Sync 1 DAGs
[2026-08-12T05:07:00.518+0000] {logging_mixin.py:190} INFO - [2026-08-12T05:07:00.517+0000] {dag.py:4138} INFO - Setting next_dagrun for example_kubernetes_executor to None, run_after=None
[2026-08-12T05:07:00.554+0000] {processor.py:208} INFO - Processing /home/airflow/.local/lib/python3.12/site-packages/airflow/example_dags/example_kubernetes_executor.py took 0.130 seconds
[2026-08-12T05:07:31.322+0000] {processor.py:186} INFO - Started process (PID=4319) to work on /home/airflow/.local/lib/python3.12/site-packages/airflow/example_dags/example_kubernetes_executor.py
[2026-08-12T05:07:31.323+0000] {processor.py:914} INFO - Processing file /home/airflow/.local/lib/python3.12/site-packages/airflow/example_dags/example_kubernetes_executor.py for tasks to queue
[2026-08-12T05:07:31.327+0000] {logging_mixin.py:190} INFO - [2026-08-12T05:07:31.326+0000] {dagbag.py:587} INFO - Filling up the DagBag from /home/airflow/.local/lib/python3.12/site-packages/airflow/example_dags/example_kubernetes_executor.py
[2026-08-12T05:07:31.340+0000] {processor.py:925} INFO - DAG(s) 'example_kubernetes_executor' retrieved from /home/airflow/.local/lib/python3.12/site-packages/airflow/example_dags/example_kubernetes_executor.py
[2026-08-12T05:07:31.376+0000] {logging_mixin.py:190} INFO - [2026-08-12T05:07:31.375+0000] {dag.py:3211} INFO - Sync 1 DAGs
[2026-08-12T05:07:31.391+0000] {logging_mixin.py:190} INFO - [2026-08-12T05:07:31.390+0000] {dag.py:4138} INFO - Setting next_dagrun for example_kubernetes_executor to None, run_after=None
[2026-08-12T05:07:31.412+0000] {processor.py:208} INFO - Processing /home/airflow/.local/lib/python3.12/site-packages/airflow/example_dags/example_kubernetes_executor.py took 0.096 seconds
[2026-08-12T05:08:01.758+0000] {processor.py:186} INFO - Started process (PID=4382) to work on /home/airflow/.local/lib/python3.12/site-packages/airflow/example_dags/example_kubernetes_executor.py
[2026-08-12T05:08:01.761+0000] {processor.py:914} INFO - Processing file /home/airflow/.local/lib/python3.12/site-packages/airflow/example_dags/example_kubernetes_executor.py for tasks to queue
[2026-08-12T05:08:01.764+0000] {logging_mixin.py:190} INFO - [2026-08-12T05:08:01.764+0000] {dagbag.py:587} INFO - Filling up the DagBag from /home/airflow/.local/lib/python3.12/site-packages/airflow/example_dags/example_kubernetes_executor.py
[2026-08-12T05:08:01.778+0000] {processor.py:925} INFO - DAG(s) 'example_kubernetes_executor' retrieved from /home/airflow/.local/lib/python3.12/site-packages/airflow/example_dags/example_kubernetes_executor.py
[2026-08-12T05:08:01.829+0000] {logging_mixin.py:190} INFO - [2026-08-12T05:08:01.828+0000] {dag.py:3211} INFO - Sync 1 DAGs
[2026-08-12T05:08:01.845+0000] {logging_mixin.py:190} INFO - [2026-08-12T05:08:01.845+0000] {dag.py:4138} INFO - Setting next_dagrun for example_kubernetes_executor to None, run_after=None
[2026-08-12T05:08:01.900+0000] {processor.py:208} INFO - Processing /home/airflow/.local/lib/python3.12/site-packages/airflow/example_dags/example_kubernetes_executor.py took 0.147 seconds
[2026-08-12T05:08:32.505+0000] {processor.py:186} INFO - Started process (PID=4445) to work on /home/airflow/.local/lib/python3.12/site-packages/airflow/example_dags/example_kubernetes_executor.py
[2026-08-12T05:08:32.506+0000] {processor.py:914} INFO - Processing file /home/airflow/.local/lib/python3.12/site-packages/airflow/example_dags/example_kubernetes_executor.py for tasks to queue
[2026-08-12T05:08:32.509+0000] {logging_mixin.py:190} INFO - [2026-08-12T05:08:32.509+0000] {dagbag.py:587} INFO - Filling up the DagBag from /home/airflow/.local/lib/python3.12/site-packages/airflow/example_dags/example_kubernetes_executor.py
[2026-08-12T05:08:32.524+0000] {processor.py:925} INFO - DAG(s) 'example_kubernetes_executor' retrieved from /home/airflow/.local/lib/python3.12/site-packages/airflow/example_dags/example_kubernetes_executor.py
[2026-08-12T05:08:32.559+0000] {logging_mixin.py:190} INFO - [2026-08-12T05:08:32.559+0000] {dag.py:3211} INFO - Sync 1 DAGs
[2026-08-12T05:08:32.573+0000] {logging_mixin.py:190} INFO - [2026-08-12T05:08:32.573+0000] {dag.py:4138} INFO - Setting next_dagrun for example_kubernetes_executor to None, run_after=None
[2026-08-12T05:08:32.596+0000] {processor.py:208} INFO - Processing /home/airflow/.local/lib/python3.12/site-packages/airflow/example_dags/example_kubernetes_executor.py took 0.097 seconds
[2026-08-12T05:09:03.231+0000] {processor.py:186} INFO - Started process (PID=4508) to work on /home/airflow/.local/lib/python3.12/site-packages/airflow/example_dags/example_kubernetes_executor.py
[2026-08-12T05:09:03.233+0000] {processor.py:914} INFO - Processing file /home/airflow/.local/lib/python3.12/site-packages/airflow/example_dags/example_kubernetes_executor.py for tasks to queue
[2026-08-12T05:09:03.237+0000] {logging_mixin.py:190} INFO - [2026-08-12T05:09:03.236+0000] {dagbag.py:587} INFO - Filling up the DagBag from /home/airflow/.local/lib/python3.12/site-packages/airflow/example_dags/example_kubernetes_executor.py
[2026-08-12T05:09:03.254+0000] {processor.py:925} INFO - DAG(s) 'example_kubernetes_executor' retrieved from /home/airflow/.local/lib/python3.12/site-packages/airflow/example_dags/example_kubernetes_executor.py
[2026-08-12T05:09:03.291+0000] {logging_mixin.py:190} INFO - [2026-08-12T05:09:03.291+0000] {dag.py:3211} INFO - Sync 1 DAGs
[2026-08-12T05:09:03.306+0000] {logging_mixin.py:190} INFO - [2026-08-12T05:09:03.305+0000] {dag.py:4138} INFO - Setting next_dagrun for example_kubernetes_executor to None, run_after=None
[2026-08-12T05:09:03.339+0000] {processor.py:208} INFO - Processing /home/airflow/.local/lib/python3.12/site-packages/airflow/example_dags/example_kubernetes_executor.py took 0.115 seconds
