[2026-08-12T04:30:40.116+0000] {processor.py:186} INFO - Started process (PID=113) to work on /home/airflow/.local/lib/python3.12/site-packages/airflow/example_dags/example_datasets.py
[2026-08-12T04:30:40.118+0000] {processor.py:914} INFO - Processing file /home/airflow/.local/lib/python3.12/site-packages/airflow/example_dags/example_datasets.py for tasks to queue
[2026-08-12T04:30:40.122+0000] {logging_mixin.py:190} INFO - [2026-08-12T04:30:40.122+0000] {dagbag.py:587} INFO - Filling up the DagBag from /home/airflow/.local/lib/python3.12/site-packages/airflow/example_dags/example_datasets.py
[2026-08-12T04:30:40.311+0000] {processor.py:925} INFO - DAG(s) 'consume_1_or_both_2_and_3_with_dataset_expressions', 'consume_1_or_2_with_dataset_expressions', 'consume_1_and_2_with_dataset_expressions', 'conditional_dataset_and_time_based_timetable', 'dataset_produces_1', 'dataset_produces_2', 'dataset_consumes_unknown_never_scheduled', 'dataset_consumes_1_and_2', 'dataset_consumes_1_never_scheduled', 'dataset_consumes_1' retrieved from /home/airflow/.local/lib/python3.12/site-packages/airflow/example_dags/example_datasets.py
[2026-08-12T04:30:40.460+0000] {logging_mixin.py:190} INFO - [2026-08-12T04:30:40.459+0000] {override.py:1858} INFO - Created Permission View: can edit on DAG:consume_1_or_both_2_and_3_with_dataset_expressions
[2026-08-12T04:30:40.474+0000] {logging_mixin.py:190} INFO - [2026-08-12T04:30:40.474+0000] {override.py:1858} INFO - Created Permission View: can delete on DAG:consume_1_or_both_2_and_3_with_dataset_expressions
[2026-08-12T04:30:40.519+0000] {logging_mixin.py:190} INFO - [2026-08-12T04:30:40.518+0000] {override.py:1858} INFO - Created Permission View: can read on DAG:consume_1_or_both_2_and_3_with_dataset_expressions
[2026-08-12T04:30:40.570+0000] {logging_mixin.py:190} INFO - [2026-08-12T04:30:40.570+0000] {override.py:1858} INFO - Created Permission View: can edit on DAG:consume_1_or_2_with_dataset_expressions
[2026-08-12T04:30:40.580+0000] {logging_mixin.py:190} INFO - [2026-08-12T04:30:40.580+0000] {override.py:1858} INFO - Created Permission View: can delete on DAG:consume_1_or_2_with_dataset_expressions
[2026-08-12T04:30:40.589+0000] {logging_mixin.py:190} INFO - [2026-08-12T04:30:40.589+0000] {override.py:1858} INFO - Created Permission View: can read on DAG:consume_1_or_2_with_dataset_expressions
[2026-08-12T04:30:40.604+0000] {logging_mixin.py:190} INFO - [2026-08-12T04:30:40.604+0000] {override.py:1858} INFO - Created Permission View: can edit on DAG:consume_1_and_2_with_dataset_expressions
[2026-08-12T04:30:40.613+0000] {logging_mixin.py:190} INFO - [2026-08-12T04:30:40.612+0000] {override.py:1858} INFO - Created Permission View: can delete on DAG:consume_1_and_2_with_dataset_expressions
[2026-08-12T04:30:40.621+0000] {logging_mixin.py:190} INFO - [2026-08-12T04:30:40.621+0000] {override.py:1858} INFO - Created Permission View: can read on DAG:consume_1_and_2_with_dataset_expressions
[2026-08-12T04:30:40.635+0000] {logging_mixin.py:190} INFO - [2026-08-12T04:30:40.635+0000] {override.py:1858} INFO - Created Permission View: can edit on DAG:conditional_dataset_and_time_based_timetable
[2026-08-12T04:30:40.645+0000] {logging_mixin.py:190} INFO - [2026-08-12T04:30:40.645+0000] {override.py:1858} INFO - Created Permission View: can delete on DAG:conditional_dataset_and_time_based_timetable
[2026-08-12T04:30:40.656+0000] {logging_mixin.py:190} INFO - [2026-08-12T04:30:40.656+0000] {override.py:1858} INFO - Created Permission View: can read on DAG:conditional_dataset_and_time_based_timetable
[2026-08-12T04:30:40.671+0000] {logging_mixin.py:190} INFO - [2026-08-12T04:30:40.671+0000] {override.py:1858} INFO - Created Permission View: can edit on DAG:dataset_produces_1
[2026-08-12T04:30:40.679+0000] {logging_mixin.py:190} INFO - [2026-08-12T04:30:40.679+0000] {override.py:1858} INFO - Created Permission View: can delete on DAG:dataset_produces_1
[2026-08-12T04:30:40.688+0000] {logging_mixin.py:190} INFO - [2026-08-12T04:30:40.687+0000] {override.py:1858} INFO - Created Permission View: can read on DAG:dataset_produces_1
[2026-08-12T04:30:40.703+0000] {logging_mixin.py:190} INFO - [2026-08-12T04:30:40.702+0000] {override.py:1858} INFO - Created Permission View: can edit on DAG:dataset_produces_2
[2026-08-12T04:30:40.711+0000] {logging_mixin.py:190} INFO - [2026-08-12T04:30:40.711+0000] {override.py:1858} INFO - Created Permission View: can delete on DAG:dataset_produces_2
[2026-08-12T04:30:40.720+0000] {logging_mixin.py:190} INFO - [2026-08-12T04:30:40.720+0000] {override.py:1858} INFO - Created Permission View: can read on DAG:dataset_produces_2
[2026-08-12T04:30:40.737+0000] {logging_mixin.py:190} INFO - [2026-08-12T04:30:40.737+0000] {override.py:1858} INFO - Created Permission View: can edit on DAG:dataset_consumes_unknown_never_scheduled
[2026-08-12T04:30:40.747+0000] {logging_mixin.py:190} INFO - [2026-08-12T04:30:40.747+0000] {override.py:1858} INFO - Created Permission View: can delete on DAG:dataset_consumes_unknown_never_scheduled
[2026-08-12T04:30:40.759+0000] {logging_mixin.py:190} INFO - [2026-08-12T04:30:40.759+0000] {override.py:1858} INFO - Created Permission View: can read on DAG:dataset_consumes_unknown_never_scheduled
[2026-08-12T04:30:40.779+0000] {logging_mixin.py:190} INFO - [2026-08-12T04:30:40.779+0000] {override.py:1858} INFO - Created Permission View: can edit on DAG:dataset_consumes_1_and_2
[2026-08-12T04:30:40.791+0000] {logging_mixin.py:190} INFO - [2026-08-12T04:30:40.791+0000] {override.py:1858} INFO - Created Permission View: can delete on DAG:dataset_consumes_1_and_2
[2026-08-12T04:30:40.804+0000] {logging_mixin.py:190} INFO - [2026-08-12T04:30:40.804+0000] {override.py:1858} INFO - Created Permission View: can read on DAG:dataset_consumes_1_and_2
[2026-08-12T04:30:40.826+0000] {logging_mixin.py:190} INFO - [2026-08-12T04:30:40.825+0000] {override.py:1858} INFO - Created Permission View: can edit on DAG:dataset_consumes_1_never_scheduled
[2026-08-12T04:30:40.837+0000] {logging_mixin.py:190} INFO - [2026-08-12T04:30:40.837+0000] {override.py:1858} INFO - Created Permission View: can delete on DAG:dataset_consumes_1_never_scheduled
[2026-08-12T04:30:40.851+0000] {logging_mixin.py:190} INFO - [2026-08-12T04:30:40.850+0000] {override.py:1858} INFO - Created Permission View: can read on DAG:dataset_consumes_1_never_scheduled
[2026-08-12T04:30:40.870+0000] {logging_mixin.py:190} INFO - [2026-08-12T04:30:40.870+0000] {override.py:1858} INFO - Created Permission View: can edit on DAG:dataset_consumes_1
[2026-08-12T04:30:40.882+0000] {logging_mixin.py:190} INFO - [2026-08-12T04:30:40.882+0000] {override.py:1858} INFO - Created Permission View: can delete on DAG:dataset_consumes_1
[2026-08-12T04:30:40.892+0000] {logging_mixin.py:190} INFO - [2026-08-12T04:30:40.892+0000] {override.py:1858} INFO - Created Permission View: can read on DAG:dataset_consumes_1
[2026-08-12T04:30:40.894+0000] {logging_mixin.py:190} INFO - [2026-08-12T04:30:40.894+0000] {dag.py:3211} INFO - Sync 10 DAGs
[2026-08-12T04:30:40.918+0000] {logging_mixin.py:190} INFO - [2026-08-12T04:30:40.917+0000] {dag.py:3234} INFO - Creating ORM DAG for consume_1_or_both_2_and_3_with_dataset_expressions
[2026-08-12T04:30:40.920+0000] {logging_mixin.py:190} INFO - [2026-08-12T04:30:40.920+0000] {dag.py:3234} INFO - Creating ORM DAG for dataset_consumes_1_never_scheduled
[2026-08-12T04:30:40.922+0000] {logging_mixin.py:190} INFO - [2026-08-12T04:30:40.921+0000] {dag.py:3234} INFO - Creating ORM DAG for consume_1_or_2_with_dataset_expressions
[2026-08-12T04:30:40.924+0000] {logging_mixin.py:190} INFO - [2026-08-12T04:30:40.923+0000] {dag.py:3234} INFO - Creating ORM DAG for conditional_dataset_and_time_based_timetable
[2026-08-12T04:30:40.926+0000] {logging_mixin.py:190} INFO - [2026-08-12T04:30:40.926+0000] {dag.py:3234} INFO - Creating ORM DAG for dataset_produces_1
[2026-08-12T04:30:40.928+0000] {logging_mixin.py:190} INFO - [2026-08-12T04:30:40.928+0000] {dag.py:3234} INFO - Creating ORM DAG for consume_1_and_2_with_dataset_expressions
[2026-08-12T04:30:40.930+0000] {logging_mixin.py:190} INFO - [2026-08-12T04:30:40.930+0000] {dag.py:3234} INFO - Creating ORM DAG for dataset_consumes_unknown_never_scheduled
[2026-08-12T04:30:40.933+0000] {logging_mixin.py:190} INFO - [2026-08-12T04:30:40.932+0000] {dag.py:3234} INFO - Creating ORM DAG for dataset_produces_2
[2026-08-12T04:30:40.935+0000] {logging_mixin.py:190} INFO - [2026-08-12T04:30:40.935+0000] {dag.py:3234} INFO - Creating ORM DAG for dataset_consumes_1_and_2
[2026-08-12T04:30:40.938+0000] {logging_mixin.py:190} INFO - [2026-08-12T04:30:40.937+0000] {dag.py:3234} INFO - Creating ORM DAG for dataset_consumes_1
[2026-08-12T04:30:40.951+0000] {logging_mixin.py:190} INFO - [2026-08-12T04:30:40.951+0000] {dag.py:4138} INFO - Setting next_dagrun for conditional_dataset_and_time_based_timetable to 2026-08-12 01:00:00+00:00, run_after=2026-08-12 01:00:00+00:00
[2026-08-12T04:30:40.953+0000] {logging_mixin.py:190} INFO - [2026-08-12T04:30:40.953+0000] {dag.py:4138} INFO - Setting next_dagrun for consume_1_and_2_with_dataset_expressions to None, run_after=None
[2026-08-12T04:30:40.956+0000] {logging_mixin.py:190} INFO - [2026-08-12T04:30:40.955+0000] {dag.py:4138} INFO - Setting next_dagrun for consume_1_or_2_with_dataset_expressions to None, run_after=None
[2026-08-12T04:30:40.957+0000] {logging_mixin.py:190} INFO - [2026-08-12T04:30:40.957+0000] {dag.py:4138} INFO - Setting next_dagrun for consume_1_or_both_2_and_3_with_dataset_expressions to None, run_after=None
[2026-08-12T04:30:40.959+0000] {logging_mixin.py:190} INFO - [2026-08-12T04:30:40.958+0000] {dag.py:4138} INFO - Setting next_dagrun for dataset_consumes_1 to None, run_after=None
[2026-08-12T04:30:40.960+0000] {logging_mixin.py:190} INFO - [2026-08-12T04:30:40.960+0000] {dag.py:4138} INFO - Setting next_dagrun for dataset_consumes_1_and_2 to None, run_after=None
[2026-08-12T04:30:40.961+0000] {logging_mixin.py:190} INFO - [2026-08-12T04:30:40.961+0000] {dag.py:4138} INFO - Setting next_dagrun for dataset_consumes_1_never_scheduled to None, run_after=None
[2026-08-12T04:30:40.962+0000] {logging_mixin.py:190} INFO - [2026-08-12T04:30:40.962+0000] {dag.py:4138} INFO - Setting next_dagrun for dataset_consumes_unknown_never_scheduled to None, run_after=None
[2026-08-12T04:30:40.965+0000] {logging_mixin.py:190} INFO - [2026-08-12T04:30:40.964+0000] {dag.py:4138} INFO - Setting next_dagrun for dataset_produces_1 to 2026-08-11 00:00:00+00:00, run_after=2026-08-12 00:00:00+00:00
[2026-08-12T04:30:40.966+0000] {logging_mixin.py:190} INFO - [2026-08-12T04:30:40.966+0000] {dag.py:4138} INFO - Setting next_dagrun for dataset_produces_2 to None, run_after=None
[2026-08-12T04:30:41.012+0000] {processor.py:208} INFO - Processing /home/airflow/.local/lib/python3.12/site-packages/airflow/example_dags/example_datasets.py took 0.904 seconds
[2026-08-12T04:31:11.755+0000] {processor.py:186} INFO - Started process (PID=176) to work on /home/airflow/.local/lib/python3.12/site-packages/airflow/example_dags/example_datasets.py
[2026-08-12T04:31:11.757+0000] {processor.py:914} INFO - Processing file /home/airflow/.local/lib/python3.12/site-packages/airflow/example_dags/example_datasets.py for tasks to queue
[2026-08-12T04:31:11.761+0000] {logging_mixin.py:190} INFO - [2026-08-12T04:31:11.760+0000] {dagbag.py:587} INFO - Filling up the DagBag from /home/airflow/.local/lib/python3.12/site-packages/airflow/example_dags/example_datasets.py
[2026-08-12T04:31:11.912+0000] {processor.py:925} INFO - DAG(s) 'consume_1_or_2_with_dataset_expressions', 'conditional_dataset_and_time_based_timetable', 'dataset_produces_2', 'dataset_produces_1', 'dataset_consumes_1_never_scheduled', 'dataset_consumes_unknown_never_scheduled', 'consume_1_and_2_with_dataset_expressions', 'consume_1_or_both_2_and_3_with_dataset_expressions', 'dataset_consumes_1_and_2', 'dataset_consumes_1' retrieved from /home/airflow/.local/lib/python3.12/site-packages/airflow/example_dags/example_datasets.py
[2026-08-12T04:31:11.952+0000] {logging_mixin.py:190} INFO - [2026-08-12T04:31:11.951+0000] {dag.py:3211} INFO - Sync 10 DAGs
[2026-08-12T04:31:11.975+0000] {logging_mixin.py:190} INFO - [2026-08-12T04:31:11.974+0000] {dag.py:4138} INFO - Setting next_dagrun for conditional_dataset_and_time_based_timetable to 2026-08-12 01:00:00+00:00, run_after=2026-08-12 01:00:00+00:00
[2026-08-12T04:31:11.979+0000] {logging_mixin.py:190} INFO - [2026-08-12T04:31:11.979+0000] {dag.py:4138} INFO - Setting next_dagrun for consume_1_and_2_with_dataset_expressions to None, run_after=None
[2026-08-12T04:31:11.983+0000] {logging_mixin.py:190} INFO - [2026-08-12T04:31:11.982+0000] {dag.py:4138} INFO - Setting next_dagrun for consume_1_or_2_with_dataset_expressions to None, run_after=None
[2026-08-12T04:31:11.985+0000] {logging_mixin.py:190} INFO - [2026-08-12T04:31:11.985+0000] {dag.py:4138} INFO - Setting next_dagrun for consume_1_or_both_2_and_3_with_dataset_expressions to None, run_after=None
[2026-08-12T04:31:11.987+0000] {logging_mixin.py:190} INFO - [2026-08-12T04:31:11.987+0000] {dag.py:4138} INFO - Setting next_dagrun for dataset_consumes_1 to None, run_after=None
[2026-08-12T04:31:11.989+0000] {logging_mixin.py:190} INFO - [2026-08-12T04:31:11.989+0000] {dag.py:4138} INFO - Setting next_dagrun for dataset_consumes_1_and_2 to None, run_after=None
[2026-08-12T04:31:11.992+0000] {logging_mixin.py:190} INFO - [2026-08-12T04:31:11.991+0000] {dag.py:4138} INFO - Setting next_dagrun for dataset_consumes_1_never_scheduled to None, run_after=None
[2026-08-12T04:31:11.994+0000] {logging_mixin.py:190} INFO - [2026-08-12T04:31:11.994+0000] {dag.py:4138} INFO - Setting next_dagrun for dataset_consumes_unknown_never_scheduled to None, run_after=None
[2026-08-12T04:31:11.998+0000] {logging_mixin.py:190} INFO - [2026-08-12T04:31:11.998+0000] {dag.py:4138} INFO - Setting next_dagrun for dataset_produces_1 to 2026-08-11 00:00:00+00:00, run_after=2026-08-12 00:00:00+00:00
[2026-08-12T04:31:12.000+0000] {logging_mixin.py:190} INFO - [2026-08-12T04:31:12.000+0000] {dag.py:4138} INFO - Setting next_dagrun for dataset_produces_2 to None, run_after=None
[2026-08-12T04:31:12.034+0000] {processor.py:208} INFO - Processing /home/airflow/.local/lib/python3.12/site-packages/airflow/example_dags/example_datasets.py took 0.287 seconds
[2026-08-12T04:31:42.440+0000] {processor.py:186} INFO - Started process (PID=239) to work on /home/airflow/.local/lib/python3.12/site-packages/airflow/example_dags/example_datasets.py
[2026-08-12T04:31:42.442+0000] {processor.py:914} INFO - Processing file /home/airflow/.local/lib/python3.12/site-packages/airflow/example_dags/example_datasets.py for tasks to queue
[2026-08-12T04:31:42.445+0000] {logging_mixin.py:190} INFO - [2026-08-12T04:31:42.445+0000] {dagbag.py:587} INFO - Filling up the DagBag from /home/airflow/.local/lib/python3.12/site-packages/airflow/example_dags/example_datasets.py
[2026-08-12T04:31:42.608+0000] {processor.py:925} INFO - DAG(s) 'dataset_consumes_1_never_scheduled', 'consume_1_or_both_2_and_3_with_dataset_expressions', 'consume_1_or_2_with_dataset_expressions', 'dataset_consumes_unknown_never_scheduled', 'conditional_dataset_and_time_based_timetable', 'dataset_produces_2', 'consume_1_and_2_with_dataset_expressions', 'dataset_produces_1', 'dataset_consumes_1', 'dataset_consumes_1_and_2' retrieved from /home/airflow/.local/lib/python3.12/site-packages/airflow/example_dags/example_datasets.py
[2026-08-12T04:31:42.664+0000] {logging_mixin.py:190} INFO - [2026-08-12T04:31:42.664+0000] {dag.py:3211} INFO - Sync 10 DAGs
[2026-08-12T04:31:42.703+0000] {logging_mixin.py:190} INFO - [2026-08-12T04:31:42.703+0000] {dag.py:4138} INFO - Setting next_dagrun for conditional_dataset_and_time_based_timetable to 2026-08-12 01:00:00+00:00, run_after=2026-08-12 01:00:00+00:00
[2026-08-12T04:31:42.709+0000] {logging_mixin.py:190} INFO - [2026-08-12T04:31:42.709+0000] {dag.py:4138} INFO - Setting next_dagrun for consume_1_and_2_with_dataset_expressions to None, run_after=None
[2026-08-12T04:31:42.713+0000] {logging_mixin.py:190} INFO - [2026-08-12T04:31:42.713+0000] {dag.py:4138} INFO - Setting next_dagrun for consume_1_or_2_with_dataset_expressions to None, run_after=None
[2026-08-12T04:31:42.716+0000] {logging_mixin.py:190} INFO - [2026-08-12T04:31:42.715+0000] {dag.py:4138} INFO - Setting next_dagrun for consume_1_or_both_2_and_3_with_dataset_expressions to None, run_after=None
[2026-08-12T04:31:42.719+0000] {logging_mixin.py:190} INFO - [2026-08-12T04:31:42.719+0000] {dag.py:4138} INFO - Setting next_dagrun for dataset_consumes_1 to None, run_after=None
[2026-08-12T04:31:42.722+0000] {logging_mixin.py:190} INFO - [2026-08-12T04:31:42.722+0000] {dag.py:4138} INFO - Setting next_dagrun for dataset_consumes_1_and_2 to None, run_after=None
[2026-08-12T04:31:42.725+0000] {logging_mixin.py:190} INFO - [2026-08-12T04:31:42.725+0000] {dag.py:4138} INFO - Setting next_dagrun for dataset_consumes_1_never_scheduled to None, run_after=None
[2026-08-12T04:31:42.728+0000] {logging_mixin.py:190} INFO - [2026-08-12T04:31:42.728+0000] {dag.py:4138} INFO - Setting next_dagrun for dataset_consumes_unknown_never_scheduled to None, run_after=None
[2026-08-12T04:31:42.732+0000] {logging_mixin.py:190} INFO - [2026-08-12T04:31:42.732+0000] {dag.py:4138} INFO - Setting next_dagrun for dataset_produces_1 to 2026-08-11 00:00:00+00:00, run_after=2026-08-12 00:00:00+00:00
[2026-08-12T04:31:42.735+0000] {logging_mixin.py:190} INFO - [2026-08-12T04:31:42.734+0000] {dag.py:4138} INFO - Setting next_dagrun for dataset_produces_2 to None, run_after=None
[2026-08-12T04:31:42.783+0000] {processor.py:208} INFO - Processing /home/airflow/.local/lib/python3.12/site-packages/airflow/example_dags/example_datasets.py took 0.349 seconds
[2026-08-12T04:32:57.663+0000] {processor.py:186} INFO - Started process (PID=104) to work on /home/airflow/.local/lib/python3.12/site-packages/airflow/example_dags/example_datasets.py
[2026-08-12T04:32:57.664+0000] {processor.py:914} INFO - Processing file /home/airflow/.local/lib/python3.12/site-packages/airflow/example_dags/example_datasets.py for tasks to queue
[2026-08-12T04:32:57.667+0000] {logging_mixin.py:190} INFO - [2026-08-12T04:32:57.667+0000] {dagbag.py:587} INFO - Filling up the DagBag from /home/airflow/.local/lib/python3.12/site-packages/airflow/example_dags/example_datasets.py
[2026-08-12T04:32:57.843+0000] {processor.py:925} INFO - DAG(s) 'dataset_produces_2', 'dataset_consumes_unknown_never_scheduled', 'dataset_consumes_1_and_2', 'dataset_consumes_1_never_scheduled', 'consume_1_or_2_with_dataset_expressions', 'consume_1_and_2_with_dataset_expressions', 'dataset_consumes_1', 'conditional_dataset_and_time_based_timetable', 'consume_1_or_both_2_and_3_with_dataset_expressions', 'dataset_produces_1' retrieved from /home/airflow/.local/lib/python3.12/site-packages/airflow/example_dags/example_datasets.py
[2026-08-12T04:32:57.896+0000] {logging_mixin.py:190} INFO - [2026-08-12T04:32:57.895+0000] {dag.py:3211} INFO - Sync 10 DAGs
[2026-08-12T04:32:57.924+0000] {logging_mixin.py:190} INFO - [2026-08-12T04:32:57.924+0000] {dag.py:4138} INFO - Setting next_dagrun for conditional_dataset_and_time_based_timetable to 2026-08-12 01:00:00+00:00, run_after=2026-08-12 01:00:00+00:00
[2026-08-12T04:32:57.930+0000] {logging_mixin.py:190} INFO - [2026-08-12T04:32:57.929+0000] {dag.py:4138} INFO - Setting next_dagrun for consume_1_and_2_with_dataset_expressions to None, run_after=None
[2026-08-12T04:32:57.932+0000] {logging_mixin.py:190} INFO - [2026-08-12T04:32:57.932+0000] {dag.py:4138} INFO - Setting next_dagrun for consume_1_or_2_with_dataset_expressions to None, run_after=None
[2026-08-12T04:32:57.935+0000] {logging_mixin.py:190} INFO - [2026-08-12T04:32:57.935+0000] {dag.py:4138} INFO - Setting next_dagrun for consume_1_or_both_2_and_3_with_dataset_expressions to None, run_after=None
[2026-08-12T04:32:57.938+0000] {logging_mixin.py:190} INFO - [2026-08-12T04:32:57.938+0000] {dag.py:4138} INFO - Setting next_dagrun for dataset_consumes_1 to None, run_after=None
[2026-08-12T04:32:57.941+0000] {logging_mixin.py:190} INFO - [2026-08-12T04:32:57.940+0000] {dag.py:4138} INFO - Setting next_dagrun for dataset_consumes_1_and_2 to None, run_after=None
[2026-08-12T04:32:57.943+0000] {logging_mixin.py:190} INFO - [2026-08-12T04:32:57.943+0000] {dag.py:4138} INFO - Setting next_dagrun for dataset_consumes_1_never_scheduled to None, run_after=None
[2026-08-12T04:32:57.946+0000] {logging_mixin.py:190} INFO - [2026-08-12T04:32:57.946+0000] {dag.py:4138} INFO - Setting next_dagrun for dataset_consumes_unknown_never_scheduled to None, run_after=None
[2026-08-12T04:32:57.950+0000] {logging_mixin.py:190} INFO - [2026-08-12T04:32:57.949+0000] {dag.py:4138} INFO - Setting next_dagrun for dataset_produces_1 to 2026-08-11 00:00:00+00:00, run_after=2026-08-12 00:00:00+00:00
[2026-08-12T04:32:57.952+0000] {logging_mixin.py:190} INFO - [2026-08-12T04:32:57.952+0000] {dag.py:4138} INFO - Setting next_dagrun for dataset_produces_2 to None, run_after=None
[2026-08-12T04:32:58.018+0000] {processor.py:208} INFO - Processing /home/airflow/.local/lib/python3.12/site-packages/airflow/example_dags/example_datasets.py took 0.361 seconds
[2026-08-12T04:33:28.914+0000] {processor.py:186} INFO - Started process (PID=166) to work on /home/airflow/.local/lib/python3.12/site-packages/airflow/example_dags/example_datasets.py
[2026-08-12T04:33:28.916+0000] {processor.py:914} INFO - Processing file /home/airflow/.local/lib/python3.12/site-packages/airflow/example_dags/example_datasets.py for tasks to queue
[2026-08-12T04:33:28.921+0000] {logging_mixin.py:190} INFO - [2026-08-12T04:33:28.920+0000] {dagbag.py:587} INFO - Filling up the DagBag from /home/airflow/.local/lib/python3.12/site-packages/airflow/example_dags/example_datasets.py
[2026-08-12T04:33:29.078+0000] {processor.py:925} INFO - DAG(s) 'dataset_produces_2', 'consume_1_and_2_with_dataset_expressions', 'dataset_consumes_1_and_2', 'consume_1_or_2_with_dataset_expressions', 'dataset_consumes_1_never_scheduled', 'dataset_consumes_unknown_never_scheduled', 'consume_1_or_both_2_and_3_with_dataset_expressions', 'conditional_dataset_and_time_based_timetable', 'dataset_consumes_1', 'dataset_produces_1' retrieved from /home/airflow/.local/lib/python3.12/site-packages/airflow/example_dags/example_datasets.py
[2026-08-12T04:33:29.129+0000] {logging_mixin.py:190} INFO - [2026-08-12T04:33:29.129+0000] {dag.py:3211} INFO - Sync 10 DAGs
[2026-08-12T04:33:29.155+0000] {logging_mixin.py:190} INFO - [2026-08-12T04:33:29.155+0000] {dag.py:4138} INFO - Setting next_dagrun for conditional_dataset_and_time_based_timetable to 2026-08-12 01:00:00+00:00, run_after=2026-08-12 01:00:00+00:00
[2026-08-12T04:33:29.160+0000] {logging_mixin.py:190} INFO - [2026-08-12T04:33:29.159+0000] {dag.py:4138} INFO - Setting next_dagrun for consume_1_and_2_with_dataset_expressions to None, run_after=None
[2026-08-12T04:33:29.162+0000] {logging_mixin.py:190} INFO - [2026-08-12T04:33:29.162+0000] {dag.py:4138} INFO - Setting next_dagrun for consume_1_or_2_with_dataset_expressions to None, run_after=None
[2026-08-12T04:33:29.165+0000] {logging_mixin.py:190} INFO - [2026-08-12T04:33:29.165+0000] {dag.py:4138} INFO - Setting next_dagrun for consume_1_or_both_2_and_3_with_dataset_expressions to None, run_after=None
[2026-08-12T04:33:29.167+0000] {logging_mixin.py:190} INFO - [2026-08-12T04:33:29.167+0000] {dag.py:4138} INFO - Setting next_dagrun for dataset_consumes_1 to None, run_after=None
[2026-08-12T04:33:29.169+0000] {logging_mixin.py:190} INFO - [2026-08-12T04:33:29.169+0000] {dag.py:4138} INFO - Setting next_dagrun for dataset_consumes_1_and_2 to None, run_after=None
[2026-08-12T04:33:29.172+0000] {logging_mixin.py:190} INFO - [2026-08-12T04:33:29.171+0000] {dag.py:4138} INFO - Setting next_dagrun for dataset_consumes_1_never_scheduled to None, run_after=None
[2026-08-12T04:33:29.174+0000] {logging_mixin.py:190} INFO - [2026-08-12T04:33:29.174+0000] {dag.py:4138} INFO - Setting next_dagrun for dataset_consumes_unknown_never_scheduled to None, run_after=None
[2026-08-12T04:33:29.178+0000] {logging_mixin.py:190} INFO - [2026-08-12T04:33:29.178+0000] {dag.py:4138} INFO - Setting next_dagrun for dataset_produces_1 to 2026-08-11 00:00:00+00:00, run_after=2026-08-12 00:00:00+00:00
[2026-08-12T04:33:29.181+0000] {logging_mixin.py:190} INFO - [2026-08-12T04:33:29.180+0000] {dag.py:4138} INFO - Setting next_dagrun for dataset_produces_2 to None, run_after=None
[2026-08-12T04:33:29.219+0000] {processor.py:208} INFO - Processing /home/airflow/.local/lib/python3.12/site-packages/airflow/example_dags/example_datasets.py took 0.311 seconds
[2026-08-12T04:33:59.337+0000] {processor.py:186} INFO - Started process (PID=230) to work on /home/airflow/.local/lib/python3.12/site-packages/airflow/example_dags/example_datasets.py
[2026-08-12T04:33:59.338+0000] {processor.py:914} INFO - Processing file /home/airflow/.local/lib/python3.12/site-packages/airflow/example_dags/example_datasets.py for tasks to queue
[2026-08-12T04:33:59.341+0000] {logging_mixin.py:190} INFO - [2026-08-12T04:33:59.340+0000] {dagbag.py:587} INFO - Filling up the DagBag from /home/airflow/.local/lib/python3.12/site-packages/airflow/example_dags/example_datasets.py
[2026-08-12T04:33:59.455+0000] {processor.py:925} INFO - DAG(s) 'dataset_consumes_1_and_2', 'consume_1_or_both_2_and_3_with_dataset_expressions', 'consume_1_and_2_with_dataset_expressions', 'dataset_produces_1', 'dataset_consumes_1', 'consume_1_or_2_with_dataset_expressions', 'conditional_dataset_and_time_based_timetable', 'dataset_consumes_1_never_scheduled', 'dataset_consumes_unknown_never_scheduled', 'dataset_produces_2' retrieved from /home/airflow/.local/lib/python3.12/site-packages/airflow/example_dags/example_datasets.py
[2026-08-12T04:33:59.493+0000] {logging_mixin.py:190} INFO - [2026-08-12T04:33:59.493+0000] {dag.py:3211} INFO - Sync 10 DAGs
[2026-08-12T04:33:59.516+0000] {logging_mixin.py:190} INFO - [2026-08-12T04:33:59.515+0000] {dag.py:4138} INFO - Setting next_dagrun for conditional_dataset_and_time_based_timetable to 2026-08-12 01:00:00+00:00, run_after=2026-08-12 01:00:00+00:00
[2026-08-12T04:33:59.521+0000] {logging_mixin.py:190} INFO - [2026-08-12T04:33:59.520+0000] {dag.py:4138} INFO - Setting next_dagrun for consume_1_and_2_with_dataset_expressions to None, run_after=None
[2026-08-12T04:33:59.524+0000] {logging_mixin.py:190} INFO - [2026-08-12T04:33:59.524+0000] {dag.py:4138} INFO - Setting next_dagrun for consume_1_or_2_with_dataset_expressions to None, run_after=None
[2026-08-12T04:33:59.526+0000] {logging_mixin.py:190} INFO - [2026-08-12T04:33:59.526+0000] {dag.py:4138} INFO - Setting next_dagrun for consume_1_or_both_2_and_3_with_dataset_expressions to None, run_after=None
[2026-08-12T04:33:59.529+0000] {logging_mixin.py:190} INFO - [2026-08-12T04:33:59.529+0000] {dag.py:4138} INFO - Setting next_dagrun for dataset_consumes_1 to None, run_after=None
[2026-08-12T04:33:59.531+0000] {logging_mixin.py:190} INFO - [2026-08-12T04:33:59.531+0000] {dag.py:4138} INFO - Setting next_dagrun for dataset_consumes_1_and_2 to None, run_after=None
[2026-08-12T04:33:59.533+0000] {logging_mixin.py:190} INFO - [2026-08-12T04:33:59.533+0000] {dag.py:4138} INFO - Setting next_dagrun for dataset_consumes_1_never_scheduled to None, run_after=None
[2026-08-12T04:33:59.535+0000] {logging_mixin.py:190} INFO - [2026-08-12T04:33:59.535+0000] {dag.py:4138} INFO - Setting next_dagrun for dataset_consumes_unknown_never_scheduled to None, run_after=None
[2026-08-12T04:33:59.538+0000] {logging_mixin.py:190} INFO - [2026-08-12T04:33:59.537+0000] {dag.py:4138} INFO - Setting next_dagrun for dataset_produces_1 to 2026-08-11 00:00:00+00:00, run_after=2026-08-12 00:00:00+00:00
[2026-08-12T04:33:59.540+0000] {logging_mixin.py:190} INFO - [2026-08-12T04:33:59.540+0000] {dag.py:4138} INFO - Setting next_dagrun for dataset_produces_2 to None, run_after=None
[2026-08-12T04:33:59.581+0000] {processor.py:208} INFO - Processing /home/airflow/.local/lib/python3.12/site-packages/airflow/example_dags/example_datasets.py took 0.250 seconds
[2026-08-12T04:34:29.948+0000] {processor.py:186} INFO - Started process (PID=290) to work on /home/airflow/.local/lib/python3.12/site-packages/airflow/example_dags/example_datasets.py
[2026-08-12T04:34:29.949+0000] {processor.py:914} INFO - Processing file /home/airflow/.local/lib/python3.12/site-packages/airflow/example_dags/example_datasets.py for tasks to queue
[2026-08-12T04:34:29.952+0000] {logging_mixin.py:190} INFO - [2026-08-12T04:34:29.952+0000] {dagbag.py:587} INFO - Filling up the DagBag from /home/airflow/.local/lib/python3.12/site-packages/airflow/example_dags/example_datasets.py
[2026-08-12T04:34:30.088+0000] {processor.py:925} INFO - DAG(s) 'dataset_consumes_1_and_2', 'conditional_dataset_and_time_based_timetable', 'consume_1_or_2_with_dataset_expressions', 'consume_1_or_both_2_and_3_with_dataset_expressions', 'dataset_produces_2', 'dataset_consumes_1', 'dataset_produces_1', 'dataset_consumes_1_never_scheduled', 'dataset_consumes_unknown_never_scheduled', 'consume_1_and_2_with_dataset_expressions' retrieved from /home/airflow/.local/lib/python3.12/site-packages/airflow/example_dags/example_datasets.py
[2026-08-12T04:34:30.141+0000] {logging_mixin.py:190} INFO - [2026-08-12T04:34:30.141+0000] {dag.py:3211} INFO - Sync 10 DAGs
[2026-08-12T04:34:30.170+0000] {logging_mixin.py:190} INFO - [2026-08-12T04:34:30.170+0000] {dag.py:4138} INFO - Setting next_dagrun for conditional_dataset_and_time_based_timetable to 2026-08-12 01:00:00+00:00, run_after=2026-08-12 01:00:00+00:00
[2026-08-12T04:34:30.176+0000] {logging_mixin.py:190} INFO - [2026-08-12T04:34:30.175+0000] {dag.py:4138} INFO - Setting next_dagrun for consume_1_and_2_with_dataset_expressions to None, run_after=None
[2026-08-12T04:34:30.179+0000] {logging_mixin.py:190} INFO - [2026-08-12T04:34:30.178+0000] {dag.py:4138} INFO - Setting next_dagrun for consume_1_or_2_with_dataset_expressions to None, run_after=None
[2026-08-12T04:34:30.181+0000] {logging_mixin.py:190} INFO - [2026-08-12T04:34:30.181+0000] {dag.py:4138} INFO - Setting next_dagrun for consume_1_or_both_2_and_3_with_dataset_expressions to None, run_after=None
[2026-08-12T04:34:30.184+0000] {logging_mixin.py:190} INFO - [2026-08-12T04:34:30.184+0000] {dag.py:4138} INFO - Setting next_dagrun for dataset_consumes_1 to None, run_after=None
[2026-08-12T04:34:30.186+0000] {logging_mixin.py:190} INFO - [2026-08-12T04:34:30.186+0000] {dag.py:4138} INFO - Setting next_dagrun for dataset_consumes_1_and_2 to None, run_after=None
[2026-08-12T04:34:30.189+0000] {logging_mixin.py:190} INFO - [2026-08-12T04:34:30.188+0000] {dag.py:4138} INFO - Setting next_dagrun for dataset_consumes_1_never_scheduled to None, run_after=None
[2026-08-12T04:34:30.191+0000] {logging_mixin.py:190} INFO - [2026-08-12T04:34:30.191+0000] {dag.py:4138} INFO - Setting next_dagrun for dataset_consumes_unknown_never_scheduled to None, run_after=None
[2026-08-12T04:34:30.194+0000] {logging_mixin.py:190} INFO - [2026-08-12T04:34:30.194+0000] {dag.py:4138} INFO - Setting next_dagrun for dataset_produces_1 to 2026-08-11 00:00:00+00:00, run_after=2026-08-12 00:00:00+00:00
[2026-08-12T04:34:30.200+0000] {logging_mixin.py:190} INFO - [2026-08-12T04:34:30.200+0000] {dag.py:4138} INFO - Setting next_dagrun for dataset_produces_2 to None, run_after=None
[2026-08-12T04:34:30.239+0000] {processor.py:208} INFO - Processing /home/airflow/.local/lib/python3.12/site-packages/airflow/example_dags/example_datasets.py took 0.296 seconds
[2026-08-12T04:35:00.413+0000] {processor.py:186} INFO - Started process (PID=354) to work on /home/airflow/.local/lib/python3.12/site-packages/airflow/example_dags/example_datasets.py
[2026-08-12T04:35:00.416+0000] {processor.py:914} INFO - Processing file /home/airflow/.local/lib/python3.12/site-packages/airflow/example_dags/example_datasets.py for tasks to queue
[2026-08-12T04:35:00.419+0000] {logging_mixin.py:190} INFO - [2026-08-12T04:35:00.418+0000] {dagbag.py:587} INFO - Filling up the DagBag from /home/airflow/.local/lib/python3.12/site-packages/airflow/example_dags/example_datasets.py
[2026-08-12T04:35:00.546+0000] {processor.py:925} INFO - DAG(s) 'consume_1_or_2_with_dataset_expressions', 'dataset_consumes_1_and_2', 'dataset_consumes_1', 'dataset_produces_2', 'dataset_consumes_1_never_scheduled', 'dataset_consumes_unknown_never_scheduled', 'conditional_dataset_and_time_based_timetable', 'dataset_produces_1', 'consume_1_and_2_with_dataset_expressions', 'consume_1_or_both_2_and_3_with_dataset_expressions' retrieved from /home/airflow/.local/lib/python3.12/site-packages/airflow/example_dags/example_datasets.py
[2026-08-12T04:35:00.589+0000] {logging_mixin.py:190} INFO - [2026-08-12T04:35:00.589+0000] {dag.py:3211} INFO - Sync 10 DAGs
[2026-08-12T04:35:00.611+0000] {logging_mixin.py:190} INFO - [2026-08-12T04:35:00.611+0000] {dag.py:4138} INFO - Setting next_dagrun for conditional_dataset_and_time_based_timetable to 2026-08-12 01:00:00+00:00, run_after=2026-08-12 01:00:00+00:00
[2026-08-12T04:35:00.617+0000] {logging_mixin.py:190} INFO - [2026-08-12T04:35:00.617+0000] {dag.py:4138} INFO - Setting next_dagrun for consume_1_and_2_with_dataset_expressions to None, run_after=None
[2026-08-12T04:35:00.620+0000] {logging_mixin.py:190} INFO - [2026-08-12T04:35:00.619+0000] {dag.py:4138} INFO - Setting next_dagrun for consume_1_or_2_with_dataset_expressions to None, run_after=None
[2026-08-12T04:35:00.622+0000] {logging_mixin.py:190} INFO - [2026-08-12T04:35:00.622+0000] {dag.py:4138} INFO - Setting next_dagrun for consume_1_or_both_2_and_3_with_dataset_expressions to None, run_after=None
[2026-08-12T04:35:00.624+0000] {logging_mixin.py:190} INFO - [2026-08-12T04:35:00.624+0000] {dag.py:4138} INFO - Setting next_dagrun for dataset_consumes_1 to None, run_after=None
[2026-08-12T04:35:00.626+0000] {logging_mixin.py:190} INFO - [2026-08-12T04:35:00.626+0000] {dag.py:4138} INFO - Setting next_dagrun for dataset_consumes_1_and_2 to None, run_after=None
[2026-08-12T04:35:00.628+0000] {logging_mixin.py:190} INFO - [2026-08-12T04:35:00.628+0000] {dag.py:4138} INFO - Setting next_dagrun for dataset_consumes_1_never_scheduled to None, run_after=None
[2026-08-12T04:35:00.631+0000] {logging_mixin.py:190} INFO - [2026-08-12T04:35:00.631+0000] {dag.py:4138} INFO - Setting next_dagrun for dataset_consumes_unknown_never_scheduled to None, run_after=None
[2026-08-12T04:35:00.635+0000] {logging_mixin.py:190} INFO - [2026-08-12T04:35:00.635+0000] {dag.py:4138} INFO - Setting next_dagrun for dataset_produces_1 to 2026-08-11 00:00:00+00:00, run_after=2026-08-12 00:00:00+00:00
[2026-08-12T04:35:00.637+0000] {logging_mixin.py:190} INFO - [2026-08-12T04:35:00.637+0000] {dag.py:4138} INFO - Setting next_dagrun for dataset_produces_2 to None, run_after=None
[2026-08-12T04:35:00.670+0000] {processor.py:208} INFO - Processing /home/airflow/.local/lib/python3.12/site-packages/airflow/example_dags/example_datasets.py took 0.263 seconds
[2026-08-12T04:35:30.913+0000] {processor.py:186} INFO - Started process (PID=416) to work on /home/airflow/.local/lib/python3.12/site-packages/airflow/example_dags/example_datasets.py
[2026-08-12T04:35:30.916+0000] {processor.py:914} INFO - Processing file /home/airflow/.local/lib/python3.12/site-packages/airflow/example_dags/example_datasets.py for tasks to queue
[2026-08-12T04:35:30.920+0000] {logging_mixin.py:190} INFO - [2026-08-12T04:35:30.919+0000] {dagbag.py:587} INFO - Filling up the DagBag from /home/airflow/.local/lib/python3.12/site-packages/airflow/example_dags/example_datasets.py
[2026-08-12T04:35:31.073+0000] {processor.py:925} INFO - DAG(s) 'dataset_produces_1', 'dataset_consumes_1_never_scheduled', 'consume_1_or_2_with_dataset_expressions', 'consume_1_and_2_with_dataset_expressions', 'dataset_produces_2', 'conditional_dataset_and_time_based_timetable', 'dataset_consumes_1', 'dataset_consumes_1_and_2', 'dataset_consumes_unknown_never_scheduled', 'consume_1_or_both_2_and_3_with_dataset_expressions' retrieved from /home/airflow/.local/lib/python3.12/site-packages/airflow/example_dags/example_datasets.py
[2026-08-12T04:35:31.112+0000] {logging_mixin.py:190} INFO - [2026-08-12T04:35:31.112+0000] {dag.py:3211} INFO - Sync 10 DAGs
[2026-08-12T04:35:31.136+0000] {logging_mixin.py:190} INFO - [2026-08-12T04:35:31.136+0000] {dag.py:4138} INFO - Setting next_dagrun for conditional_dataset_and_time_based_timetable to 2026-08-12 01:00:00+00:00, run_after=2026-08-12 01:00:00+00:00
[2026-08-12T04:35:31.142+0000] {logging_mixin.py:190} INFO - [2026-08-12T04:35:31.142+0000] {dag.py:4138} INFO - Setting next_dagrun for consume_1_and_2_with_dataset_expressions to None, run_after=None
[2026-08-12T04:35:31.144+0000] {logging_mixin.py:190} INFO - [2026-08-12T04:35:31.144+0000] {dag.py:4138} INFO - Setting next_dagrun for consume_1_or_2_with_dataset_expressions to None, run_after=None
[2026-08-12T04:35:31.147+0000] {logging_mixin.py:190} INFO - [2026-08-12T04:35:31.146+0000] {dag.py:4138} INFO - Setting next_dagrun for consume_1_or_both_2_and_3_with_dataset_expressions to None, run_after=None
[2026-08-12T04:35:31.149+0000] {logging_mixin.py:190} INFO - [2026-08-12T04:35:31.149+0000] {dag.py:4138} INFO - Setting next_dagrun for dataset_consumes_1 to None, run_after=None
[2026-08-12T04:35:31.151+0000] {logging_mixin.py:190} INFO - [2026-08-12T04:35:31.151+0000] {dag.py:4138} INFO - Setting next_dagrun for dataset_consumes_1_and_2 to None, run_after=None
[2026-08-12T04:35:31.153+0000] {logging_mixin.py:190} INFO - [2026-08-12T04:35:31.153+0000] {dag.py:4138} INFO - Setting next_dagrun for dataset_consumes_1_never_scheduled to None, run_after=None
[2026-08-12T04:35:31.156+0000] {logging_mixin.py:190} INFO - [2026-08-12T04:35:31.155+0000] {dag.py:4138} INFO - Setting next_dagrun for dataset_consumes_unknown_never_scheduled to None, run_after=None
[2026-08-12T04:35:31.158+0000] {logging_mixin.py:190} INFO - [2026-08-12T04:35:31.158+0000] {dag.py:4138} INFO - Setting next_dagrun for dataset_produces_1 to 2026-08-11 00:00:00+00:00, run_after=2026-08-12 00:00:00+00:00
[2026-08-12T04:35:31.161+0000] {logging_mixin.py:190} INFO - [2026-08-12T04:35:31.160+0000] {dag.py:4138} INFO - Setting next_dagrun for dataset_produces_2 to None, run_after=None
[2026-08-12T04:35:31.199+0000] {processor.py:208} INFO - Processing /home/airflow/.local/lib/python3.12/site-packages/airflow/example_dags/example_datasets.py took 0.293 seconds
[2026-08-12T04:36:01.521+0000] {processor.py:186} INFO - Started process (PID=476) to work on /home/airflow/.local/lib/python3.12/site-packages/airflow/example_dags/example_datasets.py
[2026-08-12T04:36:01.523+0000] {processor.py:914} INFO - Processing file /home/airflow/.local/lib/python3.12/site-packages/airflow/example_dags/example_datasets.py for tasks to queue
[2026-08-12T04:36:01.527+0000] {logging_mixin.py:190} INFO - [2026-08-12T04:36:01.527+0000] {dagbag.py:587} INFO - Filling up the DagBag from /home/airflow/.local/lib/python3.12/site-packages/airflow/example_dags/example_datasets.py
[2026-08-12T04:36:01.662+0000] {processor.py:925} INFO - DAG(s) 'consume_1_or_2_with_dataset_expressions', 'dataset_consumes_1', 'dataset_produces_2', 'conditional_dataset_and_time_based_timetable', 'dataset_consumes_unknown_never_scheduled', 'dataset_consumes_1_never_scheduled', 'consume_1_and_2_with_dataset_expressions', 'dataset_consumes_1_and_2', 'consume_1_or_both_2_and_3_with_dataset_expressions', 'dataset_produces_1' retrieved from /home/airflow/.local/lib/python3.12/site-packages/airflow/example_dags/example_datasets.py
[2026-08-12T04:36:01.708+0000] {logging_mixin.py:190} INFO - [2026-08-12T04:36:01.707+0000] {dag.py:3211} INFO - Sync 10 DAGs
[2026-08-12T04:36:01.734+0000] {logging_mixin.py:190} INFO - [2026-08-12T04:36:01.734+0000] {dag.py:4138} INFO - Setting next_dagrun for conditional_dataset_and_time_based_timetable to 2026-08-12 01:00:00+00:00, run_after=2026-08-12 01:00:00+00:00
[2026-08-12T04:36:01.739+0000] {logging_mixin.py:190} INFO - [2026-08-12T04:36:01.738+0000] {dag.py:4138} INFO - Setting next_dagrun for consume_1_and_2_with_dataset_expressions to None, run_after=None
[2026-08-12T04:36:01.742+0000] {logging_mixin.py:190} INFO - [2026-08-12T04:36:01.741+0000] {dag.py:4138} INFO - Setting next_dagrun for consume_1_or_2_with_dataset_expressions to None, run_after=None
[2026-08-12T04:36:01.744+0000] {logging_mixin.py:190} INFO - [2026-08-12T04:36:01.744+0000] {dag.py:4138} INFO - Setting next_dagrun for consume_1_or_both_2_and_3_with_dataset_expressions to None, run_after=None
[2026-08-12T04:36:01.748+0000] {logging_mixin.py:190} INFO - [2026-08-12T04:36:01.748+0000] {dag.py:4138} INFO - Setting next_dagrun for dataset_consumes_1 to None, run_after=None
[2026-08-12T04:36:01.751+0000] {logging_mixin.py:190} INFO - [2026-08-12T04:36:01.751+0000] {dag.py:4138} INFO - Setting next_dagrun for dataset_consumes_1_and_2 to None, run_after=None
[2026-08-12T04:36:01.753+0000] {logging_mixin.py:190} INFO - [2026-08-12T04:36:01.753+0000] {dag.py:4138} INFO - Setting next_dagrun for dataset_consumes_1_never_scheduled to None, run_after=None
[2026-08-12T04:36:01.755+0000] {logging_mixin.py:190} INFO - [2026-08-12T04:36:01.755+0000] {dag.py:4138} INFO - Setting next_dagrun for dataset_consumes_unknown_never_scheduled to None, run_after=None
[2026-08-12T04:36:01.759+0000] {logging_mixin.py:190} INFO - [2026-08-12T04:36:01.758+0000] {dag.py:4138} INFO - Setting next_dagrun for dataset_produces_1 to 2026-08-11 00:00:00+00:00, run_after=2026-08-12 00:00:00+00:00
[2026-08-12T04:36:01.761+0000] {logging_mixin.py:190} INFO - [2026-08-12T04:36:01.761+0000] {dag.py:4138} INFO - Setting next_dagrun for dataset_produces_2 to None, run_after=None
[2026-08-12T04:36:01.795+0000] {processor.py:208} INFO - Processing /home/airflow/.local/lib/python3.12/site-packages/airflow/example_dags/example_datasets.py took 0.280 seconds
[2026-08-12T04:36:31.931+0000] {processor.py:186} INFO - Started process (PID=538) to work on /home/airflow/.local/lib/python3.12/site-packages/airflow/example_dags/example_datasets.py
[2026-08-12T04:36:31.933+0000] {processor.py:914} INFO - Processing file /home/airflow/.local/lib/python3.12/site-packages/airflow/example_dags/example_datasets.py for tasks to queue
[2026-08-12T04:36:31.937+0000] {logging_mixin.py:190} INFO - [2026-08-12T04:36:31.937+0000] {dagbag.py:587} INFO - Filling up the DagBag from /home/airflow/.local/lib/python3.12/site-packages/airflow/example_dags/example_datasets.py
[2026-08-12T04:36:32.078+0000] {processor.py:925} INFO - DAG(s) 'consume_1_or_2_with_dataset_expressions', 'consume_1_and_2_with_dataset_expressions', 'dataset_consumes_1_never_scheduled', 'conditional_dataset_and_time_based_timetable', 'dataset_consumes_1', 'dataset_produces_2', 'dataset_consumes_unknown_never_scheduled', 'dataset_consumes_1_and_2', 'dataset_produces_1', 'consume_1_or_both_2_and_3_with_dataset_expressions' retrieved from /home/airflow/.local/lib/python3.12/site-packages/airflow/example_dags/example_datasets.py
[2026-08-12T04:36:32.126+0000] {logging_mixin.py:190} INFO - [2026-08-12T04:36:32.126+0000] {dag.py:3211} INFO - Sync 10 DAGs
[2026-08-12T04:36:32.159+0000] {logging_mixin.py:190} INFO - [2026-08-12T04:36:32.158+0000] {dag.py:4138} INFO - Setting next_dagrun for conditional_dataset_and_time_based_timetable to 2026-08-12 01:00:00+00:00, run_after=2026-08-12 01:00:00+00:00
[2026-08-12T04:36:32.164+0000] {logging_mixin.py:190} INFO - [2026-08-12T04:36:32.164+0000] {dag.py:4138} INFO - Setting next_dagrun for consume_1_and_2_with_dataset_expressions to None, run_after=None
[2026-08-12T04:36:32.167+0000] {logging_mixin.py:190} INFO - [2026-08-12T04:36:32.167+0000] {dag.py:4138} INFO - Setting next_dagrun for consume_1_or_2_with_dataset_expressions to None, run_after=None
[2026-08-12T04:36:32.170+0000] {logging_mixin.py:190} INFO - [2026-08-12T04:36:32.170+0000] {dag.py:4138} INFO - Setting next_dagrun for consume_1_or_both_2_and_3_with_dataset_expressions to None, run_after=None
[2026-08-12T04:36:32.173+0000] {logging_mixin.py:190} INFO - [2026-08-12T04:36:32.172+0000] {dag.py:4138} INFO - Setting next_dagrun for dataset_consumes_1 to None, run_after=None
[2026-08-12T04:36:32.175+0000] {logging_mixin.py:190} INFO - [2026-08-12T04:36:32.175+0000] {dag.py:4138} INFO - Setting next_dagrun for dataset_consumes_1_and_2 to None, run_after=None
[2026-08-12T04:36:32.178+0000] {logging_mixin.py:190} INFO - [2026-08-12T04:36:32.177+0000] {dag.py:4138} INFO - Setting next_dagrun for dataset_consumes_1_never_scheduled to None, run_after=None
[2026-08-12T04:36:32.180+0000] {logging_mixin.py:190} INFO - [2026-08-12T04:36:32.180+0000] {dag.py:4138} INFO - Setting next_dagrun for dataset_consumes_unknown_never_scheduled to None, run_after=None
[2026-08-12T04:36:32.183+0000] {logging_mixin.py:190} INFO - [2026-08-12T04:36:32.182+0000] {dag.py:4138} INFO - Setting next_dagrun for dataset_produces_1 to 2026-08-11 00:00:00+00:00, run_after=2026-08-12 00:00:00+00:00
[2026-08-12T04:36:32.185+0000] {logging_mixin.py:190} INFO - [2026-08-12T04:36:32.185+0000] {dag.py:4138} INFO - Setting next_dagrun for dataset_produces_2 to None, run_after=None
[2026-08-12T04:36:32.221+0000] {processor.py:208} INFO - Processing /home/airflow/.local/lib/python3.12/site-packages/airflow/example_dags/example_datasets.py took 0.296 seconds
[2026-08-12T04:37:02.732+0000] {processor.py:186} INFO - Started process (PID=600) to work on /home/airflow/.local/lib/python3.12/site-packages/airflow/example_dags/example_datasets.py
[2026-08-12T04:37:02.734+0000] {processor.py:914} INFO - Processing file /home/airflow/.local/lib/python3.12/site-packages/airflow/example_dags/example_datasets.py for tasks to queue
[2026-08-12T04:37:02.737+0000] {logging_mixin.py:190} INFO - [2026-08-12T04:37:02.737+0000] {dagbag.py:587} INFO - Filling up the DagBag from /home/airflow/.local/lib/python3.12/site-packages/airflow/example_dags/example_datasets.py
[2026-08-12T04:37:02.957+0000] {processor.py:925} INFO - DAG(s) 'dataset_produces_2', 'dataset_consumes_1_never_scheduled', 'dataset_produces_1', 'dataset_consumes_1_and_2', 'consume_1_and_2_with_dataset_expressions', 'dataset_consumes_unknown_never_scheduled', 'consume_1_or_both_2_and_3_with_dataset_expressions', 'dataset_consumes_1', 'consume_1_or_2_with_dataset_expressions', 'conditional_dataset_and_time_based_timetable' retrieved from /home/airflow/.local/lib/python3.12/site-packages/airflow/example_dags/example_datasets.py
[2026-08-12T04:37:03.013+0000] {logging_mixin.py:190} INFO - [2026-08-12T04:37:03.012+0000] {dag.py:3211} INFO - Sync 10 DAGs
[2026-08-12T04:37:03.040+0000] {logging_mixin.py:190} INFO - [2026-08-12T04:37:03.039+0000] {dag.py:4138} INFO - Setting next_dagrun for conditional_dataset_and_time_based_timetable to 2026-08-12 01:00:00+00:00, run_after=2026-08-12 01:00:00+00:00
[2026-08-12T04:37:03.044+0000] {logging_mixin.py:190} INFO - [2026-08-12T04:37:03.044+0000] {dag.py:4138} INFO - Setting next_dagrun for consume_1_and_2_with_dataset_expressions to None, run_after=None
[2026-08-12T04:37:03.047+0000] {logging_mixin.py:190} INFO - [2026-08-12T04:37:03.046+0000] {dag.py:4138} INFO - Setting next_dagrun for consume_1_or_2_with_dataset_expressions to None, run_after=None
[2026-08-12T04:37:03.049+0000] {logging_mixin.py:190} INFO - [2026-08-12T04:37:03.049+0000] {dag.py:4138} INFO - Setting next_dagrun for consume_1_or_both_2_and_3_with_dataset_expressions to None, run_after=None
[2026-08-12T04:37:03.051+0000] {logging_mixin.py:190} INFO - [2026-08-12T04:37:03.050+0000] {dag.py:4138} INFO - Setting next_dagrun for dataset_consumes_1 to None, run_after=None
[2026-08-12T04:37:03.053+0000] {logging_mixin.py:190} INFO - [2026-08-12T04:37:03.052+0000] {dag.py:4138} INFO - Setting next_dagrun for dataset_consumes_1_and_2 to None, run_after=None
[2026-08-12T04:37:03.055+0000] {logging_mixin.py:190} INFO - [2026-08-12T04:37:03.054+0000] {dag.py:4138} INFO - Setting next_dagrun for dataset_consumes_1_never_scheduled to None, run_after=None
[2026-08-12T04:37:03.057+0000] {logging_mixin.py:190} INFO - [2026-08-12T04:37:03.057+0000] {dag.py:4138} INFO - Setting next_dagrun for dataset_consumes_unknown_never_scheduled to None, run_after=None
[2026-08-12T04:37:03.060+0000] {logging_mixin.py:190} INFO - [2026-08-12T04:37:03.060+0000] {dag.py:4138} INFO - Setting next_dagrun for dataset_produces_1 to 2026-08-11 00:00:00+00:00, run_after=2026-08-12 00:00:00+00:00
[2026-08-12T04:37:03.063+0000] {logging_mixin.py:190} INFO - [2026-08-12T04:37:03.062+0000] {dag.py:4138} INFO - Setting next_dagrun for dataset_produces_2 to None, run_after=None
[2026-08-12T04:37:03.121+0000] {processor.py:208} INFO - Processing /home/airflow/.local/lib/python3.12/site-packages/airflow/example_dags/example_datasets.py took 0.396 seconds
[2026-08-12T04:37:34.011+0000] {processor.py:186} INFO - Started process (PID=662) to work on /home/airflow/.local/lib/python3.12/site-packages/airflow/example_dags/example_datasets.py
[2026-08-12T04:37:34.012+0000] {processor.py:914} INFO - Processing file /home/airflow/.local/lib/python3.12/site-packages/airflow/example_dags/example_datasets.py for tasks to queue
[2026-08-12T04:37:34.015+0000] {logging_mixin.py:190} INFO - [2026-08-12T04:37:34.015+0000] {dagbag.py:587} INFO - Filling up the DagBag from /home/airflow/.local/lib/python3.12/site-packages/airflow/example_dags/example_datasets.py
[2026-08-12T04:37:34.225+0000] {processor.py:925} INFO - DAG(s) 'dataset_consumes_1_never_scheduled', 'dataset_consumes_unknown_never_scheduled', 'dataset_produces_2', 'dataset_consumes_1_and_2', 'consume_1_or_2_with_dataset_expressions', 'conditional_dataset_and_time_based_timetable', 'consume_1_and_2_with_dataset_expressions', 'dataset_produces_1', 'dataset_consumes_1', 'consume_1_or_both_2_and_3_with_dataset_expressions' retrieved from /home/airflow/.local/lib/python3.12/site-packages/airflow/example_dags/example_datasets.py
[2026-08-12T04:37:34.290+0000] {logging_mixin.py:190} INFO - [2026-08-12T04:37:34.290+0000] {dag.py:3211} INFO - Sync 10 DAGs
[2026-08-12T04:37:34.331+0000] {logging_mixin.py:190} INFO - [2026-08-12T04:37:34.331+0000] {dag.py:4138} INFO - Setting next_dagrun for conditional_dataset_and_time_based_timetable to 2026-08-12 01:00:00+00:00, run_after=2026-08-12 01:00:00+00:00
[2026-08-12T04:37:34.341+0000] {logging_mixin.py:190} INFO - [2026-08-12T04:37:34.340+0000] {dag.py:4138} INFO - Setting next_dagrun for consume_1_and_2_with_dataset_expressions to None, run_after=None
[2026-08-12T04:37:34.347+0000] {logging_mixin.py:190} INFO - [2026-08-12T04:37:34.347+0000] {dag.py:4138} INFO - Setting next_dagrun for consume_1_or_2_with_dataset_expressions to None, run_after=None
[2026-08-12T04:37:34.352+0000] {logging_mixin.py:190} INFO - [2026-08-12T04:37:34.351+0000] {dag.py:4138} INFO - Setting next_dagrun for consume_1_or_both_2_and_3_with_dataset_expressions to None, run_after=None
[2026-08-12T04:37:34.356+0000] {logging_mixin.py:190} INFO - [2026-08-12T04:37:34.356+0000] {dag.py:4138} INFO - Setting next_dagrun for dataset_consumes_1 to None, run_after=None
[2026-08-12T04:37:34.359+0000] {logging_mixin.py:190} INFO - [2026-08-12T04:37:34.359+0000] {dag.py:4138} INFO - Setting next_dagrun for dataset_consumes_1_and_2 to None, run_after=None
[2026-08-12T04:37:34.366+0000] {logging_mixin.py:190} INFO - [2026-08-12T04:37:34.365+0000] {dag.py:4138} INFO - Setting next_dagrun for dataset_consumes_1_never_scheduled to None, run_after=None
[2026-08-12T04:37:34.372+0000] {logging_mixin.py:190} INFO - [2026-08-12T04:37:34.371+0000] {dag.py:4138} INFO - Setting next_dagrun for dataset_consumes_unknown_never_scheduled to None, run_after=None
[2026-08-12T04:37:34.376+0000] {logging_mixin.py:190} INFO - [2026-08-12T04:37:34.376+0000] {dag.py:4138} INFO - Setting next_dagrun for dataset_produces_1 to 2026-08-11 00:00:00+00:00, run_after=2026-08-12 00:00:00+00:00
[2026-08-12T04:37:34.379+0000] {logging_mixin.py:190} INFO - [2026-08-12T04:37:34.378+0000] {dag.py:4138} INFO - Setting next_dagrun for dataset_produces_2 to None, run_after=None
[2026-08-12T04:37:34.446+0000] {processor.py:208} INFO - Processing /home/airflow/.local/lib/python3.12/site-packages/airflow/example_dags/example_datasets.py took 0.440 seconds
[2026-08-12T04:38:04.940+0000] {processor.py:186} INFO - Started process (PID=724) to work on /home/airflow/.local/lib/python3.12/site-packages/airflow/example_dags/example_datasets.py
[2026-08-12T04:38:04.942+0000] {processor.py:914} INFO - Processing file /home/airflow/.local/lib/python3.12/site-packages/airflow/example_dags/example_datasets.py for tasks to queue
[2026-08-12T04:38:04.947+0000] {logging_mixin.py:190} INFO - [2026-08-12T04:38:04.947+0000] {dagbag.py:587} INFO - Filling up the DagBag from /home/airflow/.local/lib/python3.12/site-packages/airflow/example_dags/example_datasets.py
[2026-08-12T04:38:05.130+0000] {processor.py:925} INFO - DAG(s) 'dataset_produces_2', 'dataset_produces_1', 'consume_1_and_2_with_dataset_expressions', 'dataset_consumes_1_and_2', 'dataset_consumes_1_never_scheduled', 'consume_1_or_2_with_dataset_expressions', 'consume_1_or_both_2_and_3_with_dataset_expressions', 'conditional_dataset_and_time_based_timetable', 'dataset_consumes_unknown_never_scheduled', 'dataset_consumes_1' retrieved from /home/airflow/.local/lib/python3.12/site-packages/airflow/example_dags/example_datasets.py
[2026-08-12T04:38:05.197+0000] {logging_mixin.py:190} INFO - [2026-08-12T04:38:05.197+0000] {dag.py:3211} INFO - Sync 10 DAGs
[2026-08-12T04:38:05.229+0000] {logging_mixin.py:190} INFO - [2026-08-12T04:38:05.229+0000] {dag.py:4138} INFO - Setting next_dagrun for conditional_dataset_and_time_based_timetable to 2026-08-12 01:00:00+00:00, run_after=2026-08-12 01:00:00+00:00
[2026-08-12T04:38:05.237+0000] {logging_mixin.py:190} INFO - [2026-08-12T04:38:05.236+0000] {dag.py:4138} INFO - Setting next_dagrun for consume_1_and_2_with_dataset_expressions to None, run_after=None
[2026-08-12T04:38:05.241+0000] {logging_mixin.py:190} INFO - [2026-08-12T04:38:05.241+0000] {dag.py:4138} INFO - Setting next_dagrun for consume_1_or_2_with_dataset_expressions to None, run_after=None
[2026-08-12T04:38:05.244+0000] {logging_mixin.py:190} INFO - [2026-08-12T04:38:05.243+0000] {dag.py:4138} INFO - Setting next_dagrun for consume_1_or_both_2_and_3_with_dataset_expressions to None, run_after=None
[2026-08-12T04:38:05.246+0000] {logging_mixin.py:190} INFO - [2026-08-12T04:38:05.246+0000] {dag.py:4138} INFO - Setting next_dagrun for dataset_consumes_1 to None, run_after=None
[2026-08-12T04:38:05.249+0000] {logging_mixin.py:190} INFO - [2026-08-12T04:38:05.249+0000] {dag.py:4138} INFO - Setting next_dagrun for dataset_consumes_1_and_2 to None, run_after=None
[2026-08-12T04:38:05.253+0000] {logging_mixin.py:190} INFO - [2026-08-12T04:38:05.253+0000] {dag.py:4138} INFO - Setting next_dagrun for dataset_consumes_1_never_scheduled to None, run_after=None
[2026-08-12T04:38:05.256+0000] {logging_mixin.py:190} INFO - [2026-08-12T04:38:05.256+0000] {dag.py:4138} INFO - Setting next_dagrun for dataset_consumes_unknown_never_scheduled to None, run_after=None
[2026-08-12T04:38:05.260+0000] {logging_mixin.py:190} INFO - [2026-08-12T04:38:05.260+0000] {dag.py:4138} INFO - Setting next_dagrun for dataset_produces_1 to 2026-08-11 00:00:00+00:00, run_after=2026-08-12 00:00:00+00:00
[2026-08-12T04:38:05.263+0000] {logging_mixin.py:190} INFO - [2026-08-12T04:38:05.262+0000] {dag.py:4138} INFO - Setting next_dagrun for dataset_produces_2 to None, run_after=None
[2026-08-12T04:38:05.304+0000] {processor.py:208} INFO - Processing /home/airflow/.local/lib/python3.12/site-packages/airflow/example_dags/example_datasets.py took 0.375 seconds
[2026-08-12T04:38:35.541+0000] {processor.py:186} INFO - Started process (PID=786) to work on /home/airflow/.local/lib/python3.12/site-packages/airflow/example_dags/example_datasets.py
[2026-08-12T04:38:35.543+0000] {processor.py:914} INFO - Processing file /home/airflow/.local/lib/python3.12/site-packages/airflow/example_dags/example_datasets.py for tasks to queue
[2026-08-12T04:38:35.546+0000] {logging_mixin.py:190} INFO - [2026-08-12T04:38:35.546+0000] {dagbag.py:587} INFO - Filling up the DagBag from /home/airflow/.local/lib/python3.12/site-packages/airflow/example_dags/example_datasets.py
[2026-08-12T04:38:35.715+0000] {processor.py:925} INFO - DAG(s) 'conditional_dataset_and_time_based_timetable', 'dataset_consumes_1_never_scheduled', 'consume_1_or_2_with_dataset_expressions', 'dataset_produces_1', 'dataset_consumes_1_and_2', 'consume_1_or_both_2_and_3_with_dataset_expressions', 'consume_1_and_2_with_dataset_expressions', 'dataset_produces_2', 'dataset_consumes_unknown_never_scheduled', 'dataset_consumes_1' retrieved from /home/airflow/.local/lib/python3.12/site-packages/airflow/example_dags/example_datasets.py
[2026-08-12T04:38:35.773+0000] {logging_mixin.py:190} INFO - [2026-08-12T04:38:35.773+0000] {dag.py:3211} INFO - Sync 10 DAGs
[2026-08-12T04:38:35.803+0000] {logging_mixin.py:190} INFO - [2026-08-12T04:38:35.802+0000] {dag.py:4138} INFO - Setting next_dagrun for conditional_dataset_and_time_based_timetable to 2026-08-12 01:00:00+00:00, run_after=2026-08-12 01:00:00+00:00
[2026-08-12T04:38:35.807+0000] {logging_mixin.py:190} INFO - [2026-08-12T04:38:35.807+0000] {dag.py:4138} INFO - Setting next_dagrun for consume_1_and_2_with_dataset_expressions to None, run_after=None
[2026-08-12T04:38:35.810+0000] {logging_mixin.py:190} INFO - [2026-08-12T04:38:35.810+0000] {dag.py:4138} INFO - Setting next_dagrun for consume_1_or_2_with_dataset_expressions to None, run_after=None
[2026-08-12T04:38:35.812+0000] {logging_mixin.py:190} INFO - [2026-08-12T04:38:35.812+0000] {dag.py:4138} INFO - Setting next_dagrun for consume_1_or_both_2_and_3_with_dataset_expressions to None, run_after=None
[2026-08-12T04:38:35.814+0000] {logging_mixin.py:190} INFO - [2026-08-12T04:38:35.814+0000] {dag.py:4138} INFO - Setting next_dagrun for dataset_consumes_1 to None, run_after=None
[2026-08-12T04:38:35.816+0000] {logging_mixin.py:190} INFO - [2026-08-12T04:38:35.816+0000] {dag.py:4138} INFO - Setting next_dagrun for dataset_consumes_1_and_2 to None, run_after=None
[2026-08-12T04:38:35.819+0000] {logging_mixin.py:190} INFO - [2026-08-12T04:38:35.819+0000] {dag.py:4138} INFO - Setting next_dagrun for dataset_consumes_1_never_scheduled to None, run_after=None
[2026-08-12T04:38:35.821+0000] {logging_mixin.py:190} INFO - [2026-08-12T04:38:35.821+0000] {dag.py:4138} INFO - Setting next_dagrun for dataset_consumes_unknown_never_scheduled to None, run_after=None
[2026-08-12T04:38:35.824+0000] {logging_mixin.py:190} INFO - [2026-08-12T04:38:35.824+0000] {dag.py:4138} INFO - Setting next_dagrun for dataset_produces_1 to 2026-08-11 00:00:00+00:00, run_after=2026-08-12 00:00:00+00:00
[2026-08-12T04:38:35.827+0000] {logging_mixin.py:190} INFO - [2026-08-12T04:38:35.827+0000] {dag.py:4138} INFO - Setting next_dagrun for dataset_produces_2 to None, run_after=None
[2026-08-12T04:38:35.866+0000] {processor.py:208} INFO - Processing /home/airflow/.local/lib/python3.12/site-packages/airflow/example_dags/example_datasets.py took 0.331 seconds
[2026-08-12T04:39:05.980+0000] {processor.py:186} INFO - Started process (PID=848) to work on /home/airflow/.local/lib/python3.12/site-packages/airflow/example_dags/example_datasets.py
[2026-08-12T04:39:05.981+0000] {processor.py:914} INFO - Processing file /home/airflow/.local/lib/python3.12/site-packages/airflow/example_dags/example_datasets.py for tasks to queue
[2026-08-12T04:39:05.985+0000] {logging_mixin.py:190} INFO - [2026-08-12T04:39:05.984+0000] {dagbag.py:587} INFO - Filling up the DagBag from /home/airflow/.local/lib/python3.12/site-packages/airflow/example_dags/example_datasets.py
[2026-08-12T04:39:06.120+0000] {processor.py:925} INFO - DAG(s) 'consume_1_or_2_with_dataset_expressions', 'dataset_consumes_unknown_never_scheduled', 'dataset_consumes_1_and_2', 'dataset_consumes_1', 'consume_1_and_2_with_dataset_expressions', 'consume_1_or_both_2_and_3_with_dataset_expressions', 'dataset_consumes_1_never_scheduled', 'dataset_produces_1', 'dataset_produces_2', 'conditional_dataset_and_time_based_timetable' retrieved from /home/airflow/.local/lib/python3.12/site-packages/airflow/example_dags/example_datasets.py
[2026-08-12T04:39:06.167+0000] {logging_mixin.py:190} INFO - [2026-08-12T04:39:06.167+0000] {dag.py:3211} INFO - Sync 10 DAGs
[2026-08-12T04:39:06.190+0000] {logging_mixin.py:190} INFO - [2026-08-12T04:39:06.190+0000] {dag.py:4138} INFO - Setting next_dagrun for conditional_dataset_and_time_based_timetable to 2026-08-12 01:00:00+00:00, run_after=2026-08-12 01:00:00+00:00
[2026-08-12T04:39:06.194+0000] {logging_mixin.py:190} INFO - [2026-08-12T04:39:06.194+0000] {dag.py:4138} INFO - Setting next_dagrun for consume_1_and_2_with_dataset_expressions to None, run_after=None
[2026-08-12T04:39:06.197+0000] {logging_mixin.py:190} INFO - [2026-08-12T04:39:06.197+0000] {dag.py:4138} INFO - Setting next_dagrun for consume_1_or_2_with_dataset_expressions to None, run_after=None
[2026-08-12T04:39:06.199+0000] {logging_mixin.py:190} INFO - [2026-08-12T04:39:06.199+0000] {dag.py:4138} INFO - Setting next_dagrun for consume_1_or_both_2_and_3_with_dataset_expressions to None, run_after=None
[2026-08-12T04:39:06.202+0000] {logging_mixin.py:190} INFO - [2026-08-12T04:39:06.202+0000] {dag.py:4138} INFO - Setting next_dagrun for dataset_consumes_1 to None, run_after=None
[2026-08-12T04:39:06.204+0000] {logging_mixin.py:190} INFO - [2026-08-12T04:39:06.204+0000] {dag.py:4138} INFO - Setting next_dagrun for dataset_consumes_1_and_2 to None, run_after=None
[2026-08-12T04:39:06.206+0000] {logging_mixin.py:190} INFO - [2026-08-12T04:39:06.206+0000] {dag.py:4138} INFO - Setting next_dagrun for dataset_consumes_1_never_scheduled to None, run_after=None
[2026-08-12T04:39:06.208+0000] {logging_mixin.py:190} INFO - [2026-08-12T04:39:06.208+0000] {dag.py:4138} INFO - Setting next_dagrun for dataset_consumes_unknown_never_scheduled to None, run_after=None
[2026-08-12T04:39:06.212+0000] {logging_mixin.py:190} INFO - [2026-08-12T04:39:06.212+0000] {dag.py:4138} INFO - Setting next_dagrun for dataset_produces_1 to 2026-08-11 00:00:00+00:00, run_after=2026-08-12 00:00:00+00:00
[2026-08-12T04:39:06.215+0000] {logging_mixin.py:190} INFO - [2026-08-12T04:39:06.214+0000] {dag.py:4138} INFO - Setting next_dagrun for dataset_produces_2 to None, run_after=None
[2026-08-12T04:39:06.265+0000] {processor.py:208} INFO - Processing /home/airflow/.local/lib/python3.12/site-packages/airflow/example_dags/example_datasets.py took 0.290 seconds
[2026-08-12T04:39:36.323+0000] {processor.py:186} INFO - Started process (PID=910) to work on /home/airflow/.local/lib/python3.12/site-packages/airflow/example_dags/example_datasets.py
[2026-08-12T04:39:36.325+0000] {processor.py:914} INFO - Processing file /home/airflow/.local/lib/python3.12/site-packages/airflow/example_dags/example_datasets.py for tasks to queue
[2026-08-12T04:39:36.328+0000] {logging_mixin.py:190} INFO - [2026-08-12T04:39:36.327+0000] {dagbag.py:587} INFO - Filling up the DagBag from /home/airflow/.local/lib/python3.12/site-packages/airflow/example_dags/example_datasets.py
[2026-08-12T04:39:36.474+0000] {processor.py:925} INFO - DAG(s) 'dataset_consumes_unknown_never_scheduled', 'dataset_consumes_1_and_2', 'consume_1_and_2_with_dataset_expressions', 'consume_1_or_2_with_dataset_expressions', 'dataset_consumes_1', 'dataset_consumes_1_never_scheduled', 'dataset_produces_1', 'dataset_produces_2', 'conditional_dataset_and_time_based_timetable', 'consume_1_or_both_2_and_3_with_dataset_expressions' retrieved from /home/airflow/.local/lib/python3.12/site-packages/airflow/example_dags/example_datasets.py
[2026-08-12T04:39:36.517+0000] {logging_mixin.py:190} INFO - [2026-08-12T04:39:36.517+0000] {dag.py:3211} INFO - Sync 10 DAGs
[2026-08-12T04:39:36.543+0000] {logging_mixin.py:190} INFO - [2026-08-12T04:39:36.542+0000] {dag.py:4138} INFO - Setting next_dagrun for conditional_dataset_and_time_based_timetable to 2026-08-12 01:00:00+00:00, run_after=2026-08-12 01:00:00+00:00
[2026-08-12T04:39:36.548+0000] {logging_mixin.py:190} INFO - [2026-08-12T04:39:36.547+0000] {dag.py:4138} INFO - Setting next_dagrun for consume_1_and_2_with_dataset_expressions to None, run_after=None
[2026-08-12T04:39:36.550+0000] {logging_mixin.py:190} INFO - [2026-08-12T04:39:36.550+0000] {dag.py:4138} INFO - Setting next_dagrun for consume_1_or_2_with_dataset_expressions to None, run_after=None
[2026-08-12T04:39:36.553+0000] {logging_mixin.py:190} INFO - [2026-08-12T04:39:36.552+0000] {dag.py:4138} INFO - Setting next_dagrun for consume_1_or_both_2_and_3_with_dataset_expressions to None, run_after=None
[2026-08-12T04:39:36.555+0000] {logging_mixin.py:190} INFO - [2026-08-12T04:39:36.555+0000] {dag.py:4138} INFO - Setting next_dagrun for dataset_consumes_1 to None, run_after=None
[2026-08-12T04:39:36.569+0000] {logging_mixin.py:190} INFO - [2026-08-12T04:39:36.569+0000] {dag.py:4138} INFO - Setting next_dagrun for dataset_consumes_1_and_2 to None, run_after=None
[2026-08-12T04:39:36.571+0000] {logging_mixin.py:190} INFO - [2026-08-12T04:39:36.571+0000] {dag.py:4138} INFO - Setting next_dagrun for dataset_consumes_1_never_scheduled to None, run_after=None
[2026-08-12T04:39:36.573+0000] {logging_mixin.py:190} INFO - [2026-08-12T04:39:36.573+0000] {dag.py:4138} INFO - Setting next_dagrun for dataset_consumes_unknown_never_scheduled to None, run_after=None
[2026-08-12T04:39:36.577+0000] {logging_mixin.py:190} INFO - [2026-08-12T04:39:36.577+0000] {dag.py:4138} INFO - Setting next_dagrun for dataset_produces_1 to 2026-08-11 00:00:00+00:00, run_after=2026-08-12 00:00:00+00:00
[2026-08-12T04:39:36.579+0000] {logging_mixin.py:190} INFO - [2026-08-12T04:39:36.579+0000] {dag.py:4138} INFO - Setting next_dagrun for dataset_produces_2 to None, run_after=None
[2026-08-12T04:39:36.613+0000] {processor.py:208} INFO - Processing /home/airflow/.local/lib/python3.12/site-packages/airflow/example_dags/example_datasets.py took 0.296 seconds
[2026-08-12T04:40:06.740+0000] {processor.py:186} INFO - Started process (PID=972) to work on /home/airflow/.local/lib/python3.12/site-packages/airflow/example_dags/example_datasets.py
[2026-08-12T04:40:06.742+0000] {processor.py:914} INFO - Processing file /home/airflow/.local/lib/python3.12/site-packages/airflow/example_dags/example_datasets.py for tasks to queue
[2026-08-12T04:40:06.746+0000] {logging_mixin.py:190} INFO - [2026-08-12T04:40:06.745+0000] {dagbag.py:587} INFO - Filling up the DagBag from /home/airflow/.local/lib/python3.12/site-packages/airflow/example_dags/example_datasets.py
[2026-08-12T04:40:06.888+0000] {processor.py:925} INFO - DAG(s) 'dataset_consumes_1_never_scheduled', 'consume_1_or_both_2_and_3_with_dataset_expressions', 'dataset_consumes_unknown_never_scheduled', 'consume_1_or_2_with_dataset_expressions', 'dataset_produces_2', 'conditional_dataset_and_time_based_timetable', 'dataset_consumes_1_and_2', 'consume_1_and_2_with_dataset_expressions', 'dataset_produces_1', 'dataset_consumes_1' retrieved from /home/airflow/.local/lib/python3.12/site-packages/airflow/example_dags/example_datasets.py
[2026-08-12T04:40:06.934+0000] {logging_mixin.py:190} INFO - [2026-08-12T04:40:06.933+0000] {dag.py:3211} INFO - Sync 10 DAGs
[2026-08-12T04:40:06.977+0000] {logging_mixin.py:190} INFO - [2026-08-12T04:40:06.977+0000] {dag.py:4138} INFO - Setting next_dagrun for conditional_dataset_and_time_based_timetable to 2026-08-12 01:00:00+00:00, run_after=2026-08-12 01:00:00+00:00
[2026-08-12T04:40:06.981+0000] {logging_mixin.py:190} INFO - [2026-08-12T04:40:06.981+0000] {dag.py:4138} INFO - Setting next_dagrun for consume_1_and_2_with_dataset_expressions to None, run_after=None
[2026-08-12T04:40:06.984+0000] {logging_mixin.py:190} INFO - [2026-08-12T04:40:06.983+0000] {dag.py:4138} INFO - Setting next_dagrun for consume_1_or_2_with_dataset_expressions to None, run_after=None
[2026-08-12T04:40:06.986+0000] {logging_mixin.py:190} INFO - [2026-08-12T04:40:06.986+0000] {dag.py:4138} INFO - Setting next_dagrun for consume_1_or_both_2_and_3_with_dataset_expressions to None, run_after=None
[2026-08-12T04:40:06.989+0000] {logging_mixin.py:190} INFO - [2026-08-12T04:40:06.989+0000] {dag.py:4138} INFO - Setting next_dagrun for dataset_consumes_1 to None, run_after=None
[2026-08-12T04:40:06.991+0000] {logging_mixin.py:190} INFO - [2026-08-12T04:40:06.991+0000] {dag.py:4138} INFO - Setting next_dagrun for dataset_consumes_1_and_2 to None, run_after=None
[2026-08-12T04:40:06.994+0000] {logging_mixin.py:190} INFO - [2026-08-12T04:40:06.994+0000] {dag.py:4138} INFO - Setting next_dagrun for dataset_consumes_1_never_scheduled to None, run_after=None
[2026-08-12T04:40:06.997+0000] {logging_mixin.py:190} INFO - [2026-08-12T04:40:06.996+0000] {dag.py:4138} INFO - Setting next_dagrun for dataset_consumes_unknown_never_scheduled to None, run_after=None
[2026-08-12T04:40:07.000+0000] {logging_mixin.py:190} INFO - [2026-08-12T04:40:07.000+0000] {dag.py:4138} INFO - Setting next_dagrun for dataset_produces_1 to 2026-08-11 00:00:00+00:00, run_after=2026-08-12 00:00:00+00:00
[2026-08-12T04:40:07.002+0000] {logging_mixin.py:190} INFO - [2026-08-12T04:40:07.002+0000] {dag.py:4138} INFO - Setting next_dagrun for dataset_produces_2 to None, run_after=None
[2026-08-12T04:40:07.053+0000] {processor.py:208} INFO - Processing /home/airflow/.local/lib/python3.12/site-packages/airflow/example_dags/example_datasets.py took 0.319 seconds
[2026-08-12T04:40:37.635+0000] {processor.py:186} INFO - Started process (PID=1034) to work on /home/airflow/.local/lib/python3.12/site-packages/airflow/example_dags/example_datasets.py
[2026-08-12T04:40:37.637+0000] {processor.py:914} INFO - Processing file /home/airflow/.local/lib/python3.12/site-packages/airflow/example_dags/example_datasets.py for tasks to queue
[2026-08-12T04:40:37.639+0000] {logging_mixin.py:190} INFO - [2026-08-12T04:40:37.639+0000] {dagbag.py:587} INFO - Filling up the DagBag from /home/airflow/.local/lib/python3.12/site-packages/airflow/example_dags/example_datasets.py
[2026-08-12T04:40:37.759+0000] {processor.py:925} INFO - DAG(s) 'dataset_produces_2', 'dataset_produces_1', 'dataset_consumes_1', 'dataset_consumes_1_and_2', 'consume_1_and_2_with_dataset_expressions', 'conditional_dataset_and_time_based_timetable', 'consume_1_or_both_2_and_3_with_dataset_expressions', 'dataset_consumes_unknown_never_scheduled', 'consume_1_or_2_with_dataset_expressions', 'dataset_consumes_1_never_scheduled' retrieved from /home/airflow/.local/lib/python3.12/site-packages/airflow/example_dags/example_datasets.py
[2026-08-12T04:40:37.809+0000] {logging_mixin.py:190} INFO - [2026-08-12T04:40:37.808+0000] {dag.py:3211} INFO - Sync 10 DAGs
[2026-08-12T04:40:37.837+0000] {logging_mixin.py:190} INFO - [2026-08-12T04:40:37.836+0000] {dag.py:4138} INFO - Setting next_dagrun for conditional_dataset_and_time_based_timetable to 2026-08-12 01:00:00+00:00, run_after=2026-08-12 01:00:00+00:00
[2026-08-12T04:40:37.841+0000] {logging_mixin.py:190} INFO - [2026-08-12T04:40:37.841+0000] {dag.py:4138} INFO - Setting next_dagrun for consume_1_and_2_with_dataset_expressions to None, run_after=None
[2026-08-12T04:40:37.844+0000] {logging_mixin.py:190} INFO - [2026-08-12T04:40:37.844+0000] {dag.py:4138} INFO - Setting next_dagrun for consume_1_or_2_with_dataset_expressions to None, run_after=None
[2026-08-12T04:40:37.846+0000] {logging_mixin.py:190} INFO - [2026-08-12T04:40:37.846+0000] {dag.py:4138} INFO - Setting next_dagrun for consume_1_or_both_2_and_3_with_dataset_expressions to None, run_after=None
[2026-08-12T04:40:37.848+0000] {logging_mixin.py:190} INFO - [2026-08-12T04:40:37.848+0000] {dag.py:4138} INFO - Setting next_dagrun for dataset_consumes_1 to None, run_after=None
[2026-08-12T04:40:37.851+0000] {logging_mixin.py:190} INFO - [2026-08-12T04:40:37.850+0000] {dag.py:4138} INFO - Setting next_dagrun for dataset_consumes_1_and_2 to None, run_after=None
[2026-08-12T04:40:37.854+0000] {logging_mixin.py:190} INFO - [2026-08-12T04:40:37.853+0000] {dag.py:4138} INFO - Setting next_dagrun for dataset_consumes_1_never_scheduled to None, run_after=None
[2026-08-12T04:40:37.856+0000] {logging_mixin.py:190} INFO - [2026-08-12T04:40:37.856+0000] {dag.py:4138} INFO - Setting next_dagrun for dataset_consumes_unknown_never_scheduled to None, run_after=None
[2026-08-12T04:40:37.859+0000] {logging_mixin.py:190} INFO - [2026-08-12T04:40:37.859+0000] {dag.py:4138} INFO - Setting next_dagrun for dataset_produces_1 to 2026-08-11 00:00:00+00:00, run_after=2026-08-12 00:00:00+00:00
[2026-08-12T04:40:37.862+0000] {logging_mixin.py:190} INFO - [2026-08-12T04:40:37.862+0000] {dag.py:4138} INFO - Setting next_dagrun for dataset_produces_2 to None, run_after=None
[2026-08-12T04:40:37.897+0000] {processor.py:208} INFO - Processing /home/airflow/.local/lib/python3.12/site-packages/airflow/example_dags/example_datasets.py took 0.268 seconds
[2026-08-12T04:41:08.171+0000] {processor.py:186} INFO - Started process (PID=1096) to work on /home/airflow/.local/lib/python3.12/site-packages/airflow/example_dags/example_datasets.py
[2026-08-12T04:41:08.173+0000] {processor.py:914} INFO - Processing file /home/airflow/.local/lib/python3.12/site-packages/airflow/example_dags/example_datasets.py for tasks to queue
[2026-08-12T04:41:08.176+0000] {logging_mixin.py:190} INFO - [2026-08-12T04:41:08.176+0000] {dagbag.py:587} INFO - Filling up the DagBag from /home/airflow/.local/lib/python3.12/site-packages/airflow/example_dags/example_datasets.py
[2026-08-12T04:41:08.331+0000] {processor.py:925} INFO - DAG(s) 'conditional_dataset_and_time_based_timetable', 'dataset_produces_1', 'dataset_consumes_1', 'dataset_consumes_1_and_2', 'consume_1_or_2_with_dataset_expressions', 'dataset_consumes_1_never_scheduled', 'dataset_consumes_unknown_never_scheduled', 'consume_1_or_both_2_and_3_with_dataset_expressions', 'dataset_produces_2', 'consume_1_and_2_with_dataset_expressions' retrieved from /home/airflow/.local/lib/python3.12/site-packages/airflow/example_dags/example_datasets.py
[2026-08-12T04:41:08.379+0000] {logging_mixin.py:190} INFO - [2026-08-12T04:41:08.379+0000] {dag.py:3211} INFO - Sync 10 DAGs
[2026-08-12T04:41:08.411+0000] {logging_mixin.py:190} INFO - [2026-08-12T04:41:08.411+0000] {dag.py:4138} INFO - Setting next_dagrun for conditional_dataset_and_time_based_timetable to 2026-08-12 01:00:00+00:00, run_after=2026-08-12 01:00:00+00:00
[2026-08-12T04:41:08.416+0000] {logging_mixin.py:190} INFO - [2026-08-12T04:41:08.416+0000] {dag.py:4138} INFO - Setting next_dagrun for consume_1_and_2_with_dataset_expressions to None, run_after=None
[2026-08-12T04:41:08.419+0000] {logging_mixin.py:190} INFO - [2026-08-12T04:41:08.418+0000] {dag.py:4138} INFO - Setting next_dagrun for consume_1_or_2_with_dataset_expressions to None, run_after=None
[2026-08-12T04:41:08.421+0000] {logging_mixin.py:190} INFO - [2026-08-12T04:41:08.421+0000] {dag.py:4138} INFO - Setting next_dagrun for consume_1_or_both_2_and_3_with_dataset_expressions to None, run_after=None
[2026-08-12T04:41:08.423+0000] {logging_mixin.py:190} INFO - [2026-08-12T04:41:08.423+0000] {dag.py:4138} INFO - Setting next_dagrun for dataset_consumes_1 to None, run_after=None
[2026-08-12T04:41:08.425+0000] {logging_mixin.py:190} INFO - [2026-08-12T04:41:08.425+0000] {dag.py:4138} INFO - Setting next_dagrun for dataset_consumes_1_and_2 to None, run_after=None
[2026-08-12T04:41:08.427+0000] {logging_mixin.py:190} INFO - [2026-08-12T04:41:08.427+0000] {dag.py:4138} INFO - Setting next_dagrun for dataset_consumes_1_never_scheduled to None, run_after=None
[2026-08-12T04:41:08.429+0000] {logging_mixin.py:190} INFO - [2026-08-12T04:41:08.429+0000] {dag.py:4138} INFO - Setting next_dagrun for dataset_consumes_unknown_never_scheduled to None, run_after=None
[2026-08-12T04:41:08.432+0000] {logging_mixin.py:190} INFO - [2026-08-12T04:41:08.432+0000] {dag.py:4138} INFO - Setting next_dagrun for dataset_produces_1 to 2026-08-11 00:00:00+00:00, run_after=2026-08-12 00:00:00+00:00
[2026-08-12T04:41:08.434+0000] {logging_mixin.py:190} INFO - [2026-08-12T04:41:08.434+0000] {dag.py:4138} INFO - Setting next_dagrun for dataset_produces_2 to None, run_after=None
[2026-08-12T04:41:08.469+0000] {processor.py:208} INFO - Processing /home/airflow/.local/lib/python3.12/site-packages/airflow/example_dags/example_datasets.py took 0.303 seconds
[2026-08-12T04:41:38.720+0000] {processor.py:186} INFO - Started process (PID=1158) to work on /home/airflow/.local/lib/python3.12/site-packages/airflow/example_dags/example_datasets.py
[2026-08-12T04:41:38.722+0000] {processor.py:914} INFO - Processing file /home/airflow/.local/lib/python3.12/site-packages/airflow/example_dags/example_datasets.py for tasks to queue
[2026-08-12T04:41:38.725+0000] {logging_mixin.py:190} INFO - [2026-08-12T04:41:38.724+0000] {dagbag.py:587} INFO - Filling up the DagBag from /home/airflow/.local/lib/python3.12/site-packages/airflow/example_dags/example_datasets.py
[2026-08-12T04:41:38.879+0000] {processor.py:925} INFO - DAG(s) 'dataset_consumes_unknown_never_scheduled', 'dataset_consumes_1', 'consume_1_or_both_2_and_3_with_dataset_expressions', 'conditional_dataset_and_time_based_timetable', 'dataset_consumes_1_and_2', 'dataset_produces_2', 'dataset_produces_1', 'consume_1_or_2_with_dataset_expressions', 'dataset_consumes_1_never_scheduled', 'consume_1_and_2_with_dataset_expressions' retrieved from /home/airflow/.local/lib/python3.12/site-packages/airflow/example_dags/example_datasets.py
[2026-08-12T04:41:38.943+0000] {logging_mixin.py:190} INFO - [2026-08-12T04:41:38.943+0000] {dag.py:3211} INFO - Sync 10 DAGs
[2026-08-12T04:41:38.973+0000] {logging_mixin.py:190} INFO - [2026-08-12T04:41:38.972+0000] {dag.py:4138} INFO - Setting next_dagrun for conditional_dataset_and_time_based_timetable to 2026-08-12 01:00:00+00:00, run_after=2026-08-12 01:00:00+00:00
[2026-08-12T04:41:38.978+0000] {logging_mixin.py:190} INFO - [2026-08-12T04:41:38.977+0000] {dag.py:4138} INFO - Setting next_dagrun for consume_1_and_2_with_dataset_expressions to None, run_after=None
[2026-08-12T04:41:38.980+0000] {logging_mixin.py:190} INFO - [2026-08-12T04:41:38.980+0000] {dag.py:4138} INFO - Setting next_dagrun for consume_1_or_2_with_dataset_expressions to None, run_after=None
[2026-08-12T04:41:38.982+0000] {logging_mixin.py:190} INFO - [2026-08-12T04:41:38.982+0000] {dag.py:4138} INFO - Setting next_dagrun for consume_1_or_both_2_and_3_with_dataset_expressions to None, run_after=None
[2026-08-12T04:41:38.984+0000] {logging_mixin.py:190} INFO - [2026-08-12T04:41:38.984+0000] {dag.py:4138} INFO - Setting next_dagrun for dataset_consumes_1 to None, run_after=None
[2026-08-12T04:41:38.986+0000] {logging_mixin.py:190} INFO - [2026-08-12T04:41:38.986+0000] {dag.py:4138} INFO - Setting next_dagrun for dataset_consumes_1_and_2 to None, run_after=None
[2026-08-12T04:41:38.988+0000] {logging_mixin.py:190} INFO - [2026-08-12T04:41:38.988+0000] {dag.py:4138} INFO - Setting next_dagrun for dataset_consumes_1_never_scheduled to None, run_after=None
[2026-08-12T04:41:38.991+0000] {logging_mixin.py:190} INFO - [2026-08-12T04:41:38.990+0000] {dag.py:4138} INFO - Setting next_dagrun for dataset_consumes_unknown_never_scheduled to None, run_after=None
[2026-08-12T04:41:38.994+0000] {logging_mixin.py:190} INFO - [2026-08-12T04:41:38.993+0000] {dag.py:4138} INFO - Setting next_dagrun for dataset_produces_1 to 2026-08-11 00:00:00+00:00, run_after=2026-08-12 00:00:00+00:00
[2026-08-12T04:41:38.996+0000] {logging_mixin.py:190} INFO - [2026-08-12T04:41:38.996+0000] {dag.py:4138} INFO - Setting next_dagrun for dataset_produces_2 to None, run_after=None
[2026-08-12T04:41:39.039+0000] {processor.py:208} INFO - Processing /home/airflow/.local/lib/python3.12/site-packages/airflow/example_dags/example_datasets.py took 0.324 seconds
[2026-08-12T04:42:09.484+0000] {processor.py:186} INFO - Started process (PID=1220) to work on /home/airflow/.local/lib/python3.12/site-packages/airflow/example_dags/example_datasets.py
[2026-08-12T04:42:09.486+0000] {processor.py:914} INFO - Processing file /home/airflow/.local/lib/python3.12/site-packages/airflow/example_dags/example_datasets.py for tasks to queue
[2026-08-12T04:42:09.489+0000] {logging_mixin.py:190} INFO - [2026-08-12T04:42:09.489+0000] {dagbag.py:587} INFO - Filling up the DagBag from /home/airflow/.local/lib/python3.12/site-packages/airflow/example_dags/example_datasets.py
[2026-08-12T04:42:09.618+0000] {processor.py:925} INFO - DAG(s) 'dataset_consumes_unknown_never_scheduled', 'dataset_produces_1', 'dataset_consumes_1_and_2', 'dataset_consumes_1', 'consume_1_or_2_with_dataset_expressions', 'dataset_produces_2', 'consume_1_or_both_2_and_3_with_dataset_expressions', 'consume_1_and_2_with_dataset_expressions', 'conditional_dataset_and_time_based_timetable', 'dataset_consumes_1_never_scheduled' retrieved from /home/airflow/.local/lib/python3.12/site-packages/airflow/example_dags/example_datasets.py
[2026-08-12T04:42:09.659+0000] {logging_mixin.py:190} INFO - [2026-08-12T04:42:09.659+0000] {dag.py:3211} INFO - Sync 10 DAGs
[2026-08-12T04:42:09.686+0000] {logging_mixin.py:190} INFO - [2026-08-12T04:42:09.686+0000] {dag.py:4138} INFO - Setting next_dagrun for conditional_dataset_and_time_based_timetable to 2026-08-12 01:00:00+00:00, run_after=2026-08-12 01:00:00+00:00
[2026-08-12T04:42:09.692+0000] {logging_mixin.py:190} INFO - [2026-08-12T04:42:09.692+0000] {dag.py:4138} INFO - Setting next_dagrun for consume_1_and_2_with_dataset_expressions to None, run_after=None
[2026-08-12T04:42:09.696+0000] {logging_mixin.py:190} INFO - [2026-08-12T04:42:09.696+0000] {dag.py:4138} INFO - Setting next_dagrun for consume_1_or_2_with_dataset_expressions to None, run_after=None
[2026-08-12T04:42:09.699+0000] {logging_mixin.py:190} INFO - [2026-08-12T04:42:09.698+0000] {dag.py:4138} INFO - Setting next_dagrun for consume_1_or_both_2_and_3_with_dataset_expressions to None, run_after=None
[2026-08-12T04:42:09.701+0000] {logging_mixin.py:190} INFO - [2026-08-12T04:42:09.701+0000] {dag.py:4138} INFO - Setting next_dagrun for dataset_consumes_1 to None, run_after=None
[2026-08-12T04:42:09.704+0000] {logging_mixin.py:190} INFO - [2026-08-12T04:42:09.703+0000] {dag.py:4138} INFO - Setting next_dagrun for dataset_consumes_1_and_2 to None, run_after=None
[2026-08-12T04:42:09.707+0000] {logging_mixin.py:190} INFO - [2026-08-12T04:42:09.706+0000] {dag.py:4138} INFO - Setting next_dagrun for dataset_consumes_1_never_scheduled to None, run_after=None
[2026-08-12T04:42:09.709+0000] {logging_mixin.py:190} INFO - [2026-08-12T04:42:09.709+0000] {dag.py:4138} INFO - Setting next_dagrun for dataset_consumes_unknown_never_scheduled to None, run_after=None
[2026-08-12T04:42:09.713+0000] {logging_mixin.py:190} INFO - [2026-08-12T04:42:09.712+0000] {dag.py:4138} INFO - Setting next_dagrun for dataset_produces_1 to 2026-08-11 00:00:00+00:00, run_after=2026-08-12 00:00:00+00:00
[2026-08-12T04:42:09.715+0000] {logging_mixin.py:190} INFO - [2026-08-12T04:42:09.715+0000] {dag.py:4138} INFO - Setting next_dagrun for dataset_produces_2 to None, run_after=None
[2026-08-12T04:42:09.767+0000] {processor.py:208} INFO - Processing /home/airflow/.local/lib/python3.12/site-packages/airflow/example_dags/example_datasets.py took 0.290 seconds
[2026-08-12T04:42:40.015+0000] {processor.py:186} INFO - Started process (PID=1282) to work on /home/airflow/.local/lib/python3.12/site-packages/airflow/example_dags/example_datasets.py
[2026-08-12T04:42:40.017+0000] {processor.py:914} INFO - Processing file /home/airflow/.local/lib/python3.12/site-packages/airflow/example_dags/example_datasets.py for tasks to queue
[2026-08-12T04:42:40.020+0000] {logging_mixin.py:190} INFO - [2026-08-12T04:42:40.019+0000] {dagbag.py:587} INFO - Filling up the DagBag from /home/airflow/.local/lib/python3.12/site-packages/airflow/example_dags/example_datasets.py
[2026-08-12T04:42:40.139+0000] {processor.py:925} INFO - DAG(s) 'dataset_consumes_unknown_never_scheduled', 'dataset_produces_1', 'dataset_produces_2', 'consume_1_and_2_with_dataset_expressions', 'dataset_consumes_1_never_scheduled', 'consume_1_or_2_with_dataset_expressions', 'dataset_consumes_1_and_2', 'dataset_consumes_1', 'conditional_dataset_and_time_based_timetable', 'consume_1_or_both_2_and_3_with_dataset_expressions' retrieved from /home/airflow/.local/lib/python3.12/site-packages/airflow/example_dags/example_datasets.py
[2026-08-12T04:42:40.188+0000] {logging_mixin.py:190} INFO - [2026-08-12T04:42:40.188+0000] {dag.py:3211} INFO - Sync 10 DAGs
[2026-08-12T04:42:40.218+0000] {logging_mixin.py:190} INFO - [2026-08-12T04:42:40.218+0000] {dag.py:4138} INFO - Setting next_dagrun for conditional_dataset_and_time_based_timetable to 2026-08-12 01:00:00+00:00, run_after=2026-08-12 01:00:00+00:00
[2026-08-12T04:42:40.225+0000] {logging_mixin.py:190} INFO - [2026-08-12T04:42:40.224+0000] {dag.py:4138} INFO - Setting next_dagrun for consume_1_and_2_with_dataset_expressions to None, run_after=None
[2026-08-12T04:42:40.227+0000] {logging_mixin.py:190} INFO - [2026-08-12T04:42:40.227+0000] {dag.py:4138} INFO - Setting next_dagrun for consume_1_or_2_with_dataset_expressions to None, run_after=None
[2026-08-12T04:42:40.230+0000] {logging_mixin.py:190} INFO - [2026-08-12T04:42:40.230+0000] {dag.py:4138} INFO - Setting next_dagrun for consume_1_or_both_2_and_3_with_dataset_expressions to None, run_after=None
[2026-08-12T04:42:40.233+0000] {logging_mixin.py:190} INFO - [2026-08-12T04:42:40.233+0000] {dag.py:4138} INFO - Setting next_dagrun for dataset_consumes_1 to None, run_after=None
[2026-08-12T04:42:40.237+0000] {logging_mixin.py:190} INFO - [2026-08-12T04:42:40.237+0000] {dag.py:4138} INFO - Setting next_dagrun for dataset_consumes_1_and_2 to None, run_after=None
[2026-08-12T04:42:40.240+0000] {logging_mixin.py:190} INFO - [2026-08-12T04:42:40.240+0000] {dag.py:4138} INFO - Setting next_dagrun for dataset_consumes_1_never_scheduled to None, run_after=None
[2026-08-12T04:42:40.243+0000] {logging_mixin.py:190} INFO - [2026-08-12T04:42:40.243+0000] {dag.py:4138} INFO - Setting next_dagrun for dataset_consumes_unknown_never_scheduled to None, run_after=None
[2026-08-12T04:42:40.248+0000] {logging_mixin.py:190} INFO - [2026-08-12T04:42:40.248+0000] {dag.py:4138} INFO - Setting next_dagrun for dataset_produces_1 to 2026-08-11 00:00:00+00:00, run_after=2026-08-12 00:00:00+00:00
[2026-08-12T04:42:40.251+0000] {logging_mixin.py:190} INFO - [2026-08-12T04:42:40.250+0000] {dag.py:4138} INFO - Setting next_dagrun for dataset_produces_2 to None, run_after=None
[2026-08-12T04:42:40.302+0000] {processor.py:208} INFO - Processing /home/airflow/.local/lib/python3.12/site-packages/airflow/example_dags/example_datasets.py took 0.291 seconds
[2026-08-12T04:43:10.777+0000] {processor.py:186} INFO - Started process (PID=1344) to work on /home/airflow/.local/lib/python3.12/site-packages/airflow/example_dags/example_datasets.py
[2026-08-12T04:43:10.779+0000] {processor.py:914} INFO - Processing file /home/airflow/.local/lib/python3.12/site-packages/airflow/example_dags/example_datasets.py for tasks to queue
[2026-08-12T04:43:10.782+0000] {logging_mixin.py:190} INFO - [2026-08-12T04:43:10.782+0000] {dagbag.py:587} INFO - Filling up the DagBag from /home/airflow/.local/lib/python3.12/site-packages/airflow/example_dags/example_datasets.py
[2026-08-12T04:43:10.929+0000] {processor.py:925} INFO - DAG(s) 'dataset_consumes_unknown_never_scheduled', 'dataset_consumes_1', 'dataset_consumes_1_never_scheduled', 'dataset_consumes_1_and_2', 'consume_1_and_2_with_dataset_expressions', 'consume_1_or_both_2_and_3_with_dataset_expressions', 'conditional_dataset_and_time_based_timetable', 'dataset_produces_2', 'consume_1_or_2_with_dataset_expressions', 'dataset_produces_1' retrieved from /home/airflow/.local/lib/python3.12/site-packages/airflow/example_dags/example_datasets.py
[2026-08-12T04:43:10.972+0000] {logging_mixin.py:190} INFO - [2026-08-12T04:43:10.972+0000] {dag.py:3211} INFO - Sync 10 DAGs
[2026-08-12T04:43:11.009+0000] {logging_mixin.py:190} INFO - [2026-08-12T04:43:11.009+0000] {dag.py:4138} INFO - Setting next_dagrun for conditional_dataset_and_time_based_timetable to 2026-08-12 01:00:00+00:00, run_after=2026-08-12 01:00:00+00:00
[2026-08-12T04:43:11.014+0000] {logging_mixin.py:190} INFO - [2026-08-12T04:43:11.013+0000] {dag.py:4138} INFO - Setting next_dagrun for consume_1_and_2_with_dataset_expressions to None, run_after=None
[2026-08-12T04:43:11.016+0000] {logging_mixin.py:190} INFO - [2026-08-12T04:43:11.016+0000] {dag.py:4138} INFO - Setting next_dagrun for consume_1_or_2_with_dataset_expressions to None, run_after=None
[2026-08-12T04:43:11.019+0000] {logging_mixin.py:190} INFO - [2026-08-12T04:43:11.018+0000] {dag.py:4138} INFO - Setting next_dagrun for consume_1_or_both_2_and_3_with_dataset_expressions to None, run_after=None
[2026-08-12T04:43:11.022+0000] {logging_mixin.py:190} INFO - [2026-08-12T04:43:11.021+0000] {dag.py:4138} INFO - Setting next_dagrun for dataset_consumes_1 to None, run_after=None
[2026-08-12T04:43:11.025+0000] {logging_mixin.py:190} INFO - [2026-08-12T04:43:11.024+0000] {dag.py:4138} INFO - Setting next_dagrun for dataset_consumes_1_and_2 to None, run_after=None
[2026-08-12T04:43:11.028+0000] {logging_mixin.py:190} INFO - [2026-08-12T04:43:11.027+0000] {dag.py:4138} INFO - Setting next_dagrun for dataset_consumes_1_never_scheduled to None, run_after=None
[2026-08-12T04:43:11.030+0000] {logging_mixin.py:190} INFO - [2026-08-12T04:43:11.030+0000] {dag.py:4138} INFO - Setting next_dagrun for dataset_consumes_unknown_never_scheduled to None, run_after=None
[2026-08-12T04:43:11.034+0000] {logging_mixin.py:190} INFO - [2026-08-12T04:43:11.034+0000] {dag.py:4138} INFO - Setting next_dagrun for dataset_produces_1 to 2026-08-11 00:00:00+00:00, run_after=2026-08-12 00:00:00+00:00
[2026-08-12T04:43:11.038+0000] {logging_mixin.py:190} INFO - [2026-08-12T04:43:11.037+0000] {dag.py:4138} INFO - Setting next_dagrun for dataset_produces_2 to None, run_after=None
[2026-08-12T04:43:11.082+0000] {processor.py:208} INFO - Processing /home/airflow/.local/lib/python3.12/site-packages/airflow/example_dags/example_datasets.py took 0.324 seconds
[2026-08-12T04:43:41.892+0000] {processor.py:186} INFO - Started process (PID=1406) to work on /home/airflow/.local/lib/python3.12/site-packages/airflow/example_dags/example_datasets.py
[2026-08-12T04:43:41.894+0000] {processor.py:914} INFO - Processing file /home/airflow/.local/lib/python3.12/site-packages/airflow/example_dags/example_datasets.py for tasks to queue
[2026-08-12T04:43:41.897+0000] {logging_mixin.py:190} INFO - [2026-08-12T04:43:41.897+0000] {dagbag.py:587} INFO - Filling up the DagBag from /home/airflow/.local/lib/python3.12/site-packages/airflow/example_dags/example_datasets.py
[2026-08-12T04:43:42.039+0000] {processor.py:925} INFO - DAG(s) 'dataset_consumes_unknown_never_scheduled', 'conditional_dataset_and_time_based_timetable', 'consume_1_or_2_with_dataset_expressions', 'consume_1_and_2_with_dataset_expressions', 'consume_1_or_both_2_and_3_with_dataset_expressions', 'dataset_consumes_1', 'dataset_consumes_1_and_2', 'dataset_consumes_1_never_scheduled', 'dataset_produces_1', 'dataset_produces_2' retrieved from /home/airflow/.local/lib/python3.12/site-packages/airflow/example_dags/example_datasets.py
[2026-08-12T04:43:42.104+0000] {logging_mixin.py:190} INFO - [2026-08-12T04:43:42.104+0000] {dag.py:3211} INFO - Sync 10 DAGs
[2026-08-12T04:43:42.135+0000] {logging_mixin.py:190} INFO - [2026-08-12T04:43:42.135+0000] {dag.py:4138} INFO - Setting next_dagrun for conditional_dataset_and_time_based_timetable to 2026-08-12 01:00:00+00:00, run_after=2026-08-12 01:00:00+00:00
[2026-08-12T04:43:42.141+0000] {logging_mixin.py:190} INFO - [2026-08-12T04:43:42.140+0000] {dag.py:4138} INFO - Setting next_dagrun for consume_1_and_2_with_dataset_expressions to None, run_after=None
[2026-08-12T04:43:42.144+0000] {logging_mixin.py:190} INFO - [2026-08-12T04:43:42.144+0000] {dag.py:4138} INFO - Setting next_dagrun for consume_1_or_2_with_dataset_expressions to None, run_after=None
[2026-08-12T04:43:42.147+0000] {logging_mixin.py:190} INFO - [2026-08-12T04:43:42.147+0000] {dag.py:4138} INFO - Setting next_dagrun for consume_1_or_both_2_and_3_with_dataset_expressions to None, run_after=None
[2026-08-12T04:43:42.151+0000] {logging_mixin.py:190} INFO - [2026-08-12T04:43:42.150+0000] {dag.py:4138} INFO - Setting next_dagrun for dataset_consumes_1 to None, run_after=None
[2026-08-12T04:43:42.153+0000] {logging_mixin.py:190} INFO - [2026-08-12T04:43:42.153+0000] {dag.py:4138} INFO - Setting next_dagrun for dataset_consumes_1_and_2 to None, run_after=None
[2026-08-12T04:43:42.156+0000] {logging_mixin.py:190} INFO - [2026-08-12T04:43:42.156+0000] {dag.py:4138} INFO - Setting next_dagrun for dataset_consumes_1_never_scheduled to None, run_after=None
[2026-08-12T04:43:42.159+0000] {logging_mixin.py:190} INFO - [2026-08-12T04:43:42.159+0000] {dag.py:4138} INFO - Setting next_dagrun for dataset_consumes_unknown_never_scheduled to None, run_after=None
[2026-08-12T04:43:42.163+0000] {logging_mixin.py:190} INFO - [2026-08-12T04:43:42.163+0000] {dag.py:4138} INFO - Setting next_dagrun for dataset_produces_1 to 2026-08-11 00:00:00+00:00, run_after=2026-08-12 00:00:00+00:00
[2026-08-12T04:43:42.167+0000] {logging_mixin.py:190} INFO - [2026-08-12T04:43:42.166+0000] {dag.py:4138} INFO - Setting next_dagrun for dataset_produces_2 to None, run_after=None
[2026-08-12T04:43:42.220+0000] {processor.py:208} INFO - Processing /home/airflow/.local/lib/python3.12/site-packages/airflow/example_dags/example_datasets.py took 0.333 seconds
[2026-08-12T04:44:12.642+0000] {processor.py:186} INFO - Started process (PID=1468) to work on /home/airflow/.local/lib/python3.12/site-packages/airflow/example_dags/example_datasets.py
[2026-08-12T04:44:12.643+0000] {processor.py:914} INFO - Processing file /home/airflow/.local/lib/python3.12/site-packages/airflow/example_dags/example_datasets.py for tasks to queue
[2026-08-12T04:44:12.647+0000] {logging_mixin.py:190} INFO - [2026-08-12T04:44:12.647+0000] {dagbag.py:587} INFO - Filling up the DagBag from /home/airflow/.local/lib/python3.12/site-packages/airflow/example_dags/example_datasets.py
[2026-08-12T04:44:12.810+0000] {processor.py:925} INFO - DAG(s) 'consume_1_or_2_with_dataset_expressions', 'dataset_consumes_unknown_never_scheduled', 'consume_1_and_2_with_dataset_expressions', 'dataset_produces_2', 'conditional_dataset_and_time_based_timetable', 'dataset_produces_1', 'dataset_consumes_1_and_2', 'dataset_consumes_1', 'dataset_consumes_1_never_scheduled', 'consume_1_or_both_2_and_3_with_dataset_expressions' retrieved from /home/airflow/.local/lib/python3.12/site-packages/airflow/example_dags/example_datasets.py
[2026-08-12T04:44:12.856+0000] {logging_mixin.py:190} INFO - [2026-08-12T04:44:12.856+0000] {dag.py:3211} INFO - Sync 10 DAGs
[2026-08-12T04:44:12.893+0000] {logging_mixin.py:190} INFO - [2026-08-12T04:44:12.893+0000] {dag.py:4138} INFO - Setting next_dagrun for conditional_dataset_and_time_based_timetable to 2026-08-12 01:00:00+00:00, run_after=2026-08-12 01:00:00+00:00
[2026-08-12T04:44:12.899+0000] {logging_mixin.py:190} INFO - [2026-08-12T04:44:12.899+0000] {dag.py:4138} INFO - Setting next_dagrun for consume_1_and_2_with_dataset_expressions to None, run_after=None
[2026-08-12T04:44:12.902+0000] {logging_mixin.py:190} INFO - [2026-08-12T04:44:12.902+0000] {dag.py:4138} INFO - Setting next_dagrun for consume_1_or_2_with_dataset_expressions to None, run_after=None
[2026-08-12T04:44:12.905+0000] {logging_mixin.py:190} INFO - [2026-08-12T04:44:12.905+0000] {dag.py:4138} INFO - Setting next_dagrun for consume_1_or_both_2_and_3_with_dataset_expressions to None, run_after=None
[2026-08-12T04:44:12.908+0000] {logging_mixin.py:190} INFO - [2026-08-12T04:44:12.907+0000] {dag.py:4138} INFO - Setting next_dagrun for dataset_consumes_1 to None, run_after=None
[2026-08-12T04:44:12.911+0000] {logging_mixin.py:190} INFO - [2026-08-12T04:44:12.910+0000] {dag.py:4138} INFO - Setting next_dagrun for dataset_consumes_1_and_2 to None, run_after=None
[2026-08-12T04:44:12.913+0000] {logging_mixin.py:190} INFO - [2026-08-12T04:44:12.913+0000] {dag.py:4138} INFO - Setting next_dagrun for dataset_consumes_1_never_scheduled to None, run_after=None
[2026-08-12T04:44:12.916+0000] {logging_mixin.py:190} INFO - [2026-08-12T04:44:12.916+0000] {dag.py:4138} INFO - Setting next_dagrun for dataset_consumes_unknown_never_scheduled to None, run_after=None
[2026-08-12T04:44:12.920+0000] {logging_mixin.py:190} INFO - [2026-08-12T04:44:12.919+0000] {dag.py:4138} INFO - Setting next_dagrun for dataset_produces_1 to 2026-08-11 00:00:00+00:00, run_after=2026-08-12 00:00:00+00:00
[2026-08-12T04:44:12.922+0000] {logging_mixin.py:190} INFO - [2026-08-12T04:44:12.922+0000] {dag.py:4138} INFO - Setting next_dagrun for dataset_produces_2 to None, run_after=None
[2026-08-12T04:44:12.961+0000] {processor.py:208} INFO - Processing /home/airflow/.local/lib/python3.12/site-packages/airflow/example_dags/example_datasets.py took 0.327 seconds
[2026-08-12T04:44:43.340+0000] {processor.py:186} INFO - Started process (PID=1530) to work on /home/airflow/.local/lib/python3.12/site-packages/airflow/example_dags/example_datasets.py
[2026-08-12T04:44:43.342+0000] {processor.py:914} INFO - Processing file /home/airflow/.local/lib/python3.12/site-packages/airflow/example_dags/example_datasets.py for tasks to queue
[2026-08-12T04:44:43.345+0000] {logging_mixin.py:190} INFO - [2026-08-12T04:44:43.345+0000] {dagbag.py:587} INFO - Filling up the DagBag from /home/airflow/.local/lib/python3.12/site-packages/airflow/example_dags/example_datasets.py
[2026-08-12T04:44:43.488+0000] {processor.py:925} INFO - DAG(s) 'dataset_consumes_1_and_2', 'dataset_consumes_1_never_scheduled', 'dataset_produces_1', 'conditional_dataset_and_time_based_timetable', 'consume_1_and_2_with_dataset_expressions', 'dataset_produces_2', 'consume_1_or_2_with_dataset_expressions', 'consume_1_or_both_2_and_3_with_dataset_expressions', 'dataset_consumes_1', 'dataset_consumes_unknown_never_scheduled' retrieved from /home/airflow/.local/lib/python3.12/site-packages/airflow/example_dags/example_datasets.py
[2026-08-12T04:44:43.529+0000] {logging_mixin.py:190} INFO - [2026-08-12T04:44:43.528+0000] {dag.py:3211} INFO - Sync 10 DAGs
[2026-08-12T04:44:43.554+0000] {logging_mixin.py:190} INFO - [2026-08-12T04:44:43.554+0000] {dag.py:4138} INFO - Setting next_dagrun for conditional_dataset_and_time_based_timetable to 2026-08-12 01:00:00+00:00, run_after=2026-08-12 01:00:00+00:00
[2026-08-12T04:44:43.558+0000] {logging_mixin.py:190} INFO - [2026-08-12T04:44:43.558+0000] {dag.py:4138} INFO - Setting next_dagrun for consume_1_and_2_with_dataset_expressions to None, run_after=None
[2026-08-12T04:44:43.562+0000] {logging_mixin.py:190} INFO - [2026-08-12T04:44:43.561+0000] {dag.py:4138} INFO - Setting next_dagrun for consume_1_or_2_with_dataset_expressions to None, run_after=None
[2026-08-12T04:44:43.576+0000] {logging_mixin.py:190} INFO - [2026-08-12T04:44:43.576+0000] {dag.py:4138} INFO - Setting next_dagrun for consume_1_or_both_2_and_3_with_dataset_expressions to None, run_after=None
[2026-08-12T04:44:43.579+0000] {logging_mixin.py:190} INFO - [2026-08-12T04:44:43.579+0000] {dag.py:4138} INFO - Setting next_dagrun for dataset_consumes_1 to None, run_after=None
[2026-08-12T04:44:43.581+0000] {logging_mixin.py:190} INFO - [2026-08-12T04:44:43.581+0000] {dag.py:4138} INFO - Setting next_dagrun for dataset_consumes_1_and_2 to None, run_after=None
[2026-08-12T04:44:43.584+0000] {logging_mixin.py:190} INFO - [2026-08-12T04:44:43.584+0000] {dag.py:4138} INFO - Setting next_dagrun for dataset_consumes_1_never_scheduled to None, run_after=None
[2026-08-12T04:44:43.586+0000] {logging_mixin.py:190} INFO - [2026-08-12T04:44:43.586+0000] {dag.py:4138} INFO - Setting next_dagrun for dataset_consumes_unknown_never_scheduled to None, run_after=None
[2026-08-12T04:44:43.589+0000] {logging_mixin.py:190} INFO - [2026-08-12T04:44:43.589+0000] {dag.py:4138} INFO - Setting next_dagrun for dataset_produces_1 to 2026-08-11 00:00:00+00:00, run_after=2026-08-12 00:00:00+00:00
[2026-08-12T04:44:43.592+0000] {logging_mixin.py:190} INFO - [2026-08-12T04:44:43.592+0000] {dag.py:4138} INFO - Setting next_dagrun for dataset_produces_2 to None, run_after=None
[2026-08-12T04:44:43.630+0000] {processor.py:208} INFO - Processing /home/airflow/.local/lib/python3.12/site-packages/airflow/example_dags/example_datasets.py took 0.296 seconds
[2026-08-12T04:45:14.150+0000] {processor.py:186} INFO - Started process (PID=1592) to work on /home/airflow/.local/lib/python3.12/site-packages/airflow/example_dags/example_datasets.py
[2026-08-12T04:45:14.151+0000] {processor.py:914} INFO - Processing file /home/airflow/.local/lib/python3.12/site-packages/airflow/example_dags/example_datasets.py for tasks to queue
[2026-08-12T04:45:14.155+0000] {logging_mixin.py:190} INFO - [2026-08-12T04:45:14.155+0000] {dagbag.py:587} INFO - Filling up the DagBag from /home/airflow/.local/lib/python3.12/site-packages/airflow/example_dags/example_datasets.py
[2026-08-12T04:45:14.287+0000] {processor.py:925} INFO - DAG(s) 'dataset_consumes_1_and_2', 'consume_1_or_both_2_and_3_with_dataset_expressions', 'dataset_consumes_1', 'consume_1_and_2_with_dataset_expressions', 'conditional_dataset_and_time_based_timetable', 'dataset_produces_1', 'dataset_consumes_unknown_never_scheduled', 'consume_1_or_2_with_dataset_expressions', 'dataset_consumes_1_never_scheduled', 'dataset_produces_2' retrieved from /home/airflow/.local/lib/python3.12/site-packages/airflow/example_dags/example_datasets.py
[2026-08-12T04:45:14.337+0000] {logging_mixin.py:190} INFO - [2026-08-12T04:45:14.337+0000] {dag.py:3211} INFO - Sync 10 DAGs
[2026-08-12T04:45:14.365+0000] {logging_mixin.py:190} INFO - [2026-08-12T04:45:14.364+0000] {dag.py:4138} INFO - Setting next_dagrun for conditional_dataset_and_time_based_timetable to 2026-08-12 01:00:00+00:00, run_after=2026-08-12 01:00:00+00:00
[2026-08-12T04:45:14.370+0000] {logging_mixin.py:190} INFO - [2026-08-12T04:45:14.369+0000] {dag.py:4138} INFO - Setting next_dagrun for consume_1_and_2_with_dataset_expressions to None, run_after=None
[2026-08-12T04:45:14.373+0000] {logging_mixin.py:190} INFO - [2026-08-12T04:45:14.372+0000] {dag.py:4138} INFO - Setting next_dagrun for consume_1_or_2_with_dataset_expressions to None, run_after=None
[2026-08-12T04:45:14.375+0000] {logging_mixin.py:190} INFO - [2026-08-12T04:45:14.375+0000] {dag.py:4138} INFO - Setting next_dagrun for consume_1_or_both_2_and_3_with_dataset_expressions to None, run_after=None
[2026-08-12T04:45:14.379+0000] {logging_mixin.py:190} INFO - [2026-08-12T04:45:14.378+0000] {dag.py:4138} INFO - Setting next_dagrun for dataset_consumes_1 to None, run_after=None
[2026-08-12T04:45:14.383+0000] {logging_mixin.py:190} INFO - [2026-08-12T04:45:14.383+0000] {dag.py:4138} INFO - Setting next_dagrun for dataset_consumes_1_and_2 to None, run_after=None
[2026-08-12T04:45:14.386+0000] {logging_mixin.py:190} INFO - [2026-08-12T04:45:14.386+0000] {dag.py:4138} INFO - Setting next_dagrun for dataset_consumes_1_never_scheduled to None, run_after=None
[2026-08-12T04:45:14.389+0000] {logging_mixin.py:190} INFO - [2026-08-12T04:45:14.388+0000] {dag.py:4138} INFO - Setting next_dagrun for dataset_consumes_unknown_never_scheduled to None, run_after=None
[2026-08-12T04:45:14.393+0000] {logging_mixin.py:190} INFO - [2026-08-12T04:45:14.392+0000] {dag.py:4138} INFO - Setting next_dagrun for dataset_produces_1 to 2026-08-11 00:00:00+00:00, run_after=2026-08-12 00:00:00+00:00
[2026-08-12T04:45:14.395+0000] {logging_mixin.py:190} INFO - [2026-08-12T04:45:14.395+0000] {dag.py:4138} INFO - Setting next_dagrun for dataset_produces_2 to None, run_after=None
[2026-08-12T04:45:14.441+0000] {processor.py:208} INFO - Processing /home/airflow/.local/lib/python3.12/site-packages/airflow/example_dags/example_datasets.py took 0.297 seconds
[2026-08-12T04:45:44.549+0000] {processor.py:186} INFO - Started process (PID=1654) to work on /home/airflow/.local/lib/python3.12/site-packages/airflow/example_dags/example_datasets.py
[2026-08-12T04:45:44.551+0000] {processor.py:914} INFO - Processing file /home/airflow/.local/lib/python3.12/site-packages/airflow/example_dags/example_datasets.py for tasks to queue
[2026-08-12T04:45:44.554+0000] {logging_mixin.py:190} INFO - [2026-08-12T04:45:44.554+0000] {dagbag.py:587} INFO - Filling up the DagBag from /home/airflow/.local/lib/python3.12/site-packages/airflow/example_dags/example_datasets.py
[2026-08-12T04:45:44.729+0000] {processor.py:925} INFO - DAG(s) 'consume_1_and_2_with_dataset_expressions', 'dataset_consumes_1_and_2', 'dataset_consumes_unknown_never_scheduled', 'consume_1_or_2_with_dataset_expressions', 'dataset_consumes_1_never_scheduled', 'dataset_consumes_1', 'conditional_dataset_and_time_based_timetable', 'dataset_produces_1', 'dataset_produces_2', 'consume_1_or_both_2_and_3_with_dataset_expressions' retrieved from /home/airflow/.local/lib/python3.12/site-packages/airflow/example_dags/example_datasets.py
[2026-08-12T04:45:44.774+0000] {logging_mixin.py:190} INFO - [2026-08-12T04:45:44.773+0000] {dag.py:3211} INFO - Sync 10 DAGs
[2026-08-12T04:45:44.798+0000] {logging_mixin.py:190} INFO - [2026-08-12T04:45:44.798+0000] {dag.py:4138} INFO - Setting next_dagrun for conditional_dataset_and_time_based_timetable to 2026-08-12 01:00:00+00:00, run_after=2026-08-12 01:00:00+00:00
[2026-08-12T04:45:44.803+0000] {logging_mixin.py:190} INFO - [2026-08-12T04:45:44.802+0000] {dag.py:4138} INFO - Setting next_dagrun for consume_1_and_2_with_dataset_expressions to None, run_after=None
[2026-08-12T04:45:44.806+0000] {logging_mixin.py:190} INFO - [2026-08-12T04:45:44.805+0000] {dag.py:4138} INFO - Setting next_dagrun for consume_1_or_2_with_dataset_expressions to None, run_after=None
[2026-08-12T04:45:44.808+0000] {logging_mixin.py:190} INFO - [2026-08-12T04:45:44.808+0000] {dag.py:4138} INFO - Setting next_dagrun for consume_1_or_both_2_and_3_with_dataset_expressions to None, run_after=None
[2026-08-12T04:45:44.810+0000] {logging_mixin.py:190} INFO - [2026-08-12T04:45:44.810+0000] {dag.py:4138} INFO - Setting next_dagrun for dataset_consumes_1 to None, run_after=None
[2026-08-12T04:45:44.812+0000] {logging_mixin.py:190} INFO - [2026-08-12T04:45:44.812+0000] {dag.py:4138} INFO - Setting next_dagrun for dataset_consumes_1_and_2 to None, run_after=None
[2026-08-12T04:45:44.814+0000] {logging_mixin.py:190} INFO - [2026-08-12T04:45:44.814+0000] {dag.py:4138} INFO - Setting next_dagrun for dataset_consumes_1_never_scheduled to None, run_after=None
[2026-08-12T04:45:44.816+0000] {logging_mixin.py:190} INFO - [2026-08-12T04:45:44.816+0000] {dag.py:4138} INFO - Setting next_dagrun for dataset_consumes_unknown_never_scheduled to None, run_after=None
[2026-08-12T04:45:44.819+0000] {logging_mixin.py:190} INFO - [2026-08-12T04:45:44.819+0000] {dag.py:4138} INFO - Setting next_dagrun for dataset_produces_1 to 2026-08-11 00:00:00+00:00, run_after=2026-08-12 00:00:00+00:00
[2026-08-12T04:45:44.822+0000] {logging_mixin.py:190} INFO - [2026-08-12T04:45:44.822+0000] {dag.py:4138} INFO - Setting next_dagrun for dataset_produces_2 to None, run_after=None
[2026-08-12T04:45:44.860+0000] {processor.py:208} INFO - Processing /home/airflow/.local/lib/python3.12/site-packages/airflow/example_dags/example_datasets.py took 0.318 seconds
[2026-08-12T04:46:15.106+0000] {processor.py:186} INFO - Started process (PID=1716) to work on /home/airflow/.local/lib/python3.12/site-packages/airflow/example_dags/example_datasets.py
[2026-08-12T04:46:15.108+0000] {processor.py:914} INFO - Processing file /home/airflow/.local/lib/python3.12/site-packages/airflow/example_dags/example_datasets.py for tasks to queue
[2026-08-12T04:46:15.111+0000] {logging_mixin.py:190} INFO - [2026-08-12T04:46:15.111+0000] {dagbag.py:587} INFO - Filling up the DagBag from /home/airflow/.local/lib/python3.12/site-packages/airflow/example_dags/example_datasets.py
[2026-08-12T04:46:15.252+0000] {processor.py:925} INFO - DAG(s) 'dataset_consumes_1_and_2', 'consume_1_or_both_2_and_3_with_dataset_expressions', 'consume_1_and_2_with_dataset_expressions', 'dataset_consumes_1', 'dataset_consumes_unknown_never_scheduled', 'dataset_produces_2', 'dataset_consumes_1_never_scheduled', 'conditional_dataset_and_time_based_timetable', 'consume_1_or_2_with_dataset_expressions', 'dataset_produces_1' retrieved from /home/airflow/.local/lib/python3.12/site-packages/airflow/example_dags/example_datasets.py
[2026-08-12T04:46:15.298+0000] {logging_mixin.py:190} INFO - [2026-08-12T04:46:15.298+0000] {dag.py:3211} INFO - Sync 10 DAGs
[2026-08-12T04:46:15.323+0000] {logging_mixin.py:190} INFO - [2026-08-12T04:46:15.323+0000] {dag.py:4138} INFO - Setting next_dagrun for conditional_dataset_and_time_based_timetable to 2026-08-12 01:00:00+00:00, run_after=2026-08-12 01:00:00+00:00
[2026-08-12T04:46:15.327+0000] {logging_mixin.py:190} INFO - [2026-08-12T04:46:15.327+0000] {dag.py:4138} INFO - Setting next_dagrun for consume_1_and_2_with_dataset_expressions to None, run_after=None
[2026-08-12T04:46:15.330+0000] {logging_mixin.py:190} INFO - [2026-08-12T04:46:15.330+0000] {dag.py:4138} INFO - Setting next_dagrun for consume_1_or_2_with_dataset_expressions to None, run_after=None
[2026-08-12T04:46:15.332+0000] {logging_mixin.py:190} INFO - [2026-08-12T04:46:15.332+0000] {dag.py:4138} INFO - Setting next_dagrun for consume_1_or_both_2_and_3_with_dataset_expressions to None, run_after=None
[2026-08-12T04:46:15.334+0000] {logging_mixin.py:190} INFO - [2026-08-12T04:46:15.333+0000] {dag.py:4138} INFO - Setting next_dagrun for dataset_consumes_1 to None, run_after=None
[2026-08-12T04:46:15.336+0000] {logging_mixin.py:190} INFO - [2026-08-12T04:46:15.335+0000] {dag.py:4138} INFO - Setting next_dagrun for dataset_consumes_1_and_2 to None, run_after=None
[2026-08-12T04:46:15.337+0000] {logging_mixin.py:190} INFO - [2026-08-12T04:46:15.337+0000] {dag.py:4138} INFO - Setting next_dagrun for dataset_consumes_1_never_scheduled to None, run_after=None
[2026-08-12T04:46:15.339+0000] {logging_mixin.py:190} INFO - [2026-08-12T04:46:15.339+0000] {dag.py:4138} INFO - Setting next_dagrun for dataset_consumes_unknown_never_scheduled to None, run_after=None
[2026-08-12T04:46:15.342+0000] {logging_mixin.py:190} INFO - [2026-08-12T04:46:15.342+0000] {dag.py:4138} INFO - Setting next_dagrun for dataset_produces_1 to 2026-08-11 00:00:00+00:00, run_after=2026-08-12 00:00:00+00:00
[2026-08-12T04:46:15.344+0000] {logging_mixin.py:190} INFO - [2026-08-12T04:46:15.344+0000] {dag.py:4138} INFO - Setting next_dagrun for dataset_produces_2 to None, run_after=None
[2026-08-12T04:46:15.380+0000] {processor.py:208} INFO - Processing /home/airflow/.local/lib/python3.12/site-packages/airflow/example_dags/example_datasets.py took 0.279 seconds
[2026-08-12T04:46:45.547+0000] {processor.py:186} INFO - Started process (PID=1778) to work on /home/airflow/.local/lib/python3.12/site-packages/airflow/example_dags/example_datasets.py
[2026-08-12T04:46:45.549+0000] {processor.py:914} INFO - Processing file /home/airflow/.local/lib/python3.12/site-packages/airflow/example_dags/example_datasets.py for tasks to queue
[2026-08-12T04:46:45.553+0000] {logging_mixin.py:190} INFO - [2026-08-12T04:46:45.553+0000] {dagbag.py:587} INFO - Filling up the DagBag from /home/airflow/.local/lib/python3.12/site-packages/airflow/example_dags/example_datasets.py
[2026-08-12T04:46:45.694+0000] {processor.py:925} INFO - DAG(s) 'consume_1_or_2_with_dataset_expressions', 'dataset_produces_1', 'dataset_consumes_1_never_scheduled', 'dataset_consumes_unknown_never_scheduled', 'conditional_dataset_and_time_based_timetable', 'dataset_consumes_1_and_2', 'dataset_produces_2', 'dataset_consumes_1', 'consume_1_or_both_2_and_3_with_dataset_expressions', 'consume_1_and_2_with_dataset_expressions' retrieved from /home/airflow/.local/lib/python3.12/site-packages/airflow/example_dags/example_datasets.py
[2026-08-12T04:46:45.739+0000] {logging_mixin.py:190} INFO - [2026-08-12T04:46:45.738+0000] {dag.py:3211} INFO - Sync 10 DAGs
[2026-08-12T04:46:45.770+0000] {logging_mixin.py:190} INFO - [2026-08-12T04:46:45.770+0000] {dag.py:4138} INFO - Setting next_dagrun for conditional_dataset_and_time_based_timetable to 2026-08-12 01:00:00+00:00, run_after=2026-08-12 01:00:00+00:00
[2026-08-12T04:46:45.775+0000] {logging_mixin.py:190} INFO - [2026-08-12T04:46:45.774+0000] {dag.py:4138} INFO - Setting next_dagrun for consume_1_and_2_with_dataset_expressions to None, run_after=None
[2026-08-12T04:46:45.778+0000] {logging_mixin.py:190} INFO - [2026-08-12T04:46:45.778+0000] {dag.py:4138} INFO - Setting next_dagrun for consume_1_or_2_with_dataset_expressions to None, run_after=None
[2026-08-12T04:46:45.781+0000] {logging_mixin.py:190} INFO - [2026-08-12T04:46:45.781+0000] {dag.py:4138} INFO - Setting next_dagrun for consume_1_or_both_2_and_3_with_dataset_expressions to None, run_after=None
[2026-08-12T04:46:45.784+0000] {logging_mixin.py:190} INFO - [2026-08-12T04:46:45.784+0000] {dag.py:4138} INFO - Setting next_dagrun for dataset_consumes_1 to None, run_after=None
[2026-08-12T04:46:45.786+0000] {logging_mixin.py:190} INFO - [2026-08-12T04:46:45.786+0000] {dag.py:4138} INFO - Setting next_dagrun for dataset_consumes_1_and_2 to None, run_after=None
[2026-08-12T04:46:45.789+0000] {logging_mixin.py:190} INFO - [2026-08-12T04:46:45.789+0000] {dag.py:4138} INFO - Setting next_dagrun for dataset_consumes_1_never_scheduled to None, run_after=None
[2026-08-12T04:46:45.791+0000] {logging_mixin.py:190} INFO - [2026-08-12T04:46:45.791+0000] {dag.py:4138} INFO - Setting next_dagrun for dataset_consumes_unknown_never_scheduled to None, run_after=None
[2026-08-12T04:46:45.795+0000] {logging_mixin.py:190} INFO - [2026-08-12T04:46:45.795+0000] {dag.py:4138} INFO - Setting next_dagrun for dataset_produces_1 to 2026-08-11 00:00:00+00:00, run_after=2026-08-12 00:00:00+00:00
[2026-08-12T04:46:45.797+0000] {logging_mixin.py:190} INFO - [2026-08-12T04:46:45.797+0000] {dag.py:4138} INFO - Setting next_dagrun for dataset_produces_2 to None, run_after=None
[2026-08-12T04:46:45.836+0000] {processor.py:208} INFO - Processing /home/airflow/.local/lib/python3.12/site-packages/airflow/example_dags/example_datasets.py took 0.295 seconds
[2026-08-12T04:47:15.942+0000] {processor.py:186} INFO - Started process (PID=1840) to work on /home/airflow/.local/lib/python3.12/site-packages/airflow/example_dags/example_datasets.py
[2026-08-12T04:47:15.944+0000] {processor.py:914} INFO - Processing file /home/airflow/.local/lib/python3.12/site-packages/airflow/example_dags/example_datasets.py for tasks to queue
[2026-08-12T04:47:15.948+0000] {logging_mixin.py:190} INFO - [2026-08-12T04:47:15.948+0000] {dagbag.py:587} INFO - Filling up the DagBag from /home/airflow/.local/lib/python3.12/site-packages/airflow/example_dags/example_datasets.py
[2026-08-12T04:47:16.098+0000] {processor.py:925} INFO - DAG(s) 'dataset_produces_2', 'dataset_produces_1', 'consume_1_or_both_2_and_3_with_dataset_expressions', 'dataset_consumes_1_never_scheduled', 'dataset_consumes_1_and_2', 'conditional_dataset_and_time_based_timetable', 'consume_1_and_2_with_dataset_expressions', 'dataset_consumes_unknown_never_scheduled', 'consume_1_or_2_with_dataset_expressions', 'dataset_consumes_1' retrieved from /home/airflow/.local/lib/python3.12/site-packages/airflow/example_dags/example_datasets.py
[2026-08-12T04:47:16.149+0000] {logging_mixin.py:190} INFO - [2026-08-12T04:47:16.148+0000] {dag.py:3211} INFO - Sync 10 DAGs
[2026-08-12T04:47:16.176+0000] {logging_mixin.py:190} INFO - [2026-08-12T04:47:16.176+0000] {dag.py:4138} INFO - Setting next_dagrun for conditional_dataset_and_time_based_timetable to 2026-08-12 01:00:00+00:00, run_after=2026-08-12 01:00:00+00:00
[2026-08-12T04:47:16.182+0000] {logging_mixin.py:190} INFO - [2026-08-12T04:47:16.181+0000] {dag.py:4138} INFO - Setting next_dagrun for consume_1_and_2_with_dataset_expressions to None, run_after=None
[2026-08-12T04:47:16.185+0000] {logging_mixin.py:190} INFO - [2026-08-12T04:47:16.185+0000] {dag.py:4138} INFO - Setting next_dagrun for consume_1_or_2_with_dataset_expressions to None, run_after=None
[2026-08-12T04:47:16.189+0000] {logging_mixin.py:190} INFO - [2026-08-12T04:47:16.188+0000] {dag.py:4138} INFO - Setting next_dagrun for consume_1_or_both_2_and_3_with_dataset_expressions to None, run_after=None
[2026-08-12T04:47:16.191+0000] {logging_mixin.py:190} INFO - [2026-08-12T04:47:16.191+0000] {dag.py:4138} INFO - Setting next_dagrun for dataset_consumes_1 to None, run_after=None
[2026-08-12T04:47:16.194+0000] {logging_mixin.py:190} INFO - [2026-08-12T04:47:16.193+0000] {dag.py:4138} INFO - Setting next_dagrun for dataset_consumes_1_and_2 to None, run_after=None
[2026-08-12T04:47:16.196+0000] {logging_mixin.py:190} INFO - [2026-08-12T04:47:16.196+0000] {dag.py:4138} INFO - Setting next_dagrun for dataset_consumes_1_never_scheduled to None, run_after=None
[2026-08-12T04:47:16.199+0000] {logging_mixin.py:190} INFO - [2026-08-12T04:47:16.199+0000] {dag.py:4138} INFO - Setting next_dagrun for dataset_consumes_unknown_never_scheduled to None, run_after=None
[2026-08-12T04:47:16.203+0000] {logging_mixin.py:190} INFO - [2026-08-12T04:47:16.203+0000] {dag.py:4138} INFO - Setting next_dagrun for dataset_produces_1 to 2026-08-11 00:00:00+00:00, run_after=2026-08-12 00:00:00+00:00
[2026-08-12T04:47:16.206+0000] {logging_mixin.py:190} INFO - [2026-08-12T04:47:16.206+0000] {dag.py:4138} INFO - Setting next_dagrun for dataset_produces_2 to None, run_after=None
[2026-08-12T04:47:16.264+0000] {processor.py:208} INFO - Processing /home/airflow/.local/lib/python3.12/site-packages/airflow/example_dags/example_datasets.py took 0.328 seconds
[2026-08-12T04:47:46.496+0000] {processor.py:186} INFO - Started process (PID=1902) to work on /home/airflow/.local/lib/python3.12/site-packages/airflow/example_dags/example_datasets.py
[2026-08-12T04:47:46.497+0000] {processor.py:914} INFO - Processing file /home/airflow/.local/lib/python3.12/site-packages/airflow/example_dags/example_datasets.py for tasks to queue
[2026-08-12T04:47:46.500+0000] {logging_mixin.py:190} INFO - [2026-08-12T04:47:46.500+0000] {dagbag.py:587} INFO - Filling up the DagBag from /home/airflow/.local/lib/python3.12/site-packages/airflow/example_dags/example_datasets.py
[2026-08-12T04:47:46.652+0000] {processor.py:925} INFO - DAG(s) 'consume_1_or_2_with_dataset_expressions', 'dataset_consumes_1_and_2', 'consume_1_and_2_with_dataset_expressions', 'dataset_consumes_1_never_scheduled', 'dataset_produces_2', 'conditional_dataset_and_time_based_timetable', 'dataset_consumes_unknown_never_scheduled', 'dataset_produces_1', 'dataset_consumes_1', 'consume_1_or_both_2_and_3_with_dataset_expressions' retrieved from /home/airflow/.local/lib/python3.12/site-packages/airflow/example_dags/example_datasets.py
[2026-08-12T04:47:46.701+0000] {logging_mixin.py:190} INFO - [2026-08-12T04:47:46.701+0000] {dag.py:3211} INFO - Sync 10 DAGs
[2026-08-12T04:47:46.741+0000] {logging_mixin.py:190} INFO - [2026-08-12T04:47:46.740+0000] {dag.py:4138} INFO - Setting next_dagrun for conditional_dataset_and_time_based_timetable to 2026-08-12 01:00:00+00:00, run_after=2026-08-12 01:00:00+00:00
[2026-08-12T04:47:46.745+0000] {logging_mixin.py:190} INFO - [2026-08-12T04:47:46.745+0000] {dag.py:4138} INFO - Setting next_dagrun for consume_1_and_2_with_dataset_expressions to None, run_after=None
[2026-08-12T04:47:46.748+0000] {logging_mixin.py:190} INFO - [2026-08-12T04:47:46.748+0000] {dag.py:4138} INFO - Setting next_dagrun for consume_1_or_2_with_dataset_expressions to None, run_after=None
[2026-08-12T04:47:46.750+0000] {logging_mixin.py:190} INFO - [2026-08-12T04:47:46.750+0000] {dag.py:4138} INFO - Setting next_dagrun for consume_1_or_both_2_and_3_with_dataset_expressions to None, run_after=None
[2026-08-12T04:47:46.752+0000] {logging_mixin.py:190} INFO - [2026-08-12T04:47:46.752+0000] {dag.py:4138} INFO - Setting next_dagrun for dataset_consumes_1 to None, run_after=None
[2026-08-12T04:47:46.754+0000] {logging_mixin.py:190} INFO - [2026-08-12T04:47:46.754+0000] {dag.py:4138} INFO - Setting next_dagrun for dataset_consumes_1_and_2 to None, run_after=None
[2026-08-12T04:47:46.756+0000] {logging_mixin.py:190} INFO - [2026-08-12T04:47:46.756+0000] {dag.py:4138} INFO - Setting next_dagrun for dataset_consumes_1_never_scheduled to None, run_after=None
[2026-08-12T04:47:46.758+0000] {logging_mixin.py:190} INFO - [2026-08-12T04:47:46.758+0000] {dag.py:4138} INFO - Setting next_dagrun for dataset_consumes_unknown_never_scheduled to None, run_after=None
[2026-08-12T04:47:46.761+0000] {logging_mixin.py:190} INFO - [2026-08-12T04:47:46.761+0000] {dag.py:4138} INFO - Setting next_dagrun for dataset_produces_1 to 2026-08-11 00:00:00+00:00, run_after=2026-08-12 00:00:00+00:00
[2026-08-12T04:47:46.764+0000] {logging_mixin.py:190} INFO - [2026-08-12T04:47:46.763+0000] {dag.py:4138} INFO - Setting next_dagrun for dataset_produces_2 to None, run_after=None
[2026-08-12T04:47:46.821+0000] {processor.py:208} INFO - Processing /home/airflow/.local/lib/python3.12/site-packages/airflow/example_dags/example_datasets.py took 0.331 seconds
[2026-08-12T04:48:17.332+0000] {processor.py:186} INFO - Started process (PID=1964) to work on /home/airflow/.local/lib/python3.12/site-packages/airflow/example_dags/example_datasets.py
[2026-08-12T04:48:17.334+0000] {processor.py:914} INFO - Processing file /home/airflow/.local/lib/python3.12/site-packages/airflow/example_dags/example_datasets.py for tasks to queue
[2026-08-12T04:48:17.338+0000] {logging_mixin.py:190} INFO - [2026-08-12T04:48:17.337+0000] {dagbag.py:587} INFO - Filling up the DagBag from /home/airflow/.local/lib/python3.12/site-packages/airflow/example_dags/example_datasets.py
[2026-08-12T04:48:17.486+0000] {processor.py:925} INFO - DAG(s) 'consume_1_or_both_2_and_3_with_dataset_expressions', 'consume_1_or_2_with_dataset_expressions', 'dataset_produces_1', 'dataset_produces_2', 'consume_1_and_2_with_dataset_expressions', 'dataset_consumes_1_and_2', 'dataset_consumes_1_never_scheduled', 'conditional_dataset_and_time_based_timetable', 'dataset_consumes_unknown_never_scheduled', 'dataset_consumes_1' retrieved from /home/airflow/.local/lib/python3.12/site-packages/airflow/example_dags/example_datasets.py
[2026-08-12T04:48:17.546+0000] {logging_mixin.py:190} INFO - [2026-08-12T04:48:17.546+0000] {dag.py:3211} INFO - Sync 10 DAGs
[2026-08-12T04:48:17.878+0000] {logging_mixin.py:190} INFO - [2026-08-12T04:48:17.878+0000] {dag.py:4138} INFO - Setting next_dagrun for conditional_dataset_and_time_based_timetable to 2026-08-12 01:00:00+00:00, run_after=2026-08-12 01:00:00+00:00
[2026-08-12T04:48:17.883+0000] {logging_mixin.py:190} INFO - [2026-08-12T04:48:17.882+0000] {dag.py:4138} INFO - Setting next_dagrun for consume_1_and_2_with_dataset_expressions to None, run_after=None
[2026-08-12T04:48:17.886+0000] {logging_mixin.py:190} INFO - [2026-08-12T04:48:17.885+0000] {dag.py:4138} INFO - Setting next_dagrun for consume_1_or_2_with_dataset_expressions to None, run_after=None
[2026-08-12T04:48:17.888+0000] {logging_mixin.py:190} INFO - [2026-08-12T04:48:17.888+0000] {dag.py:4138} INFO - Setting next_dagrun for consume_1_or_both_2_and_3_with_dataset_expressions to None, run_after=None
[2026-08-12T04:48:17.890+0000] {logging_mixin.py:190} INFO - [2026-08-12T04:48:17.890+0000] {dag.py:4138} INFO - Setting next_dagrun for dataset_consumes_1 to None, run_after=None
[2026-08-12T04:48:17.893+0000] {logging_mixin.py:190} INFO - [2026-08-12T04:48:17.893+0000] {dag.py:4138} INFO - Setting next_dagrun for dataset_consumes_1_and_2 to None, run_after=None
[2026-08-12T04:48:17.895+0000] {logging_mixin.py:190} INFO - [2026-08-12T04:48:17.895+0000] {dag.py:4138} INFO - Setting next_dagrun for dataset_consumes_1_never_scheduled to None, run_after=None
[2026-08-12T04:48:17.897+0000] {logging_mixin.py:190} INFO - [2026-08-12T04:48:17.897+0000] {dag.py:4138} INFO - Setting next_dagrun for dataset_consumes_unknown_never_scheduled to None, run_after=None
[2026-08-12T04:48:17.900+0000] {logging_mixin.py:190} INFO - [2026-08-12T04:48:17.900+0000] {dag.py:4138} INFO - Setting next_dagrun for dataset_produces_1 to 2026-08-11 00:00:00+00:00, run_after=2026-08-12 00:00:00+00:00
[2026-08-12T04:48:17.902+0000] {logging_mixin.py:190} INFO - [2026-08-12T04:48:17.902+0000] {dag.py:4138} INFO - Setting next_dagrun for dataset_produces_2 to None, run_after=None
[2026-08-12T04:48:17.948+0000] {processor.py:208} INFO - Processing /home/airflow/.local/lib/python3.12/site-packages/airflow/example_dags/example_datasets.py took 0.625 seconds
[2026-08-12T04:48:48.241+0000] {processor.py:186} INFO - Started process (PID=2026) to work on /home/airflow/.local/lib/python3.12/site-packages/airflow/example_dags/example_datasets.py
[2026-08-12T04:48:48.242+0000] {processor.py:914} INFO - Processing file /home/airflow/.local/lib/python3.12/site-packages/airflow/example_dags/example_datasets.py for tasks to queue
[2026-08-12T04:48:48.245+0000] {logging_mixin.py:190} INFO - [2026-08-12T04:48:48.245+0000] {dagbag.py:587} INFO - Filling up the DagBag from /home/airflow/.local/lib/python3.12/site-packages/airflow/example_dags/example_datasets.py
[2026-08-12T04:48:48.377+0000] {processor.py:925} INFO - DAG(s) 'dataset_consumes_1_and_2', 'consume_1_and_2_with_dataset_expressions', 'dataset_consumes_1_never_scheduled', 'dataset_consumes_1', 'dataset_consumes_unknown_never_scheduled', 'dataset_produces_2', 'conditional_dataset_and_time_based_timetable', 'consume_1_or_2_with_dataset_expressions', 'dataset_produces_1', 'consume_1_or_both_2_and_3_with_dataset_expressions' retrieved from /home/airflow/.local/lib/python3.12/site-packages/airflow/example_dags/example_datasets.py
[2026-08-12T04:48:48.420+0000] {logging_mixin.py:190} INFO - [2026-08-12T04:48:48.420+0000] {dag.py:3211} INFO - Sync 10 DAGs
[2026-08-12T04:48:48.620+0000] {logging_mixin.py:190} INFO - [2026-08-12T04:48:48.619+0000] {dag.py:4138} INFO - Setting next_dagrun for conditional_dataset_and_time_based_timetable to 2026-08-12 01:00:00+00:00, run_after=2026-08-12 01:00:00+00:00
[2026-08-12T04:48:48.624+0000] {logging_mixin.py:190} INFO - [2026-08-12T04:48:48.624+0000] {dag.py:4138} INFO - Setting next_dagrun for consume_1_and_2_with_dataset_expressions to None, run_after=None
[2026-08-12T04:48:48.627+0000] {logging_mixin.py:190} INFO - [2026-08-12T04:48:48.627+0000] {dag.py:4138} INFO - Setting next_dagrun for consume_1_or_2_with_dataset_expressions to None, run_after=None
[2026-08-12T04:48:48.629+0000] {logging_mixin.py:190} INFO - [2026-08-12T04:48:48.629+0000] {dag.py:4138} INFO - Setting next_dagrun for consume_1_or_both_2_and_3_with_dataset_expressions to None, run_after=None
[2026-08-12T04:48:48.632+0000] {logging_mixin.py:190} INFO - [2026-08-12T04:48:48.632+0000] {dag.py:4138} INFO - Setting next_dagrun for dataset_consumes_1 to None, run_after=None
[2026-08-12T04:48:48.634+0000] {logging_mixin.py:190} INFO - [2026-08-12T04:48:48.634+0000] {dag.py:4138} INFO - Setting next_dagrun for dataset_consumes_1_and_2 to None, run_after=None
[2026-08-12T04:48:48.636+0000] {logging_mixin.py:190} INFO - [2026-08-12T04:48:48.636+0000] {dag.py:4138} INFO - Setting next_dagrun for dataset_consumes_1_never_scheduled to None, run_after=None
[2026-08-12T04:48:48.639+0000] {logging_mixin.py:190} INFO - [2026-08-12T04:48:48.638+0000] {dag.py:4138} INFO - Setting next_dagrun for dataset_consumes_unknown_never_scheduled to None, run_after=None
[2026-08-12T04:48:48.642+0000] {logging_mixin.py:190} INFO - [2026-08-12T04:48:48.641+0000] {dag.py:4138} INFO - Setting next_dagrun for dataset_produces_1 to 2026-08-11 00:00:00+00:00, run_after=2026-08-12 00:00:00+00:00
[2026-08-12T04:48:48.644+0000] {logging_mixin.py:190} INFO - [2026-08-12T04:48:48.644+0000] {dag.py:4138} INFO - Setting next_dagrun for dataset_produces_2 to None, run_after=None
[2026-08-12T04:48:48.684+0000] {processor.py:208} INFO - Processing /home/airflow/.local/lib/python3.12/site-packages/airflow/example_dags/example_datasets.py took 0.448 seconds
[2026-08-12T04:49:18.839+0000] {processor.py:186} INFO - Started process (PID=2088) to work on /home/airflow/.local/lib/python3.12/site-packages/airflow/example_dags/example_datasets.py
[2026-08-12T04:49:18.841+0000] {processor.py:914} INFO - Processing file /home/airflow/.local/lib/python3.12/site-packages/airflow/example_dags/example_datasets.py for tasks to queue
[2026-08-12T04:49:18.846+0000] {logging_mixin.py:190} INFO - [2026-08-12T04:49:18.845+0000] {dagbag.py:587} INFO - Filling up the DagBag from /home/airflow/.local/lib/python3.12/site-packages/airflow/example_dags/example_datasets.py
[2026-08-12T04:49:18.994+0000] {processor.py:925} INFO - DAG(s) 'dataset_consumes_unknown_never_scheduled', 'conditional_dataset_and_time_based_timetable', 'dataset_produces_1', 'dataset_consumes_1_never_scheduled', 'consume_1_and_2_with_dataset_expressions', 'dataset_consumes_1_and_2', 'consume_1_or_both_2_and_3_with_dataset_expressions', 'dataset_consumes_1', 'consume_1_or_2_with_dataset_expressions', 'dataset_produces_2' retrieved from /home/airflow/.local/lib/python3.12/site-packages/airflow/example_dags/example_datasets.py
[2026-08-12T04:49:19.049+0000] {logging_mixin.py:190} INFO - [2026-08-12T04:49:19.048+0000] {dag.py:3211} INFO - Sync 10 DAGs
[2026-08-12T04:49:19.080+0000] {logging_mixin.py:190} INFO - [2026-08-12T04:49:19.080+0000] {dag.py:4138} INFO - Setting next_dagrun for conditional_dataset_and_time_based_timetable to 2026-08-12 01:00:00+00:00, run_after=2026-08-12 01:00:00+00:00
[2026-08-12T04:49:19.087+0000] {logging_mixin.py:190} INFO - [2026-08-12T04:49:19.087+0000] {dag.py:4138} INFO - Setting next_dagrun for consume_1_and_2_with_dataset_expressions to None, run_after=None
[2026-08-12T04:49:19.323+0000] {logging_mixin.py:190} INFO - [2026-08-12T04:49:19.323+0000] {dag.py:4138} INFO - Setting next_dagrun for consume_1_or_2_with_dataset_expressions to None, run_after=None
[2026-08-12T04:49:19.326+0000] {logging_mixin.py:190} INFO - [2026-08-12T04:49:19.326+0000] {dag.py:4138} INFO - Setting next_dagrun for consume_1_or_both_2_and_3_with_dataset_expressions to None, run_after=None
[2026-08-12T04:49:19.329+0000] {logging_mixin.py:190} INFO - [2026-08-12T04:49:19.328+0000] {dag.py:4138} INFO - Setting next_dagrun for dataset_consumes_1 to None, run_after=None
[2026-08-12T04:49:19.331+0000] {logging_mixin.py:190} INFO - [2026-08-12T04:49:19.331+0000] {dag.py:4138} INFO - Setting next_dagrun for dataset_consumes_1_and_2 to None, run_after=None
[2026-08-12T04:49:19.333+0000] {logging_mixin.py:190} INFO - [2026-08-12T04:49:19.333+0000] {dag.py:4138} INFO - Setting next_dagrun for dataset_consumes_1_never_scheduled to None, run_after=None
[2026-08-12T04:49:19.336+0000] {logging_mixin.py:190} INFO - [2026-08-12T04:49:19.336+0000] {dag.py:4138} INFO - Setting next_dagrun for dataset_consumes_unknown_never_scheduled to None, run_after=None
[2026-08-12T04:49:19.339+0000] {logging_mixin.py:190} INFO - [2026-08-12T04:49:19.339+0000] {dag.py:4138} INFO - Setting next_dagrun for dataset_produces_1 to 2026-08-11 00:00:00+00:00, run_after=2026-08-12 00:00:00+00:00
[2026-08-12T04:49:19.341+0000] {logging_mixin.py:190} INFO - [2026-08-12T04:49:19.341+0000] {dag.py:4138} INFO - Setting next_dagrun for dataset_produces_2 to None, run_after=None
[2026-08-12T04:49:19.389+0000] {processor.py:208} INFO - Processing /home/airflow/.local/lib/python3.12/site-packages/airflow/example_dags/example_datasets.py took 0.557 seconds
[2026-08-12T04:49:50.084+0000] {processor.py:186} INFO - Started process (PID=2150) to work on /home/airflow/.local/lib/python3.12/site-packages/airflow/example_dags/example_datasets.py
[2026-08-12T04:49:50.086+0000] {processor.py:914} INFO - Processing file /home/airflow/.local/lib/python3.12/site-packages/airflow/example_dags/example_datasets.py for tasks to queue
[2026-08-12T04:49:50.090+0000] {logging_mixin.py:190} INFO - [2026-08-12T04:49:50.089+0000] {dagbag.py:587} INFO - Filling up the DagBag from /home/airflow/.local/lib/python3.12/site-packages/airflow/example_dags/example_datasets.py
[2026-08-12T04:49:50.268+0000] {processor.py:925} INFO - DAG(s) 'consume_1_and_2_with_dataset_expressions', 'dataset_consumes_1_and_2', 'consume_1_or_2_with_dataset_expressions', 'conditional_dataset_and_time_based_timetable', 'dataset_consumes_1', 'dataset_consumes_1_never_scheduled', 'dataset_produces_1', 'dataset_consumes_unknown_never_scheduled', 'dataset_produces_2', 'consume_1_or_both_2_and_3_with_dataset_expressions' retrieved from /home/airflow/.local/lib/python3.12/site-packages/airflow/example_dags/example_datasets.py
[2026-08-12T04:49:50.322+0000] {logging_mixin.py:190} INFO - [2026-08-12T04:49:50.322+0000] {dag.py:3211} INFO - Sync 10 DAGs
[2026-08-12T04:49:50.352+0000] {logging_mixin.py:190} INFO - [2026-08-12T04:49:50.352+0000] {dag.py:4138} INFO - Setting next_dagrun for conditional_dataset_and_time_based_timetable to 2026-08-12 01:00:00+00:00, run_after=2026-08-12 01:00:00+00:00
[2026-08-12T04:49:50.356+0000] {logging_mixin.py:190} INFO - [2026-08-12T04:49:50.356+0000] {dag.py:4138} INFO - Setting next_dagrun for consume_1_and_2_with_dataset_expressions to None, run_after=None
[2026-08-12T04:49:50.360+0000] {logging_mixin.py:190} INFO - [2026-08-12T04:49:50.360+0000] {dag.py:4138} INFO - Setting next_dagrun for consume_1_or_2_with_dataset_expressions to None, run_after=None
[2026-08-12T04:49:50.362+0000] {logging_mixin.py:190} INFO - [2026-08-12T04:49:50.362+0000] {dag.py:4138} INFO - Setting next_dagrun for consume_1_or_both_2_and_3_with_dataset_expressions to None, run_after=None
[2026-08-12T04:49:50.365+0000] {logging_mixin.py:190} INFO - [2026-08-12T04:49:50.365+0000] {dag.py:4138} INFO - Setting next_dagrun for dataset_consumes_1 to None, run_after=None
[2026-08-12T04:49:50.367+0000] {logging_mixin.py:190} INFO - [2026-08-12T04:49:50.367+0000] {dag.py:4138} INFO - Setting next_dagrun for dataset_consumes_1_and_2 to None, run_after=None
[2026-08-12T04:49:50.369+0000] {logging_mixin.py:190} INFO - [2026-08-12T04:49:50.369+0000] {dag.py:4138} INFO - Setting next_dagrun for dataset_consumes_1_never_scheduled to None, run_after=None
[2026-08-12T04:49:50.372+0000] {logging_mixin.py:190} INFO - [2026-08-12T04:49:50.371+0000] {dag.py:4138} INFO - Setting next_dagrun for dataset_consumes_unknown_never_scheduled to None, run_after=None
[2026-08-12T04:49:50.375+0000] {logging_mixin.py:190} INFO - [2026-08-12T04:49:50.374+0000] {dag.py:4138} INFO - Setting next_dagrun for dataset_produces_1 to 2026-08-11 00:00:00+00:00, run_after=2026-08-12 00:00:00+00:00
[2026-08-12T04:49:50.377+0000] {logging_mixin.py:190} INFO - [2026-08-12T04:49:50.377+0000] {dag.py:4138} INFO - Setting next_dagrun for dataset_produces_2 to None, run_after=None
[2026-08-12T04:49:50.627+0000] {processor.py:208} INFO - Processing /home/airflow/.local/lib/python3.12/site-packages/airflow/example_dags/example_datasets.py took 0.549 seconds
[2026-08-12T04:50:20.700+0000] {processor.py:186} INFO - Started process (PID=2213) to work on /home/airflow/.local/lib/python3.12/site-packages/airflow/example_dags/example_datasets.py
[2026-08-12T04:50:20.702+0000] {processor.py:914} INFO - Processing file /home/airflow/.local/lib/python3.12/site-packages/airflow/example_dags/example_datasets.py for tasks to queue
[2026-08-12T04:50:20.705+0000] {logging_mixin.py:190} INFO - [2026-08-12T04:50:20.704+0000] {dagbag.py:587} INFO - Filling up the DagBag from /home/airflow/.local/lib/python3.12/site-packages/airflow/example_dags/example_datasets.py
[2026-08-12T04:50:21.031+0000] {processor.py:925} INFO - DAG(s) 'dataset_produces_2', 'dataset_consumes_1', 'dataset_produces_1', 'conditional_dataset_and_time_based_timetable', 'dataset_consumes_1_and_2', 'consume_1_or_2_with_dataset_expressions', 'dataset_consumes_unknown_never_scheduled', 'consume_1_or_both_2_and_3_with_dataset_expressions', 'dataset_consumes_1_never_scheduled', 'consume_1_and_2_with_dataset_expressions' retrieved from /home/airflow/.local/lib/python3.12/site-packages/airflow/example_dags/example_datasets.py
[2026-08-12T04:50:21.074+0000] {logging_mixin.py:190} INFO - [2026-08-12T04:50:21.074+0000] {dag.py:3211} INFO - Sync 10 DAGs
[2026-08-12T04:50:21.096+0000] {logging_mixin.py:190} INFO - [2026-08-12T04:50:21.096+0000] {dag.py:4138} INFO - Setting next_dagrun for conditional_dataset_and_time_based_timetable to 2026-08-12 01:00:00+00:00, run_after=2026-08-12 01:00:00+00:00
[2026-08-12T04:50:21.101+0000] {logging_mixin.py:190} INFO - [2026-08-12T04:50:21.101+0000] {dag.py:4138} INFO - Setting next_dagrun for consume_1_and_2_with_dataset_expressions to None, run_after=None
[2026-08-12T04:50:21.104+0000] {logging_mixin.py:190} INFO - [2026-08-12T04:50:21.104+0000] {dag.py:4138} INFO - Setting next_dagrun for consume_1_or_2_with_dataset_expressions to None, run_after=None
[2026-08-12T04:50:21.106+0000] {logging_mixin.py:190} INFO - [2026-08-12T04:50:21.106+0000] {dag.py:4138} INFO - Setting next_dagrun for consume_1_or_both_2_and_3_with_dataset_expressions to None, run_after=None
[2026-08-12T04:50:21.108+0000] {logging_mixin.py:190} INFO - [2026-08-12T04:50:21.108+0000] {dag.py:4138} INFO - Setting next_dagrun for dataset_consumes_1 to None, run_after=None
[2026-08-12T04:50:21.110+0000] {logging_mixin.py:190} INFO - [2026-08-12T04:50:21.110+0000] {dag.py:4138} INFO - Setting next_dagrun for dataset_consumes_1_and_2 to None, run_after=None
[2026-08-12T04:50:21.112+0000] {logging_mixin.py:190} INFO - [2026-08-12T04:50:21.112+0000] {dag.py:4138} INFO - Setting next_dagrun for dataset_consumes_1_never_scheduled to None, run_after=None
[2026-08-12T04:50:21.114+0000] {logging_mixin.py:190} INFO - [2026-08-12T04:50:21.114+0000] {dag.py:4138} INFO - Setting next_dagrun for dataset_consumes_unknown_never_scheduled to None, run_after=None
[2026-08-12T04:50:21.118+0000] {logging_mixin.py:190} INFO - [2026-08-12T04:50:21.118+0000] {dag.py:4138} INFO - Setting next_dagrun for dataset_produces_1 to 2026-08-11 00:00:00+00:00, run_after=2026-08-12 00:00:00+00:00
[2026-08-12T04:50:21.121+0000] {logging_mixin.py:190} INFO - [2026-08-12T04:50:21.120+0000] {dag.py:4138} INFO - Setting next_dagrun for dataset_produces_2 to None, run_after=None
[2026-08-12T04:50:21.159+0000] {processor.py:208} INFO - Processing /home/airflow/.local/lib/python3.12/site-packages/airflow/example_dags/example_datasets.py took 0.464 seconds
[2026-08-12T04:50:51.744+0000] {processor.py:186} INFO - Started process (PID=2275) to work on /home/airflow/.local/lib/python3.12/site-packages/airflow/example_dags/example_datasets.py
[2026-08-12T04:50:51.745+0000] {processor.py:914} INFO - Processing file /home/airflow/.local/lib/python3.12/site-packages/airflow/example_dags/example_datasets.py for tasks to queue
[2026-08-12T04:50:51.748+0000] {logging_mixin.py:190} INFO - [2026-08-12T04:50:51.747+0000] {dagbag.py:587} INFO - Filling up the DagBag from /home/airflow/.local/lib/python3.12/site-packages/airflow/example_dags/example_datasets.py
[2026-08-12T04:50:51.882+0000] {processor.py:925} INFO - DAG(s) 'dataset_produces_1', 'conditional_dataset_and_time_based_timetable', 'dataset_consumes_1_never_scheduled', 'dataset_consumes_1', 'consume_1_or_2_with_dataset_expressions', 'dataset_produces_2', 'consume_1_and_2_with_dataset_expressions', 'dataset_consumes_1_and_2', 'consume_1_or_both_2_and_3_with_dataset_expressions', 'dataset_consumes_unknown_never_scheduled' retrieved from /home/airflow/.local/lib/python3.12/site-packages/airflow/example_dags/example_datasets.py
[2026-08-12T04:50:52.092+0000] {logging_mixin.py:190} INFO - [2026-08-12T04:50:52.092+0000] {dag.py:3211} INFO - Sync 10 DAGs
[2026-08-12T04:50:52.113+0000] {logging_mixin.py:190} INFO - [2026-08-12T04:50:52.113+0000] {dag.py:4138} INFO - Setting next_dagrun for conditional_dataset_and_time_based_timetable to 2026-08-12 01:00:00+00:00, run_after=2026-08-12 01:00:00+00:00
[2026-08-12T04:50:52.118+0000] {logging_mixin.py:190} INFO - [2026-08-12T04:50:52.118+0000] {dag.py:4138} INFO - Setting next_dagrun for consume_1_and_2_with_dataset_expressions to None, run_after=None
[2026-08-12T04:50:52.121+0000] {logging_mixin.py:190} INFO - [2026-08-12T04:50:52.121+0000] {dag.py:4138} INFO - Setting next_dagrun for consume_1_or_2_with_dataset_expressions to None, run_after=None
[2026-08-12T04:50:52.123+0000] {logging_mixin.py:190} INFO - [2026-08-12T04:50:52.123+0000] {dag.py:4138} INFO - Setting next_dagrun for consume_1_or_both_2_and_3_with_dataset_expressions to None, run_after=None
[2026-08-12T04:50:52.125+0000] {logging_mixin.py:190} INFO - [2026-08-12T04:50:52.125+0000] {dag.py:4138} INFO - Setting next_dagrun for dataset_consumes_1 to None, run_after=None
[2026-08-12T04:50:52.128+0000] {logging_mixin.py:190} INFO - [2026-08-12T04:50:52.127+0000] {dag.py:4138} INFO - Setting next_dagrun for dataset_consumes_1_and_2 to None, run_after=None
[2026-08-12T04:50:52.129+0000] {logging_mixin.py:190} INFO - [2026-08-12T04:50:52.129+0000] {dag.py:4138} INFO - Setting next_dagrun for dataset_consumes_1_never_scheduled to None, run_after=None
[2026-08-12T04:50:52.131+0000] {logging_mixin.py:190} INFO - [2026-08-12T04:50:52.131+0000] {dag.py:4138} INFO - Setting next_dagrun for dataset_consumes_unknown_never_scheduled to None, run_after=None
[2026-08-12T04:50:52.134+0000] {logging_mixin.py:190} INFO - [2026-08-12T04:50:52.134+0000] {dag.py:4138} INFO - Setting next_dagrun for dataset_produces_1 to 2026-08-11 00:00:00+00:00, run_after=2026-08-12 00:00:00+00:00
[2026-08-12T04:50:52.136+0000] {logging_mixin.py:190} INFO - [2026-08-12T04:50:52.136+0000] {dag.py:4138} INFO - Setting next_dagrun for dataset_produces_2 to None, run_after=None
[2026-08-12T04:50:52.167+0000] {processor.py:208} INFO - Processing /home/airflow/.local/lib/python3.12/site-packages/airflow/example_dags/example_datasets.py took 0.428 seconds
[2026-08-12T04:51:22.269+0000] {processor.py:186} INFO - Started process (PID=2337) to work on /home/airflow/.local/lib/python3.12/site-packages/airflow/example_dags/example_datasets.py
[2026-08-12T04:51:22.270+0000] {processor.py:914} INFO - Processing file /home/airflow/.local/lib/python3.12/site-packages/airflow/example_dags/example_datasets.py for tasks to queue
[2026-08-12T04:51:22.273+0000] {logging_mixin.py:190} INFO - [2026-08-12T04:51:22.273+0000] {dagbag.py:587} INFO - Filling up the DagBag from /home/airflow/.local/lib/python3.12/site-packages/airflow/example_dags/example_datasets.py
[2026-08-12T04:51:22.415+0000] {processor.py:925} INFO - DAG(s) 'consume_1_and_2_with_dataset_expressions', 'dataset_produces_2', 'consume_1_or_2_with_dataset_expressions', 'conditional_dataset_and_time_based_timetable', 'dataset_consumes_1_never_scheduled', 'consume_1_or_both_2_and_3_with_dataset_expressions', 'dataset_consumes_1', 'dataset_consumes_unknown_never_scheduled', 'dataset_consumes_1_and_2', 'dataset_produces_1' retrieved from /home/airflow/.local/lib/python3.12/site-packages/airflow/example_dags/example_datasets.py
[2026-08-12T04:51:22.631+0000] {logging_mixin.py:190} INFO - [2026-08-12T04:51:22.631+0000] {dag.py:3211} INFO - Sync 10 DAGs
[2026-08-12T04:51:22.653+0000] {logging_mixin.py:190} INFO - [2026-08-12T04:51:22.653+0000] {dag.py:4138} INFO - Setting next_dagrun for conditional_dataset_and_time_based_timetable to 2026-08-12 01:00:00+00:00, run_after=2026-08-12 01:00:00+00:00
[2026-08-12T04:51:22.657+0000] {logging_mixin.py:190} INFO - [2026-08-12T04:51:22.657+0000] {dag.py:4138} INFO - Setting next_dagrun for consume_1_and_2_with_dataset_expressions to None, run_after=None
[2026-08-12T04:51:22.659+0000] {logging_mixin.py:190} INFO - [2026-08-12T04:51:22.659+0000] {dag.py:4138} INFO - Setting next_dagrun for consume_1_or_2_with_dataset_expressions to None, run_after=None
[2026-08-12T04:51:22.662+0000] {logging_mixin.py:190} INFO - [2026-08-12T04:51:22.662+0000] {dag.py:4138} INFO - Setting next_dagrun for consume_1_or_both_2_and_3_with_dataset_expressions to None, run_after=None
[2026-08-12T04:51:22.665+0000] {logging_mixin.py:190} INFO - [2026-08-12T04:51:22.664+0000] {dag.py:4138} INFO - Setting next_dagrun for dataset_consumes_1 to None, run_after=None
[2026-08-12T04:51:22.666+0000] {logging_mixin.py:190} INFO - [2026-08-12T04:51:22.666+0000] {dag.py:4138} INFO - Setting next_dagrun for dataset_consumes_1_and_2 to None, run_after=None
[2026-08-12T04:51:22.668+0000] {logging_mixin.py:190} INFO - [2026-08-12T04:51:22.668+0000] {dag.py:4138} INFO - Setting next_dagrun for dataset_consumes_1_never_scheduled to None, run_after=None
[2026-08-12T04:51:22.670+0000] {logging_mixin.py:190} INFO - [2026-08-12T04:51:22.670+0000] {dag.py:4138} INFO - Setting next_dagrun for dataset_consumes_unknown_never_scheduled to None, run_after=None
[2026-08-12T04:51:22.674+0000] {logging_mixin.py:190} INFO - [2026-08-12T04:51:22.673+0000] {dag.py:4138} INFO - Setting next_dagrun for dataset_produces_1 to 2026-08-11 00:00:00+00:00, run_after=2026-08-12 00:00:00+00:00
[2026-08-12T04:51:22.676+0000] {logging_mixin.py:190} INFO - [2026-08-12T04:51:22.675+0000] {dag.py:4138} INFO - Setting next_dagrun for dataset_produces_2 to None, run_after=None
[2026-08-12T04:51:22.711+0000] {processor.py:208} INFO - Processing /home/airflow/.local/lib/python3.12/site-packages/airflow/example_dags/example_datasets.py took 0.448 seconds
[2026-08-12T04:51:53.412+0000] {processor.py:186} INFO - Started process (PID=2399) to work on /home/airflow/.local/lib/python3.12/site-packages/airflow/example_dags/example_datasets.py
[2026-08-12T04:51:53.425+0000] {processor.py:914} INFO - Processing file /home/airflow/.local/lib/python3.12/site-packages/airflow/example_dags/example_datasets.py for tasks to queue
[2026-08-12T04:51:53.429+0000] {logging_mixin.py:190} INFO - [2026-08-12T04:51:53.428+0000] {dagbag.py:587} INFO - Filling up the DagBag from /home/airflow/.local/lib/python3.12/site-packages/airflow/example_dags/example_datasets.py
[2026-08-12T04:51:53.763+0000] {processor.py:925} INFO - DAG(s) 'consume_1_or_both_2_and_3_with_dataset_expressions', 'dataset_produces_1', 'dataset_consumes_1_never_scheduled', 'dataset_produces_2', 'dataset_consumes_1_and_2', 'consume_1_and_2_with_dataset_expressions', 'dataset_consumes_1', 'dataset_consumes_unknown_never_scheduled', 'conditional_dataset_and_time_based_timetable', 'consume_1_or_2_with_dataset_expressions' retrieved from /home/airflow/.local/lib/python3.12/site-packages/airflow/example_dags/example_datasets.py
[2026-08-12T04:51:53.809+0000] {logging_mixin.py:190} INFO - [2026-08-12T04:51:53.808+0000] {dag.py:3211} INFO - Sync 10 DAGs
[2026-08-12T04:51:53.833+0000] {logging_mixin.py:190} INFO - [2026-08-12T04:51:53.833+0000] {dag.py:4138} INFO - Setting next_dagrun for conditional_dataset_and_time_based_timetable to 2026-08-12 01:00:00+00:00, run_after=2026-08-12 01:00:00+00:00
[2026-08-12T04:51:53.838+0000] {logging_mixin.py:190} INFO - [2026-08-12T04:51:53.838+0000] {dag.py:4138} INFO - Setting next_dagrun for consume_1_and_2_with_dataset_expressions to None, run_after=None
[2026-08-12T04:51:53.841+0000] {logging_mixin.py:190} INFO - [2026-08-12T04:51:53.840+0000] {dag.py:4138} INFO - Setting next_dagrun for consume_1_or_2_with_dataset_expressions to None, run_after=None
[2026-08-12T04:51:53.843+0000] {logging_mixin.py:190} INFO - [2026-08-12T04:51:53.843+0000] {dag.py:4138} INFO - Setting next_dagrun for consume_1_or_both_2_and_3_with_dataset_expressions to None, run_after=None
[2026-08-12T04:51:53.845+0000] {logging_mixin.py:190} INFO - [2026-08-12T04:51:53.845+0000] {dag.py:4138} INFO - Setting next_dagrun for dataset_consumes_1 to None, run_after=None
[2026-08-12T04:51:53.847+0000] {logging_mixin.py:190} INFO - [2026-08-12T04:51:53.847+0000] {dag.py:4138} INFO - Setting next_dagrun for dataset_consumes_1_and_2 to None, run_after=None
[2026-08-12T04:51:53.850+0000] {logging_mixin.py:190} INFO - [2026-08-12T04:51:53.850+0000] {dag.py:4138} INFO - Setting next_dagrun for dataset_consumes_1_never_scheduled to None, run_after=None
[2026-08-12T04:51:53.853+0000] {logging_mixin.py:190} INFO - [2026-08-12T04:51:53.853+0000] {dag.py:4138} INFO - Setting next_dagrun for dataset_consumes_unknown_never_scheduled to None, run_after=None
[2026-08-12T04:51:53.856+0000] {logging_mixin.py:190} INFO - [2026-08-12T04:51:53.856+0000] {dag.py:4138} INFO - Setting next_dagrun for dataset_produces_1 to 2026-08-11 00:00:00+00:00, run_after=2026-08-12 00:00:00+00:00
[2026-08-12T04:51:53.858+0000] {logging_mixin.py:190} INFO - [2026-08-12T04:51:53.858+0000] {dag.py:4138} INFO - Setting next_dagrun for dataset_produces_2 to None, run_after=None
[2026-08-12T04:51:53.897+0000] {processor.py:208} INFO - Processing /home/airflow/.local/lib/python3.12/site-packages/airflow/example_dags/example_datasets.py took 0.494 seconds
[2026-08-12T04:52:24.623+0000] {processor.py:186} INFO - Started process (PID=2461) to work on /home/airflow/.local/lib/python3.12/site-packages/airflow/example_dags/example_datasets.py
[2026-08-12T04:52:24.625+0000] {processor.py:914} INFO - Processing file /home/airflow/.local/lib/python3.12/site-packages/airflow/example_dags/example_datasets.py for tasks to queue
[2026-08-12T04:52:24.628+0000] {logging_mixin.py:190} INFO - [2026-08-12T04:52:24.628+0000] {dagbag.py:587} INFO - Filling up the DagBag from /home/airflow/.local/lib/python3.12/site-packages/airflow/example_dags/example_datasets.py
[2026-08-12T04:52:24.975+0000] {processor.py:925} INFO - DAG(s) 'dataset_consumes_1_never_scheduled', 'consume_1_or_both_2_and_3_with_dataset_expressions', 'consume_1_or_2_with_dataset_expressions', 'dataset_consumes_1', 'dataset_produces_1', 'consume_1_and_2_with_dataset_expressions', 'conditional_dataset_and_time_based_timetable', 'dataset_consumes_unknown_never_scheduled', 'dataset_consumes_1_and_2', 'dataset_produces_2' retrieved from /home/airflow/.local/lib/python3.12/site-packages/airflow/example_dags/example_datasets.py
[2026-08-12T04:52:25.030+0000] {logging_mixin.py:190} INFO - [2026-08-12T04:52:25.030+0000] {dag.py:3211} INFO - Sync 10 DAGs
[2026-08-12T04:52:25.058+0000] {logging_mixin.py:190} INFO - [2026-08-12T04:52:25.057+0000] {dag.py:4138} INFO - Setting next_dagrun for conditional_dataset_and_time_based_timetable to 2026-08-12 01:00:00+00:00, run_after=2026-08-12 01:00:00+00:00
[2026-08-12T04:52:25.062+0000] {logging_mixin.py:190} INFO - [2026-08-12T04:52:25.062+0000] {dag.py:4138} INFO - Setting next_dagrun for consume_1_and_2_with_dataset_expressions to None, run_after=None
[2026-08-12T04:52:25.064+0000] {logging_mixin.py:190} INFO - [2026-08-12T04:52:25.064+0000] {dag.py:4138} INFO - Setting next_dagrun for consume_1_or_2_with_dataset_expressions to None, run_after=None
[2026-08-12T04:52:25.066+0000] {logging_mixin.py:190} INFO - [2026-08-12T04:52:25.066+0000] {dag.py:4138} INFO - Setting next_dagrun for consume_1_or_both_2_and_3_with_dataset_expressions to None, run_after=None
[2026-08-12T04:52:25.068+0000] {logging_mixin.py:190} INFO - [2026-08-12T04:52:25.068+0000] {dag.py:4138} INFO - Setting next_dagrun for dataset_consumes_1 to None, run_after=None
[2026-08-12T04:52:25.070+0000] {logging_mixin.py:190} INFO - [2026-08-12T04:52:25.070+0000] {dag.py:4138} INFO - Setting next_dagrun for dataset_consumes_1_and_2 to None, run_after=None
[2026-08-12T04:52:25.072+0000] {logging_mixin.py:190} INFO - [2026-08-12T04:52:25.072+0000] {dag.py:4138} INFO - Setting next_dagrun for dataset_consumes_1_never_scheduled to None, run_after=None
[2026-08-12T04:52:25.075+0000] {logging_mixin.py:190} INFO - [2026-08-12T04:52:25.074+0000] {dag.py:4138} INFO - Setting next_dagrun for dataset_consumes_unknown_never_scheduled to None, run_after=None
[2026-08-12T04:52:25.078+0000] {logging_mixin.py:190} INFO - [2026-08-12T04:52:25.078+0000] {dag.py:4138} INFO - Setting next_dagrun for dataset_produces_1 to 2026-08-11 00:00:00+00:00, run_after=2026-08-12 00:00:00+00:00
[2026-08-12T04:52:25.081+0000] {logging_mixin.py:190} INFO - [2026-08-12T04:52:25.080+0000] {dag.py:4138} INFO - Setting next_dagrun for dataset_produces_2 to None, run_after=None
[2026-08-12T04:52:25.117+0000] {processor.py:208} INFO - Processing /home/airflow/.local/lib/python3.12/site-packages/airflow/example_dags/example_datasets.py took 0.500 seconds
[2026-08-12T04:52:55.622+0000] {processor.py:186} INFO - Started process (PID=2524) to work on /home/airflow/.local/lib/python3.12/site-packages/airflow/example_dags/example_datasets.py
[2026-08-12T04:52:55.624+0000] {processor.py:914} INFO - Processing file /home/airflow/.local/lib/python3.12/site-packages/airflow/example_dags/example_datasets.py for tasks to queue
[2026-08-12T04:52:55.627+0000] {logging_mixin.py:190} INFO - [2026-08-12T04:52:55.627+0000] {dagbag.py:587} INFO - Filling up the DagBag from /home/airflow/.local/lib/python3.12/site-packages/airflow/example_dags/example_datasets.py
[2026-08-12T04:52:55.963+0000] {processor.py:925} INFO - DAG(s) 'dataset_consumes_1_and_2', 'consume_1_or_2_with_dataset_expressions', 'consume_1_and_2_with_dataset_expressions', 'dataset_consumes_1', 'dataset_produces_1', 'dataset_produces_2', 'conditional_dataset_and_time_based_timetable', 'consume_1_or_both_2_and_3_with_dataset_expressions', 'dataset_consumes_1_never_scheduled', 'dataset_consumes_unknown_never_scheduled' retrieved from /home/airflow/.local/lib/python3.12/site-packages/airflow/example_dags/example_datasets.py
[2026-08-12T04:52:56.001+0000] {logging_mixin.py:190} INFO - [2026-08-12T04:52:56.001+0000] {dag.py:3211} INFO - Sync 10 DAGs
[2026-08-12T04:52:56.023+0000] {logging_mixin.py:190} INFO - [2026-08-12T04:52:56.022+0000] {dag.py:4138} INFO - Setting next_dagrun for conditional_dataset_and_time_based_timetable to 2026-08-12 01:00:00+00:00, run_after=2026-08-12 01:00:00+00:00
[2026-08-12T04:52:56.027+0000] {logging_mixin.py:190} INFO - [2026-08-12T04:52:56.027+0000] {dag.py:4138} INFO - Setting next_dagrun for consume_1_and_2_with_dataset_expressions to None, run_after=None
[2026-08-12T04:52:56.031+0000] {logging_mixin.py:190} INFO - [2026-08-12T04:52:56.031+0000] {dag.py:4138} INFO - Setting next_dagrun for consume_1_or_2_with_dataset_expressions to None, run_after=None
[2026-08-12T04:52:56.033+0000] {logging_mixin.py:190} INFO - [2026-08-12T04:52:56.033+0000] {dag.py:4138} INFO - Setting next_dagrun for consume_1_or_both_2_and_3_with_dataset_expressions to None, run_after=None
[2026-08-12T04:52:56.035+0000] {logging_mixin.py:190} INFO - [2026-08-12T04:52:56.035+0000] {dag.py:4138} INFO - Setting next_dagrun for dataset_consumes_1 to None, run_after=None
[2026-08-12T04:52:56.037+0000] {logging_mixin.py:190} INFO - [2026-08-12T04:52:56.037+0000] {dag.py:4138} INFO - Setting next_dagrun for dataset_consumes_1_and_2 to None, run_after=None
[2026-08-12T04:52:56.040+0000] {logging_mixin.py:190} INFO - [2026-08-12T04:52:56.039+0000] {dag.py:4138} INFO - Setting next_dagrun for dataset_consumes_1_never_scheduled to None, run_after=None
[2026-08-12T04:52:56.042+0000] {logging_mixin.py:190} INFO - [2026-08-12T04:52:56.042+0000] {dag.py:4138} INFO - Setting next_dagrun for dataset_consumes_unknown_never_scheduled to None, run_after=None
[2026-08-12T04:52:56.046+0000] {logging_mixin.py:190} INFO - [2026-08-12T04:52:56.046+0000] {dag.py:4138} INFO - Setting next_dagrun for dataset_produces_1 to 2026-08-11 00:00:00+00:00, run_after=2026-08-12 00:00:00+00:00
[2026-08-12T04:52:56.049+0000] {logging_mixin.py:190} INFO - [2026-08-12T04:52:56.048+0000] {dag.py:4138} INFO - Setting next_dagrun for dataset_produces_2 to None, run_after=None
[2026-08-12T04:52:56.083+0000] {processor.py:208} INFO - Processing /home/airflow/.local/lib/python3.12/site-packages/airflow/example_dags/example_datasets.py took 0.467 seconds
[2026-08-12T04:53:26.170+0000] {processor.py:186} INFO - Started process (PID=2587) to work on /home/airflow/.local/lib/python3.12/site-packages/airflow/example_dags/example_datasets.py
[2026-08-12T04:53:26.172+0000] {processor.py:914} INFO - Processing file /home/airflow/.local/lib/python3.12/site-packages/airflow/example_dags/example_datasets.py for tasks to queue
[2026-08-12T04:53:26.175+0000] {logging_mixin.py:190} INFO - [2026-08-12T04:53:26.175+0000] {dagbag.py:587} INFO - Filling up the DagBag from /home/airflow/.local/lib/python3.12/site-packages/airflow/example_dags/example_datasets.py
[2026-08-12T04:53:26.504+0000] {processor.py:925} INFO - DAG(s) 'dataset_produces_2', 'conditional_dataset_and_time_based_timetable', 'dataset_consumes_1', 'dataset_produces_1', 'dataset_consumes_1_never_scheduled', 'dataset_consumes_unknown_never_scheduled', 'consume_1_or_2_with_dataset_expressions', 'consume_1_or_both_2_and_3_with_dataset_expressions', 'consume_1_and_2_with_dataset_expressions', 'dataset_consumes_1_and_2' retrieved from /home/airflow/.local/lib/python3.12/site-packages/airflow/example_dags/example_datasets.py
[2026-08-12T04:53:26.561+0000] {logging_mixin.py:190} INFO - [2026-08-12T04:53:26.561+0000] {dag.py:3211} INFO - Sync 10 DAGs
[2026-08-12T04:53:26.586+0000] {logging_mixin.py:190} INFO - [2026-08-12T04:53:26.586+0000] {dag.py:4138} INFO - Setting next_dagrun for conditional_dataset_and_time_based_timetable to 2026-08-12 01:00:00+00:00, run_after=2026-08-12 01:00:00+00:00
[2026-08-12T04:53:26.592+0000] {logging_mixin.py:190} INFO - [2026-08-12T04:53:26.591+0000] {dag.py:4138} INFO - Setting next_dagrun for consume_1_and_2_with_dataset_expressions to None, run_after=None
[2026-08-12T04:53:26.595+0000] {logging_mixin.py:190} INFO - [2026-08-12T04:53:26.594+0000] {dag.py:4138} INFO - Setting next_dagrun for consume_1_or_2_with_dataset_expressions to None, run_after=None
[2026-08-12T04:53:26.598+0000] {logging_mixin.py:190} INFO - [2026-08-12T04:53:26.597+0000] {dag.py:4138} INFO - Setting next_dagrun for consume_1_or_both_2_and_3_with_dataset_expressions to None, run_after=None
[2026-08-12T04:53:26.600+0000] {logging_mixin.py:190} INFO - [2026-08-12T04:53:26.600+0000] {dag.py:4138} INFO - Setting next_dagrun for dataset_consumes_1 to None, run_after=None
[2026-08-12T04:53:26.603+0000] {logging_mixin.py:190} INFO - [2026-08-12T04:53:26.603+0000] {dag.py:4138} INFO - Setting next_dagrun for dataset_consumes_1_and_2 to None, run_after=None
[2026-08-12T04:53:26.605+0000] {logging_mixin.py:190} INFO - [2026-08-12T04:53:26.605+0000] {dag.py:4138} INFO - Setting next_dagrun for dataset_consumes_1_never_scheduled to None, run_after=None
[2026-08-12T04:53:26.608+0000] {logging_mixin.py:190} INFO - [2026-08-12T04:53:26.608+0000] {dag.py:4138} INFO - Setting next_dagrun for dataset_consumes_unknown_never_scheduled to None, run_after=None
[2026-08-12T04:53:26.611+0000] {logging_mixin.py:190} INFO - [2026-08-12T04:53:26.611+0000] {dag.py:4138} INFO - Setting next_dagrun for dataset_produces_1 to 2026-08-11 00:00:00+00:00, run_after=2026-08-12 00:00:00+00:00
[2026-08-12T04:53:26.613+0000] {logging_mixin.py:190} INFO - [2026-08-12T04:53:26.613+0000] {dag.py:4138} INFO - Setting next_dagrun for dataset_produces_2 to None, run_after=None
[2026-08-12T04:53:26.651+0000] {processor.py:208} INFO - Processing /home/airflow/.local/lib/python3.12/site-packages/airflow/example_dags/example_datasets.py took 0.487 seconds
[2026-08-12T04:53:57.209+0000] {processor.py:186} INFO - Started process (PID=2656) to work on /home/airflow/.local/lib/python3.12/site-packages/airflow/example_dags/example_datasets.py
[2026-08-12T04:53:57.210+0000] {processor.py:914} INFO - Processing file /home/airflow/.local/lib/python3.12/site-packages/airflow/example_dags/example_datasets.py for tasks to queue
[2026-08-12T04:53:57.213+0000] {logging_mixin.py:190} INFO - [2026-08-12T04:53:57.212+0000] {dagbag.py:587} INFO - Filling up the DagBag from /home/airflow/.local/lib/python3.12/site-packages/airflow/example_dags/example_datasets.py
[2026-08-12T04:53:57.532+0000] {processor.py:925} INFO - DAG(s) 'dataset_produces_1', 'conditional_dataset_and_time_based_timetable', 'dataset_produces_2', 'dataset_consumes_1', 'consume_1_or_both_2_and_3_with_dataset_expressions', 'dataset_consumes_1_and_2', 'consume_1_or_2_with_dataset_expressions', 'dataset_consumes_unknown_never_scheduled', 'dataset_consumes_1_never_scheduled', 'consume_1_and_2_with_dataset_expressions' retrieved from /home/airflow/.local/lib/python3.12/site-packages/airflow/example_dags/example_datasets.py
[2026-08-12T04:53:57.572+0000] {logging_mixin.py:190} INFO - [2026-08-12T04:53:57.571+0000] {dag.py:3211} INFO - Sync 10 DAGs
[2026-08-12T04:53:57.593+0000] {logging_mixin.py:190} INFO - [2026-08-12T04:53:57.593+0000] {dag.py:4138} INFO - Setting next_dagrun for conditional_dataset_and_time_based_timetable to 2026-08-12 01:00:00+00:00, run_after=2026-08-12 01:00:00+00:00
[2026-08-12T04:53:57.597+0000] {logging_mixin.py:190} INFO - [2026-08-12T04:53:57.597+0000] {dag.py:4138} INFO - Setting next_dagrun for consume_1_and_2_with_dataset_expressions to None, run_after=None
[2026-08-12T04:53:57.599+0000] {logging_mixin.py:190} INFO - [2026-08-12T04:53:57.599+0000] {dag.py:4138} INFO - Setting next_dagrun for consume_1_or_2_with_dataset_expressions to None, run_after=None
[2026-08-12T04:53:57.602+0000] {logging_mixin.py:190} INFO - [2026-08-12T04:53:57.601+0000] {dag.py:4138} INFO - Setting next_dagrun for consume_1_or_both_2_and_3_with_dataset_expressions to None, run_after=None
[2026-08-12T04:53:57.604+0000] {logging_mixin.py:190} INFO - [2026-08-12T04:53:57.604+0000] {dag.py:4138} INFO - Setting next_dagrun for dataset_consumes_1 to None, run_after=None
[2026-08-12T04:53:57.606+0000] {logging_mixin.py:190} INFO - [2026-08-12T04:53:57.606+0000] {dag.py:4138} INFO - Setting next_dagrun for dataset_consumes_1_and_2 to None, run_after=None
[2026-08-12T04:53:57.608+0000] {logging_mixin.py:190} INFO - [2026-08-12T04:53:57.608+0000] {dag.py:4138} INFO - Setting next_dagrun for dataset_consumes_1_never_scheduled to None, run_after=None
[2026-08-12T04:53:57.610+0000] {logging_mixin.py:190} INFO - [2026-08-12T04:53:57.610+0000] {dag.py:4138} INFO - Setting next_dagrun for dataset_consumes_unknown_never_scheduled to None, run_after=None
[2026-08-12T04:53:57.613+0000] {logging_mixin.py:190} INFO - [2026-08-12T04:53:57.613+0000] {dag.py:4138} INFO - Setting next_dagrun for dataset_produces_1 to 2026-08-11 00:00:00+00:00, run_after=2026-08-12 00:00:00+00:00
[2026-08-12T04:53:57.616+0000] {logging_mixin.py:190} INFO - [2026-08-12T04:53:57.615+0000] {dag.py:4138} INFO - Setting next_dagrun for dataset_produces_2 to None, run_after=None
[2026-08-12T04:53:57.649+0000] {processor.py:208} INFO - Processing /home/airflow/.local/lib/python3.12/site-packages/airflow/example_dags/example_datasets.py took 0.446 seconds
[2026-08-12T04:54:28.105+0000] {processor.py:186} INFO - Started process (PID=2719) to work on /home/airflow/.local/lib/python3.12/site-packages/airflow/example_dags/example_datasets.py
[2026-08-12T04:54:28.106+0000] {processor.py:914} INFO - Processing file /home/airflow/.local/lib/python3.12/site-packages/airflow/example_dags/example_datasets.py for tasks to queue
[2026-08-12T04:54:28.109+0000] {logging_mixin.py:190} INFO - [2026-08-12T04:54:28.109+0000] {dagbag.py:587} INFO - Filling up the DagBag from /home/airflow/.local/lib/python3.12/site-packages/airflow/example_dags/example_datasets.py
[2026-08-12T04:54:28.421+0000] {processor.py:925} INFO - DAG(s) 'dataset_consumes_1_and_2', 'dataset_produces_2', 'consume_1_and_2_with_dataset_expressions', 'dataset_produces_1', 'dataset_consumes_unknown_never_scheduled', 'conditional_dataset_and_time_based_timetable', 'consume_1_or_both_2_and_3_with_dataset_expressions', 'dataset_consumes_1_never_scheduled', 'dataset_consumes_1', 'consume_1_or_2_with_dataset_expressions' retrieved from /home/airflow/.local/lib/python3.12/site-packages/airflow/example_dags/example_datasets.py
[2026-08-12T04:54:28.461+0000] {logging_mixin.py:190} INFO - [2026-08-12T04:54:28.460+0000] {dag.py:3211} INFO - Sync 10 DAGs
[2026-08-12T04:54:28.481+0000] {logging_mixin.py:190} INFO - [2026-08-12T04:54:28.481+0000] {dag.py:4138} INFO - Setting next_dagrun for conditional_dataset_and_time_based_timetable to 2026-08-12 01:00:00+00:00, run_after=2026-08-12 01:00:00+00:00
[2026-08-12T04:54:28.485+0000] {logging_mixin.py:190} INFO - [2026-08-12T04:54:28.485+0000] {dag.py:4138} INFO - Setting next_dagrun for consume_1_and_2_with_dataset_expressions to None, run_after=None
[2026-08-12T04:54:28.488+0000] {logging_mixin.py:190} INFO - [2026-08-12T04:54:28.487+0000] {dag.py:4138} INFO - Setting next_dagrun for consume_1_or_2_with_dataset_expressions to None, run_after=None
[2026-08-12T04:54:28.490+0000] {logging_mixin.py:190} INFO - [2026-08-12T04:54:28.490+0000] {dag.py:4138} INFO - Setting next_dagrun for consume_1_or_both_2_and_3_with_dataset_expressions to None, run_after=None
[2026-08-12T04:54:28.493+0000] {logging_mixin.py:190} INFO - [2026-08-12T04:54:28.492+0000] {dag.py:4138} INFO - Setting next_dagrun for dataset_consumes_1 to None, run_after=None
[2026-08-12T04:54:28.495+0000] {logging_mixin.py:190} INFO - [2026-08-12T04:54:28.495+0000] {dag.py:4138} INFO - Setting next_dagrun for dataset_consumes_1_and_2 to None, run_after=None
[2026-08-12T04:54:28.497+0000] {logging_mixin.py:190} INFO - [2026-08-12T04:54:28.497+0000] {dag.py:4138} INFO - Setting next_dagrun for dataset_consumes_1_never_scheduled to None, run_after=None
[2026-08-12T04:54:28.499+0000] {logging_mixin.py:190} INFO - [2026-08-12T04:54:28.499+0000] {dag.py:4138} INFO - Setting next_dagrun for dataset_consumes_unknown_never_scheduled to None, run_after=None
[2026-08-12T04:54:28.502+0000] {logging_mixin.py:190} INFO - [2026-08-12T04:54:28.502+0000] {dag.py:4138} INFO - Setting next_dagrun for dataset_produces_1 to 2026-08-11 00:00:00+00:00, run_after=2026-08-12 00:00:00+00:00
[2026-08-12T04:54:28.504+0000] {logging_mixin.py:190} INFO - [2026-08-12T04:54:28.504+0000] {dag.py:4138} INFO - Setting next_dagrun for dataset_produces_2 to None, run_after=None
[2026-08-12T04:54:28.562+0000] {processor.py:208} INFO - Processing /home/airflow/.local/lib/python3.12/site-packages/airflow/example_dags/example_datasets.py took 0.464 seconds
[2026-08-12T04:54:58.816+0000] {processor.py:186} INFO - Started process (PID=2782) to work on /home/airflow/.local/lib/python3.12/site-packages/airflow/example_dags/example_datasets.py
[2026-08-12T04:54:58.818+0000] {processor.py:914} INFO - Processing file /home/airflow/.local/lib/python3.12/site-packages/airflow/example_dags/example_datasets.py for tasks to queue
[2026-08-12T04:54:58.821+0000] {logging_mixin.py:190} INFO - [2026-08-12T04:54:58.820+0000] {dagbag.py:587} INFO - Filling up the DagBag from /home/airflow/.local/lib/python3.12/site-packages/airflow/example_dags/example_datasets.py
[2026-08-12T04:54:59.142+0000] {processor.py:925} INFO - DAG(s) 'dataset_produces_1', 'dataset_produces_2', 'consume_1_and_2_with_dataset_expressions', 'dataset_consumes_1', 'consume_1_or_both_2_and_3_with_dataset_expressions', 'conditional_dataset_and_time_based_timetable', 'dataset_consumes_1_and_2', 'consume_1_or_2_with_dataset_expressions', 'dataset_consumes_1_never_scheduled', 'dataset_consumes_unknown_never_scheduled' retrieved from /home/airflow/.local/lib/python3.12/site-packages/airflow/example_dags/example_datasets.py
[2026-08-12T04:54:59.187+0000] {logging_mixin.py:190} INFO - [2026-08-12T04:54:59.186+0000] {dag.py:3211} INFO - Sync 10 DAGs
[2026-08-12T04:54:59.207+0000] {logging_mixin.py:190} INFO - [2026-08-12T04:54:59.207+0000] {dag.py:4138} INFO - Setting next_dagrun for conditional_dataset_and_time_based_timetable to 2026-08-12 01:00:00+00:00, run_after=2026-08-12 01:00:00+00:00
[2026-08-12T04:54:59.211+0000] {logging_mixin.py:190} INFO - [2026-08-12T04:54:59.211+0000] {dag.py:4138} INFO - Setting next_dagrun for consume_1_and_2_with_dataset_expressions to None, run_after=None
[2026-08-12T04:54:59.214+0000] {logging_mixin.py:190} INFO - [2026-08-12T04:54:59.213+0000] {dag.py:4138} INFO - Setting next_dagrun for consume_1_or_2_with_dataset_expressions to None, run_after=None
[2026-08-12T04:54:59.216+0000] {logging_mixin.py:190} INFO - [2026-08-12T04:54:59.215+0000] {dag.py:4138} INFO - Setting next_dagrun for consume_1_or_both_2_and_3_with_dataset_expressions to None, run_after=None
[2026-08-12T04:54:59.218+0000] {logging_mixin.py:190} INFO - [2026-08-12T04:54:59.218+0000] {dag.py:4138} INFO - Setting next_dagrun for dataset_consumes_1 to None, run_after=None
[2026-08-12T04:54:59.220+0000] {logging_mixin.py:190} INFO - [2026-08-12T04:54:59.220+0000] {dag.py:4138} INFO - Setting next_dagrun for dataset_consumes_1_and_2 to None, run_after=None
[2026-08-12T04:54:59.222+0000] {logging_mixin.py:190} INFO - [2026-08-12T04:54:59.222+0000] {dag.py:4138} INFO - Setting next_dagrun for dataset_consumes_1_never_scheduled to None, run_after=None
[2026-08-12T04:54:59.224+0000] {logging_mixin.py:190} INFO - [2026-08-12T04:54:59.224+0000] {dag.py:4138} INFO - Setting next_dagrun for dataset_consumes_unknown_never_scheduled to None, run_after=None
[2026-08-12T04:54:59.227+0000] {logging_mixin.py:190} INFO - [2026-08-12T04:54:59.227+0000] {dag.py:4138} INFO - Setting next_dagrun for dataset_produces_1 to 2026-08-11 00:00:00+00:00, run_after=2026-08-12 00:00:00+00:00
[2026-08-12T04:54:59.229+0000] {logging_mixin.py:190} INFO - [2026-08-12T04:54:59.229+0000] {dag.py:4138} INFO - Setting next_dagrun for dataset_produces_2 to None, run_after=None
[2026-08-12T04:54:59.260+0000] {processor.py:208} INFO - Processing /home/airflow/.local/lib/python3.12/site-packages/airflow/example_dags/example_datasets.py took 0.449 seconds
[2026-08-12T04:55:29.601+0000] {processor.py:186} INFO - Started process (PID=2845) to work on /home/airflow/.local/lib/python3.12/site-packages/airflow/example_dags/example_datasets.py
[2026-08-12T04:55:29.603+0000] {processor.py:914} INFO - Processing file /home/airflow/.local/lib/python3.12/site-packages/airflow/example_dags/example_datasets.py for tasks to queue
[2026-08-12T04:55:29.607+0000] {logging_mixin.py:190} INFO - [2026-08-12T04:55:29.607+0000] {dagbag.py:587} INFO - Filling up the DagBag from /home/airflow/.local/lib/python3.12/site-packages/airflow/example_dags/example_datasets.py
[2026-08-12T04:55:29.947+0000] {processor.py:925} INFO - DAG(s) 'conditional_dataset_and_time_based_timetable', 'consume_1_or_both_2_and_3_with_dataset_expressions', 'dataset_produces_2', 'consume_1_or_2_with_dataset_expressions', 'consume_1_and_2_with_dataset_expressions', 'dataset_produces_1', 'dataset_consumes_1_and_2', 'dataset_consumes_unknown_never_scheduled', 'dataset_consumes_1_never_scheduled', 'dataset_consumes_1' retrieved from /home/airflow/.local/lib/python3.12/site-packages/airflow/example_dags/example_datasets.py
[2026-08-12T04:55:29.990+0000] {logging_mixin.py:190} INFO - [2026-08-12T04:55:29.989+0000] {dag.py:3211} INFO - Sync 10 DAGs
[2026-08-12T04:55:30.018+0000] {logging_mixin.py:190} INFO - [2026-08-12T04:55:30.018+0000] {dag.py:4138} INFO - Setting next_dagrun for conditional_dataset_and_time_based_timetable to 2026-08-12 01:00:00+00:00, run_after=2026-08-12 01:00:00+00:00
[2026-08-12T04:55:30.023+0000] {logging_mixin.py:190} INFO - [2026-08-12T04:55:30.023+0000] {dag.py:4138} INFO - Setting next_dagrun for consume_1_and_2_with_dataset_expressions to None, run_after=None
[2026-08-12T04:55:30.026+0000] {logging_mixin.py:190} INFO - [2026-08-12T04:55:30.026+0000] {dag.py:4138} INFO - Setting next_dagrun for consume_1_or_2_with_dataset_expressions to None, run_after=None
[2026-08-12T04:55:30.029+0000] {logging_mixin.py:190} INFO - [2026-08-12T04:55:30.029+0000] {dag.py:4138} INFO - Setting next_dagrun for consume_1_or_both_2_and_3_with_dataset_expressions to None, run_after=None
[2026-08-12T04:55:30.031+0000] {logging_mixin.py:190} INFO - [2026-08-12T04:55:30.031+0000] {dag.py:4138} INFO - Setting next_dagrun for dataset_consumes_1 to None, run_after=None
[2026-08-12T04:55:30.033+0000] {logging_mixin.py:190} INFO - [2026-08-12T04:55:30.033+0000] {dag.py:4138} INFO - Setting next_dagrun for dataset_consumes_1_and_2 to None, run_after=None
[2026-08-12T04:55:30.036+0000] {logging_mixin.py:190} INFO - [2026-08-12T04:55:30.036+0000] {dag.py:4138} INFO - Setting next_dagrun for dataset_consumes_1_never_scheduled to None, run_after=None
[2026-08-12T04:55:30.038+0000] {logging_mixin.py:190} INFO - [2026-08-12T04:55:30.038+0000] {dag.py:4138} INFO - Setting next_dagrun for dataset_consumes_unknown_never_scheduled to None, run_after=None
[2026-08-12T04:55:30.041+0000] {logging_mixin.py:190} INFO - [2026-08-12T04:55:30.041+0000] {dag.py:4138} INFO - Setting next_dagrun for dataset_produces_1 to 2026-08-11 00:00:00+00:00, run_after=2026-08-12 00:00:00+00:00
[2026-08-12T04:55:30.044+0000] {logging_mixin.py:190} INFO - [2026-08-12T04:55:30.043+0000] {dag.py:4138} INFO - Setting next_dagrun for dataset_produces_2 to None, run_after=None
[2026-08-12T04:55:30.081+0000] {processor.py:208} INFO - Processing /home/airflow/.local/lib/python3.12/site-packages/airflow/example_dags/example_datasets.py took 0.486 seconds
[2026-08-12T04:56:00.314+0000] {processor.py:186} INFO - Started process (PID=2908) to work on /home/airflow/.local/lib/python3.12/site-packages/airflow/example_dags/example_datasets.py
[2026-08-12T04:56:00.316+0000] {processor.py:914} INFO - Processing file /home/airflow/.local/lib/python3.12/site-packages/airflow/example_dags/example_datasets.py for tasks to queue
[2026-08-12T04:56:00.319+0000] {logging_mixin.py:190} INFO - [2026-08-12T04:56:00.319+0000] {dagbag.py:587} INFO - Filling up the DagBag from /home/airflow/.local/lib/python3.12/site-packages/airflow/example_dags/example_datasets.py
[2026-08-12T04:56:00.684+0000] {processor.py:925} INFO - DAG(s) 'dataset_produces_1', 'consume_1_or_2_with_dataset_expressions', 'dataset_consumes_1', 'consume_1_and_2_with_dataset_expressions', 'dataset_consumes_1_and_2', 'dataset_consumes_1_never_scheduled', 'dataset_produces_2', 'conditional_dataset_and_time_based_timetable', 'dataset_consumes_unknown_never_scheduled', 'consume_1_or_both_2_and_3_with_dataset_expressions' retrieved from /home/airflow/.local/lib/python3.12/site-packages/airflow/example_dags/example_datasets.py
[2026-08-12T04:56:00.723+0000] {logging_mixin.py:190} INFO - [2026-08-12T04:56:00.723+0000] {dag.py:3211} INFO - Sync 10 DAGs
[2026-08-12T04:56:00.746+0000] {logging_mixin.py:190} INFO - [2026-08-12T04:56:00.746+0000] {dag.py:4138} INFO - Setting next_dagrun for conditional_dataset_and_time_based_timetable to 2026-08-12 01:00:00+00:00, run_after=2026-08-12 01:00:00+00:00
[2026-08-12T04:56:00.750+0000] {logging_mixin.py:190} INFO - [2026-08-12T04:56:00.750+0000] {dag.py:4138} INFO - Setting next_dagrun for consume_1_and_2_with_dataset_expressions to None, run_after=None
[2026-08-12T04:56:00.752+0000] {logging_mixin.py:190} INFO - [2026-08-12T04:56:00.752+0000] {dag.py:4138} INFO - Setting next_dagrun for consume_1_or_2_with_dataset_expressions to None, run_after=None
[2026-08-12T04:56:00.755+0000] {logging_mixin.py:190} INFO - [2026-08-12T04:56:00.754+0000] {dag.py:4138} INFO - Setting next_dagrun for consume_1_or_both_2_and_3_with_dataset_expressions to None, run_after=None
[2026-08-12T04:56:00.757+0000] {logging_mixin.py:190} INFO - [2026-08-12T04:56:00.757+0000] {dag.py:4138} INFO - Setting next_dagrun for dataset_consumes_1 to None, run_after=None
[2026-08-12T04:56:00.759+0000] {logging_mixin.py:190} INFO - [2026-08-12T04:56:00.759+0000] {dag.py:4138} INFO - Setting next_dagrun for dataset_consumes_1_and_2 to None, run_after=None
[2026-08-12T04:56:00.761+0000] {logging_mixin.py:190} INFO - [2026-08-12T04:56:00.761+0000] {dag.py:4138} INFO - Setting next_dagrun for dataset_consumes_1_never_scheduled to None, run_after=None
[2026-08-12T04:56:00.766+0000] {logging_mixin.py:190} INFO - [2026-08-12T04:56:00.766+0000] {dag.py:4138} INFO - Setting next_dagrun for dataset_consumes_unknown_never_scheduled to None, run_after=None
[2026-08-12T04:56:00.770+0000] {logging_mixin.py:190} INFO - [2026-08-12T04:56:00.769+0000] {dag.py:4138} INFO - Setting next_dagrun for dataset_produces_1 to 2026-08-11 00:00:00+00:00, run_after=2026-08-12 00:00:00+00:00
[2026-08-12T04:56:00.772+0000] {logging_mixin.py:190} INFO - [2026-08-12T04:56:00.772+0000] {dag.py:4138} INFO - Setting next_dagrun for dataset_produces_2 to None, run_after=None
[2026-08-12T04:56:00.814+0000] {processor.py:208} INFO - Processing /home/airflow/.local/lib/python3.12/site-packages/airflow/example_dags/example_datasets.py took 0.506 seconds
[2026-08-12T04:56:30.992+0000] {processor.py:186} INFO - Started process (PID=2971) to work on /home/airflow/.local/lib/python3.12/site-packages/airflow/example_dags/example_datasets.py
[2026-08-12T04:56:30.993+0000] {processor.py:914} INFO - Processing file /home/airflow/.local/lib/python3.12/site-packages/airflow/example_dags/example_datasets.py for tasks to queue
[2026-08-12T04:56:30.997+0000] {logging_mixin.py:190} INFO - [2026-08-12T04:56:30.996+0000] {dagbag.py:587} INFO - Filling up the DagBag from /home/airflow/.local/lib/python3.12/site-packages/airflow/example_dags/example_datasets.py
[2026-08-12T04:56:31.329+0000] {processor.py:925} INFO - DAG(s) 'dataset_consumes_1_and_2', 'dataset_consumes_1', 'dataset_consumes_unknown_never_scheduled', 'dataset_produces_2', 'consume_1_or_both_2_and_3_with_dataset_expressions', 'consume_1_and_2_with_dataset_expressions', 'conditional_dataset_and_time_based_timetable', 'dataset_consumes_1_never_scheduled', 'consume_1_or_2_with_dataset_expressions', 'dataset_produces_1' retrieved from /home/airflow/.local/lib/python3.12/site-packages/airflow/example_dags/example_datasets.py
[2026-08-12T04:56:31.369+0000] {logging_mixin.py:190} INFO - [2026-08-12T04:56:31.369+0000] {dag.py:3211} INFO - Sync 10 DAGs
[2026-08-12T04:56:31.393+0000] {logging_mixin.py:190} INFO - [2026-08-12T04:56:31.393+0000] {dag.py:4138} INFO - Setting next_dagrun for conditional_dataset_and_time_based_timetable to 2026-08-12 01:00:00+00:00, run_after=2026-08-12 01:00:00+00:00
[2026-08-12T04:56:31.397+0000] {logging_mixin.py:190} INFO - [2026-08-12T04:56:31.397+0000] {dag.py:4138} INFO - Setting next_dagrun for consume_1_and_2_with_dataset_expressions to None, run_after=None
[2026-08-12T04:56:31.400+0000] {logging_mixin.py:190} INFO - [2026-08-12T04:56:31.399+0000] {dag.py:4138} INFO - Setting next_dagrun for consume_1_or_2_with_dataset_expressions to None, run_after=None
[2026-08-12T04:56:31.402+0000] {logging_mixin.py:190} INFO - [2026-08-12T04:56:31.401+0000] {dag.py:4138} INFO - Setting next_dagrun for consume_1_or_both_2_and_3_with_dataset_expressions to None, run_after=None
[2026-08-12T04:56:31.405+0000] {logging_mixin.py:190} INFO - [2026-08-12T04:56:31.404+0000] {dag.py:4138} INFO - Setting next_dagrun for dataset_consumes_1 to None, run_after=None
[2026-08-12T04:56:31.419+0000] {logging_mixin.py:190} INFO - [2026-08-12T04:56:31.418+0000] {dag.py:4138} INFO - Setting next_dagrun for dataset_consumes_1_and_2 to None, run_after=None
[2026-08-12T04:56:31.421+0000] {logging_mixin.py:190} INFO - [2026-08-12T04:56:31.421+0000] {dag.py:4138} INFO - Setting next_dagrun for dataset_consumes_1_never_scheduled to None, run_after=None
[2026-08-12T04:56:31.423+0000] {logging_mixin.py:190} INFO - [2026-08-12T04:56:31.423+0000] {dag.py:4138} INFO - Setting next_dagrun for dataset_consumes_unknown_never_scheduled to None, run_after=None
[2026-08-12T04:56:31.426+0000] {logging_mixin.py:190} INFO - [2026-08-12T04:56:31.426+0000] {dag.py:4138} INFO - Setting next_dagrun for dataset_produces_1 to 2026-08-11 00:00:00+00:00, run_after=2026-08-12 00:00:00+00:00
[2026-08-12T04:56:31.428+0000] {logging_mixin.py:190} INFO - [2026-08-12T04:56:31.428+0000] {dag.py:4138} INFO - Setting next_dagrun for dataset_produces_2 to None, run_after=None
[2026-08-12T04:56:31.459+0000] {processor.py:208} INFO - Processing /home/airflow/.local/lib/python3.12/site-packages/airflow/example_dags/example_datasets.py took 0.473 seconds
[2026-08-12T04:57:01.806+0000] {processor.py:186} INFO - Started process (PID=3034) to work on /home/airflow/.local/lib/python3.12/site-packages/airflow/example_dags/example_datasets.py
[2026-08-12T04:57:01.808+0000] {processor.py:914} INFO - Processing file /home/airflow/.local/lib/python3.12/site-packages/airflow/example_dags/example_datasets.py for tasks to queue
[2026-08-12T04:57:01.811+0000] {logging_mixin.py:190} INFO - [2026-08-12T04:57:01.811+0000] {dagbag.py:587} INFO - Filling up the DagBag from /home/airflow/.local/lib/python3.12/site-packages/airflow/example_dags/example_datasets.py
[2026-08-12T04:57:02.126+0000] {processor.py:925} INFO - DAG(s) 'dataset_consumes_1_and_2', 'dataset_produces_1', 'consume_1_or_both_2_and_3_with_dataset_expressions', 'dataset_consumes_1_never_scheduled', 'dataset_produces_2', 'conditional_dataset_and_time_based_timetable', 'dataset_consumes_1', 'consume_1_and_2_with_dataset_expressions', 'dataset_consumes_unknown_never_scheduled', 'consume_1_or_2_with_dataset_expressions' retrieved from /home/airflow/.local/lib/python3.12/site-packages/airflow/example_dags/example_datasets.py
[2026-08-12T04:57:02.183+0000] {logging_mixin.py:190} INFO - [2026-08-12T04:57:02.183+0000] {dag.py:3211} INFO - Sync 10 DAGs
[2026-08-12T04:57:02.206+0000] {logging_mixin.py:190} INFO - [2026-08-12T04:57:02.206+0000] {dag.py:4138} INFO - Setting next_dagrun for conditional_dataset_and_time_based_timetable to 2026-08-12 01:00:00+00:00, run_after=2026-08-12 01:00:00+00:00
[2026-08-12T04:57:02.211+0000] {logging_mixin.py:190} INFO - [2026-08-12T04:57:02.210+0000] {dag.py:4138} INFO - Setting next_dagrun for consume_1_and_2_with_dataset_expressions to None, run_after=None
[2026-08-12T04:57:02.213+0000] {logging_mixin.py:190} INFO - [2026-08-12T04:57:02.213+0000] {dag.py:4138} INFO - Setting next_dagrun for consume_1_or_2_with_dataset_expressions to None, run_after=None
[2026-08-12T04:57:02.215+0000] {logging_mixin.py:190} INFO - [2026-08-12T04:57:02.215+0000] {dag.py:4138} INFO - Setting next_dagrun for consume_1_or_both_2_and_3_with_dataset_expressions to None, run_after=None
[2026-08-12T04:57:02.218+0000] {logging_mixin.py:190} INFO - [2026-08-12T04:57:02.217+0000] {dag.py:4138} INFO - Setting next_dagrun for dataset_consumes_1 to None, run_after=None
[2026-08-12T04:57:02.220+0000] {logging_mixin.py:190} INFO - [2026-08-12T04:57:02.219+0000] {dag.py:4138} INFO - Setting next_dagrun for dataset_consumes_1_and_2 to None, run_after=None
[2026-08-12T04:57:02.222+0000] {logging_mixin.py:190} INFO - [2026-08-12T04:57:02.221+0000] {dag.py:4138} INFO - Setting next_dagrun for dataset_consumes_1_never_scheduled to None, run_after=None
[2026-08-12T04:57:02.224+0000] {logging_mixin.py:190} INFO - [2026-08-12T04:57:02.224+0000] {dag.py:4138} INFO - Setting next_dagrun for dataset_consumes_unknown_never_scheduled to None, run_after=None
[2026-08-12T04:57:02.227+0000] {logging_mixin.py:190} INFO - [2026-08-12T04:57:02.227+0000] {dag.py:4138} INFO - Setting next_dagrun for dataset_produces_1 to 2026-08-11 00:00:00+00:00, run_after=2026-08-12 00:00:00+00:00
[2026-08-12T04:57:02.229+0000] {logging_mixin.py:190} INFO - [2026-08-12T04:57:02.229+0000] {dag.py:4138} INFO - Setting next_dagrun for dataset_produces_2 to None, run_after=None
[2026-08-12T04:57:02.262+0000] {processor.py:208} INFO - Processing /home/airflow/.local/lib/python3.12/site-packages/airflow/example_dags/example_datasets.py took 0.463 seconds
[2026-08-12T04:57:32.678+0000] {processor.py:186} INFO - Started process (PID=3097) to work on /home/airflow/.local/lib/python3.12/site-packages/airflow/example_dags/example_datasets.py
[2026-08-12T04:57:32.680+0000] {processor.py:914} INFO - Processing file /home/airflow/.local/lib/python3.12/site-packages/airflow/example_dags/example_datasets.py for tasks to queue
[2026-08-12T04:57:32.683+0000] {logging_mixin.py:190} INFO - [2026-08-12T04:57:32.683+0000] {dagbag.py:587} INFO - Filling up the DagBag from /home/airflow/.local/lib/python3.12/site-packages/airflow/example_dags/example_datasets.py
[2026-08-12T04:57:33.003+0000] {processor.py:925} INFO - DAG(s) 'dataset_produces_1', 'conditional_dataset_and_time_based_timetable', 'dataset_consumes_unknown_never_scheduled', 'dataset_consumes_1_and_2', 'dataset_consumes_1', 'consume_1_or_both_2_and_3_with_dataset_expressions', 'consume_1_or_2_with_dataset_expressions', 'dataset_consumes_1_never_scheduled', 'dataset_produces_2', 'consume_1_and_2_with_dataset_expressions' retrieved from /home/airflow/.local/lib/python3.12/site-packages/airflow/example_dags/example_datasets.py
[2026-08-12T04:57:33.057+0000] {logging_mixin.py:190} INFO - [2026-08-12T04:57:33.056+0000] {dag.py:3211} INFO - Sync 10 DAGs
[2026-08-12T04:57:33.083+0000] {logging_mixin.py:190} INFO - [2026-08-12T04:57:33.082+0000] {dag.py:4138} INFO - Setting next_dagrun for conditional_dataset_and_time_based_timetable to 2026-08-12 01:00:00+00:00, run_after=2026-08-12 01:00:00+00:00
[2026-08-12T04:57:33.087+0000] {logging_mixin.py:190} INFO - [2026-08-12T04:57:33.087+0000] {dag.py:4138} INFO - Setting next_dagrun for consume_1_and_2_with_dataset_expressions to None, run_after=None
[2026-08-12T04:57:33.090+0000] {logging_mixin.py:190} INFO - [2026-08-12T04:57:33.090+0000] {dag.py:4138} INFO - Setting next_dagrun for consume_1_or_2_with_dataset_expressions to None, run_after=None
[2026-08-12T04:57:33.092+0000] {logging_mixin.py:190} INFO - [2026-08-12T04:57:33.092+0000] {dag.py:4138} INFO - Setting next_dagrun for consume_1_or_both_2_and_3_with_dataset_expressions to None, run_after=None
[2026-08-12T04:57:33.095+0000] {logging_mixin.py:190} INFO - [2026-08-12T04:57:33.095+0000] {dag.py:4138} INFO - Setting next_dagrun for dataset_consumes_1 to None, run_after=None
[2026-08-12T04:57:33.097+0000] {logging_mixin.py:190} INFO - [2026-08-12T04:57:33.097+0000] {dag.py:4138} INFO - Setting next_dagrun for dataset_consumes_1_and_2 to None, run_after=None
[2026-08-12T04:57:33.100+0000] {logging_mixin.py:190} INFO - [2026-08-12T04:57:33.099+0000] {dag.py:4138} INFO - Setting next_dagrun for dataset_consumes_1_never_scheduled to None, run_after=None
[2026-08-12T04:57:33.102+0000] {logging_mixin.py:190} INFO - [2026-08-12T04:57:33.102+0000] {dag.py:4138} INFO - Setting next_dagrun for dataset_consumes_unknown_never_scheduled to None, run_after=None
[2026-08-12T04:57:33.105+0000] {logging_mixin.py:190} INFO - [2026-08-12T04:57:33.105+0000] {dag.py:4138} INFO - Setting next_dagrun for dataset_produces_1 to 2026-08-11 00:00:00+00:00, run_after=2026-08-12 00:00:00+00:00
[2026-08-12T04:57:33.108+0000] {logging_mixin.py:190} INFO - [2026-08-12T04:57:33.107+0000] {dag.py:4138} INFO - Setting next_dagrun for dataset_produces_2 to None, run_after=None
[2026-08-12T04:57:33.142+0000] {processor.py:208} INFO - Processing /home/airflow/.local/lib/python3.12/site-packages/airflow/example_dags/example_datasets.py took 0.470 seconds
[2026-08-12T04:58:03.876+0000] {processor.py:186} INFO - Started process (PID=3160) to work on /home/airflow/.local/lib/python3.12/site-packages/airflow/example_dags/example_datasets.py
[2026-08-12T04:58:03.877+0000] {processor.py:914} INFO - Processing file /home/airflow/.local/lib/python3.12/site-packages/airflow/example_dags/example_datasets.py for tasks to queue
[2026-08-12T04:58:03.879+0000] {logging_mixin.py:190} INFO - [2026-08-12T04:58:03.879+0000] {dagbag.py:587} INFO - Filling up the DagBag from /home/airflow/.local/lib/python3.12/site-packages/airflow/example_dags/example_datasets.py
[2026-08-12T04:58:04.159+0000] {processor.py:925} INFO - DAG(s) 'conditional_dataset_and_time_based_timetable', 'consume_1_and_2_with_dataset_expressions', 'dataset_consumes_1_never_scheduled', 'consume_1_or_both_2_and_3_with_dataset_expressions', 'dataset_produces_2', 'dataset_consumes_unknown_never_scheduled', 'dataset_consumes_1', 'dataset_consumes_1_and_2', 'consume_1_or_2_with_dataset_expressions', 'dataset_produces_1' retrieved from /home/airflow/.local/lib/python3.12/site-packages/airflow/example_dags/example_datasets.py
[2026-08-12T04:58:04.198+0000] {logging_mixin.py:190} INFO - [2026-08-12T04:58:04.197+0000] {dag.py:3211} INFO - Sync 10 DAGs
[2026-08-12T04:58:04.232+0000] {logging_mixin.py:190} INFO - [2026-08-12T04:58:04.232+0000] {dag.py:4138} INFO - Setting next_dagrun for conditional_dataset_and_time_based_timetable to 2026-08-12 01:00:00+00:00, run_after=2026-08-12 01:00:00+00:00
[2026-08-12T04:58:04.237+0000] {logging_mixin.py:190} INFO - [2026-08-12T04:58:04.236+0000] {dag.py:4138} INFO - Setting next_dagrun for consume_1_and_2_with_dataset_expressions to None, run_after=None
[2026-08-12T04:58:04.240+0000] {logging_mixin.py:190} INFO - [2026-08-12T04:58:04.239+0000] {dag.py:4138} INFO - Setting next_dagrun for consume_1_or_2_with_dataset_expressions to None, run_after=None
[2026-08-12T04:58:04.242+0000] {logging_mixin.py:190} INFO - [2026-08-12T04:58:04.242+0000] {dag.py:4138} INFO - Setting next_dagrun for consume_1_or_both_2_and_3_with_dataset_expressions to None, run_after=None
[2026-08-12T04:58:04.245+0000] {logging_mixin.py:190} INFO - [2026-08-12T04:58:04.244+0000] {dag.py:4138} INFO - Setting next_dagrun for dataset_consumes_1 to None, run_after=None
[2026-08-12T04:58:04.247+0000] {logging_mixin.py:190} INFO - [2026-08-12T04:58:04.247+0000] {dag.py:4138} INFO - Setting next_dagrun for dataset_consumes_1_and_2 to None, run_after=None
[2026-08-12T04:58:04.250+0000] {logging_mixin.py:190} INFO - [2026-08-12T04:58:04.250+0000] {dag.py:4138} INFO - Setting next_dagrun for dataset_consumes_1_never_scheduled to None, run_after=None
[2026-08-12T04:58:04.252+0000] {logging_mixin.py:190} INFO - [2026-08-12T04:58:04.252+0000] {dag.py:4138} INFO - Setting next_dagrun for dataset_consumes_unknown_never_scheduled to None, run_after=None
[2026-08-12T04:58:04.257+0000] {logging_mixin.py:190} INFO - [2026-08-12T04:58:04.256+0000] {dag.py:4138} INFO - Setting next_dagrun for dataset_produces_1 to 2026-08-11 00:00:00+00:00, run_after=2026-08-12 00:00:00+00:00
[2026-08-12T04:58:04.259+0000] {logging_mixin.py:190} INFO - [2026-08-12T04:58:04.259+0000] {dag.py:4138} INFO - Setting next_dagrun for dataset_produces_2 to None, run_after=None
[2026-08-12T04:58:04.296+0000] {processor.py:208} INFO - Processing /home/airflow/.local/lib/python3.12/site-packages/airflow/example_dags/example_datasets.py took 0.426 seconds
[2026-08-12T04:58:34.474+0000] {processor.py:186} INFO - Started process (PID=3223) to work on /home/airflow/.local/lib/python3.12/site-packages/airflow/example_dags/example_datasets.py
[2026-08-12T04:58:34.476+0000] {processor.py:914} INFO - Processing file /home/airflow/.local/lib/python3.12/site-packages/airflow/example_dags/example_datasets.py for tasks to queue
[2026-08-12T04:58:34.490+0000] {logging_mixin.py:190} INFO - [2026-08-12T04:58:34.490+0000] {dagbag.py:587} INFO - Filling up the DagBag from /home/airflow/.local/lib/python3.12/site-packages/airflow/example_dags/example_datasets.py
[2026-08-12T04:58:34.810+0000] {processor.py:925} INFO - DAG(s) 'dataset_consumes_1', 'dataset_consumes_1_and_2', 'consume_1_or_2_with_dataset_expressions', 'dataset_produces_2', 'conditional_dataset_and_time_based_timetable', 'consume_1_or_both_2_and_3_with_dataset_expressions', 'dataset_consumes_1_never_scheduled', 'dataset_consumes_unknown_never_scheduled', 'dataset_produces_1', 'consume_1_and_2_with_dataset_expressions' retrieved from /home/airflow/.local/lib/python3.12/site-packages/airflow/example_dags/example_datasets.py
[2026-08-12T04:58:34.849+0000] {logging_mixin.py:190} INFO - [2026-08-12T04:58:34.849+0000] {dag.py:3211} INFO - Sync 10 DAGs
[2026-08-12T04:58:34.869+0000] {logging_mixin.py:190} INFO - [2026-08-12T04:58:34.869+0000] {dag.py:4138} INFO - Setting next_dagrun for conditional_dataset_and_time_based_timetable to 2026-08-12 01:00:00+00:00, run_after=2026-08-12 01:00:00+00:00
[2026-08-12T04:58:34.874+0000] {logging_mixin.py:190} INFO - [2026-08-12T04:58:34.873+0000] {dag.py:4138} INFO - Setting next_dagrun for consume_1_and_2_with_dataset_expressions to None, run_after=None
[2026-08-12T04:58:34.876+0000] {logging_mixin.py:190} INFO - [2026-08-12T04:58:34.876+0000] {dag.py:4138} INFO - Setting next_dagrun for consume_1_or_2_with_dataset_expressions to None, run_after=None
[2026-08-12T04:58:34.878+0000] {logging_mixin.py:190} INFO - [2026-08-12T04:58:34.878+0000] {dag.py:4138} INFO - Setting next_dagrun for consume_1_or_both_2_and_3_with_dataset_expressions to None, run_after=None
[2026-08-12T04:58:34.880+0000] {logging_mixin.py:190} INFO - [2026-08-12T04:58:34.880+0000] {dag.py:4138} INFO - Setting next_dagrun for dataset_consumes_1 to None, run_after=None
[2026-08-12T04:58:34.883+0000] {logging_mixin.py:190} INFO - [2026-08-12T04:58:34.883+0000] {dag.py:4138} INFO - Setting next_dagrun for dataset_consumes_1_and_2 to None, run_after=None
[2026-08-12T04:58:34.885+0000] {logging_mixin.py:190} INFO - [2026-08-12T04:58:34.885+0000] {dag.py:4138} INFO - Setting next_dagrun for dataset_consumes_1_never_scheduled to None, run_after=None
[2026-08-12T04:58:34.888+0000] {logging_mixin.py:190} INFO - [2026-08-12T04:58:34.888+0000] {dag.py:4138} INFO - Setting next_dagrun for dataset_consumes_unknown_never_scheduled to None, run_after=None
[2026-08-12T04:58:34.891+0000] {logging_mixin.py:190} INFO - [2026-08-12T04:58:34.891+0000] {dag.py:4138} INFO - Setting next_dagrun for dataset_produces_1 to 2026-08-11 00:00:00+00:00, run_after=2026-08-12 00:00:00+00:00
[2026-08-12T04:58:34.894+0000] {logging_mixin.py:190} INFO - [2026-08-12T04:58:34.893+0000] {dag.py:4138} INFO - Setting next_dagrun for dataset_produces_2 to None, run_after=None
[2026-08-12T04:58:34.928+0000] {processor.py:208} INFO - Processing /home/airflow/.local/lib/python3.12/site-packages/airflow/example_dags/example_datasets.py took 0.462 seconds
[2026-08-12T04:59:05.483+0000] {processor.py:186} INFO - Started process (PID=3286) to work on /home/airflow/.local/lib/python3.12/site-packages/airflow/example_dags/example_datasets.py
[2026-08-12T04:59:05.485+0000] {processor.py:914} INFO - Processing file /home/airflow/.local/lib/python3.12/site-packages/airflow/example_dags/example_datasets.py for tasks to queue
[2026-08-12T04:59:05.488+0000] {logging_mixin.py:190} INFO - [2026-08-12T04:59:05.488+0000] {dagbag.py:587} INFO - Filling up the DagBag from /home/airflow/.local/lib/python3.12/site-packages/airflow/example_dags/example_datasets.py
[2026-08-12T04:59:05.842+0000] {processor.py:925} INFO - DAG(s) 'dataset_consumes_unknown_never_scheduled', 'dataset_consumes_1', 'consume_1_or_both_2_and_3_with_dataset_expressions', 'dataset_consumes_1_and_2', 'consume_1_and_2_with_dataset_expressions', 'dataset_produces_1', 'dataset_consumes_1_never_scheduled', 'consume_1_or_2_with_dataset_expressions', 'conditional_dataset_and_time_based_timetable', 'dataset_produces_2' retrieved from /home/airflow/.local/lib/python3.12/site-packages/airflow/example_dags/example_datasets.py
[2026-08-12T04:59:05.883+0000] {logging_mixin.py:190} INFO - [2026-08-12T04:59:05.883+0000] {dag.py:3211} INFO - Sync 10 DAGs
[2026-08-12T04:59:05.903+0000] {logging_mixin.py:190} INFO - [2026-08-12T04:59:05.903+0000] {dag.py:4138} INFO - Setting next_dagrun for conditional_dataset_and_time_based_timetable to 2026-08-12 01:00:00+00:00, run_after=2026-08-12 01:00:00+00:00
[2026-08-12T04:59:05.908+0000] {logging_mixin.py:190} INFO - [2026-08-12T04:59:05.908+0000] {dag.py:4138} INFO - Setting next_dagrun for consume_1_and_2_with_dataset_expressions to None, run_after=None
[2026-08-12T04:59:05.911+0000] {logging_mixin.py:190} INFO - [2026-08-12T04:59:05.911+0000] {dag.py:4138} INFO - Setting next_dagrun for consume_1_or_2_with_dataset_expressions to None, run_after=None
[2026-08-12T04:59:05.914+0000] {logging_mixin.py:190} INFO - [2026-08-12T04:59:05.913+0000] {dag.py:4138} INFO - Setting next_dagrun for consume_1_or_both_2_and_3_with_dataset_expressions to None, run_after=None
[2026-08-12T04:59:05.917+0000] {logging_mixin.py:190} INFO - [2026-08-12T04:59:05.917+0000] {dag.py:4138} INFO - Setting next_dagrun for dataset_consumes_1 to None, run_after=None
[2026-08-12T04:59:05.919+0000] {logging_mixin.py:190} INFO - [2026-08-12T04:59:05.919+0000] {dag.py:4138} INFO - Setting next_dagrun for dataset_consumes_1_and_2 to None, run_after=None
[2026-08-12T04:59:05.921+0000] {logging_mixin.py:190} INFO - [2026-08-12T04:59:05.921+0000] {dag.py:4138} INFO - Setting next_dagrun for dataset_consumes_1_never_scheduled to None, run_after=None
[2026-08-12T04:59:05.923+0000] {logging_mixin.py:190} INFO - [2026-08-12T04:59:05.923+0000] {dag.py:4138} INFO - Setting next_dagrun for dataset_consumes_unknown_never_scheduled to None, run_after=None
[2026-08-12T04:59:05.926+0000] {logging_mixin.py:190} INFO - [2026-08-12T04:59:05.926+0000] {dag.py:4138} INFO - Setting next_dagrun for dataset_produces_1 to 2026-08-11 00:00:00+00:00, run_after=2026-08-12 00:00:00+00:00
[2026-08-12T04:59:05.928+0000] {logging_mixin.py:190} INFO - [2026-08-12T04:59:05.928+0000] {dag.py:4138} INFO - Setting next_dagrun for dataset_produces_2 to None, run_after=None
[2026-08-12T04:59:05.962+0000] {processor.py:208} INFO - Processing /home/airflow/.local/lib/python3.12/site-packages/airflow/example_dags/example_datasets.py took 0.485 seconds
[2026-08-12T04:59:36.138+0000] {processor.py:186} INFO - Started process (PID=3350) to work on /home/airflow/.local/lib/python3.12/site-packages/airflow/example_dags/example_datasets.py
[2026-08-12T04:59:36.139+0000] {processor.py:914} INFO - Processing file /home/airflow/.local/lib/python3.12/site-packages/airflow/example_dags/example_datasets.py for tasks to queue
[2026-08-12T04:59:36.142+0000] {logging_mixin.py:190} INFO - [2026-08-12T04:59:36.141+0000] {dagbag.py:587} INFO - Filling up the DagBag from /home/airflow/.local/lib/python3.12/site-packages/airflow/example_dags/example_datasets.py
[2026-08-12T04:59:36.441+0000] {processor.py:925} INFO - DAG(s) 'consume_1_and_2_with_dataset_expressions', 'consume_1_or_both_2_and_3_with_dataset_expressions', 'consume_1_or_2_with_dataset_expressions', 'dataset_consumes_1', 'dataset_produces_2', 'dataset_consumes_1_never_scheduled', 'dataset_consumes_1_and_2', 'conditional_dataset_and_time_based_timetable', 'dataset_produces_1', 'dataset_consumes_unknown_never_scheduled' retrieved from /home/airflow/.local/lib/python3.12/site-packages/airflow/example_dags/example_datasets.py
[2026-08-12T04:59:36.482+0000] {logging_mixin.py:190} INFO - [2026-08-12T04:59:36.482+0000] {dag.py:3211} INFO - Sync 10 DAGs
[2026-08-12T04:59:36.504+0000] {logging_mixin.py:190} INFO - [2026-08-12T04:59:36.504+0000] {dag.py:4138} INFO - Setting next_dagrun for conditional_dataset_and_time_based_timetable to 2026-08-12 01:00:00+00:00, run_after=2026-08-12 01:00:00+00:00
[2026-08-12T04:59:36.508+0000] {logging_mixin.py:190} INFO - [2026-08-12T04:59:36.508+0000] {dag.py:4138} INFO - Setting next_dagrun for consume_1_and_2_with_dataset_expressions to None, run_after=None
[2026-08-12T04:59:36.510+0000] {logging_mixin.py:190} INFO - [2026-08-12T04:59:36.510+0000] {dag.py:4138} INFO - Setting next_dagrun for consume_1_or_2_with_dataset_expressions to None, run_after=None
[2026-08-12T04:59:36.512+0000] {logging_mixin.py:190} INFO - [2026-08-12T04:59:36.512+0000] {dag.py:4138} INFO - Setting next_dagrun for consume_1_or_both_2_and_3_with_dataset_expressions to None, run_after=None
[2026-08-12T04:59:36.515+0000] {logging_mixin.py:190} INFO - [2026-08-12T04:59:36.514+0000] {dag.py:4138} INFO - Setting next_dagrun for dataset_consumes_1 to None, run_after=None
[2026-08-12T04:59:36.517+0000] {logging_mixin.py:190} INFO - [2026-08-12T04:59:36.517+0000] {dag.py:4138} INFO - Setting next_dagrun for dataset_consumes_1_and_2 to None, run_after=None
[2026-08-12T04:59:36.519+0000] {logging_mixin.py:190} INFO - [2026-08-12T04:59:36.519+0000] {dag.py:4138} INFO - Setting next_dagrun for dataset_consumes_1_never_scheduled to None, run_after=None
[2026-08-12T04:59:36.521+0000] {logging_mixin.py:190} INFO - [2026-08-12T04:59:36.521+0000] {dag.py:4138} INFO - Setting next_dagrun for dataset_consumes_unknown_never_scheduled to None, run_after=None
[2026-08-12T04:59:36.524+0000] {logging_mixin.py:190} INFO - [2026-08-12T04:59:36.524+0000] {dag.py:4138} INFO - Setting next_dagrun for dataset_produces_1 to 2026-08-11 00:00:00+00:00, run_after=2026-08-12 00:00:00+00:00
[2026-08-12T04:59:36.526+0000] {logging_mixin.py:190} INFO - [2026-08-12T04:59:36.526+0000] {dag.py:4138} INFO - Setting next_dagrun for dataset_produces_2 to None, run_after=None
[2026-08-12T04:59:36.562+0000] {processor.py:208} INFO - Processing /home/airflow/.local/lib/python3.12/site-packages/airflow/example_dags/example_datasets.py took 0.430 seconds
[2026-08-12T05:00:06.979+0000] {processor.py:186} INFO - Started process (PID=3413) to work on /home/airflow/.local/lib/python3.12/site-packages/airflow/example_dags/example_datasets.py
[2026-08-12T05:00:06.981+0000] {processor.py:914} INFO - Processing file /home/airflow/.local/lib/python3.12/site-packages/airflow/example_dags/example_datasets.py for tasks to queue
[2026-08-12T05:00:06.983+0000] {logging_mixin.py:190} INFO - [2026-08-12T05:00:06.983+0000] {dagbag.py:587} INFO - Filling up the DagBag from /home/airflow/.local/lib/python3.12/site-packages/airflow/example_dags/example_datasets.py
[2026-08-12T05:00:07.319+0000] {processor.py:925} INFO - DAG(s) 'dataset_consumes_unknown_never_scheduled', 'dataset_produces_1', 'consume_1_or_2_with_dataset_expressions', 'dataset_consumes_1_and_2', 'dataset_produces_2', 'conditional_dataset_and_time_based_timetable', 'dataset_consumes_1', 'dataset_consumes_1_never_scheduled', 'consume_1_and_2_with_dataset_expressions', 'consume_1_or_both_2_and_3_with_dataset_expressions' retrieved from /home/airflow/.local/lib/python3.12/site-packages/airflow/example_dags/example_datasets.py
[2026-08-12T05:00:07.362+0000] {logging_mixin.py:190} INFO - [2026-08-12T05:00:07.362+0000] {dag.py:3211} INFO - Sync 10 DAGs
[2026-08-12T05:00:07.386+0000] {logging_mixin.py:190} INFO - [2026-08-12T05:00:07.386+0000] {dag.py:4138} INFO - Setting next_dagrun for conditional_dataset_and_time_based_timetable to 2026-08-12 01:00:00+00:00, run_after=2026-08-12 01:00:00+00:00
[2026-08-12T05:00:07.390+0000] {logging_mixin.py:190} INFO - [2026-08-12T05:00:07.390+0000] {dag.py:4138} INFO - Setting next_dagrun for consume_1_and_2_with_dataset_expressions to None, run_after=None
[2026-08-12T05:00:07.392+0000] {logging_mixin.py:190} INFO - [2026-08-12T05:00:07.392+0000] {dag.py:4138} INFO - Setting next_dagrun for consume_1_or_2_with_dataset_expressions to None, run_after=None
[2026-08-12T05:00:07.394+0000] {logging_mixin.py:190} INFO - [2026-08-12T05:00:07.394+0000] {dag.py:4138} INFO - Setting next_dagrun for consume_1_or_both_2_and_3_with_dataset_expressions to None, run_after=None
[2026-08-12T05:00:07.396+0000] {logging_mixin.py:190} INFO - [2026-08-12T05:00:07.396+0000] {dag.py:4138} INFO - Setting next_dagrun for dataset_consumes_1 to None, run_after=None
[2026-08-12T05:00:07.398+0000] {logging_mixin.py:190} INFO - [2026-08-12T05:00:07.398+0000] {dag.py:4138} INFO - Setting next_dagrun for dataset_consumes_1_and_2 to None, run_after=None
[2026-08-12T05:00:07.400+0000] {logging_mixin.py:190} INFO - [2026-08-12T05:00:07.400+0000] {dag.py:4138} INFO - Setting next_dagrun for dataset_consumes_1_never_scheduled to None, run_after=None
[2026-08-12T05:00:07.403+0000] {logging_mixin.py:190} INFO - [2026-08-12T05:00:07.402+0000] {dag.py:4138} INFO - Setting next_dagrun for dataset_consumes_unknown_never_scheduled to None, run_after=None
[2026-08-12T05:00:07.405+0000] {logging_mixin.py:190} INFO - [2026-08-12T05:00:07.405+0000] {dag.py:4138} INFO - Setting next_dagrun for dataset_produces_1 to 2026-08-11 00:00:00+00:00, run_after=2026-08-12 00:00:00+00:00
[2026-08-12T05:00:07.407+0000] {logging_mixin.py:190} INFO - [2026-08-12T05:00:07.407+0000] {dag.py:4138} INFO - Setting next_dagrun for dataset_produces_2 to None, run_after=None
[2026-08-12T05:00:07.439+0000] {processor.py:208} INFO - Processing /home/airflow/.local/lib/python3.12/site-packages/airflow/example_dags/example_datasets.py took 0.467 seconds
[2026-08-12T05:00:37.880+0000] {processor.py:186} INFO - Started process (PID=3476) to work on /home/airflow/.local/lib/python3.12/site-packages/airflow/example_dags/example_datasets.py
[2026-08-12T05:00:37.882+0000] {processor.py:914} INFO - Processing file /home/airflow/.local/lib/python3.12/site-packages/airflow/example_dags/example_datasets.py for tasks to queue
[2026-08-12T05:00:37.885+0000] {logging_mixin.py:190} INFO - [2026-08-12T05:00:37.884+0000] {dagbag.py:587} INFO - Filling up the DagBag from /home/airflow/.local/lib/python3.12/site-packages/airflow/example_dags/example_datasets.py
[2026-08-12T05:00:38.258+0000] {processor.py:925} INFO - DAG(s) 'dataset_consumes_1', 'dataset_produces_2', 'consume_1_and_2_with_dataset_expressions', 'dataset_consumes_1_never_scheduled', 'conditional_dataset_and_time_based_timetable', 'dataset_produces_1', 'consume_1_or_both_2_and_3_with_dataset_expressions', 'dataset_consumes_1_and_2', 'dataset_consumes_unknown_never_scheduled', 'consume_1_or_2_with_dataset_expressions' retrieved from /home/airflow/.local/lib/python3.12/site-packages/airflow/example_dags/example_datasets.py
[2026-08-12T05:00:38.328+0000] {logging_mixin.py:190} INFO - [2026-08-12T05:00:38.328+0000] {dag.py:3211} INFO - Sync 10 DAGs
[2026-08-12T05:00:38.358+0000] {logging_mixin.py:190} INFO - [2026-08-12T05:00:38.358+0000] {dag.py:4138} INFO - Setting next_dagrun for conditional_dataset_and_time_based_timetable to 2026-08-12 01:00:00+00:00, run_after=2026-08-12 01:00:00+00:00
[2026-08-12T05:00:38.363+0000] {logging_mixin.py:190} INFO - [2026-08-12T05:00:38.363+0000] {dag.py:4138} INFO - Setting next_dagrun for consume_1_and_2_with_dataset_expressions to None, run_after=None
[2026-08-12T05:00:38.366+0000] {logging_mixin.py:190} INFO - [2026-08-12T05:00:38.366+0000] {dag.py:4138} INFO - Setting next_dagrun for consume_1_or_2_with_dataset_expressions to None, run_after=None
[2026-08-12T05:00:38.368+0000] {logging_mixin.py:190} INFO - [2026-08-12T05:00:38.368+0000] {dag.py:4138} INFO - Setting next_dagrun for consume_1_or_both_2_and_3_with_dataset_expressions to None, run_after=None
[2026-08-12T05:00:38.370+0000] {logging_mixin.py:190} INFO - [2026-08-12T05:00:38.370+0000] {dag.py:4138} INFO - Setting next_dagrun for dataset_consumes_1 to None, run_after=None
[2026-08-12T05:00:38.373+0000] {logging_mixin.py:190} INFO - [2026-08-12T05:00:38.372+0000] {dag.py:4138} INFO - Setting next_dagrun for dataset_consumes_1_and_2 to None, run_after=None
[2026-08-12T05:00:38.375+0000] {logging_mixin.py:190} INFO - [2026-08-12T05:00:38.375+0000] {dag.py:4138} INFO - Setting next_dagrun for dataset_consumes_1_never_scheduled to None, run_after=None
[2026-08-12T05:00:38.378+0000] {logging_mixin.py:190} INFO - [2026-08-12T05:00:38.377+0000] {dag.py:4138} INFO - Setting next_dagrun for dataset_consumes_unknown_never_scheduled to None, run_after=None
[2026-08-12T05:00:38.382+0000] {logging_mixin.py:190} INFO - [2026-08-12T05:00:38.382+0000] {dag.py:4138} INFO - Setting next_dagrun for dataset_produces_1 to 2026-08-11 00:00:00+00:00, run_after=2026-08-12 00:00:00+00:00
[2026-08-12T05:00:38.385+0000] {logging_mixin.py:190} INFO - [2026-08-12T05:00:38.384+0000] {dag.py:4138} INFO - Setting next_dagrun for dataset_produces_2 to None, run_after=None
[2026-08-12T05:00:38.423+0000] {processor.py:208} INFO - Processing /home/airflow/.local/lib/python3.12/site-packages/airflow/example_dags/example_datasets.py took 0.549 seconds
[2026-08-12T05:01:09.247+0000] {processor.py:186} INFO - Started process (PID=3539) to work on /home/airflow/.local/lib/python3.12/site-packages/airflow/example_dags/example_datasets.py
[2026-08-12T05:01:09.249+0000] {processor.py:914} INFO - Processing file /home/airflow/.local/lib/python3.12/site-packages/airflow/example_dags/example_datasets.py for tasks to queue
[2026-08-12T05:01:09.252+0000] {logging_mixin.py:190} INFO - [2026-08-12T05:01:09.252+0000] {dagbag.py:587} INFO - Filling up the DagBag from /home/airflow/.local/lib/python3.12/site-packages/airflow/example_dags/example_datasets.py
[2026-08-12T05:01:09.405+0000] {processor.py:925} INFO - DAG(s) 'dataset_consumes_1', 'dataset_consumes_1_and_2', 'dataset_produces_1', 'dataset_produces_2', 'consume_1_or_both_2_and_3_with_dataset_expressions', 'dataset_consumes_1_never_scheduled', 'dataset_consumes_unknown_never_scheduled', 'consume_1_or_2_with_dataset_expressions', 'conditional_dataset_and_time_based_timetable', 'consume_1_and_2_with_dataset_expressions' retrieved from /home/airflow/.local/lib/python3.12/site-packages/airflow/example_dags/example_datasets.py
[2026-08-12T05:01:09.457+0000] {logging_mixin.py:190} INFO - [2026-08-12T05:01:09.456+0000] {dag.py:3211} INFO - Sync 10 DAGs
[2026-08-12T05:01:09.490+0000] {logging_mixin.py:190} INFO - [2026-08-12T05:01:09.490+0000] {dag.py:4138} INFO - Setting next_dagrun for conditional_dataset_and_time_based_timetable to 2026-08-12 01:00:00+00:00, run_after=2026-08-12 01:00:00+00:00
[2026-08-12T05:01:09.495+0000] {logging_mixin.py:190} INFO - [2026-08-12T05:01:09.495+0000] {dag.py:4138} INFO - Setting next_dagrun for consume_1_and_2_with_dataset_expressions to None, run_after=None
[2026-08-12T05:01:09.498+0000] {logging_mixin.py:190} INFO - [2026-08-12T05:01:09.498+0000] {dag.py:4138} INFO - Setting next_dagrun for consume_1_or_2_with_dataset_expressions to None, run_after=None
[2026-08-12T05:01:09.501+0000] {logging_mixin.py:190} INFO - [2026-08-12T05:01:09.500+0000] {dag.py:4138} INFO - Setting next_dagrun for consume_1_or_both_2_and_3_with_dataset_expressions to None, run_after=None
[2026-08-12T05:01:09.503+0000] {logging_mixin.py:190} INFO - [2026-08-12T05:01:09.502+0000] {dag.py:4138} INFO - Setting next_dagrun for dataset_consumes_1 to None, run_after=None
[2026-08-12T05:01:09.505+0000] {logging_mixin.py:190} INFO - [2026-08-12T05:01:09.505+0000] {dag.py:4138} INFO - Setting next_dagrun for dataset_consumes_1_and_2 to None, run_after=None
[2026-08-12T05:01:09.507+0000] {logging_mixin.py:190} INFO - [2026-08-12T05:01:09.507+0000] {dag.py:4138} INFO - Setting next_dagrun for dataset_consumes_1_never_scheduled to None, run_after=None
[2026-08-12T05:01:09.509+0000] {logging_mixin.py:190} INFO - [2026-08-12T05:01:09.509+0000] {dag.py:4138} INFO - Setting next_dagrun for dataset_consumes_unknown_never_scheduled to None, run_after=None
[2026-08-12T05:01:09.512+0000] {logging_mixin.py:190} INFO - [2026-08-12T05:01:09.512+0000] {dag.py:4138} INFO - Setting next_dagrun for dataset_produces_1 to 2026-08-11 00:00:00+00:00, run_after=2026-08-12 00:00:00+00:00
[2026-08-12T05:01:09.515+0000] {logging_mixin.py:190} INFO - [2026-08-12T05:01:09.514+0000] {dag.py:4138} INFO - Setting next_dagrun for dataset_produces_2 to None, run_after=None
[2026-08-12T05:01:09.551+0000] {processor.py:208} INFO - Processing /home/airflow/.local/lib/python3.12/site-packages/airflow/example_dags/example_datasets.py took 0.310 seconds
[2026-08-12T05:01:39.655+0000] {processor.py:186} INFO - Started process (PID=3602) to work on /home/airflow/.local/lib/python3.12/site-packages/airflow/example_dags/example_datasets.py
[2026-08-12T05:01:39.657+0000] {processor.py:914} INFO - Processing file /home/airflow/.local/lib/python3.12/site-packages/airflow/example_dags/example_datasets.py for tasks to queue
[2026-08-12T05:01:39.660+0000] {logging_mixin.py:190} INFO - [2026-08-12T05:01:39.659+0000] {dagbag.py:587} INFO - Filling up the DagBag from /home/airflow/.local/lib/python3.12/site-packages/airflow/example_dags/example_datasets.py
[2026-08-12T05:01:39.792+0000] {processor.py:925} INFO - DAG(s) 'dataset_consumes_unknown_never_scheduled', 'consume_1_or_2_with_dataset_expressions', 'consume_1_or_both_2_and_3_with_dataset_expressions', 'conditional_dataset_and_time_based_timetable', 'dataset_consumes_1_never_scheduled', 'dataset_produces_2', 'dataset_produces_1', 'dataset_consumes_1_and_2', 'dataset_consumes_1', 'consume_1_and_2_with_dataset_expressions' retrieved from /home/airflow/.local/lib/python3.12/site-packages/airflow/example_dags/example_datasets.py
[2026-08-12T05:01:39.834+0000] {logging_mixin.py:190} INFO - [2026-08-12T05:01:39.833+0000] {dag.py:3211} INFO - Sync 10 DAGs
[2026-08-12T05:01:39.863+0000] {logging_mixin.py:190} INFO - [2026-08-12T05:01:39.863+0000] {dag.py:4138} INFO - Setting next_dagrun for conditional_dataset_and_time_based_timetable to 2026-08-12 01:00:00+00:00, run_after=2026-08-12 01:00:00+00:00
[2026-08-12T05:01:39.868+0000] {logging_mixin.py:190} INFO - [2026-08-12T05:01:39.867+0000] {dag.py:4138} INFO - Setting next_dagrun for consume_1_and_2_with_dataset_expressions to None, run_after=None
[2026-08-12T05:01:39.871+0000] {logging_mixin.py:190} INFO - [2026-08-12T05:01:39.871+0000] {dag.py:4138} INFO - Setting next_dagrun for consume_1_or_2_with_dataset_expressions to None, run_after=None
[2026-08-12T05:01:39.873+0000] {logging_mixin.py:190} INFO - [2026-08-12T05:01:39.873+0000] {dag.py:4138} INFO - Setting next_dagrun for consume_1_or_both_2_and_3_with_dataset_expressions to None, run_after=None
[2026-08-12T05:01:39.875+0000] {logging_mixin.py:190} INFO - [2026-08-12T05:01:39.875+0000] {dag.py:4138} INFO - Setting next_dagrun for dataset_consumes_1 to None, run_after=None
[2026-08-12T05:01:39.877+0000] {logging_mixin.py:190} INFO - [2026-08-12T05:01:39.877+0000] {dag.py:4138} INFO - Setting next_dagrun for dataset_consumes_1_and_2 to None, run_after=None
[2026-08-12T05:01:39.880+0000] {logging_mixin.py:190} INFO - [2026-08-12T05:01:39.879+0000] {dag.py:4138} INFO - Setting next_dagrun for dataset_consumes_1_never_scheduled to None, run_after=None
[2026-08-12T05:01:39.882+0000] {logging_mixin.py:190} INFO - [2026-08-12T05:01:39.881+0000] {dag.py:4138} INFO - Setting next_dagrun for dataset_consumes_unknown_never_scheduled to None, run_after=None
[2026-08-12T05:01:39.885+0000] {logging_mixin.py:190} INFO - [2026-08-12T05:01:39.885+0000] {dag.py:4138} INFO - Setting next_dagrun for dataset_produces_1 to 2026-08-11 00:00:00+00:00, run_after=2026-08-12 00:00:00+00:00
[2026-08-12T05:01:39.887+0000] {logging_mixin.py:190} INFO - [2026-08-12T05:01:39.887+0000] {dag.py:4138} INFO - Setting next_dagrun for dataset_produces_2 to None, run_after=None
[2026-08-12T05:01:39.923+0000] {processor.py:208} INFO - Processing /home/airflow/.local/lib/python3.12/site-packages/airflow/example_dags/example_datasets.py took 0.273 seconds
[2026-08-12T05:02:10.758+0000] {processor.py:186} INFO - Started process (PID=3666) to work on /home/airflow/.local/lib/python3.12/site-packages/airflow/example_dags/example_datasets.py
[2026-08-12T05:02:10.760+0000] {processor.py:914} INFO - Processing file /home/airflow/.local/lib/python3.12/site-packages/airflow/example_dags/example_datasets.py for tasks to queue
[2026-08-12T05:02:10.763+0000] {logging_mixin.py:190} INFO - [2026-08-12T05:02:10.763+0000] {dagbag.py:587} INFO - Filling up the DagBag from /home/airflow/.local/lib/python3.12/site-packages/airflow/example_dags/example_datasets.py
[2026-08-12T05:02:10.902+0000] {processor.py:925} INFO - DAG(s) 'consume_1_and_2_with_dataset_expressions', 'dataset_consumes_unknown_never_scheduled', 'dataset_produces_1', 'dataset_consumes_1_never_scheduled', 'dataset_produces_2', 'consume_1_or_both_2_and_3_with_dataset_expressions', 'conditional_dataset_and_time_based_timetable', 'dataset_consumes_1_and_2', 'dataset_consumes_1', 'consume_1_or_2_with_dataset_expressions' retrieved from /home/airflow/.local/lib/python3.12/site-packages/airflow/example_dags/example_datasets.py
[2026-08-12T05:02:10.943+0000] {logging_mixin.py:190} INFO - [2026-08-12T05:02:10.943+0000] {dag.py:3211} INFO - Sync 10 DAGs
[2026-08-12T05:02:10.969+0000] {logging_mixin.py:190} INFO - [2026-08-12T05:02:10.968+0000] {dag.py:4138} INFO - Setting next_dagrun for conditional_dataset_and_time_based_timetable to 2026-08-12 01:00:00+00:00, run_after=2026-08-12 01:00:00+00:00
[2026-08-12T05:02:10.973+0000] {logging_mixin.py:190} INFO - [2026-08-12T05:02:10.973+0000] {dag.py:4138} INFO - Setting next_dagrun for consume_1_and_2_with_dataset_expressions to None, run_after=None
[2026-08-12T05:02:10.976+0000] {logging_mixin.py:190} INFO - [2026-08-12T05:02:10.975+0000] {dag.py:4138} INFO - Setting next_dagrun for consume_1_or_2_with_dataset_expressions to None, run_after=None
[2026-08-12T05:02:10.978+0000] {logging_mixin.py:190} INFO - [2026-08-12T05:02:10.978+0000] {dag.py:4138} INFO - Setting next_dagrun for consume_1_or_both_2_and_3_with_dataset_expressions to None, run_after=None
[2026-08-12T05:02:10.980+0000] {logging_mixin.py:190} INFO - [2026-08-12T05:02:10.980+0000] {dag.py:4138} INFO - Setting next_dagrun for dataset_consumes_1 to None, run_after=None
[2026-08-12T05:02:10.982+0000] {logging_mixin.py:190} INFO - [2026-08-12T05:02:10.982+0000] {dag.py:4138} INFO - Setting next_dagrun for dataset_consumes_1_and_2 to None, run_after=None
[2026-08-12T05:02:10.984+0000] {logging_mixin.py:190} INFO - [2026-08-12T05:02:10.984+0000] {dag.py:4138} INFO - Setting next_dagrun for dataset_consumes_1_never_scheduled to None, run_after=None
[2026-08-12T05:02:10.986+0000] {logging_mixin.py:190} INFO - [2026-08-12T05:02:10.986+0000] {dag.py:4138} INFO - Setting next_dagrun for dataset_consumes_unknown_never_scheduled to None, run_after=None
[2026-08-12T05:02:10.989+0000] {logging_mixin.py:190} INFO - [2026-08-12T05:02:10.988+0000] {dag.py:4138} INFO - Setting next_dagrun for dataset_produces_1 to 2026-08-11 00:00:00+00:00, run_after=2026-08-12 00:00:00+00:00
[2026-08-12T05:02:10.991+0000] {logging_mixin.py:190} INFO - [2026-08-12T05:02:10.991+0000] {dag.py:4138} INFO - Setting next_dagrun for dataset_produces_2 to None, run_after=None
[2026-08-12T05:02:11.030+0000] {processor.py:208} INFO - Processing /home/airflow/.local/lib/python3.12/site-packages/airflow/example_dags/example_datasets.py took 0.281 seconds
[2026-08-12T05:02:41.145+0000] {processor.py:186} INFO - Started process (PID=3729) to work on /home/airflow/.local/lib/python3.12/site-packages/airflow/example_dags/example_datasets.py
[2026-08-12T05:02:41.146+0000] {processor.py:914} INFO - Processing file /home/airflow/.local/lib/python3.12/site-packages/airflow/example_dags/example_datasets.py for tasks to queue
[2026-08-12T05:02:41.149+0000] {logging_mixin.py:190} INFO - [2026-08-12T05:02:41.149+0000] {dagbag.py:587} INFO - Filling up the DagBag from /home/airflow/.local/lib/python3.12/site-packages/airflow/example_dags/example_datasets.py
[2026-08-12T05:02:41.310+0000] {processor.py:925} INFO - DAG(s) 'dataset_consumes_unknown_never_scheduled', 'consume_1_and_2_with_dataset_expressions', 'dataset_consumes_1', 'conditional_dataset_and_time_based_timetable', 'dataset_produces_1', 'consume_1_or_both_2_and_3_with_dataset_expressions', 'dataset_consumes_1_never_scheduled', 'dataset_consumes_1_and_2', 'dataset_produces_2', 'consume_1_or_2_with_dataset_expressions' retrieved from /home/airflow/.local/lib/python3.12/site-packages/airflow/example_dags/example_datasets.py
[2026-08-12T05:02:41.383+0000] {logging_mixin.py:190} INFO - [2026-08-12T05:02:41.383+0000] {dag.py:3211} INFO - Sync 10 DAGs
[2026-08-12T05:02:41.409+0000] {logging_mixin.py:190} INFO - [2026-08-12T05:02:41.409+0000] {dag.py:4138} INFO - Setting next_dagrun for conditional_dataset_and_time_based_timetable to 2026-08-12 01:00:00+00:00, run_after=2026-08-12 01:00:00+00:00
[2026-08-12T05:02:41.413+0000] {logging_mixin.py:190} INFO - [2026-08-12T05:02:41.413+0000] {dag.py:4138} INFO - Setting next_dagrun for consume_1_and_2_with_dataset_expressions to None, run_after=None
[2026-08-12T05:02:41.416+0000] {logging_mixin.py:190} INFO - [2026-08-12T05:02:41.416+0000] {dag.py:4138} INFO - Setting next_dagrun for consume_1_or_2_with_dataset_expressions to None, run_after=None
[2026-08-12T05:02:41.418+0000] {logging_mixin.py:190} INFO - [2026-08-12T05:02:41.418+0000] {dag.py:4138} INFO - Setting next_dagrun for consume_1_or_both_2_and_3_with_dataset_expressions to None, run_after=None
[2026-08-12T05:02:41.421+0000] {logging_mixin.py:190} INFO - [2026-08-12T05:02:41.420+0000] {dag.py:4138} INFO - Setting next_dagrun for dataset_consumes_1 to None, run_after=None
[2026-08-12T05:02:41.423+0000] {logging_mixin.py:190} INFO - [2026-08-12T05:02:41.422+0000] {dag.py:4138} INFO - Setting next_dagrun for dataset_consumes_1_and_2 to None, run_after=None
[2026-08-12T05:02:41.424+0000] {logging_mixin.py:190} INFO - [2026-08-12T05:02:41.424+0000] {dag.py:4138} INFO - Setting next_dagrun for dataset_consumes_1_never_scheduled to None, run_after=None
[2026-08-12T05:02:41.426+0000] {logging_mixin.py:190} INFO - [2026-08-12T05:02:41.426+0000] {dag.py:4138} INFO - Setting next_dagrun for dataset_consumes_unknown_never_scheduled to None, run_after=None
[2026-08-12T05:02:41.429+0000] {logging_mixin.py:190} INFO - [2026-08-12T05:02:41.429+0000] {dag.py:4138} INFO - Setting next_dagrun for dataset_produces_1 to 2026-08-11 00:00:00+00:00, run_after=2026-08-12 00:00:00+00:00
[2026-08-12T05:02:41.431+0000] {logging_mixin.py:190} INFO - [2026-08-12T05:02:41.431+0000] {dag.py:4138} INFO - Setting next_dagrun for dataset_produces_2 to None, run_after=None
[2026-08-12T05:02:41.472+0000] {processor.py:208} INFO - Processing /home/airflow/.local/lib/python3.12/site-packages/airflow/example_dags/example_datasets.py took 0.334 seconds
[2026-08-12T05:03:11.556+0000] {processor.py:186} INFO - Started process (PID=3792) to work on /home/airflow/.local/lib/python3.12/site-packages/airflow/example_dags/example_datasets.py
[2026-08-12T05:03:11.557+0000] {processor.py:914} INFO - Processing file /home/airflow/.local/lib/python3.12/site-packages/airflow/example_dags/example_datasets.py for tasks to queue
[2026-08-12T05:03:11.560+0000] {logging_mixin.py:190} INFO - [2026-08-12T05:03:11.559+0000] {dagbag.py:587} INFO - Filling up the DagBag from /home/airflow/.local/lib/python3.12/site-packages/airflow/example_dags/example_datasets.py
[2026-08-12T05:03:11.727+0000] {processor.py:925} INFO - DAG(s) 'dataset_produces_2', 'dataset_consumes_1', 'conditional_dataset_and_time_based_timetable', 'dataset_consumes_1_never_scheduled', 'consume_1_and_2_with_dataset_expressions', 'consume_1_or_2_with_dataset_expressions', 'consume_1_or_both_2_and_3_with_dataset_expressions', 'dataset_produces_1', 'dataset_consumes_1_and_2', 'dataset_consumes_unknown_never_scheduled' retrieved from /home/airflow/.local/lib/python3.12/site-packages/airflow/example_dags/example_datasets.py
[2026-08-12T05:03:11.783+0000] {logging_mixin.py:190} INFO - [2026-08-12T05:03:11.782+0000] {dag.py:3211} INFO - Sync 10 DAGs
[2026-08-12T05:03:11.811+0000] {logging_mixin.py:190} INFO - [2026-08-12T05:03:11.810+0000] {dag.py:4138} INFO - Setting next_dagrun for conditional_dataset_and_time_based_timetable to 2026-08-12 01:00:00+00:00, run_after=2026-08-12 01:00:00+00:00
[2026-08-12T05:03:11.816+0000] {logging_mixin.py:190} INFO - [2026-08-12T05:03:11.816+0000] {dag.py:4138} INFO - Setting next_dagrun for consume_1_and_2_with_dataset_expressions to None, run_after=None
[2026-08-12T05:03:11.818+0000] {logging_mixin.py:190} INFO - [2026-08-12T05:03:11.818+0000] {dag.py:4138} INFO - Setting next_dagrun for consume_1_or_2_with_dataset_expressions to None, run_after=None
[2026-08-12T05:03:11.820+0000] {logging_mixin.py:190} INFO - [2026-08-12T05:03:11.820+0000] {dag.py:4138} INFO - Setting next_dagrun for consume_1_or_both_2_and_3_with_dataset_expressions to None, run_after=None
[2026-08-12T05:03:11.822+0000] {logging_mixin.py:190} INFO - [2026-08-12T05:03:11.822+0000] {dag.py:4138} INFO - Setting next_dagrun for dataset_consumes_1 to None, run_after=None
[2026-08-12T05:03:11.823+0000] {logging_mixin.py:190} INFO - [2026-08-12T05:03:11.823+0000] {dag.py:4138} INFO - Setting next_dagrun for dataset_consumes_1_and_2 to None, run_after=None
[2026-08-12T05:03:11.825+0000] {logging_mixin.py:190} INFO - [2026-08-12T05:03:11.825+0000] {dag.py:4138} INFO - Setting next_dagrun for dataset_consumes_1_never_scheduled to None, run_after=None
[2026-08-12T05:03:11.828+0000] {logging_mixin.py:190} INFO - [2026-08-12T05:03:11.828+0000] {dag.py:4138} INFO - Setting next_dagrun for dataset_consumes_unknown_never_scheduled to None, run_after=None
[2026-08-12T05:03:11.832+0000] {logging_mixin.py:190} INFO - [2026-08-12T05:03:11.832+0000] {dag.py:4138} INFO - Setting next_dagrun for dataset_produces_1 to 2026-08-11 00:00:00+00:00, run_after=2026-08-12 00:00:00+00:00
[2026-08-12T05:03:11.835+0000] {logging_mixin.py:190} INFO - [2026-08-12T05:03:11.834+0000] {dag.py:4138} INFO - Setting next_dagrun for dataset_produces_2 to None, run_after=None
[2026-08-12T05:03:11.885+0000] {processor.py:208} INFO - Processing /home/airflow/.local/lib/python3.12/site-packages/airflow/example_dags/example_datasets.py took 0.334 seconds
[2026-08-12T05:03:41.977+0000] {processor.py:186} INFO - Started process (PID=3855) to work on /home/airflow/.local/lib/python3.12/site-packages/airflow/example_dags/example_datasets.py
[2026-08-12T05:03:41.978+0000] {processor.py:914} INFO - Processing file /home/airflow/.local/lib/python3.12/site-packages/airflow/example_dags/example_datasets.py for tasks to queue
[2026-08-12T05:03:41.982+0000] {logging_mixin.py:190} INFO - [2026-08-12T05:03:41.981+0000] {dagbag.py:587} INFO - Filling up the DagBag from /home/airflow/.local/lib/python3.12/site-packages/airflow/example_dags/example_datasets.py
[2026-08-12T05:03:42.136+0000] {processor.py:925} INFO - DAG(s) 'dataset_consumes_1_and_2', 'conditional_dataset_and_time_based_timetable', 'consume_1_and_2_with_dataset_expressions', 'dataset_consumes_1', 'dataset_consumes_unknown_never_scheduled', 'consume_1_or_2_with_dataset_expressions', 'consume_1_or_both_2_and_3_with_dataset_expressions', 'dataset_produces_1', 'dataset_produces_2', 'dataset_consumes_1_never_scheduled' retrieved from /home/airflow/.local/lib/python3.12/site-packages/airflow/example_dags/example_datasets.py
[2026-08-12T05:03:42.184+0000] {logging_mixin.py:190} INFO - [2026-08-12T05:03:42.183+0000] {dag.py:3211} INFO - Sync 10 DAGs
[2026-08-12T05:03:42.213+0000] {logging_mixin.py:190} INFO - [2026-08-12T05:03:42.212+0000] {dag.py:4138} INFO - Setting next_dagrun for conditional_dataset_and_time_based_timetable to 2026-08-12 01:00:00+00:00, run_after=2026-08-12 01:00:00+00:00
[2026-08-12T05:03:42.217+0000] {logging_mixin.py:190} INFO - [2026-08-12T05:03:42.217+0000] {dag.py:4138} INFO - Setting next_dagrun for consume_1_and_2_with_dataset_expressions to None, run_after=None
[2026-08-12T05:03:42.219+0000] {logging_mixin.py:190} INFO - [2026-08-12T05:03:42.219+0000] {dag.py:4138} INFO - Setting next_dagrun for consume_1_or_2_with_dataset_expressions to None, run_after=None
[2026-08-12T05:03:42.222+0000] {logging_mixin.py:190} INFO - [2026-08-12T05:03:42.221+0000] {dag.py:4138} INFO - Setting next_dagrun for consume_1_or_both_2_and_3_with_dataset_expressions to None, run_after=None
[2026-08-12T05:03:42.224+0000] {logging_mixin.py:190} INFO - [2026-08-12T05:03:42.223+0000] {dag.py:4138} INFO - Setting next_dagrun for dataset_consumes_1 to None, run_after=None
[2026-08-12T05:03:42.226+0000] {logging_mixin.py:190} INFO - [2026-08-12T05:03:42.226+0000] {dag.py:4138} INFO - Setting next_dagrun for dataset_consumes_1_and_2 to None, run_after=None
[2026-08-12T05:03:42.228+0000] {logging_mixin.py:190} INFO - [2026-08-12T05:03:42.228+0000] {dag.py:4138} INFO - Setting next_dagrun for dataset_consumes_1_never_scheduled to None, run_after=None
[2026-08-12T05:03:42.230+0000] {logging_mixin.py:190} INFO - [2026-08-12T05:03:42.230+0000] {dag.py:4138} INFO - Setting next_dagrun for dataset_consumes_unknown_never_scheduled to None, run_after=None
[2026-08-12T05:03:42.233+0000] {logging_mixin.py:190} INFO - [2026-08-12T05:03:42.233+0000] {dag.py:4138} INFO - Setting next_dagrun for dataset_produces_1 to 2026-08-11 00:00:00+00:00, run_after=2026-08-12 00:00:00+00:00
[2026-08-12T05:03:42.236+0000] {logging_mixin.py:190} INFO - [2026-08-12T05:03:42.235+0000] {dag.py:4138} INFO - Setting next_dagrun for dataset_produces_2 to None, run_after=None
[2026-08-12T05:03:42.272+0000] {processor.py:208} INFO - Processing /home/airflow/.local/lib/python3.12/site-packages/airflow/example_dags/example_datasets.py took 0.301 seconds
[2026-08-12T05:04:12.393+0000] {processor.py:186} INFO - Started process (PID=3918) to work on /home/airflow/.local/lib/python3.12/site-packages/airflow/example_dags/example_datasets.py
[2026-08-12T05:04:12.406+0000] {processor.py:914} INFO - Processing file /home/airflow/.local/lib/python3.12/site-packages/airflow/example_dags/example_datasets.py for tasks to queue
[2026-08-12T05:04:12.410+0000] {logging_mixin.py:190} INFO - [2026-08-12T05:04:12.409+0000] {dagbag.py:587} INFO - Filling up the DagBag from /home/airflow/.local/lib/python3.12/site-packages/airflow/example_dags/example_datasets.py
[2026-08-12T05:04:12.570+0000] {processor.py:925} INFO - DAG(s) 'dataset_consumes_1', 'consume_1_or_2_with_dataset_expressions', 'consume_1_or_both_2_and_3_with_dataset_expressions', 'dataset_consumes_1_never_scheduled', 'consume_1_and_2_with_dataset_expressions', 'dataset_produces_1', 'dataset_consumes_unknown_never_scheduled', 'conditional_dataset_and_time_based_timetable', 'dataset_produces_2', 'dataset_consumes_1_and_2' retrieved from /home/airflow/.local/lib/python3.12/site-packages/airflow/example_dags/example_datasets.py
[2026-08-12T05:04:12.618+0000] {logging_mixin.py:190} INFO - [2026-08-12T05:04:12.618+0000] {dag.py:3211} INFO - Sync 10 DAGs
[2026-08-12T05:04:12.647+0000] {logging_mixin.py:190} INFO - [2026-08-12T05:04:12.647+0000] {dag.py:4138} INFO - Setting next_dagrun for conditional_dataset_and_time_based_timetable to 2026-08-12 01:00:00+00:00, run_after=2026-08-12 01:00:00+00:00
[2026-08-12T05:04:12.652+0000] {logging_mixin.py:190} INFO - [2026-08-12T05:04:12.652+0000] {dag.py:4138} INFO - Setting next_dagrun for consume_1_and_2_with_dataset_expressions to None, run_after=None
[2026-08-12T05:04:12.655+0000] {logging_mixin.py:190} INFO - [2026-08-12T05:04:12.655+0000] {dag.py:4138} INFO - Setting next_dagrun for consume_1_or_2_with_dataset_expressions to None, run_after=None
[2026-08-12T05:04:12.658+0000] {logging_mixin.py:190} INFO - [2026-08-12T05:04:12.657+0000] {dag.py:4138} INFO - Setting next_dagrun for consume_1_or_both_2_and_3_with_dataset_expressions to None, run_after=None
[2026-08-12T05:04:12.660+0000] {logging_mixin.py:190} INFO - [2026-08-12T05:04:12.660+0000] {dag.py:4138} INFO - Setting next_dagrun for dataset_consumes_1 to None, run_after=None
[2026-08-12T05:04:12.663+0000] {logging_mixin.py:190} INFO - [2026-08-12T05:04:12.662+0000] {dag.py:4138} INFO - Setting next_dagrun for dataset_consumes_1_and_2 to None, run_after=None
[2026-08-12T05:04:12.665+0000] {logging_mixin.py:190} INFO - [2026-08-12T05:04:12.665+0000] {dag.py:4138} INFO - Setting next_dagrun for dataset_consumes_1_never_scheduled to None, run_after=None
[2026-08-12T05:04:12.667+0000] {logging_mixin.py:190} INFO - [2026-08-12T05:04:12.667+0000] {dag.py:4138} INFO - Setting next_dagrun for dataset_consumes_unknown_never_scheduled to None, run_after=None
[2026-08-12T05:04:12.670+0000] {logging_mixin.py:190} INFO - [2026-08-12T05:04:12.670+0000] {dag.py:4138} INFO - Setting next_dagrun for dataset_produces_1 to 2026-08-11 00:00:00+00:00, run_after=2026-08-12 00:00:00+00:00
[2026-08-12T05:04:12.673+0000] {logging_mixin.py:190} INFO - [2026-08-12T05:04:12.673+0000] {dag.py:4138} INFO - Setting next_dagrun for dataset_produces_2 to None, run_after=None
[2026-08-12T05:04:12.706+0000] {processor.py:208} INFO - Processing /home/airflow/.local/lib/python3.12/site-packages/airflow/example_dags/example_datasets.py took 0.319 seconds
[2026-08-12T05:04:42.847+0000] {processor.py:186} INFO - Started process (PID=3981) to work on /home/airflow/.local/lib/python3.12/site-packages/airflow/example_dags/example_datasets.py
[2026-08-12T05:04:42.849+0000] {processor.py:914} INFO - Processing file /home/airflow/.local/lib/python3.12/site-packages/airflow/example_dags/example_datasets.py for tasks to queue
[2026-08-12T05:04:42.852+0000] {logging_mixin.py:190} INFO - [2026-08-12T05:04:42.852+0000] {dagbag.py:587} INFO - Filling up the DagBag from /home/airflow/.local/lib/python3.12/site-packages/airflow/example_dags/example_datasets.py
[2026-08-12T05:04:42.990+0000] {processor.py:925} INFO - DAG(s) 'consume_1_or_both_2_and_3_with_dataset_expressions', 'dataset_consumes_1_never_scheduled', 'dataset_consumes_unknown_never_scheduled', 'conditional_dataset_and_time_based_timetable', 'dataset_consumes_1_and_2', 'consume_1_and_2_with_dataset_expressions', 'dataset_produces_2', 'dataset_consumes_1', 'dataset_produces_1', 'consume_1_or_2_with_dataset_expressions' retrieved from /home/airflow/.local/lib/python3.12/site-packages/airflow/example_dags/example_datasets.py
[2026-08-12T05:04:43.032+0000] {logging_mixin.py:190} INFO - [2026-08-12T05:04:43.032+0000] {dag.py:3211} INFO - Sync 10 DAGs
[2026-08-12T05:04:43.056+0000] {logging_mixin.py:190} INFO - [2026-08-12T05:04:43.056+0000] {dag.py:4138} INFO - Setting next_dagrun for conditional_dataset_and_time_based_timetable to 2026-08-12 01:00:00+00:00, run_after=2026-08-12 01:00:00+00:00
[2026-08-12T05:04:43.062+0000] {logging_mixin.py:190} INFO - [2026-08-12T05:04:43.062+0000] {dag.py:4138} INFO - Setting next_dagrun for consume_1_and_2_with_dataset_expressions to None, run_after=None
[2026-08-12T05:04:43.065+0000] {logging_mixin.py:190} INFO - [2026-08-12T05:04:43.065+0000] {dag.py:4138} INFO - Setting next_dagrun for consume_1_or_2_with_dataset_expressions to None, run_after=None
[2026-08-12T05:04:43.067+0000] {logging_mixin.py:190} INFO - [2026-08-12T05:04:43.067+0000] {dag.py:4138} INFO - Setting next_dagrun for consume_1_or_both_2_and_3_with_dataset_expressions to None, run_after=None
[2026-08-12T05:04:43.069+0000] {logging_mixin.py:190} INFO - [2026-08-12T05:04:43.069+0000] {dag.py:4138} INFO - Setting next_dagrun for dataset_consumes_1 to None, run_after=None
[2026-08-12T05:04:43.071+0000] {logging_mixin.py:190} INFO - [2026-08-12T05:04:43.071+0000] {dag.py:4138} INFO - Setting next_dagrun for dataset_consumes_1_and_2 to None, run_after=None
[2026-08-12T05:04:43.073+0000] {logging_mixin.py:190} INFO - [2026-08-12T05:04:43.073+0000] {dag.py:4138} INFO - Setting next_dagrun for dataset_consumes_1_never_scheduled to None, run_after=None
[2026-08-12T05:04:43.076+0000] {logging_mixin.py:190} INFO - [2026-08-12T05:04:43.075+0000] {dag.py:4138} INFO - Setting next_dagrun for dataset_consumes_unknown_never_scheduled to None, run_after=None
[2026-08-12T05:04:43.079+0000] {logging_mixin.py:190} INFO - [2026-08-12T05:04:43.079+0000] {dag.py:4138} INFO - Setting next_dagrun for dataset_produces_1 to 2026-08-11 00:00:00+00:00, run_after=2026-08-12 00:00:00+00:00
[2026-08-12T05:04:43.082+0000] {logging_mixin.py:190} INFO - [2026-08-12T05:04:43.081+0000] {dag.py:4138} INFO - Setting next_dagrun for dataset_produces_2 to None, run_after=None
[2026-08-12T05:04:43.130+0000] {processor.py:208} INFO - Processing /home/airflow/.local/lib/python3.12/site-packages/airflow/example_dags/example_datasets.py took 0.288 seconds
[2026-08-12T05:05:13.752+0000] {processor.py:186} INFO - Started process (PID=4044) to work on /home/airflow/.local/lib/python3.12/site-packages/airflow/example_dags/example_datasets.py
[2026-08-12T05:05:13.754+0000] {processor.py:914} INFO - Processing file /home/airflow/.local/lib/python3.12/site-packages/airflow/example_dags/example_datasets.py for tasks to queue
[2026-08-12T05:05:13.758+0000] {logging_mixin.py:190} INFO - [2026-08-12T05:05:13.758+0000] {dagbag.py:587} INFO - Filling up the DagBag from /home/airflow/.local/lib/python3.12/site-packages/airflow/example_dags/example_datasets.py
[2026-08-12T05:05:13.915+0000] {processor.py:925} INFO - DAG(s) 'dataset_consumes_1_never_scheduled', 'consume_1_or_2_with_dataset_expressions', 'conditional_dataset_and_time_based_timetable', 'dataset_produces_2', 'dataset_consumes_1_and_2', 'consume_1_and_2_with_dataset_expressions', 'dataset_consumes_unknown_never_scheduled', 'dataset_consumes_1', 'dataset_produces_1', 'consume_1_or_both_2_and_3_with_dataset_expressions' retrieved from /home/airflow/.local/lib/python3.12/site-packages/airflow/example_dags/example_datasets.py
[2026-08-12T05:05:13.960+0000] {logging_mixin.py:190} INFO - [2026-08-12T05:05:13.960+0000] {dag.py:3211} INFO - Sync 10 DAGs
[2026-08-12T05:05:13.986+0000] {logging_mixin.py:190} INFO - [2026-08-12T05:05:13.985+0000] {dag.py:4138} INFO - Setting next_dagrun for conditional_dataset_and_time_based_timetable to 2026-08-12 01:00:00+00:00, run_after=2026-08-12 01:00:00+00:00
[2026-08-12T05:05:13.990+0000] {logging_mixin.py:190} INFO - [2026-08-12T05:05:13.990+0000] {dag.py:4138} INFO - Setting next_dagrun for consume_1_and_2_with_dataset_expressions to None, run_after=None
[2026-08-12T05:05:13.992+0000] {logging_mixin.py:190} INFO - [2026-08-12T05:05:13.992+0000] {dag.py:4138} INFO - Setting next_dagrun for consume_1_or_2_with_dataset_expressions to None, run_after=None
[2026-08-12T05:05:13.994+0000] {logging_mixin.py:190} INFO - [2026-08-12T05:05:13.994+0000] {dag.py:4138} INFO - Setting next_dagrun for consume_1_or_both_2_and_3_with_dataset_expressions to None, run_after=None
[2026-08-12T05:05:13.996+0000] {logging_mixin.py:190} INFO - [2026-08-12T05:05:13.996+0000] {dag.py:4138} INFO - Setting next_dagrun for dataset_consumes_1 to None, run_after=None
[2026-08-12T05:05:13.999+0000] {logging_mixin.py:190} INFO - [2026-08-12T05:05:13.999+0000] {dag.py:4138} INFO - Setting next_dagrun for dataset_consumes_1_and_2 to None, run_after=None
[2026-08-12T05:05:14.002+0000] {logging_mixin.py:190} INFO - [2026-08-12T05:05:14.001+0000] {dag.py:4138} INFO - Setting next_dagrun for dataset_consumes_1_never_scheduled to None, run_after=None
[2026-08-12T05:05:14.004+0000] {logging_mixin.py:190} INFO - [2026-08-12T05:05:14.004+0000] {dag.py:4138} INFO - Setting next_dagrun for dataset_consumes_unknown_never_scheduled to None, run_after=None
[2026-08-12T05:05:14.009+0000] {logging_mixin.py:190} INFO - [2026-08-12T05:05:14.009+0000] {dag.py:4138} INFO - Setting next_dagrun for dataset_produces_1 to 2026-08-11 00:00:00+00:00, run_after=2026-08-12 00:00:00+00:00
[2026-08-12T05:05:14.011+0000] {logging_mixin.py:190} INFO - [2026-08-12T05:05:14.011+0000] {dag.py:4138} INFO - Setting next_dagrun for dataset_produces_2 to None, run_after=None
[2026-08-12T05:05:14.047+0000] {processor.py:208} INFO - Processing /home/airflow/.local/lib/python3.12/site-packages/airflow/example_dags/example_datasets.py took 0.303 seconds
[2026-08-12T05:05:44.267+0000] {processor.py:186} INFO - Started process (PID=4107) to work on /home/airflow/.local/lib/python3.12/site-packages/airflow/example_dags/example_datasets.py
[2026-08-12T05:05:44.270+0000] {processor.py:914} INFO - Processing file /home/airflow/.local/lib/python3.12/site-packages/airflow/example_dags/example_datasets.py for tasks to queue
[2026-08-12T05:05:44.274+0000] {logging_mixin.py:190} INFO - [2026-08-12T05:05:44.273+0000] {dagbag.py:587} INFO - Filling up the DagBag from /home/airflow/.local/lib/python3.12/site-packages/airflow/example_dags/example_datasets.py
[2026-08-12T05:05:44.415+0000] {processor.py:925} INFO - DAG(s) 'consume_1_and_2_with_dataset_expressions', 'dataset_consumes_1', 'dataset_consumes_1_never_scheduled', 'consume_1_or_2_with_dataset_expressions', 'consume_1_or_both_2_and_3_with_dataset_expressions', 'dataset_consumes_1_and_2', 'dataset_consumes_unknown_never_scheduled', 'dataset_produces_1', 'conditional_dataset_and_time_based_timetable', 'dataset_produces_2' retrieved from /home/airflow/.local/lib/python3.12/site-packages/airflow/example_dags/example_datasets.py
[2026-08-12T05:05:44.458+0000] {logging_mixin.py:190} INFO - [2026-08-12T05:05:44.458+0000] {dag.py:3211} INFO - Sync 10 DAGs
[2026-08-12T05:05:44.483+0000] {logging_mixin.py:190} INFO - [2026-08-12T05:05:44.483+0000] {dag.py:4138} INFO - Setting next_dagrun for conditional_dataset_and_time_based_timetable to 2026-08-12 01:00:00+00:00, run_after=2026-08-12 01:00:00+00:00
[2026-08-12T05:05:44.489+0000] {logging_mixin.py:190} INFO - [2026-08-12T05:05:44.489+0000] {dag.py:4138} INFO - Setting next_dagrun for consume_1_and_2_with_dataset_expressions to None, run_after=None
[2026-08-12T05:05:44.492+0000] {logging_mixin.py:190} INFO - [2026-08-12T05:05:44.492+0000] {dag.py:4138} INFO - Setting next_dagrun for consume_1_or_2_with_dataset_expressions to None, run_after=None
[2026-08-12T05:05:44.494+0000] {logging_mixin.py:190} INFO - [2026-08-12T05:05:44.494+0000] {dag.py:4138} INFO - Setting next_dagrun for consume_1_or_both_2_and_3_with_dataset_expressions to None, run_after=None
[2026-08-12T05:05:44.496+0000] {logging_mixin.py:190} INFO - [2026-08-12T05:05:44.496+0000] {dag.py:4138} INFO - Setting next_dagrun for dataset_consumes_1 to None, run_after=None
[2026-08-12T05:05:44.498+0000] {logging_mixin.py:190} INFO - [2026-08-12T05:05:44.498+0000] {dag.py:4138} INFO - Setting next_dagrun for dataset_consumes_1_and_2 to None, run_after=None
[2026-08-12T05:05:44.500+0000] {logging_mixin.py:190} INFO - [2026-08-12T05:05:44.500+0000] {dag.py:4138} INFO - Setting next_dagrun for dataset_consumes_1_never_scheduled to None, run_after=None
[2026-08-12T05:05:44.502+0000] {logging_mixin.py:190} INFO - [2026-08-12T05:05:44.502+0000] {dag.py:4138} INFO - Setting next_dagrun for dataset_consumes_unknown_never_scheduled to None, run_after=None
[2026-08-12T05:05:44.505+0000] {logging_mixin.py:190} INFO - [2026-08-12T05:05:44.505+0000] {dag.py:4138} INFO - Setting next_dagrun for dataset_produces_1 to 2026-08-11 00:00:00+00:00, run_after=2026-08-12 00:00:00+00:00
[2026-08-12T05:05:44.508+0000] {logging_mixin.py:190} INFO - [2026-08-12T05:05:44.507+0000] {dag.py:4138} INFO - Setting next_dagrun for dataset_produces_2 to None, run_after=None
[2026-08-12T05:05:44.544+0000] {processor.py:208} INFO - Processing /home/airflow/.local/lib/python3.12/site-packages/airflow/example_dags/example_datasets.py took 0.286 seconds
[2026-08-12T05:06:15.303+0000] {processor.py:186} INFO - Started process (PID=4170) to work on /home/airflow/.local/lib/python3.12/site-packages/airflow/example_dags/example_datasets.py
[2026-08-12T05:06:15.306+0000] {processor.py:914} INFO - Processing file /home/airflow/.local/lib/python3.12/site-packages/airflow/example_dags/example_datasets.py for tasks to queue
[2026-08-12T05:06:15.312+0000] {logging_mixin.py:190} INFO - [2026-08-12T05:06:15.312+0000] {dagbag.py:587} INFO - Filling up the DagBag from /home/airflow/.local/lib/python3.12/site-packages/airflow/example_dags/example_datasets.py
[2026-08-12T05:06:15.467+0000] {processor.py:925} INFO - DAG(s) 'consume_1_and_2_with_dataset_expressions', 'conditional_dataset_and_time_based_timetable', 'dataset_consumes_unknown_never_scheduled', 'dataset_consumes_1_never_scheduled', 'dataset_consumes_1_and_2', 'consume_1_or_2_with_dataset_expressions', 'consume_1_or_both_2_and_3_with_dataset_expressions', 'dataset_consumes_1', 'dataset_produces_2', 'dataset_produces_1' retrieved from /home/airflow/.local/lib/python3.12/site-packages/airflow/example_dags/example_datasets.py
[2026-08-12T05:06:15.518+0000] {logging_mixin.py:190} INFO - [2026-08-12T05:06:15.517+0000] {dag.py:3211} INFO - Sync 10 DAGs
[2026-08-12T05:06:15.545+0000] {logging_mixin.py:190} INFO - [2026-08-12T05:06:15.544+0000] {dag.py:4138} INFO - Setting next_dagrun for conditional_dataset_and_time_based_timetable to 2026-08-12 01:00:00+00:00, run_after=2026-08-12 01:00:00+00:00
[2026-08-12T05:06:15.549+0000] {logging_mixin.py:190} INFO - [2026-08-12T05:06:15.549+0000] {dag.py:4138} INFO - Setting next_dagrun for consume_1_and_2_with_dataset_expressions to None, run_after=None
[2026-08-12T05:06:15.552+0000] {logging_mixin.py:190} INFO - [2026-08-12T05:06:15.552+0000] {dag.py:4138} INFO - Setting next_dagrun for consume_1_or_2_with_dataset_expressions to None, run_after=None
[2026-08-12T05:06:15.555+0000] {logging_mixin.py:190} INFO - [2026-08-12T05:06:15.555+0000] {dag.py:4138} INFO - Setting next_dagrun for consume_1_or_both_2_and_3_with_dataset_expressions to None, run_after=None
[2026-08-12T05:06:15.557+0000] {logging_mixin.py:190} INFO - [2026-08-12T05:06:15.557+0000] {dag.py:4138} INFO - Setting next_dagrun for dataset_consumes_1 to None, run_after=None
[2026-08-12T05:06:15.560+0000] {logging_mixin.py:190} INFO - [2026-08-12T05:06:15.560+0000] {dag.py:4138} INFO - Setting next_dagrun for dataset_consumes_1_and_2 to None, run_after=None
[2026-08-12T05:06:15.563+0000] {logging_mixin.py:190} INFO - [2026-08-12T05:06:15.563+0000] {dag.py:4138} INFO - Setting next_dagrun for dataset_consumes_1_never_scheduled to None, run_after=None
[2026-08-12T05:06:15.566+0000] {logging_mixin.py:190} INFO - [2026-08-12T05:06:15.566+0000] {dag.py:4138} INFO - Setting next_dagrun for dataset_consumes_unknown_never_scheduled to None, run_after=None
[2026-08-12T05:06:15.569+0000] {logging_mixin.py:190} INFO - [2026-08-12T05:06:15.569+0000] {dag.py:4138} INFO - Setting next_dagrun for dataset_produces_1 to 2026-08-11 00:00:00+00:00, run_after=2026-08-12 00:00:00+00:00
[2026-08-12T05:06:15.572+0000] {logging_mixin.py:190} INFO - [2026-08-12T05:06:15.572+0000] {dag.py:4138} INFO - Setting next_dagrun for dataset_produces_2 to None, run_after=None
[2026-08-12T05:06:15.615+0000] {processor.py:208} INFO - Processing /home/airflow/.local/lib/python3.12/site-packages/airflow/example_dags/example_datasets.py took 0.319 seconds
[2026-08-12T05:06:45.694+0000] {processor.py:186} INFO - Started process (PID=4233) to work on /home/airflow/.local/lib/python3.12/site-packages/airflow/example_dags/example_datasets.py
[2026-08-12T05:06:45.696+0000] {processor.py:914} INFO - Processing file /home/airflow/.local/lib/python3.12/site-packages/airflow/example_dags/example_datasets.py for tasks to queue
[2026-08-12T05:06:45.701+0000] {logging_mixin.py:190} INFO - [2026-08-12T05:06:45.699+0000] {dagbag.py:587} INFO - Filling up the DagBag from /home/airflow/.local/lib/python3.12/site-packages/airflow/example_dags/example_datasets.py
[2026-08-12T05:06:45.873+0000] {processor.py:925} INFO - DAG(s) 'dataset_consumes_1', 'dataset_consumes_1_and_2', 'dataset_produces_1', 'dataset_consumes_1_never_scheduled', 'dataset_produces_2', 'conditional_dataset_and_time_based_timetable', 'consume_1_and_2_with_dataset_expressions', 'consume_1_or_2_with_dataset_expressions', 'dataset_consumes_unknown_never_scheduled', 'consume_1_or_both_2_and_3_with_dataset_expressions' retrieved from /home/airflow/.local/lib/python3.12/site-packages/airflow/example_dags/example_datasets.py
[2026-08-12T05:06:45.930+0000] {logging_mixin.py:190} INFO - [2026-08-12T05:06:45.930+0000] {dag.py:3211} INFO - Sync 10 DAGs
[2026-08-12T05:06:45.958+0000] {logging_mixin.py:190} INFO - [2026-08-12T05:06:45.958+0000] {dag.py:4138} INFO - Setting next_dagrun for conditional_dataset_and_time_based_timetable to 2026-08-12 01:00:00+00:00, run_after=2026-08-12 01:00:00+00:00
[2026-08-12T05:06:45.963+0000] {logging_mixin.py:190} INFO - [2026-08-12T05:06:45.962+0000] {dag.py:4138} INFO - Setting next_dagrun for consume_1_and_2_with_dataset_expressions to None, run_after=None
[2026-08-12T05:06:45.965+0000] {logging_mixin.py:190} INFO - [2026-08-12T05:06:45.965+0000] {dag.py:4138} INFO - Setting next_dagrun for consume_1_or_2_with_dataset_expressions to None, run_after=None
[2026-08-12T05:06:45.968+0000] {logging_mixin.py:190} INFO - [2026-08-12T05:06:45.967+0000] {dag.py:4138} INFO - Setting next_dagrun for consume_1_or_both_2_and_3_with_dataset_expressions to None, run_after=None
[2026-08-12T05:06:45.970+0000] {logging_mixin.py:190} INFO - [2026-08-12T05:06:45.969+0000] {dag.py:4138} INFO - Setting next_dagrun for dataset_consumes_1 to None, run_after=None
[2026-08-12T05:06:45.972+0000] {logging_mixin.py:190} INFO - [2026-08-12T05:06:45.972+0000] {dag.py:4138} INFO - Setting next_dagrun for dataset_consumes_1_and_2 to None, run_after=None
[2026-08-12T05:06:45.974+0000] {logging_mixin.py:190} INFO - [2026-08-12T05:06:45.974+0000] {dag.py:4138} INFO - Setting next_dagrun for dataset_consumes_1_never_scheduled to None, run_after=None
[2026-08-12T05:06:45.976+0000] {logging_mixin.py:190} INFO - [2026-08-12T05:06:45.975+0000] {dag.py:4138} INFO - Setting next_dagrun for dataset_consumes_unknown_never_scheduled to None, run_after=None
[2026-08-12T05:06:45.979+0000] {logging_mixin.py:190} INFO - [2026-08-12T05:06:45.978+0000] {dag.py:4138} INFO - Setting next_dagrun for dataset_produces_1 to 2026-08-11 00:00:00+00:00, run_after=2026-08-12 00:00:00+00:00
[2026-08-12T05:06:45.981+0000] {logging_mixin.py:190} INFO - [2026-08-12T05:06:45.981+0000] {dag.py:4138} INFO - Setting next_dagrun for dataset_produces_2 to None, run_after=None
[2026-08-12T05:06:46.019+0000] {processor.py:208} INFO - Processing /home/airflow/.local/lib/python3.12/site-packages/airflow/example_dags/example_datasets.py took 0.333 seconds
[2026-08-12T05:07:16.645+0000] {processor.py:186} INFO - Started process (PID=4296) to work on /home/airflow/.local/lib/python3.12/site-packages/airflow/example_dags/example_datasets.py
[2026-08-12T05:07:16.647+0000] {processor.py:914} INFO - Processing file /home/airflow/.local/lib/python3.12/site-packages/airflow/example_dags/example_datasets.py for tasks to queue
[2026-08-12T05:07:16.652+0000] {logging_mixin.py:190} INFO - [2026-08-12T05:07:16.652+0000] {dagbag.py:587} INFO - Filling up the DagBag from /home/airflow/.local/lib/python3.12/site-packages/airflow/example_dags/example_datasets.py
[2026-08-12T05:07:16.837+0000] {processor.py:925} INFO - DAG(s) 'conditional_dataset_and_time_based_timetable', 'consume_1_and_2_with_dataset_expressions', 'dataset_consumes_unknown_never_scheduled', 'dataset_consumes_1', 'dataset_consumes_1_and_2', 'consume_1_or_both_2_and_3_with_dataset_expressions', 'consume_1_or_2_with_dataset_expressions', 'dataset_consumes_1_never_scheduled', 'dataset_produces_1', 'dataset_produces_2' retrieved from /home/airflow/.local/lib/python3.12/site-packages/airflow/example_dags/example_datasets.py
[2026-08-12T05:07:16.899+0000] {logging_mixin.py:190} INFO - [2026-08-12T05:07:16.899+0000] {dag.py:3211} INFO - Sync 10 DAGs
[2026-08-12T05:07:16.932+0000] {logging_mixin.py:190} INFO - [2026-08-12T05:07:16.931+0000] {dag.py:4138} INFO - Setting next_dagrun for conditional_dataset_and_time_based_timetable to 2026-08-12 01:00:00+00:00, run_after=2026-08-12 01:00:00+00:00
[2026-08-12T05:07:16.937+0000] {logging_mixin.py:190} INFO - [2026-08-12T05:07:16.936+0000] {dag.py:4138} INFO - Setting next_dagrun for consume_1_and_2_with_dataset_expressions to None, run_after=None
[2026-08-12T05:07:16.939+0000] {logging_mixin.py:190} INFO - [2026-08-12T05:07:16.939+0000] {dag.py:4138} INFO - Setting next_dagrun for consume_1_or_2_with_dataset_expressions to None, run_after=None
[2026-08-12T05:07:16.941+0000] {logging_mixin.py:190} INFO - [2026-08-12T05:07:16.941+0000] {dag.py:4138} INFO - Setting next_dagrun for consume_1_or_both_2_and_3_with_dataset_expressions to None, run_after=None
[2026-08-12T05:07:16.943+0000] {logging_mixin.py:190} INFO - [2026-08-12T05:07:16.943+0000] {dag.py:4138} INFO - Setting next_dagrun for dataset_consumes_1 to None, run_after=None
[2026-08-12T05:07:16.945+0000] {logging_mixin.py:190} INFO - [2026-08-12T05:07:16.945+0000] {dag.py:4138} INFO - Setting next_dagrun for dataset_consumes_1_and_2 to None, run_after=None
[2026-08-12T05:07:16.948+0000] {logging_mixin.py:190} INFO - [2026-08-12T05:07:16.948+0000] {dag.py:4138} INFO - Setting next_dagrun for dataset_consumes_1_never_scheduled to None, run_after=None
[2026-08-12T05:07:16.950+0000] {logging_mixin.py:190} INFO - [2026-08-12T05:07:16.949+0000] {dag.py:4138} INFO - Setting next_dagrun for dataset_consumes_unknown_never_scheduled to None, run_after=None
[2026-08-12T05:07:16.952+0000] {logging_mixin.py:190} INFO - [2026-08-12T05:07:16.952+0000] {dag.py:4138} INFO - Setting next_dagrun for dataset_produces_1 to 2026-08-11 00:00:00+00:00, run_after=2026-08-12 00:00:00+00:00
[2026-08-12T05:07:16.955+0000] {logging_mixin.py:190} INFO - [2026-08-12T05:07:16.955+0000] {dag.py:4138} INFO - Setting next_dagrun for dataset_produces_2 to None, run_after=None
[2026-08-12T05:07:16.992+0000] {processor.py:208} INFO - Processing /home/airflow/.local/lib/python3.12/site-packages/airflow/example_dags/example_datasets.py took 0.353 seconds
[2026-08-12T05:07:47.395+0000] {processor.py:186} INFO - Started process (PID=4359) to work on /home/airflow/.local/lib/python3.12/site-packages/airflow/example_dags/example_datasets.py
[2026-08-12T05:07:47.397+0000] {processor.py:914} INFO - Processing file /home/airflow/.local/lib/python3.12/site-packages/airflow/example_dags/example_datasets.py for tasks to queue
[2026-08-12T05:07:47.400+0000] {logging_mixin.py:190} INFO - [2026-08-12T05:07:47.399+0000] {dagbag.py:587} INFO - Filling up the DagBag from /home/airflow/.local/lib/python3.12/site-packages/airflow/example_dags/example_datasets.py
[2026-08-12T05:07:47.545+0000] {processor.py:925} INFO - DAG(s) 'dataset_consumes_1_and_2', 'dataset_consumes_unknown_never_scheduled', 'consume_1_or_2_with_dataset_expressions', 'consume_1_or_both_2_and_3_with_dataset_expressions', 'dataset_produces_1', 'dataset_produces_2', 'consume_1_and_2_with_dataset_expressions', 'conditional_dataset_and_time_based_timetable', 'dataset_consumes_1', 'dataset_consumes_1_never_scheduled' retrieved from /home/airflow/.local/lib/python3.12/site-packages/airflow/example_dags/example_datasets.py
[2026-08-12T05:07:47.590+0000] {logging_mixin.py:190} INFO - [2026-08-12T05:07:47.590+0000] {dag.py:3211} INFO - Sync 10 DAGs
[2026-08-12T05:07:47.617+0000] {logging_mixin.py:190} INFO - [2026-08-12T05:07:47.617+0000] {dag.py:4138} INFO - Setting next_dagrun for conditional_dataset_and_time_based_timetable to 2026-08-12 01:00:00+00:00, run_after=2026-08-12 01:00:00+00:00
[2026-08-12T05:07:47.622+0000] {logging_mixin.py:190} INFO - [2026-08-12T05:07:47.622+0000] {dag.py:4138} INFO - Setting next_dagrun for consume_1_and_2_with_dataset_expressions to None, run_after=None
[2026-08-12T05:07:47.624+0000] {logging_mixin.py:190} INFO - [2026-08-12T05:07:47.624+0000] {dag.py:4138} INFO - Setting next_dagrun for consume_1_or_2_with_dataset_expressions to None, run_after=None
[2026-08-12T05:07:47.627+0000] {logging_mixin.py:190} INFO - [2026-08-12T05:07:47.626+0000] {dag.py:4138} INFO - Setting next_dagrun for consume_1_or_both_2_and_3_with_dataset_expressions to None, run_after=None
[2026-08-12T05:07:47.629+0000] {logging_mixin.py:190} INFO - [2026-08-12T05:07:47.629+0000] {dag.py:4138} INFO - Setting next_dagrun for dataset_consumes_1 to None, run_after=None
[2026-08-12T05:07:47.631+0000] {logging_mixin.py:190} INFO - [2026-08-12T05:07:47.631+0000] {dag.py:4138} INFO - Setting next_dagrun for dataset_consumes_1_and_2 to None, run_after=None
[2026-08-12T05:07:47.634+0000] {logging_mixin.py:190} INFO - [2026-08-12T05:07:47.633+0000] {dag.py:4138} INFO - Setting next_dagrun for dataset_consumes_1_never_scheduled to None, run_after=None
[2026-08-12T05:07:47.636+0000] {logging_mixin.py:190} INFO - [2026-08-12T05:07:47.635+0000] {dag.py:4138} INFO - Setting next_dagrun for dataset_consumes_unknown_never_scheduled to None, run_after=None
[2026-08-12T05:07:47.639+0000] {logging_mixin.py:190} INFO - [2026-08-12T05:07:47.639+0000] {dag.py:4138} INFO - Setting next_dagrun for dataset_produces_1 to 2026-08-11 00:00:00+00:00, run_after=2026-08-12 00:00:00+00:00
[2026-08-12T05:07:47.641+0000] {logging_mixin.py:190} INFO - [2026-08-12T05:07:47.641+0000] {dag.py:4138} INFO - Setting next_dagrun for dataset_produces_2 to None, run_after=None
[2026-08-12T05:07:47.677+0000] {processor.py:208} INFO - Processing /home/airflow/.local/lib/python3.12/site-packages/airflow/example_dags/example_datasets.py took 0.289 seconds
[2026-08-12T05:08:17.812+0000] {processor.py:186} INFO - Started process (PID=4422) to work on /home/airflow/.local/lib/python3.12/site-packages/airflow/example_dags/example_datasets.py
[2026-08-12T05:08:17.814+0000] {processor.py:914} INFO - Processing file /home/airflow/.local/lib/python3.12/site-packages/airflow/example_dags/example_datasets.py for tasks to queue
[2026-08-12T05:08:17.819+0000] {logging_mixin.py:190} INFO - [2026-08-12T05:08:17.819+0000] {dagbag.py:587} INFO - Filling up the DagBag from /home/airflow/.local/lib/python3.12/site-packages/airflow/example_dags/example_datasets.py
[2026-08-12T05:08:17.998+0000] {processor.py:925} INFO - DAG(s) 'consume_1_or_2_with_dataset_expressions', 'conditional_dataset_and_time_based_timetable', 'dataset_consumes_unknown_never_scheduled', 'consume_1_and_2_with_dataset_expressions', 'consume_1_or_both_2_and_3_with_dataset_expressions', 'dataset_produces_2', 'dataset_consumes_1_never_scheduled', 'dataset_produces_1', 'dataset_consumes_1', 'dataset_consumes_1_and_2' retrieved from /home/airflow/.local/lib/python3.12/site-packages/airflow/example_dags/example_datasets.py
[2026-08-12T05:08:18.051+0000] {logging_mixin.py:190} INFO - [2026-08-12T05:08:18.051+0000] {dag.py:3211} INFO - Sync 10 DAGs
[2026-08-12T05:08:18.088+0000] {logging_mixin.py:190} INFO - [2026-08-12T05:08:18.088+0000] {dag.py:4138} INFO - Setting next_dagrun for conditional_dataset_and_time_based_timetable to 2026-08-12 01:00:00+00:00, run_after=2026-08-12 01:00:00+00:00
[2026-08-12T05:08:18.093+0000] {logging_mixin.py:190} INFO - [2026-08-12T05:08:18.093+0000] {dag.py:4138} INFO - Setting next_dagrun for consume_1_and_2_with_dataset_expressions to None, run_after=None
[2026-08-12T05:08:18.096+0000] {logging_mixin.py:190} INFO - [2026-08-12T05:08:18.096+0000] {dag.py:4138} INFO - Setting next_dagrun for consume_1_or_2_with_dataset_expressions to None, run_after=None
[2026-08-12T05:08:18.100+0000] {logging_mixin.py:190} INFO - [2026-08-12T05:08:18.099+0000] {dag.py:4138} INFO - Setting next_dagrun for consume_1_or_both_2_and_3_with_dataset_expressions to None, run_after=None
[2026-08-12T05:08:18.102+0000] {logging_mixin.py:190} INFO - [2026-08-12T05:08:18.102+0000] {dag.py:4138} INFO - Setting next_dagrun for dataset_consumes_1 to None, run_after=None
[2026-08-12T05:08:18.105+0000] {logging_mixin.py:190} INFO - [2026-08-12T05:08:18.104+0000] {dag.py:4138} INFO - Setting next_dagrun for dataset_consumes_1_and_2 to None, run_after=None
[2026-08-12T05:08:18.108+0000] {logging_mixin.py:190} INFO - [2026-08-12T05:08:18.107+0000] {dag.py:4138} INFO - Setting next_dagrun for dataset_consumes_1_never_scheduled to None, run_after=None
[2026-08-12T05:08:18.110+0000] {logging_mixin.py:190} INFO - [2026-08-12T05:08:18.110+0000] {dag.py:4138} INFO - Setting next_dagrun for dataset_consumes_unknown_never_scheduled to None, run_after=None
[2026-08-12T05:08:18.116+0000] {logging_mixin.py:190} INFO - [2026-08-12T05:08:18.115+0000] {dag.py:4138} INFO - Setting next_dagrun for dataset_produces_1 to 2026-08-11 00:00:00+00:00, run_after=2026-08-12 00:00:00+00:00
[2026-08-12T05:08:18.118+0000] {logging_mixin.py:190} INFO - [2026-08-12T05:08:18.118+0000] {dag.py:4138} INFO - Setting next_dagrun for dataset_produces_2 to None, run_after=None
[2026-08-12T05:08:18.172+0000] {processor.py:208} INFO - Processing /home/airflow/.local/lib/python3.12/site-packages/airflow/example_dags/example_datasets.py took 0.371 seconds
[2026-08-12T05:08:48.504+0000] {processor.py:186} INFO - Started process (PID=4485) to work on /home/airflow/.local/lib/python3.12/site-packages/airflow/example_dags/example_datasets.py
[2026-08-12T05:08:48.505+0000] {processor.py:914} INFO - Processing file /home/airflow/.local/lib/python3.12/site-packages/airflow/example_dags/example_datasets.py for tasks to queue
[2026-08-12T05:08:48.508+0000] {logging_mixin.py:190} INFO - [2026-08-12T05:08:48.508+0000] {dagbag.py:587} INFO - Filling up the DagBag from /home/airflow/.local/lib/python3.12/site-packages/airflow/example_dags/example_datasets.py
[2026-08-12T05:08:48.691+0000] {processor.py:925} INFO - DAG(s) 'dataset_produces_1', 'dataset_consumes_unknown_never_scheduled', 'consume_1_or_2_with_dataset_expressions', 'consume_1_or_both_2_and_3_with_dataset_expressions', 'dataset_consumes_1_never_scheduled', 'dataset_consumes_1_and_2', 'dataset_consumes_1', 'consume_1_and_2_with_dataset_expressions', 'conditional_dataset_and_time_based_timetable', 'dataset_produces_2' retrieved from /home/airflow/.local/lib/python3.12/site-packages/airflow/example_dags/example_datasets.py
[2026-08-12T05:08:48.777+0000] {logging_mixin.py:190} INFO - [2026-08-12T05:08:48.777+0000] {dag.py:3211} INFO - Sync 10 DAGs
[2026-08-12T05:08:48.813+0000] {logging_mixin.py:190} INFO - [2026-08-12T05:08:48.812+0000] {dag.py:4138} INFO - Setting next_dagrun for conditional_dataset_and_time_based_timetable to 2026-08-12 01:00:00+00:00, run_after=2026-08-12 01:00:00+00:00
[2026-08-12T05:08:48.819+0000] {logging_mixin.py:190} INFO - [2026-08-12T05:08:48.819+0000] {dag.py:4138} INFO - Setting next_dagrun for consume_1_and_2_with_dataset_expressions to None, run_after=None
[2026-08-12T05:08:48.822+0000] {logging_mixin.py:190} INFO - [2026-08-12T05:08:48.822+0000] {dag.py:4138} INFO - Setting next_dagrun for consume_1_or_2_with_dataset_expressions to None, run_after=None
[2026-08-12T05:08:48.824+0000] {logging_mixin.py:190} INFO - [2026-08-12T05:08:48.824+0000] {dag.py:4138} INFO - Setting next_dagrun for consume_1_or_both_2_and_3_with_dataset_expressions to None, run_after=None
[2026-08-12T05:08:48.826+0000] {logging_mixin.py:190} INFO - [2026-08-12T05:08:48.826+0000] {dag.py:4138} INFO - Setting next_dagrun for dataset_consumes_1 to None, run_after=None
[2026-08-12T05:08:48.828+0000] {logging_mixin.py:190} INFO - [2026-08-12T05:08:48.828+0000] {dag.py:4138} INFO - Setting next_dagrun for dataset_consumes_1_and_2 to None, run_after=None
[2026-08-12T05:08:48.831+0000] {logging_mixin.py:190} INFO - [2026-08-12T05:08:48.831+0000] {dag.py:4138} INFO - Setting next_dagrun for dataset_consumes_1_never_scheduled to None, run_after=None
[2026-08-12T05:08:48.834+0000] {logging_mixin.py:190} INFO - [2026-08-12T05:08:48.833+0000] {dag.py:4138} INFO - Setting next_dagrun for dataset_consumes_unknown_never_scheduled to None, run_after=None
[2026-08-12T05:08:48.837+0000] {logging_mixin.py:190} INFO - [2026-08-12T05:08:48.837+0000] {dag.py:4138} INFO - Setting next_dagrun for dataset_produces_1 to 2026-08-11 00:00:00+00:00, run_after=2026-08-12 00:00:00+00:00
[2026-08-12T05:08:48.839+0000] {logging_mixin.py:190} INFO - [2026-08-12T05:08:48.839+0000] {dag.py:4138} INFO - Setting next_dagrun for dataset_produces_2 to None, run_after=None
[2026-08-12T05:08:48.876+0000] {processor.py:208} INFO - Processing /home/airflow/.local/lib/python3.12/site-packages/airflow/example_dags/example_datasets.py took 0.377 seconds
[2026-08-12T05:09:19.062+0000] {processor.py:186} INFO - Started process (PID=4548) to work on /home/airflow/.local/lib/python3.12/site-packages/airflow/example_dags/example_datasets.py
[2026-08-12T05:09:19.063+0000] {processor.py:914} INFO - Processing file /home/airflow/.local/lib/python3.12/site-packages/airflow/example_dags/example_datasets.py for tasks to queue
[2026-08-12T05:09:19.067+0000] {logging_mixin.py:190} INFO - [2026-08-12T05:09:19.066+0000] {dagbag.py:587} INFO - Filling up the DagBag from /home/airflow/.local/lib/python3.12/site-packages/airflow/example_dags/example_datasets.py
[2026-08-12T05:09:19.232+0000] {processor.py:925} INFO - DAG(s) 'dataset_consumes_1_and_2', 'conditional_dataset_and_time_based_timetable', 'consume_1_and_2_with_dataset_expressions', 'dataset_produces_2', 'consume_1_or_2_with_dataset_expressions', 'dataset_consumes_1', 'dataset_consumes_unknown_never_scheduled', 'dataset_produces_1', 'consume_1_or_both_2_and_3_with_dataset_expressions', 'dataset_consumes_1_never_scheduled' retrieved from /home/airflow/.local/lib/python3.12/site-packages/airflow/example_dags/example_datasets.py
[2026-08-12T05:09:19.293+0000] {logging_mixin.py:190} INFO - [2026-08-12T05:09:19.293+0000] {dag.py:3211} INFO - Sync 10 DAGs
[2026-08-12T05:09:19.327+0000] {logging_mixin.py:190} INFO - [2026-08-12T05:09:19.326+0000] {dag.py:4138} INFO - Setting next_dagrun for conditional_dataset_and_time_based_timetable to 2026-08-12 01:00:00+00:00, run_after=2026-08-12 01:00:00+00:00
[2026-08-12T05:09:19.332+0000] {logging_mixin.py:190} INFO - [2026-08-12T05:09:19.332+0000] {dag.py:4138} INFO - Setting next_dagrun for consume_1_and_2_with_dataset_expressions to None, run_after=None
[2026-08-12T05:09:19.335+0000] {logging_mixin.py:190} INFO - [2026-08-12T05:09:19.335+0000] {dag.py:4138} INFO - Setting next_dagrun for consume_1_or_2_with_dataset_expressions to None, run_after=None
[2026-08-12T05:09:19.338+0000] {logging_mixin.py:190} INFO - [2026-08-12T05:09:19.338+0000] {dag.py:4138} INFO - Setting next_dagrun for consume_1_or_both_2_and_3_with_dataset_expressions to None, run_after=None
[2026-08-12T05:09:19.341+0000] {logging_mixin.py:190} INFO - [2026-08-12T05:09:19.341+0000] {dag.py:4138} INFO - Setting next_dagrun for dataset_consumes_1 to None, run_after=None
[2026-08-12T05:09:19.344+0000] {logging_mixin.py:190} INFO - [2026-08-12T05:09:19.343+0000] {dag.py:4138} INFO - Setting next_dagrun for dataset_consumes_1_and_2 to None, run_after=None
[2026-08-12T05:09:19.346+0000] {logging_mixin.py:190} INFO - [2026-08-12T05:09:19.346+0000] {dag.py:4138} INFO - Setting next_dagrun for dataset_consumes_1_never_scheduled to None, run_after=None
[2026-08-12T05:09:19.349+0000] {logging_mixin.py:190} INFO - [2026-08-12T05:09:19.349+0000] {dag.py:4138} INFO - Setting next_dagrun for dataset_consumes_unknown_never_scheduled to None, run_after=None
[2026-08-12T05:09:19.354+0000] {logging_mixin.py:190} INFO - [2026-08-12T05:09:19.353+0000] {dag.py:4138} INFO - Setting next_dagrun for dataset_produces_1 to 2026-08-11 00:00:00+00:00, run_after=2026-08-12 00:00:00+00:00
[2026-08-12T05:09:19.357+0000] {logging_mixin.py:190} INFO - [2026-08-12T05:09:19.356+0000] {dag.py:4138} INFO - Setting next_dagrun for dataset_produces_2 to None, run_after=None
[2026-08-12T05:09:19.403+0000] {processor.py:208} INFO - Processing /home/airflow/.local/lib/python3.12/site-packages/airflow/example_dags/example_datasets.py took 0.348 seconds
[2026-08-12T05:09:49.757+0000] {processor.py:186} INFO - Started process (PID=4611) to work on /home/airflow/.local/lib/python3.12/site-packages/airflow/example_dags/example_datasets.py
[2026-08-12T05:09:49.759+0000] {processor.py:914} INFO - Processing file /home/airflow/.local/lib/python3.12/site-packages/airflow/example_dags/example_datasets.py for tasks to queue
[2026-08-12T05:09:49.763+0000] {logging_mixin.py:190} INFO - [2026-08-12T05:09:49.762+0000] {dagbag.py:587} INFO - Filling up the DagBag from /home/airflow/.local/lib/python3.12/site-packages/airflow/example_dags/example_datasets.py
[2026-08-12T05:09:49.934+0000] {processor.py:925} INFO - DAG(s) 'dataset_produces_2', 'dataset_consumes_unknown_never_scheduled', 'dataset_consumes_1', 'consume_1_and_2_with_dataset_expressions', 'conditional_dataset_and_time_based_timetable', 'dataset_consumes_1_and_2', 'consume_1_or_both_2_and_3_with_dataset_expressions', 'dataset_produces_1', 'dataset_consumes_1_never_scheduled', 'consume_1_or_2_with_dataset_expressions' retrieved from /home/airflow/.local/lib/python3.12/site-packages/airflow/example_dags/example_datasets.py
[2026-08-12T05:09:49.979+0000] {logging_mixin.py:190} INFO - [2026-08-12T05:09:49.979+0000] {dag.py:3211} INFO - Sync 10 DAGs
[2026-08-12T05:09:50.018+0000] {logging_mixin.py:190} INFO - [2026-08-12T05:09:50.018+0000] {dag.py:4138} INFO - Setting next_dagrun for conditional_dataset_and_time_based_timetable to 2026-08-12 01:00:00+00:00, run_after=2026-08-12 01:00:00+00:00
[2026-08-12T05:09:50.035+0000] {logging_mixin.py:190} INFO - [2026-08-12T05:09:50.035+0000] {dag.py:4138} INFO - Setting next_dagrun for consume_1_and_2_with_dataset_expressions to None, run_after=None
[2026-08-12T05:09:50.040+0000] {logging_mixin.py:190} INFO - [2026-08-12T05:09:50.039+0000] {dag.py:4138} INFO - Setting next_dagrun for consume_1_or_2_with_dataset_expressions to None, run_after=None
[2026-08-12T05:09:50.042+0000] {logging_mixin.py:190} INFO - [2026-08-12T05:09:50.042+0000] {dag.py:4138} INFO - Setting next_dagrun for consume_1_or_both_2_and_3_with_dataset_expressions to None, run_after=None
[2026-08-12T05:09:50.045+0000] {logging_mixin.py:190} INFO - [2026-08-12T05:09:50.044+0000] {dag.py:4138} INFO - Setting next_dagrun for dataset_consumes_1 to None, run_after=None
[2026-08-12T05:09:50.047+0000] {logging_mixin.py:190} INFO - [2026-08-12T05:09:50.046+0000] {dag.py:4138} INFO - Setting next_dagrun for dataset_consumes_1_and_2 to None, run_after=None
[2026-08-12T05:09:50.049+0000] {logging_mixin.py:190} INFO - [2026-08-12T05:09:50.049+0000] {dag.py:4138} INFO - Setting next_dagrun for dataset_consumes_1_never_scheduled to None, run_after=None
[2026-08-12T05:09:50.051+0000] {logging_mixin.py:190} INFO - [2026-08-12T05:09:50.051+0000] {dag.py:4138} INFO - Setting next_dagrun for dataset_consumes_unknown_never_scheduled to None, run_after=None
[2026-08-12T05:09:50.054+0000] {logging_mixin.py:190} INFO - [2026-08-12T05:09:50.054+0000] {dag.py:4138} INFO - Setting next_dagrun for dataset_produces_1 to 2026-08-11 00:00:00+00:00, run_after=2026-08-12 00:00:00+00:00
[2026-08-12T05:09:50.057+0000] {logging_mixin.py:190} INFO - [2026-08-12T05:09:50.056+0000] {dag.py:4138} INFO - Setting next_dagrun for dataset_produces_2 to None, run_after=None
[2026-08-12T05:09:50.094+0000] {processor.py:208} INFO - Processing /home/airflow/.local/lib/python3.12/site-packages/airflow/example_dags/example_datasets.py took 0.347 seconds
[2026-08-12T05:10:20.444+0000] {processor.py:186} INFO - Started process (PID=4675) to work on /home/airflow/.local/lib/python3.12/site-packages/airflow/example_dags/example_datasets.py
[2026-08-12T05:10:20.446+0000] {processor.py:914} INFO - Processing file /home/airflow/.local/lib/python3.12/site-packages/airflow/example_dags/example_datasets.py for tasks to queue
[2026-08-12T05:10:20.449+0000] {logging_mixin.py:190} INFO - [2026-08-12T05:10:20.448+0000] {dagbag.py:587} INFO - Filling up the DagBag from /home/airflow/.local/lib/python3.12/site-packages/airflow/example_dags/example_datasets.py
[2026-08-12T05:10:20.719+0000] {processor.py:925} INFO - DAG(s) 'conditional_dataset_and_time_based_timetable', 'consume_1_and_2_with_dataset_expressions', 'dataset_produces_1', 'dataset_consumes_1', 'dataset_consumes_unknown_never_scheduled', 'dataset_consumes_1_never_scheduled', 'dataset_produces_2', 'consume_1_or_2_with_dataset_expressions', 'dataset_consumes_1_and_2', 'consume_1_or_both_2_and_3_with_dataset_expressions' retrieved from /home/airflow/.local/lib/python3.12/site-packages/airflow/example_dags/example_datasets.py
[2026-08-12T05:10:20.812+0000] {logging_mixin.py:190} INFO - [2026-08-12T05:10:20.811+0000] {dag.py:3211} INFO - Sync 10 DAGs
[2026-08-12T05:10:20.863+0000] {logging_mixin.py:190} INFO - [2026-08-12T05:10:20.862+0000] {dag.py:4138} INFO - Setting next_dagrun for conditional_dataset_and_time_based_timetable to 2026-08-12 01:00:00+00:00, run_after=2026-08-12 01:00:00+00:00
[2026-08-12T05:10:20.870+0000] {logging_mixin.py:190} INFO - [2026-08-12T05:10:20.870+0000] {dag.py:4138} INFO - Setting next_dagrun for consume_1_and_2_with_dataset_expressions to None, run_after=None
[2026-08-12T05:10:20.874+0000] {logging_mixin.py:190} INFO - [2026-08-12T05:10:20.874+0000] {dag.py:4138} INFO - Setting next_dagrun for consume_1_or_2_with_dataset_expressions to None, run_after=None
[2026-08-12T05:10:20.877+0000] {logging_mixin.py:190} INFO - [2026-08-12T05:10:20.876+0000] {dag.py:4138} INFO - Setting next_dagrun for consume_1_or_both_2_and_3_with_dataset_expressions to None, run_after=None
[2026-08-12T05:10:20.880+0000] {logging_mixin.py:190} INFO - [2026-08-12T05:10:20.880+0000] {dag.py:4138} INFO - Setting next_dagrun for dataset_consumes_1 to None, run_after=None
[2026-08-12T05:10:20.883+0000] {logging_mixin.py:190} INFO - [2026-08-12T05:10:20.883+0000] {dag.py:4138} INFO - Setting next_dagrun for dataset_consumes_1_and_2 to None, run_after=None
[2026-08-12T05:10:20.886+0000] {logging_mixin.py:190} INFO - [2026-08-12T05:10:20.885+0000] {dag.py:4138} INFO - Setting next_dagrun for dataset_consumes_1_never_scheduled to None, run_after=None
[2026-08-12T05:10:20.890+0000] {logging_mixin.py:190} INFO - [2026-08-12T05:10:20.889+0000] {dag.py:4138} INFO - Setting next_dagrun for dataset_consumes_unknown_never_scheduled to None, run_after=None
[2026-08-12T05:10:20.895+0000] {logging_mixin.py:190} INFO - [2026-08-12T05:10:20.894+0000] {dag.py:4138} INFO - Setting next_dagrun for dataset_produces_1 to 2026-08-11 00:00:00+00:00, run_after=2026-08-12 00:00:00+00:00
[2026-08-12T05:10:20.898+0000] {logging_mixin.py:190} INFO - [2026-08-12T05:10:20.898+0000] {dag.py:4138} INFO - Setting next_dagrun for dataset_produces_2 to None, run_after=None
[2026-08-12T05:10:20.961+0000] {processor.py:208} INFO - Processing /home/airflow/.local/lib/python3.12/site-packages/airflow/example_dags/example_datasets.py took 0.527 seconds
