[2026-08-12T04:30:37.489+0000] {processor.py:186} INFO - Started process (PID=99) to work on /home/airflow/.local/lib/python3.12/site-packages/airflow/example_dags/example_dynamic_task_mapping.py
[2026-08-12T04:30:37.491+0000] {processor.py:914} INFO - Processing file /home/airflow/.local/lib/python3.12/site-packages/airflow/example_dags/example_dynamic_task_mapping.py for tasks to queue
[2026-08-12T04:30:37.494+0000] {logging_mixin.py:190} INFO - [2026-08-12T04:30:37.494+0000] {dagbag.py:587} INFO - Filling up the DagBag from /home/airflow/.local/lib/python3.12/site-packages/airflow/example_dags/example_dynamic_task_mapping.py
[2026-08-12T04:30:37.505+0000] {processor.py:925} INFO - DAG(s) 'example_dynamic_task_mapping' retrieved from /home/airflow/.local/lib/python3.12/site-packages/airflow/example_dags/example_dynamic_task_mapping.py
[2026-08-12T04:30:37.627+0000] {logging_mixin.py:190} INFO - [2026-08-12T04:30:37.626+0000] {override.py:1858} INFO - Created Permission View: can edit on DAG:example_dynamic_task_mapping
[2026-08-12T04:30:37.640+0000] {logging_mixin.py:190} INFO - [2026-08-12T04:30:37.640+0000] {override.py:1858} INFO - Created Permission View: can delete on DAG:example_dynamic_task_mapping
[2026-08-12T04:30:37.663+0000] {logging_mixin.py:190} INFO - [2026-08-12T04:30:37.663+0000] {override.py:1858} INFO - Created Permission View: can read on DAG:example_dynamic_task_mapping
[2026-08-12T04:30:37.665+0000] {logging_mixin.py:190} INFO - [2026-08-12T04:30:37.665+0000] {dag.py:3211} INFO - Sync 1 DAGs
[2026-08-12T04:30:37.682+0000] {logging_mixin.py:190} INFO - [2026-08-12T04:30:37.681+0000] {dag.py:3234} INFO - Creating ORM DAG for example_dynamic_task_mapping
[2026-08-12T04:30:37.695+0000] {logging_mixin.py:190} INFO - [2026-08-12T04:30:37.694+0000] {dag.py:4138} INFO - Setting next_dagrun for example_dynamic_task_mapping to 2022-03-04 00:00:00+00:00, run_after=2022-03-05 00:00:00+00:00
[2026-08-12T04:30:37.711+0000] {processor.py:208} INFO - Processing /home/airflow/.local/lib/python3.12/site-packages/airflow/example_dags/example_dynamic_task_mapping.py took 0.228 seconds
[2026-08-12T04:31:08.568+0000] {processor.py:186} INFO - Started process (PID=161) to work on /home/airflow/.local/lib/python3.12/site-packages/airflow/example_dags/example_dynamic_task_mapping.py
[2026-08-12T04:31:08.569+0000] {processor.py:914} INFO - Processing file /home/airflow/.local/lib/python3.12/site-packages/airflow/example_dags/example_dynamic_task_mapping.py for tasks to queue
[2026-08-12T04:31:08.573+0000] {logging_mixin.py:190} INFO - [2026-08-12T04:31:08.573+0000] {dagbag.py:587} INFO - Filling up the DagBag from /home/airflow/.local/lib/python3.12/site-packages/airflow/example_dags/example_dynamic_task_mapping.py
[2026-08-12T04:31:08.586+0000] {processor.py:925} INFO - DAG(s) 'example_dynamic_task_mapping' retrieved from /home/airflow/.local/lib/python3.12/site-packages/airflow/example_dags/example_dynamic_task_mapping.py
[2026-08-12T04:31:08.610+0000] {logging_mixin.py:190} INFO - [2026-08-12T04:31:08.610+0000] {dag.py:3211} INFO - Sync 1 DAGs
[2026-08-12T04:31:08.633+0000] {logging_mixin.py:190} INFO - [2026-08-12T04:31:08.633+0000] {dag.py:4138} INFO - Setting next_dagrun for example_dynamic_task_mapping to 2022-03-04 00:00:00+00:00, run_after=2022-03-05 00:00:00+00:00
[2026-08-12T04:31:08.654+0000] {processor.py:208} INFO - Processing /home/airflow/.local/lib/python3.12/site-packages/airflow/example_dags/example_dynamic_task_mapping.py took 0.093 seconds
[2026-08-12T04:31:39.153+0000] {processor.py:186} INFO - Started process (PID=224) to work on /home/airflow/.local/lib/python3.12/site-packages/airflow/example_dags/example_dynamic_task_mapping.py
[2026-08-12T04:31:39.154+0000] {processor.py:914} INFO - Processing file /home/airflow/.local/lib/python3.12/site-packages/airflow/example_dags/example_dynamic_task_mapping.py for tasks to queue
[2026-08-12T04:31:39.159+0000] {logging_mixin.py:190} INFO - [2026-08-12T04:31:39.158+0000] {dagbag.py:587} INFO - Filling up the DagBag from /home/airflow/.local/lib/python3.12/site-packages/airflow/example_dags/example_dynamic_task_mapping.py
[2026-08-12T04:31:39.175+0000] {processor.py:925} INFO - DAG(s) 'example_dynamic_task_mapping' retrieved from /home/airflow/.local/lib/python3.12/site-packages/airflow/example_dags/example_dynamic_task_mapping.py
[2026-08-12T04:31:39.201+0000] {logging_mixin.py:190} INFO - [2026-08-12T04:31:39.201+0000] {dag.py:3211} INFO - Sync 1 DAGs
[2026-08-12T04:31:39.226+0000] {logging_mixin.py:190} INFO - [2026-08-12T04:31:39.226+0000] {dag.py:4138} INFO - Setting next_dagrun for example_dynamic_task_mapping to 2022-03-04 00:00:00+00:00, run_after=2022-03-05 00:00:00+00:00
[2026-08-12T04:31:39.270+0000] {processor.py:208} INFO - Processing /home/airflow/.local/lib/python3.12/site-packages/airflow/example_dags/example_dynamic_task_mapping.py took 0.123 seconds
[2026-08-12T04:32:56.285+0000] {processor.py:186} INFO - Started process (PID=90) to work on /home/airflow/.local/lib/python3.12/site-packages/airflow/example_dags/example_dynamic_task_mapping.py
[2026-08-12T04:32:56.287+0000] {processor.py:914} INFO - Processing file /home/airflow/.local/lib/python3.12/site-packages/airflow/example_dags/example_dynamic_task_mapping.py for tasks to queue
[2026-08-12T04:32:56.298+0000] {logging_mixin.py:190} INFO - [2026-08-12T04:32:56.297+0000] {dagbag.py:587} INFO - Filling up the DagBag from /home/airflow/.local/lib/python3.12/site-packages/airflow/example_dags/example_dynamic_task_mapping.py
[2026-08-12T04:32:56.322+0000] {processor.py:925} INFO - DAG(s) 'example_dynamic_task_mapping' retrieved from /home/airflow/.local/lib/python3.12/site-packages/airflow/example_dags/example_dynamic_task_mapping.py
[2026-08-12T04:32:56.382+0000] {logging_mixin.py:190} INFO - [2026-08-12T04:32:56.381+0000] {dag.py:3211} INFO - Sync 1 DAGs
[2026-08-12T04:32:56.438+0000] {logging_mixin.py:190} INFO - [2026-08-12T04:32:56.437+0000] {dag.py:4138} INFO - Setting next_dagrun for example_dynamic_task_mapping to 2022-03-04 00:00:00+00:00, run_after=2022-03-05 00:00:00+00:00
[2026-08-12T04:32:56.467+0000] {processor.py:208} INFO - Processing /home/airflow/.local/lib/python3.12/site-packages/airflow/example_dags/example_dynamic_task_mapping.py took 0.204 seconds
[2026-08-12T04:33:26.578+0000] {processor.py:186} INFO - Started process (PID=152) to work on /home/airflow/.local/lib/python3.12/site-packages/airflow/example_dags/example_dynamic_task_mapping.py
[2026-08-12T04:33:26.592+0000] {processor.py:914} INFO - Processing file /home/airflow/.local/lib/python3.12/site-packages/airflow/example_dags/example_dynamic_task_mapping.py for tasks to queue
[2026-08-12T04:33:26.595+0000] {logging_mixin.py:190} INFO - [2026-08-12T04:33:26.595+0000] {dagbag.py:587} INFO - Filling up the DagBag from /home/airflow/.local/lib/python3.12/site-packages/airflow/example_dags/example_dynamic_task_mapping.py
[2026-08-12T04:33:26.604+0000] {processor.py:925} INFO - DAG(s) 'example_dynamic_task_mapping' retrieved from /home/airflow/.local/lib/python3.12/site-packages/airflow/example_dags/example_dynamic_task_mapping.py
[2026-08-12T04:33:26.626+0000] {logging_mixin.py:190} INFO - [2026-08-12T04:33:26.626+0000] {dag.py:3211} INFO - Sync 1 DAGs
[2026-08-12T04:33:26.653+0000] {logging_mixin.py:190} INFO - [2026-08-12T04:33:26.653+0000] {dag.py:4138} INFO - Setting next_dagrun for example_dynamic_task_mapping to 2022-03-04 00:00:00+00:00, run_after=2022-03-05 00:00:00+00:00
[2026-08-12T04:33:26.674+0000] {processor.py:208} INFO - Processing /home/airflow/.local/lib/python3.12/site-packages/airflow/example_dags/example_dynamic_task_mapping.py took 0.102 seconds
[2026-08-12T04:33:57.093+0000] {processor.py:186} INFO - Started process (PID=214) to work on /home/airflow/.local/lib/python3.12/site-packages/airflow/example_dags/example_dynamic_task_mapping.py
[2026-08-12T04:33:57.095+0000] {processor.py:914} INFO - Processing file /home/airflow/.local/lib/python3.12/site-packages/airflow/example_dags/example_dynamic_task_mapping.py for tasks to queue
[2026-08-12T04:33:57.098+0000] {logging_mixin.py:190} INFO - [2026-08-12T04:33:57.098+0000] {dagbag.py:587} INFO - Filling up the DagBag from /home/airflow/.local/lib/python3.12/site-packages/airflow/example_dags/example_dynamic_task_mapping.py
[2026-08-12T04:33:57.107+0000] {processor.py:925} INFO - DAG(s) 'example_dynamic_task_mapping' retrieved from /home/airflow/.local/lib/python3.12/site-packages/airflow/example_dags/example_dynamic_task_mapping.py
[2026-08-12T04:33:57.128+0000] {logging_mixin.py:190} INFO - [2026-08-12T04:33:57.128+0000] {dag.py:3211} INFO - Sync 1 DAGs
[2026-08-12T04:33:57.152+0000] {logging_mixin.py:190} INFO - [2026-08-12T04:33:57.152+0000] {dag.py:4138} INFO - Setting next_dagrun for example_dynamic_task_mapping to 2022-03-04 00:00:00+00:00, run_after=2022-03-05 00:00:00+00:00
[2026-08-12T04:33:57.174+0000] {processor.py:208} INFO - Processing /home/airflow/.local/lib/python3.12/site-packages/airflow/example_dags/example_dynamic_task_mapping.py took 0.086 seconds
[2026-08-12T04:34:27.713+0000] {processor.py:186} INFO - Started process (PID=276) to work on /home/airflow/.local/lib/python3.12/site-packages/airflow/example_dags/example_dynamic_task_mapping.py
[2026-08-12T04:34:27.715+0000] {processor.py:914} INFO - Processing file /home/airflow/.local/lib/python3.12/site-packages/airflow/example_dags/example_dynamic_task_mapping.py for tasks to queue
[2026-08-12T04:34:27.718+0000] {logging_mixin.py:190} INFO - [2026-08-12T04:34:27.718+0000] {dagbag.py:587} INFO - Filling up the DagBag from /home/airflow/.local/lib/python3.12/site-packages/airflow/example_dags/example_dynamic_task_mapping.py
[2026-08-12T04:34:27.728+0000] {processor.py:925} INFO - DAG(s) 'example_dynamic_task_mapping' retrieved from /home/airflow/.local/lib/python3.12/site-packages/airflow/example_dags/example_dynamic_task_mapping.py
[2026-08-12T04:34:27.748+0000] {logging_mixin.py:190} INFO - [2026-08-12T04:34:27.748+0000] {dag.py:3211} INFO - Sync 1 DAGs
[2026-08-12T04:34:27.777+0000] {logging_mixin.py:190} INFO - [2026-08-12T04:34:27.777+0000] {dag.py:4138} INFO - Setting next_dagrun for example_dynamic_task_mapping to 2022-03-04 00:00:00+00:00, run_after=2022-03-05 00:00:00+00:00
[2026-08-12T04:34:27.803+0000] {processor.py:208} INFO - Processing /home/airflow/.local/lib/python3.12/site-packages/airflow/example_dags/example_dynamic_task_mapping.py took 0.095 seconds
[2026-08-12T04:34:58.146+0000] {processor.py:186} INFO - Started process (PID=338) to work on /home/airflow/.local/lib/python3.12/site-packages/airflow/example_dags/example_dynamic_task_mapping.py
[2026-08-12T04:34:58.148+0000] {processor.py:914} INFO - Processing file /home/airflow/.local/lib/python3.12/site-packages/airflow/example_dags/example_dynamic_task_mapping.py for tasks to queue
[2026-08-12T04:34:58.152+0000] {logging_mixin.py:190} INFO - [2026-08-12T04:34:58.151+0000] {dagbag.py:587} INFO - Filling up the DagBag from /home/airflow/.local/lib/python3.12/site-packages/airflow/example_dags/example_dynamic_task_mapping.py
[2026-08-12T04:34:58.161+0000] {processor.py:925} INFO - DAG(s) 'example_dynamic_task_mapping' retrieved from /home/airflow/.local/lib/python3.12/site-packages/airflow/example_dags/example_dynamic_task_mapping.py
[2026-08-12T04:34:58.183+0000] {logging_mixin.py:190} INFO - [2026-08-12T04:34:58.182+0000] {dag.py:3211} INFO - Sync 1 DAGs
[2026-08-12T04:34:58.205+0000] {logging_mixin.py:190} INFO - [2026-08-12T04:34:58.205+0000] {dag.py:4138} INFO - Setting next_dagrun for example_dynamic_task_mapping to 2022-03-04 00:00:00+00:00, run_after=2022-03-05 00:00:00+00:00
[2026-08-12T04:34:58.225+0000] {processor.py:208} INFO - Processing /home/airflow/.local/lib/python3.12/site-packages/airflow/example_dags/example_dynamic_task_mapping.py took 0.084 seconds
[2026-08-12T04:35:28.722+0000] {processor.py:186} INFO - Started process (PID=400) to work on /home/airflow/.local/lib/python3.12/site-packages/airflow/example_dags/example_dynamic_task_mapping.py
[2026-08-12T04:35:28.724+0000] {processor.py:914} INFO - Processing file /home/airflow/.local/lib/python3.12/site-packages/airflow/example_dags/example_dynamic_task_mapping.py for tasks to queue
[2026-08-12T04:35:28.728+0000] {logging_mixin.py:190} INFO - [2026-08-12T04:35:28.727+0000] {dagbag.py:587} INFO - Filling up the DagBag from /home/airflow/.local/lib/python3.12/site-packages/airflow/example_dags/example_dynamic_task_mapping.py
[2026-08-12T04:35:28.738+0000] {processor.py:925} INFO - DAG(s) 'example_dynamic_task_mapping' retrieved from /home/airflow/.local/lib/python3.12/site-packages/airflow/example_dags/example_dynamic_task_mapping.py
[2026-08-12T04:35:28.762+0000] {logging_mixin.py:190} INFO - [2026-08-12T04:35:28.761+0000] {dag.py:3211} INFO - Sync 1 DAGs
[2026-08-12T04:35:28.785+0000] {logging_mixin.py:190} INFO - [2026-08-12T04:35:28.785+0000] {dag.py:4138} INFO - Setting next_dagrun for example_dynamic_task_mapping to 2022-03-04 00:00:00+00:00, run_after=2022-03-05 00:00:00+00:00
[2026-08-12T04:35:28.806+0000] {processor.py:208} INFO - Processing /home/airflow/.local/lib/python3.12/site-packages/airflow/example_dags/example_dynamic_task_mapping.py took 0.102 seconds
[2026-08-12T04:35:59.362+0000] {processor.py:186} INFO - Started process (PID=462) to work on /home/airflow/.local/lib/python3.12/site-packages/airflow/example_dags/example_dynamic_task_mapping.py
[2026-08-12T04:35:59.363+0000] {processor.py:914} INFO - Processing file /home/airflow/.local/lib/python3.12/site-packages/airflow/example_dags/example_dynamic_task_mapping.py for tasks to queue
[2026-08-12T04:35:59.366+0000] {logging_mixin.py:190} INFO - [2026-08-12T04:35:59.366+0000] {dagbag.py:587} INFO - Filling up the DagBag from /home/airflow/.local/lib/python3.12/site-packages/airflow/example_dags/example_dynamic_task_mapping.py
[2026-08-12T04:35:59.375+0000] {processor.py:925} INFO - DAG(s) 'example_dynamic_task_mapping' retrieved from /home/airflow/.local/lib/python3.12/site-packages/airflow/example_dags/example_dynamic_task_mapping.py
[2026-08-12T04:35:59.397+0000] {logging_mixin.py:190} INFO - [2026-08-12T04:35:59.396+0000] {dag.py:3211} INFO - Sync 1 DAGs
[2026-08-12T04:35:59.422+0000] {logging_mixin.py:190} INFO - [2026-08-12T04:35:59.422+0000] {dag.py:4138} INFO - Setting next_dagrun for example_dynamic_task_mapping to 2022-03-04 00:00:00+00:00, run_after=2022-03-05 00:00:00+00:00
[2026-08-12T04:35:59.445+0000] {processor.py:208} INFO - Processing /home/airflow/.local/lib/python3.12/site-packages/airflow/example_dags/example_dynamic_task_mapping.py took 0.088 seconds
[2026-08-12T04:36:29.773+0000] {processor.py:186} INFO - Started process (PID=524) to work on /home/airflow/.local/lib/python3.12/site-packages/airflow/example_dags/example_dynamic_task_mapping.py
[2026-08-12T04:36:29.775+0000] {processor.py:914} INFO - Processing file /home/airflow/.local/lib/python3.12/site-packages/airflow/example_dags/example_dynamic_task_mapping.py for tasks to queue
[2026-08-12T04:36:29.778+0000] {logging_mixin.py:190} INFO - [2026-08-12T04:36:29.777+0000] {dagbag.py:587} INFO - Filling up the DagBag from /home/airflow/.local/lib/python3.12/site-packages/airflow/example_dags/example_dynamic_task_mapping.py
[2026-08-12T04:36:29.786+0000] {processor.py:925} INFO - DAG(s) 'example_dynamic_task_mapping' retrieved from /home/airflow/.local/lib/python3.12/site-packages/airflow/example_dags/example_dynamic_task_mapping.py
[2026-08-12T04:36:29.805+0000] {logging_mixin.py:190} INFO - [2026-08-12T04:36:29.805+0000] {dag.py:3211} INFO - Sync 1 DAGs
[2026-08-12T04:36:29.826+0000] {logging_mixin.py:190} INFO - [2026-08-12T04:36:29.825+0000] {dag.py:4138} INFO - Setting next_dagrun for example_dynamic_task_mapping to 2022-03-04 00:00:00+00:00, run_after=2022-03-05 00:00:00+00:00
[2026-08-12T04:36:29.846+0000] {processor.py:208} INFO - Processing /home/airflow/.local/lib/python3.12/site-packages/airflow/example_dags/example_dynamic_task_mapping.py took 0.078 seconds
[2026-08-12T04:37:00.508+0000] {processor.py:186} INFO - Started process (PID=586) to work on /home/airflow/.local/lib/python3.12/site-packages/airflow/example_dags/example_dynamic_task_mapping.py
[2026-08-12T04:37:00.510+0000] {processor.py:914} INFO - Processing file /home/airflow/.local/lib/python3.12/site-packages/airflow/example_dags/example_dynamic_task_mapping.py for tasks to queue
[2026-08-12T04:37:00.512+0000] {logging_mixin.py:190} INFO - [2026-08-12T04:37:00.512+0000] {dagbag.py:587} INFO - Filling up the DagBag from /home/airflow/.local/lib/python3.12/site-packages/airflow/example_dags/example_dynamic_task_mapping.py
[2026-08-12T04:37:00.522+0000] {processor.py:925} INFO - DAG(s) 'example_dynamic_task_mapping' retrieved from /home/airflow/.local/lib/python3.12/site-packages/airflow/example_dags/example_dynamic_task_mapping.py
[2026-08-12T04:37:00.546+0000] {logging_mixin.py:190} INFO - [2026-08-12T04:37:00.545+0000] {dag.py:3211} INFO - Sync 1 DAGs
[2026-08-12T04:37:00.578+0000] {logging_mixin.py:190} INFO - [2026-08-12T04:37:00.578+0000] {dag.py:4138} INFO - Setting next_dagrun for example_dynamic_task_mapping to 2022-03-04 00:00:00+00:00, run_after=2022-03-05 00:00:00+00:00
[2026-08-12T04:37:00.604+0000] {processor.py:208} INFO - Processing /home/airflow/.local/lib/python3.12/site-packages/airflow/example_dags/example_dynamic_task_mapping.py took 0.101 seconds
[2026-08-12T04:37:30.795+0000] {processor.py:186} INFO - Started process (PID=648) to work on /home/airflow/.local/lib/python3.12/site-packages/airflow/example_dags/example_dynamic_task_mapping.py
[2026-08-12T04:37:30.797+0000] {processor.py:914} INFO - Processing file /home/airflow/.local/lib/python3.12/site-packages/airflow/example_dags/example_dynamic_task_mapping.py for tasks to queue
[2026-08-12T04:37:30.799+0000] {logging_mixin.py:190} INFO - [2026-08-12T04:37:30.799+0000] {dagbag.py:587} INFO - Filling up the DagBag from /home/airflow/.local/lib/python3.12/site-packages/airflow/example_dags/example_dynamic_task_mapping.py
[2026-08-12T04:37:30.808+0000] {processor.py:925} INFO - DAG(s) 'example_dynamic_task_mapping' retrieved from /home/airflow/.local/lib/python3.12/site-packages/airflow/example_dags/example_dynamic_task_mapping.py
[2026-08-12T04:37:30.829+0000] {logging_mixin.py:190} INFO - [2026-08-12T04:37:30.829+0000] {dag.py:3211} INFO - Sync 1 DAGs
[2026-08-12T04:37:30.851+0000] {logging_mixin.py:190} INFO - [2026-08-12T04:37:30.851+0000] {dag.py:4138} INFO - Setting next_dagrun for example_dynamic_task_mapping to 2022-03-04 00:00:00+00:00, run_after=2022-03-05 00:00:00+00:00
[2026-08-12T04:37:30.870+0000] {processor.py:208} INFO - Processing /home/airflow/.local/lib/python3.12/site-packages/airflow/example_dags/example_dynamic_task_mapping.py took 0.080 seconds
[2026-08-12T04:38:00.923+0000] {processor.py:186} INFO - Started process (PID=710) to work on /home/airflow/.local/lib/python3.12/site-packages/airflow/example_dags/example_dynamic_task_mapping.py
[2026-08-12T04:38:00.925+0000] {processor.py:914} INFO - Processing file /home/airflow/.local/lib/python3.12/site-packages/airflow/example_dags/example_dynamic_task_mapping.py for tasks to queue
[2026-08-12T04:38:00.927+0000] {logging_mixin.py:190} INFO - [2026-08-12T04:38:00.927+0000] {dagbag.py:587} INFO - Filling up the DagBag from /home/airflow/.local/lib/python3.12/site-packages/airflow/example_dags/example_dynamic_task_mapping.py
[2026-08-12T04:38:00.936+0000] {processor.py:925} INFO - DAG(s) 'example_dynamic_task_mapping' retrieved from /home/airflow/.local/lib/python3.12/site-packages/airflow/example_dags/example_dynamic_task_mapping.py
[2026-08-12T04:38:00.957+0000] {logging_mixin.py:190} INFO - [2026-08-12T04:38:00.957+0000] {dag.py:3211} INFO - Sync 1 DAGs
[2026-08-12T04:38:00.979+0000] {logging_mixin.py:190} INFO - [2026-08-12T04:38:00.978+0000] {dag.py:4138} INFO - Setting next_dagrun for example_dynamic_task_mapping to 2022-03-04 00:00:00+00:00, run_after=2022-03-05 00:00:00+00:00
[2026-08-12T04:38:00.997+0000] {processor.py:208} INFO - Processing /home/airflow/.local/lib/python3.12/site-packages/airflow/example_dags/example_dynamic_task_mapping.py took 0.079 seconds
[2026-08-12T04:38:31.537+0000] {processor.py:186} INFO - Started process (PID=772) to work on /home/airflow/.local/lib/python3.12/site-packages/airflow/example_dags/example_dynamic_task_mapping.py
[2026-08-12T04:38:31.538+0000] {processor.py:914} INFO - Processing file /home/airflow/.local/lib/python3.12/site-packages/airflow/example_dags/example_dynamic_task_mapping.py for tasks to queue
[2026-08-12T04:38:31.542+0000] {logging_mixin.py:190} INFO - [2026-08-12T04:38:31.542+0000] {dagbag.py:587} INFO - Filling up the DagBag from /home/airflow/.local/lib/python3.12/site-packages/airflow/example_dags/example_dynamic_task_mapping.py
[2026-08-12T04:38:31.553+0000] {processor.py:925} INFO - DAG(s) 'example_dynamic_task_mapping' retrieved from /home/airflow/.local/lib/python3.12/site-packages/airflow/example_dags/example_dynamic_task_mapping.py
[2026-08-12T04:38:31.577+0000] {logging_mixin.py:190} INFO - [2026-08-12T04:38:31.577+0000] {dag.py:3211} INFO - Sync 1 DAGs
[2026-08-12T04:38:31.601+0000] {logging_mixin.py:190} INFO - [2026-08-12T04:38:31.601+0000] {dag.py:4138} INFO - Setting next_dagrun for example_dynamic_task_mapping to 2022-03-04 00:00:00+00:00, run_after=2022-03-05 00:00:00+00:00
[2026-08-12T04:38:31.620+0000] {processor.py:208} INFO - Processing /home/airflow/.local/lib/python3.12/site-packages/airflow/example_dags/example_dynamic_task_mapping.py took 0.089 seconds
[2026-08-12T04:39:01.903+0000] {processor.py:186} INFO - Started process (PID=834) to work on /home/airflow/.local/lib/python3.12/site-packages/airflow/example_dags/example_dynamic_task_mapping.py
[2026-08-12T04:39:01.905+0000] {processor.py:914} INFO - Processing file /home/airflow/.local/lib/python3.12/site-packages/airflow/example_dags/example_dynamic_task_mapping.py for tasks to queue
[2026-08-12T04:39:01.909+0000] {logging_mixin.py:190} INFO - [2026-08-12T04:39:01.909+0000] {dagbag.py:587} INFO - Filling up the DagBag from /home/airflow/.local/lib/python3.12/site-packages/airflow/example_dags/example_dynamic_task_mapping.py
[2026-08-12T04:39:01.921+0000] {processor.py:925} INFO - DAG(s) 'example_dynamic_task_mapping' retrieved from /home/airflow/.local/lib/python3.12/site-packages/airflow/example_dags/example_dynamic_task_mapping.py
[2026-08-12T04:39:01.941+0000] {logging_mixin.py:190} INFO - [2026-08-12T04:39:01.940+0000] {dag.py:3211} INFO - Sync 1 DAGs
[2026-08-12T04:39:01.962+0000] {logging_mixin.py:190} INFO - [2026-08-12T04:39:01.962+0000] {dag.py:4138} INFO - Setting next_dagrun for example_dynamic_task_mapping to 2022-03-04 00:00:00+00:00, run_after=2022-03-05 00:00:00+00:00
[2026-08-12T04:39:01.980+0000] {processor.py:208} INFO - Processing /home/airflow/.local/lib/python3.12/site-packages/airflow/example_dags/example_dynamic_task_mapping.py took 0.084 seconds
[2026-08-12T04:39:32.308+0000] {processor.py:186} INFO - Started process (PID=896) to work on /home/airflow/.local/lib/python3.12/site-packages/airflow/example_dags/example_dynamic_task_mapping.py
[2026-08-12T04:39:32.310+0000] {processor.py:914} INFO - Processing file /home/airflow/.local/lib/python3.12/site-packages/airflow/example_dags/example_dynamic_task_mapping.py for tasks to queue
[2026-08-12T04:39:32.313+0000] {logging_mixin.py:190} INFO - [2026-08-12T04:39:32.312+0000] {dagbag.py:587} INFO - Filling up the DagBag from /home/airflow/.local/lib/python3.12/site-packages/airflow/example_dags/example_dynamic_task_mapping.py
[2026-08-12T04:39:32.323+0000] {processor.py:925} INFO - DAG(s) 'example_dynamic_task_mapping' retrieved from /home/airflow/.local/lib/python3.12/site-packages/airflow/example_dags/example_dynamic_task_mapping.py
[2026-08-12T04:39:32.341+0000] {logging_mixin.py:190} INFO - [2026-08-12T04:39:32.341+0000] {dag.py:3211} INFO - Sync 1 DAGs
[2026-08-12T04:39:32.362+0000] {logging_mixin.py:190} INFO - [2026-08-12T04:39:32.361+0000] {dag.py:4138} INFO - Setting next_dagrun for example_dynamic_task_mapping to 2022-03-04 00:00:00+00:00, run_after=2022-03-05 00:00:00+00:00
[2026-08-12T04:39:32.380+0000] {processor.py:208} INFO - Processing /home/airflow/.local/lib/python3.12/site-packages/airflow/example_dags/example_dynamic_task_mapping.py took 0.078 seconds
[2026-08-12T04:40:02.685+0000] {processor.py:186} INFO - Started process (PID=958) to work on /home/airflow/.local/lib/python3.12/site-packages/airflow/example_dags/example_dynamic_task_mapping.py
[2026-08-12T04:40:02.686+0000] {processor.py:914} INFO - Processing file /home/airflow/.local/lib/python3.12/site-packages/airflow/example_dags/example_dynamic_task_mapping.py for tasks to queue
[2026-08-12T04:40:02.690+0000] {logging_mixin.py:190} INFO - [2026-08-12T04:40:02.689+0000] {dagbag.py:587} INFO - Filling up the DagBag from /home/airflow/.local/lib/python3.12/site-packages/airflow/example_dags/example_dynamic_task_mapping.py
[2026-08-12T04:40:02.700+0000] {processor.py:925} INFO - DAG(s) 'example_dynamic_task_mapping' retrieved from /home/airflow/.local/lib/python3.12/site-packages/airflow/example_dags/example_dynamic_task_mapping.py
[2026-08-12T04:40:02.720+0000] {logging_mixin.py:190} INFO - [2026-08-12T04:40:02.719+0000] {dag.py:3211} INFO - Sync 1 DAGs
[2026-08-12T04:40:02.741+0000] {logging_mixin.py:190} INFO - [2026-08-12T04:40:02.741+0000] {dag.py:4138} INFO - Setting next_dagrun for example_dynamic_task_mapping to 2022-03-04 00:00:00+00:00, run_after=2022-03-05 00:00:00+00:00
[2026-08-12T04:40:02.759+0000] {processor.py:208} INFO - Processing /home/airflow/.local/lib/python3.12/site-packages/airflow/example_dags/example_dynamic_task_mapping.py took 0.079 seconds
[2026-08-12T04:40:33.679+0000] {processor.py:186} INFO - Started process (PID=1020) to work on /home/airflow/.local/lib/python3.12/site-packages/airflow/example_dags/example_dynamic_task_mapping.py
[2026-08-12T04:40:33.681+0000] {processor.py:914} INFO - Processing file /home/airflow/.local/lib/python3.12/site-packages/airflow/example_dags/example_dynamic_task_mapping.py for tasks to queue
[2026-08-12T04:40:33.684+0000] {logging_mixin.py:190} INFO - [2026-08-12T04:40:33.684+0000] {dagbag.py:587} INFO - Filling up the DagBag from /home/airflow/.local/lib/python3.12/site-packages/airflow/example_dags/example_dynamic_task_mapping.py
[2026-08-12T04:40:33.694+0000] {processor.py:925} INFO - DAG(s) 'example_dynamic_task_mapping' retrieved from /home/airflow/.local/lib/python3.12/site-packages/airflow/example_dags/example_dynamic_task_mapping.py
[2026-08-12T04:40:33.716+0000] {logging_mixin.py:190} INFO - [2026-08-12T04:40:33.716+0000] {dag.py:3211} INFO - Sync 1 DAGs
[2026-08-12T04:40:33.756+0000] {logging_mixin.py:190} INFO - [2026-08-12T04:40:33.756+0000] {dag.py:4138} INFO - Setting next_dagrun for example_dynamic_task_mapping to 2022-03-04 00:00:00+00:00, run_after=2022-03-05 00:00:00+00:00
[2026-08-12T04:40:33.783+0000] {processor.py:208} INFO - Processing /home/airflow/.local/lib/python3.12/site-packages/airflow/example_dags/example_dynamic_task_mapping.py took 0.111 seconds
[2026-08-12T04:41:03.960+0000] {processor.py:186} INFO - Started process (PID=1082) to work on /home/airflow/.local/lib/python3.12/site-packages/airflow/example_dags/example_dynamic_task_mapping.py
[2026-08-12T04:41:03.962+0000] {processor.py:914} INFO - Processing file /home/airflow/.local/lib/python3.12/site-packages/airflow/example_dags/example_dynamic_task_mapping.py for tasks to queue
[2026-08-12T04:41:03.966+0000] {logging_mixin.py:190} INFO - [2026-08-12T04:41:03.965+0000] {dagbag.py:587} INFO - Filling up the DagBag from /home/airflow/.local/lib/python3.12/site-packages/airflow/example_dags/example_dynamic_task_mapping.py
[2026-08-12T04:41:03.975+0000] {processor.py:925} INFO - DAG(s) 'example_dynamic_task_mapping' retrieved from /home/airflow/.local/lib/python3.12/site-packages/airflow/example_dags/example_dynamic_task_mapping.py
[2026-08-12T04:41:03.997+0000] {logging_mixin.py:190} INFO - [2026-08-12T04:41:03.996+0000] {dag.py:3211} INFO - Sync 1 DAGs
[2026-08-12T04:41:04.018+0000] {logging_mixin.py:190} INFO - [2026-08-12T04:41:04.018+0000] {dag.py:4138} INFO - Setting next_dagrun for example_dynamic_task_mapping to 2022-03-04 00:00:00+00:00, run_after=2022-03-05 00:00:00+00:00
[2026-08-12T04:41:04.037+0000] {processor.py:208} INFO - Processing /home/airflow/.local/lib/python3.12/site-packages/airflow/example_dags/example_dynamic_task_mapping.py took 0.081 seconds
[2026-08-12T04:41:34.572+0000] {processor.py:186} INFO - Started process (PID=1144) to work on /home/airflow/.local/lib/python3.12/site-packages/airflow/example_dags/example_dynamic_task_mapping.py
[2026-08-12T04:41:34.574+0000] {processor.py:914} INFO - Processing file /home/airflow/.local/lib/python3.12/site-packages/airflow/example_dags/example_dynamic_task_mapping.py for tasks to queue
[2026-08-12T04:41:34.578+0000] {logging_mixin.py:190} INFO - [2026-08-12T04:41:34.577+0000] {dagbag.py:587} INFO - Filling up the DagBag from /home/airflow/.local/lib/python3.12/site-packages/airflow/example_dags/example_dynamic_task_mapping.py
[2026-08-12T04:41:34.588+0000] {processor.py:925} INFO - DAG(s) 'example_dynamic_task_mapping' retrieved from /home/airflow/.local/lib/python3.12/site-packages/airflow/example_dags/example_dynamic_task_mapping.py
[2026-08-12T04:41:34.605+0000] {logging_mixin.py:190} INFO - [2026-08-12T04:41:34.605+0000] {dag.py:3211} INFO - Sync 1 DAGs
[2026-08-12T04:41:34.625+0000] {logging_mixin.py:190} INFO - [2026-08-12T04:41:34.624+0000] {dag.py:4138} INFO - Setting next_dagrun for example_dynamic_task_mapping to 2022-03-04 00:00:00+00:00, run_after=2022-03-05 00:00:00+00:00
[2026-08-12T04:41:34.644+0000] {processor.py:208} INFO - Processing /home/airflow/.local/lib/python3.12/site-packages/airflow/example_dags/example_dynamic_task_mapping.py took 0.078 seconds
[2026-08-12T04:42:05.404+0000] {processor.py:186} INFO - Started process (PID=1206) to work on /home/airflow/.local/lib/python3.12/site-packages/airflow/example_dags/example_dynamic_task_mapping.py
[2026-08-12T04:42:05.406+0000] {processor.py:914} INFO - Processing file /home/airflow/.local/lib/python3.12/site-packages/airflow/example_dags/example_dynamic_task_mapping.py for tasks to queue
[2026-08-12T04:42:05.409+0000] {logging_mixin.py:190} INFO - [2026-08-12T04:42:05.409+0000] {dagbag.py:587} INFO - Filling up the DagBag from /home/airflow/.local/lib/python3.12/site-packages/airflow/example_dags/example_dynamic_task_mapping.py
[2026-08-12T04:42:05.420+0000] {processor.py:925} INFO - DAG(s) 'example_dynamic_task_mapping' retrieved from /home/airflow/.local/lib/python3.12/site-packages/airflow/example_dags/example_dynamic_task_mapping.py
[2026-08-12T04:42:05.443+0000] {logging_mixin.py:190} INFO - [2026-08-12T04:42:05.443+0000] {dag.py:3211} INFO - Sync 1 DAGs
[2026-08-12T04:42:05.487+0000] {logging_mixin.py:190} INFO - [2026-08-12T04:42:05.487+0000] {dag.py:4138} INFO - Setting next_dagrun for example_dynamic_task_mapping to 2022-03-04 00:00:00+00:00, run_after=2022-03-05 00:00:00+00:00
[2026-08-12T04:42:05.517+0000] {processor.py:208} INFO - Processing /home/airflow/.local/lib/python3.12/site-packages/airflow/example_dags/example_dynamic_task_mapping.py took 0.120 seconds
[2026-08-12T04:42:35.903+0000] {processor.py:186} INFO - Started process (PID=1268) to work on /home/airflow/.local/lib/python3.12/site-packages/airflow/example_dags/example_dynamic_task_mapping.py
[2026-08-12T04:42:35.905+0000] {processor.py:914} INFO - Processing file /home/airflow/.local/lib/python3.12/site-packages/airflow/example_dags/example_dynamic_task_mapping.py for tasks to queue
[2026-08-12T04:42:35.909+0000] {logging_mixin.py:190} INFO - [2026-08-12T04:42:35.908+0000] {dagbag.py:587} INFO - Filling up the DagBag from /home/airflow/.local/lib/python3.12/site-packages/airflow/example_dags/example_dynamic_task_mapping.py
[2026-08-12T04:42:35.918+0000] {processor.py:925} INFO - DAG(s) 'example_dynamic_task_mapping' retrieved from /home/airflow/.local/lib/python3.12/site-packages/airflow/example_dags/example_dynamic_task_mapping.py
[2026-08-12T04:42:35.940+0000] {logging_mixin.py:190} INFO - [2026-08-12T04:42:35.939+0000] {dag.py:3211} INFO - Sync 1 DAGs
[2026-08-12T04:42:35.963+0000] {logging_mixin.py:190} INFO - [2026-08-12T04:42:35.963+0000] {dag.py:4138} INFO - Setting next_dagrun for example_dynamic_task_mapping to 2022-03-04 00:00:00+00:00, run_after=2022-03-05 00:00:00+00:00
[2026-08-12T04:42:35.980+0000] {processor.py:208} INFO - Processing /home/airflow/.local/lib/python3.12/site-packages/airflow/example_dags/example_dynamic_task_mapping.py took 0.082 seconds
[2026-08-12T04:43:06.755+0000] {processor.py:186} INFO - Started process (PID=1330) to work on /home/airflow/.local/lib/python3.12/site-packages/airflow/example_dags/example_dynamic_task_mapping.py
[2026-08-12T04:43:06.758+0000] {processor.py:914} INFO - Processing file /home/airflow/.local/lib/python3.12/site-packages/airflow/example_dags/example_dynamic_task_mapping.py for tasks to queue
[2026-08-12T04:43:06.761+0000] {logging_mixin.py:190} INFO - [2026-08-12T04:43:06.761+0000] {dagbag.py:587} INFO - Filling up the DagBag from /home/airflow/.local/lib/python3.12/site-packages/airflow/example_dags/example_dynamic_task_mapping.py
[2026-08-12T04:43:06.773+0000] {processor.py:925} INFO - DAG(s) 'example_dynamic_task_mapping' retrieved from /home/airflow/.local/lib/python3.12/site-packages/airflow/example_dags/example_dynamic_task_mapping.py
[2026-08-12T04:43:06.795+0000] {logging_mixin.py:190} INFO - [2026-08-12T04:43:06.795+0000] {dag.py:3211} INFO - Sync 1 DAGs
[2026-08-12T04:43:06.820+0000] {logging_mixin.py:190} INFO - [2026-08-12T04:43:06.820+0000] {dag.py:4138} INFO - Setting next_dagrun for example_dynamic_task_mapping to 2022-03-04 00:00:00+00:00, run_after=2022-03-05 00:00:00+00:00
[2026-08-12T04:43:06.841+0000] {processor.py:208} INFO - Processing /home/airflow/.local/lib/python3.12/site-packages/airflow/example_dags/example_dynamic_task_mapping.py took 0.096 seconds
[2026-08-12T04:43:37.778+0000] {processor.py:186} INFO - Started process (PID=1392) to work on /home/airflow/.local/lib/python3.12/site-packages/airflow/example_dags/example_dynamic_task_mapping.py
[2026-08-12T04:43:37.781+0000] {processor.py:914} INFO - Processing file /home/airflow/.local/lib/python3.12/site-packages/airflow/example_dags/example_dynamic_task_mapping.py for tasks to queue
[2026-08-12T04:43:37.785+0000] {logging_mixin.py:190} INFO - [2026-08-12T04:43:37.785+0000] {dagbag.py:587} INFO - Filling up the DagBag from /home/airflow/.local/lib/python3.12/site-packages/airflow/example_dags/example_dynamic_task_mapping.py
[2026-08-12T04:43:37.800+0000] {processor.py:925} INFO - DAG(s) 'example_dynamic_task_mapping' retrieved from /home/airflow/.local/lib/python3.12/site-packages/airflow/example_dags/example_dynamic_task_mapping.py
[2026-08-12T04:43:37.829+0000] {logging_mixin.py:190} INFO - [2026-08-12T04:43:37.829+0000] {dag.py:3211} INFO - Sync 1 DAGs
[2026-08-12T04:43:37.856+0000] {logging_mixin.py:190} INFO - [2026-08-12T04:43:37.855+0000] {dag.py:4138} INFO - Setting next_dagrun for example_dynamic_task_mapping to 2022-03-04 00:00:00+00:00, run_after=2022-03-05 00:00:00+00:00
[2026-08-12T04:43:37.880+0000] {processor.py:208} INFO - Processing /home/airflow/.local/lib/python3.12/site-packages/airflow/example_dags/example_dynamic_task_mapping.py took 0.109 seconds
[2026-08-12T04:44:08.608+0000] {processor.py:186} INFO - Started process (PID=1454) to work on /home/airflow/.local/lib/python3.12/site-packages/airflow/example_dags/example_dynamic_task_mapping.py
[2026-08-12T04:44:08.610+0000] {processor.py:914} INFO - Processing file /home/airflow/.local/lib/python3.12/site-packages/airflow/example_dags/example_dynamic_task_mapping.py for tasks to queue
[2026-08-12T04:44:08.613+0000] {logging_mixin.py:190} INFO - [2026-08-12T04:44:08.613+0000] {dagbag.py:587} INFO - Filling up the DagBag from /home/airflow/.local/lib/python3.12/site-packages/airflow/example_dags/example_dynamic_task_mapping.py
[2026-08-12T04:44:08.625+0000] {processor.py:925} INFO - DAG(s) 'example_dynamic_task_mapping' retrieved from /home/airflow/.local/lib/python3.12/site-packages/airflow/example_dags/example_dynamic_task_mapping.py
[2026-08-12T04:44:08.650+0000] {logging_mixin.py:190} INFO - [2026-08-12T04:44:08.649+0000] {dag.py:3211} INFO - Sync 1 DAGs
[2026-08-12T04:44:08.692+0000] {logging_mixin.py:190} INFO - [2026-08-12T04:44:08.691+0000] {dag.py:4138} INFO - Setting next_dagrun for example_dynamic_task_mapping to 2022-03-04 00:00:00+00:00, run_after=2022-03-05 00:00:00+00:00
[2026-08-12T04:44:08.710+0000] {processor.py:208} INFO - Processing /home/airflow/.local/lib/python3.12/site-packages/airflow/example_dags/example_dynamic_task_mapping.py took 0.111 seconds
[2026-08-12T04:44:39.444+0000] {processor.py:186} INFO - Started process (PID=1516) to work on /home/airflow/.local/lib/python3.12/site-packages/airflow/example_dags/example_dynamic_task_mapping.py
[2026-08-12T04:44:39.447+0000] {processor.py:914} INFO - Processing file /home/airflow/.local/lib/python3.12/site-packages/airflow/example_dags/example_dynamic_task_mapping.py for tasks to queue
[2026-08-12T04:44:39.451+0000] {logging_mixin.py:190} INFO - [2026-08-12T04:44:39.451+0000] {dagbag.py:587} INFO - Filling up the DagBag from /home/airflow/.local/lib/python3.12/site-packages/airflow/example_dags/example_dynamic_task_mapping.py
[2026-08-12T04:44:39.462+0000] {processor.py:925} INFO - DAG(s) 'example_dynamic_task_mapping' retrieved from /home/airflow/.local/lib/python3.12/site-packages/airflow/example_dags/example_dynamic_task_mapping.py
[2026-08-12T04:44:39.482+0000] {logging_mixin.py:190} INFO - [2026-08-12T04:44:39.481+0000] {dag.py:3211} INFO - Sync 1 DAGs
[2026-08-12T04:44:39.503+0000] {logging_mixin.py:190} INFO - [2026-08-12T04:44:39.503+0000] {dag.py:4138} INFO - Setting next_dagrun for example_dynamic_task_mapping to 2022-03-04 00:00:00+00:00, run_after=2022-03-05 00:00:00+00:00
[2026-08-12T04:44:39.532+0000] {processor.py:208} INFO - Processing /home/airflow/.local/lib/python3.12/site-packages/airflow/example_dags/example_dynamic_task_mapping.py took 0.095 seconds
[2026-08-12T04:45:09.932+0000] {processor.py:186} INFO - Started process (PID=1578) to work on /home/airflow/.local/lib/python3.12/site-packages/airflow/example_dags/example_dynamic_task_mapping.py
[2026-08-12T04:45:09.933+0000] {processor.py:914} INFO - Processing file /home/airflow/.local/lib/python3.12/site-packages/airflow/example_dags/example_dynamic_task_mapping.py for tasks to queue
[2026-08-12T04:45:09.937+0000] {logging_mixin.py:190} INFO - [2026-08-12T04:45:09.936+0000] {dagbag.py:587} INFO - Filling up the DagBag from /home/airflow/.local/lib/python3.12/site-packages/airflow/example_dags/example_dynamic_task_mapping.py
[2026-08-12T04:45:09.962+0000] {processor.py:925} INFO - DAG(s) 'example_dynamic_task_mapping' retrieved from /home/airflow/.local/lib/python3.12/site-packages/airflow/example_dags/example_dynamic_task_mapping.py
[2026-08-12T04:45:09.983+0000] {logging_mixin.py:190} INFO - [2026-08-12T04:45:09.983+0000] {dag.py:3211} INFO - Sync 1 DAGs
[2026-08-12T04:45:10.007+0000] {logging_mixin.py:190} INFO - [2026-08-12T04:45:10.006+0000] {dag.py:4138} INFO - Setting next_dagrun for example_dynamic_task_mapping to 2022-03-04 00:00:00+00:00, run_after=2022-03-05 00:00:00+00:00
[2026-08-12T04:45:10.039+0000] {processor.py:208} INFO - Processing /home/airflow/.local/lib/python3.12/site-packages/airflow/example_dags/example_dynamic_task_mapping.py took 0.117 seconds
[2026-08-12T04:45:40.608+0000] {processor.py:186} INFO - Started process (PID=1640) to work on /home/airflow/.local/lib/python3.12/site-packages/airflow/example_dags/example_dynamic_task_mapping.py
[2026-08-12T04:45:40.610+0000] {processor.py:914} INFO - Processing file /home/airflow/.local/lib/python3.12/site-packages/airflow/example_dags/example_dynamic_task_mapping.py for tasks to queue
[2026-08-12T04:45:40.614+0000] {logging_mixin.py:190} INFO - [2026-08-12T04:45:40.613+0000] {dagbag.py:587} INFO - Filling up the DagBag from /home/airflow/.local/lib/python3.12/site-packages/airflow/example_dags/example_dynamic_task_mapping.py
[2026-08-12T04:45:40.623+0000] {processor.py:925} INFO - DAG(s) 'example_dynamic_task_mapping' retrieved from /home/airflow/.local/lib/python3.12/site-packages/airflow/example_dags/example_dynamic_task_mapping.py
[2026-08-12T04:45:40.640+0000] {logging_mixin.py:190} INFO - [2026-08-12T04:45:40.640+0000] {dag.py:3211} INFO - Sync 1 DAGs
[2026-08-12T04:45:40.661+0000] {logging_mixin.py:190} INFO - [2026-08-12T04:45:40.660+0000] {dag.py:4138} INFO - Setting next_dagrun for example_dynamic_task_mapping to 2022-03-04 00:00:00+00:00, run_after=2022-03-05 00:00:00+00:00
[2026-08-12T04:45:40.678+0000] {processor.py:208} INFO - Processing /home/airflow/.local/lib/python3.12/site-packages/airflow/example_dags/example_dynamic_task_mapping.py took 0.075 seconds
[2026-08-12T04:46:11.052+0000] {processor.py:186} INFO - Started process (PID=1702) to work on /home/airflow/.local/lib/python3.12/site-packages/airflow/example_dags/example_dynamic_task_mapping.py
[2026-08-12T04:46:11.054+0000] {processor.py:914} INFO - Processing file /home/airflow/.local/lib/python3.12/site-packages/airflow/example_dags/example_dynamic_task_mapping.py for tasks to queue
[2026-08-12T04:46:11.057+0000] {logging_mixin.py:190} INFO - [2026-08-12T04:46:11.056+0000] {dagbag.py:587} INFO - Filling up the DagBag from /home/airflow/.local/lib/python3.12/site-packages/airflow/example_dags/example_dynamic_task_mapping.py
[2026-08-12T04:46:11.065+0000] {processor.py:925} INFO - DAG(s) 'example_dynamic_task_mapping' retrieved from /home/airflow/.local/lib/python3.12/site-packages/airflow/example_dags/example_dynamic_task_mapping.py
[2026-08-12T04:46:11.100+0000] {logging_mixin.py:190} INFO - [2026-08-12T04:46:11.099+0000] {dag.py:3211} INFO - Sync 1 DAGs
[2026-08-12T04:46:11.123+0000] {logging_mixin.py:190} INFO - [2026-08-12T04:46:11.123+0000] {dag.py:4138} INFO - Setting next_dagrun for example_dynamic_task_mapping to 2022-03-04 00:00:00+00:00, run_after=2022-03-05 00:00:00+00:00
[2026-08-12T04:46:11.157+0000] {processor.py:208} INFO - Processing /home/airflow/.local/lib/python3.12/site-packages/airflow/example_dags/example_dynamic_task_mapping.py took 0.109 seconds
[2026-08-12T04:46:41.581+0000] {processor.py:186} INFO - Started process (PID=1764) to work on /home/airflow/.local/lib/python3.12/site-packages/airflow/example_dags/example_dynamic_task_mapping.py
[2026-08-12T04:46:41.583+0000] {processor.py:914} INFO - Processing file /home/airflow/.local/lib/python3.12/site-packages/airflow/example_dags/example_dynamic_task_mapping.py for tasks to queue
[2026-08-12T04:46:41.586+0000] {logging_mixin.py:190} INFO - [2026-08-12T04:46:41.586+0000] {dagbag.py:587} INFO - Filling up the DagBag from /home/airflow/.local/lib/python3.12/site-packages/airflow/example_dags/example_dynamic_task_mapping.py
[2026-08-12T04:46:41.598+0000] {processor.py:925} INFO - DAG(s) 'example_dynamic_task_mapping' retrieved from /home/airflow/.local/lib/python3.12/site-packages/airflow/example_dags/example_dynamic_task_mapping.py
[2026-08-12T04:46:41.618+0000] {logging_mixin.py:190} INFO - [2026-08-12T04:46:41.618+0000] {dag.py:3211} INFO - Sync 1 DAGs
[2026-08-12T04:46:41.642+0000] {logging_mixin.py:190} INFO - [2026-08-12T04:46:41.642+0000] {dag.py:4138} INFO - Setting next_dagrun for example_dynamic_task_mapping to 2022-03-04 00:00:00+00:00, run_after=2022-03-05 00:00:00+00:00
[2026-08-12T04:46:41.670+0000] {processor.py:208} INFO - Processing /home/airflow/.local/lib/python3.12/site-packages/airflow/example_dags/example_dynamic_task_mapping.py took 0.095 seconds
[2026-08-12T04:47:11.958+0000] {processor.py:186} INFO - Started process (PID=1826) to work on /home/airflow/.local/lib/python3.12/site-packages/airflow/example_dags/example_dynamic_task_mapping.py
[2026-08-12T04:47:11.960+0000] {processor.py:914} INFO - Processing file /home/airflow/.local/lib/python3.12/site-packages/airflow/example_dags/example_dynamic_task_mapping.py for tasks to queue
[2026-08-12T04:47:11.976+0000] {logging_mixin.py:190} INFO - [2026-08-12T04:47:11.975+0000] {dagbag.py:587} INFO - Filling up the DagBag from /home/airflow/.local/lib/python3.12/site-packages/airflow/example_dags/example_dynamic_task_mapping.py
[2026-08-12T04:47:11.986+0000] {processor.py:925} INFO - DAG(s) 'example_dynamic_task_mapping' retrieved from /home/airflow/.local/lib/python3.12/site-packages/airflow/example_dags/example_dynamic_task_mapping.py
[2026-08-12T04:47:12.007+0000] {logging_mixin.py:190} INFO - [2026-08-12T04:47:12.007+0000] {dag.py:3211} INFO - Sync 1 DAGs
[2026-08-12T04:47:12.029+0000] {logging_mixin.py:190} INFO - [2026-08-12T04:47:12.029+0000] {dag.py:4138} INFO - Setting next_dagrun for example_dynamic_task_mapping to 2022-03-04 00:00:00+00:00, run_after=2022-03-05 00:00:00+00:00
[2026-08-12T04:47:12.048+0000] {processor.py:208} INFO - Processing /home/airflow/.local/lib/python3.12/site-packages/airflow/example_dags/example_dynamic_task_mapping.py took 0.096 seconds
[2026-08-12T04:47:42.370+0000] {processor.py:186} INFO - Started process (PID=1888) to work on /home/airflow/.local/lib/python3.12/site-packages/airflow/example_dags/example_dynamic_task_mapping.py
[2026-08-12T04:47:42.372+0000] {processor.py:914} INFO - Processing file /home/airflow/.local/lib/python3.12/site-packages/airflow/example_dags/example_dynamic_task_mapping.py for tasks to queue
[2026-08-12T04:47:42.375+0000] {logging_mixin.py:190} INFO - [2026-08-12T04:47:42.374+0000] {dagbag.py:587} INFO - Filling up the DagBag from /home/airflow/.local/lib/python3.12/site-packages/airflow/example_dags/example_dynamic_task_mapping.py
[2026-08-12T04:47:42.384+0000] {processor.py:925} INFO - DAG(s) 'example_dynamic_task_mapping' retrieved from /home/airflow/.local/lib/python3.12/site-packages/airflow/example_dags/example_dynamic_task_mapping.py
[2026-08-12T04:47:42.407+0000] {logging_mixin.py:190} INFO - [2026-08-12T04:47:42.407+0000] {dag.py:3211} INFO - Sync 1 DAGs
[2026-08-12T04:47:42.437+0000] {logging_mixin.py:190} INFO - [2026-08-12T04:47:42.436+0000] {dag.py:4138} INFO - Setting next_dagrun for example_dynamic_task_mapping to 2022-03-04 00:00:00+00:00, run_after=2022-03-05 00:00:00+00:00
[2026-08-12T04:47:42.456+0000] {processor.py:208} INFO - Processing /home/airflow/.local/lib/python3.12/site-packages/airflow/example_dags/example_dynamic_task_mapping.py took 0.092 seconds
[2026-08-12T04:48:13.340+0000] {processor.py:186} INFO - Started process (PID=1950) to work on /home/airflow/.local/lib/python3.12/site-packages/airflow/example_dags/example_dynamic_task_mapping.py
[2026-08-12T04:48:13.341+0000] {processor.py:914} INFO - Processing file /home/airflow/.local/lib/python3.12/site-packages/airflow/example_dags/example_dynamic_task_mapping.py for tasks to queue
[2026-08-12T04:48:13.344+0000] {logging_mixin.py:190} INFO - [2026-08-12T04:48:13.344+0000] {dagbag.py:587} INFO - Filling up the DagBag from /home/airflow/.local/lib/python3.12/site-packages/airflow/example_dags/example_dynamic_task_mapping.py
[2026-08-12T04:48:13.353+0000] {processor.py:925} INFO - DAG(s) 'example_dynamic_task_mapping' retrieved from /home/airflow/.local/lib/python3.12/site-packages/airflow/example_dags/example_dynamic_task_mapping.py
[2026-08-12T04:48:13.372+0000] {logging_mixin.py:190} INFO - [2026-08-12T04:48:13.372+0000] {dag.py:3211} INFO - Sync 1 DAGs
[2026-08-12T04:48:13.393+0000] {logging_mixin.py:190} INFO - [2026-08-12T04:48:13.392+0000] {dag.py:4138} INFO - Setting next_dagrun for example_dynamic_task_mapping to 2022-03-04 00:00:00+00:00, run_after=2022-03-05 00:00:00+00:00
[2026-08-12T04:48:13.410+0000] {processor.py:208} INFO - Processing /home/airflow/.local/lib/python3.12/site-packages/airflow/example_dags/example_dynamic_task_mapping.py took 0.075 seconds
[2026-08-12T04:48:44.062+0000] {processor.py:186} INFO - Started process (PID=2012) to work on /home/airflow/.local/lib/python3.12/site-packages/airflow/example_dags/example_dynamic_task_mapping.py
[2026-08-12T04:48:44.064+0000] {processor.py:914} INFO - Processing file /home/airflow/.local/lib/python3.12/site-packages/airflow/example_dags/example_dynamic_task_mapping.py for tasks to queue
[2026-08-12T04:48:44.068+0000] {logging_mixin.py:190} INFO - [2026-08-12T04:48:44.068+0000] {dagbag.py:587} INFO - Filling up the DagBag from /home/airflow/.local/lib/python3.12/site-packages/airflow/example_dags/example_dynamic_task_mapping.py
[2026-08-12T04:48:44.080+0000] {processor.py:925} INFO - DAG(s) 'example_dynamic_task_mapping' retrieved from /home/airflow/.local/lib/python3.12/site-packages/airflow/example_dags/example_dynamic_task_mapping.py
[2026-08-12T04:48:44.106+0000] {logging_mixin.py:190} INFO - [2026-08-12T04:48:44.105+0000] {dag.py:3211} INFO - Sync 1 DAGs
[2026-08-12T04:48:44.134+0000] {logging_mixin.py:190} INFO - [2026-08-12T04:48:44.133+0000] {dag.py:4138} INFO - Setting next_dagrun for example_dynamic_task_mapping to 2022-03-04 00:00:00+00:00, run_after=2022-03-05 00:00:00+00:00
[2026-08-12T04:48:44.160+0000] {processor.py:208} INFO - Processing /home/airflow/.local/lib/python3.12/site-packages/airflow/example_dags/example_dynamic_task_mapping.py took 0.109 seconds
[2026-08-12T04:49:14.273+0000] {processor.py:186} INFO - Started process (PID=2074) to work on /home/airflow/.local/lib/python3.12/site-packages/airflow/example_dags/example_dynamic_task_mapping.py
[2026-08-12T04:49:14.275+0000] {processor.py:914} INFO - Processing file /home/airflow/.local/lib/python3.12/site-packages/airflow/example_dags/example_dynamic_task_mapping.py for tasks to queue
[2026-08-12T04:49:14.278+0000] {logging_mixin.py:190} INFO - [2026-08-12T04:49:14.278+0000] {dagbag.py:587} INFO - Filling up the DagBag from /home/airflow/.local/lib/python3.12/site-packages/airflow/example_dags/example_dynamic_task_mapping.py
[2026-08-12T04:49:14.289+0000] {processor.py:925} INFO - DAG(s) 'example_dynamic_task_mapping' retrieved from /home/airflow/.local/lib/python3.12/site-packages/airflow/example_dags/example_dynamic_task_mapping.py
[2026-08-12T04:49:14.328+0000] {logging_mixin.py:190} INFO - [2026-08-12T04:49:14.328+0000] {dag.py:3211} INFO - Sync 1 DAGs
[2026-08-12T04:49:14.353+0000] {logging_mixin.py:190} INFO - [2026-08-12T04:49:14.352+0000] {dag.py:4138} INFO - Setting next_dagrun for example_dynamic_task_mapping to 2022-03-04 00:00:00+00:00, run_after=2022-03-05 00:00:00+00:00
[2026-08-12T04:49:14.374+0000] {processor.py:208} INFO - Processing /home/airflow/.local/lib/python3.12/site-packages/airflow/example_dags/example_dynamic_task_mapping.py took 0.106 seconds
[2026-08-12T04:49:44.667+0000] {processor.py:186} INFO - Started process (PID=2136) to work on /home/airflow/.local/lib/python3.12/site-packages/airflow/example_dags/example_dynamic_task_mapping.py
[2026-08-12T04:49:44.669+0000] {processor.py:914} INFO - Processing file /home/airflow/.local/lib/python3.12/site-packages/airflow/example_dags/example_dynamic_task_mapping.py for tasks to queue
[2026-08-12T04:49:44.673+0000] {logging_mixin.py:190} INFO - [2026-08-12T04:49:44.672+0000] {dagbag.py:587} INFO - Filling up the DagBag from /home/airflow/.local/lib/python3.12/site-packages/airflow/example_dags/example_dynamic_task_mapping.py
[2026-08-12T04:49:44.696+0000] {processor.py:925} INFO - DAG(s) 'example_dynamic_task_mapping' retrieved from /home/airflow/.local/lib/python3.12/site-packages/airflow/example_dags/example_dynamic_task_mapping.py
[2026-08-12T04:49:44.724+0000] {logging_mixin.py:190} INFO - [2026-08-12T04:49:44.723+0000] {dag.py:3211} INFO - Sync 1 DAGs
[2026-08-12T04:49:44.750+0000] {logging_mixin.py:190} INFO - [2026-08-12T04:49:44.750+0000] {dag.py:4138} INFO - Setting next_dagrun for example_dynamic_task_mapping to 2022-03-04 00:00:00+00:00, run_after=2022-03-05 00:00:00+00:00
[2026-08-12T04:49:44.767+0000] {processor.py:208} INFO - Processing /home/airflow/.local/lib/python3.12/site-packages/airflow/example_dags/example_dynamic_task_mapping.py took 0.111 seconds
[2026-08-12T04:50:15.457+0000] {processor.py:186} INFO - Started process (PID=2198) to work on /home/airflow/.local/lib/python3.12/site-packages/airflow/example_dags/example_dynamic_task_mapping.py
[2026-08-12T04:50:15.459+0000] {processor.py:914} INFO - Processing file /home/airflow/.local/lib/python3.12/site-packages/airflow/example_dags/example_dynamic_task_mapping.py for tasks to queue
[2026-08-12T04:50:15.471+0000] {logging_mixin.py:190} INFO - [2026-08-12T04:50:15.470+0000] {dagbag.py:587} INFO - Filling up the DagBag from /home/airflow/.local/lib/python3.12/site-packages/airflow/example_dags/example_dynamic_task_mapping.py
[2026-08-12T04:50:15.489+0000] {processor.py:925} INFO - DAG(s) 'example_dynamic_task_mapping' retrieved from /home/airflow/.local/lib/python3.12/site-packages/airflow/example_dags/example_dynamic_task_mapping.py
[2026-08-12T04:50:15.524+0000] {logging_mixin.py:190} INFO - [2026-08-12T04:50:15.524+0000] {dag.py:3211} INFO - Sync 1 DAGs
[2026-08-12T04:50:15.567+0000] {logging_mixin.py:190} INFO - [2026-08-12T04:50:15.566+0000] {dag.py:4138} INFO - Setting next_dagrun for example_dynamic_task_mapping to 2022-03-04 00:00:00+00:00, run_after=2022-03-05 00:00:00+00:00
[2026-08-12T04:50:15.595+0000] {processor.py:208} INFO - Processing /home/airflow/.local/lib/python3.12/site-packages/airflow/example_dags/example_dynamic_task_mapping.py took 0.149 seconds
[2026-08-12T04:50:46.448+0000] {processor.py:186} INFO - Started process (PID=2260) to work on /home/airflow/.local/lib/python3.12/site-packages/airflow/example_dags/example_dynamic_task_mapping.py
[2026-08-12T04:50:46.449+0000] {processor.py:914} INFO - Processing file /home/airflow/.local/lib/python3.12/site-packages/airflow/example_dags/example_dynamic_task_mapping.py for tasks to queue
[2026-08-12T04:50:46.453+0000] {logging_mixin.py:190} INFO - [2026-08-12T04:50:46.452+0000] {dagbag.py:587} INFO - Filling up the DagBag from /home/airflow/.local/lib/python3.12/site-packages/airflow/example_dags/example_dynamic_task_mapping.py
[2026-08-12T04:50:46.462+0000] {processor.py:925} INFO - DAG(s) 'example_dynamic_task_mapping' retrieved from /home/airflow/.local/lib/python3.12/site-packages/airflow/example_dags/example_dynamic_task_mapping.py
[2026-08-12T04:50:46.484+0000] {logging_mixin.py:190} INFO - [2026-08-12T04:50:46.483+0000] {dag.py:3211} INFO - Sync 1 DAGs
[2026-08-12T04:50:46.506+0000] {logging_mixin.py:190} INFO - [2026-08-12T04:50:46.506+0000] {dag.py:4138} INFO - Setting next_dagrun for example_dynamic_task_mapping to 2022-03-04 00:00:00+00:00, run_after=2022-03-05 00:00:00+00:00
[2026-08-12T04:50:46.526+0000] {processor.py:208} INFO - Processing /home/airflow/.local/lib/python3.12/site-packages/airflow/example_dags/example_dynamic_task_mapping.py took 0.084 seconds
[2026-08-12T04:51:17.312+0000] {processor.py:186} INFO - Started process (PID=2322) to work on /home/airflow/.local/lib/python3.12/site-packages/airflow/example_dags/example_dynamic_task_mapping.py
[2026-08-12T04:51:17.314+0000] {processor.py:914} INFO - Processing file /home/airflow/.local/lib/python3.12/site-packages/airflow/example_dags/example_dynamic_task_mapping.py for tasks to queue
[2026-08-12T04:51:17.317+0000] {logging_mixin.py:190} INFO - [2026-08-12T04:51:17.316+0000] {dagbag.py:587} INFO - Filling up the DagBag from /home/airflow/.local/lib/python3.12/site-packages/airflow/example_dags/example_dynamic_task_mapping.py
[2026-08-12T04:51:17.325+0000] {processor.py:925} INFO - DAG(s) 'example_dynamic_task_mapping' retrieved from /home/airflow/.local/lib/python3.12/site-packages/airflow/example_dags/example_dynamic_task_mapping.py
[2026-08-12T04:51:17.343+0000] {logging_mixin.py:190} INFO - [2026-08-12T04:51:17.343+0000] {dag.py:3211} INFO - Sync 1 DAGs
[2026-08-12T04:51:17.362+0000] {logging_mixin.py:190} INFO - [2026-08-12T04:51:17.362+0000] {dag.py:4138} INFO - Setting next_dagrun for example_dynamic_task_mapping to 2022-03-04 00:00:00+00:00, run_after=2022-03-05 00:00:00+00:00
[2026-08-12T04:51:17.379+0000] {processor.py:208} INFO - Processing /home/airflow/.local/lib/python3.12/site-packages/airflow/example_dags/example_dynamic_task_mapping.py took 0.073 seconds
[2026-08-12T04:51:47.544+0000] {processor.py:186} INFO - Started process (PID=2384) to work on /home/airflow/.local/lib/python3.12/site-packages/airflow/example_dags/example_dynamic_task_mapping.py
[2026-08-12T04:51:47.545+0000] {processor.py:914} INFO - Processing file /home/airflow/.local/lib/python3.12/site-packages/airflow/example_dags/example_dynamic_task_mapping.py for tasks to queue
[2026-08-12T04:51:47.548+0000] {logging_mixin.py:190} INFO - [2026-08-12T04:51:47.548+0000] {dagbag.py:587} INFO - Filling up the DagBag from /home/airflow/.local/lib/python3.12/site-packages/airflow/example_dags/example_dynamic_task_mapping.py
[2026-08-12T04:51:47.557+0000] {processor.py:925} INFO - DAG(s) 'example_dynamic_task_mapping' retrieved from /home/airflow/.local/lib/python3.12/site-packages/airflow/example_dags/example_dynamic_task_mapping.py
[2026-08-12T04:51:47.576+0000] {logging_mixin.py:190} INFO - [2026-08-12T04:51:47.576+0000] {dag.py:3211} INFO - Sync 1 DAGs
[2026-08-12T04:51:47.596+0000] {logging_mixin.py:190} INFO - [2026-08-12T04:51:47.596+0000] {dag.py:4138} INFO - Setting next_dagrun for example_dynamic_task_mapping to 2022-03-04 00:00:00+00:00, run_after=2022-03-05 00:00:00+00:00
[2026-08-12T04:51:47.614+0000] {processor.py:208} INFO - Processing /home/airflow/.local/lib/python3.12/site-packages/airflow/example_dags/example_dynamic_task_mapping.py took 0.075 seconds
[2026-08-12T04:52:18.107+0000] {processor.py:186} INFO - Started process (PID=2446) to work on /home/airflow/.local/lib/python3.12/site-packages/airflow/example_dags/example_dynamic_task_mapping.py
[2026-08-12T04:52:18.109+0000] {processor.py:914} INFO - Processing file /home/airflow/.local/lib/python3.12/site-packages/airflow/example_dags/example_dynamic_task_mapping.py for tasks to queue
[2026-08-12T04:52:18.114+0000] {logging_mixin.py:190} INFO - [2026-08-12T04:52:18.113+0000] {dagbag.py:587} INFO - Filling up the DagBag from /home/airflow/.local/lib/python3.12/site-packages/airflow/example_dags/example_dynamic_task_mapping.py
[2026-08-12T04:52:18.128+0000] {processor.py:925} INFO - DAG(s) 'example_dynamic_task_mapping' retrieved from /home/airflow/.local/lib/python3.12/site-packages/airflow/example_dags/example_dynamic_task_mapping.py
[2026-08-12T04:52:18.158+0000] {logging_mixin.py:190} INFO - [2026-08-12T04:52:18.158+0000] {dag.py:3211} INFO - Sync 1 DAGs
[2026-08-12T04:52:18.183+0000] {logging_mixin.py:190} INFO - [2026-08-12T04:52:18.182+0000] {dag.py:4138} INFO - Setting next_dagrun for example_dynamic_task_mapping to 2022-03-04 00:00:00+00:00, run_after=2022-03-05 00:00:00+00:00
[2026-08-12T04:52:18.201+0000] {processor.py:208} INFO - Processing /home/airflow/.local/lib/python3.12/site-packages/airflow/example_dags/example_dynamic_task_mapping.py took 0.100 seconds
[2026-08-12T04:52:49.479+0000] {processor.py:186} INFO - Started process (PID=2508) to work on /home/airflow/.local/lib/python3.12/site-packages/airflow/example_dags/example_dynamic_task_mapping.py
[2026-08-12T04:52:49.481+0000] {processor.py:914} INFO - Processing file /home/airflow/.local/lib/python3.12/site-packages/airflow/example_dags/example_dynamic_task_mapping.py for tasks to queue
[2026-08-12T04:52:49.484+0000] {logging_mixin.py:190} INFO - [2026-08-12T04:52:49.483+0000] {dagbag.py:587} INFO - Filling up the DagBag from /home/airflow/.local/lib/python3.12/site-packages/airflow/example_dags/example_dynamic_task_mapping.py
[2026-08-12T04:52:49.491+0000] {processor.py:925} INFO - DAG(s) 'example_dynamic_task_mapping' retrieved from /home/airflow/.local/lib/python3.12/site-packages/airflow/example_dags/example_dynamic_task_mapping.py
[2026-08-12T04:52:49.510+0000] {logging_mixin.py:190} INFO - [2026-08-12T04:52:49.510+0000] {dag.py:3211} INFO - Sync 1 DAGs
[2026-08-12T04:52:49.530+0000] {logging_mixin.py:190} INFO - [2026-08-12T04:52:49.529+0000] {dag.py:4138} INFO - Setting next_dagrun for example_dynamic_task_mapping to 2022-03-04 00:00:00+00:00, run_after=2022-03-05 00:00:00+00:00
[2026-08-12T04:52:49.548+0000] {processor.py:208} INFO - Processing /home/airflow/.local/lib/python3.12/site-packages/airflow/example_dags/example_dynamic_task_mapping.py took 0.074 seconds
[2026-08-12T04:53:20.118+0000] {processor.py:186} INFO - Started process (PID=2571) to work on /home/airflow/.local/lib/python3.12/site-packages/airflow/example_dags/example_dynamic_task_mapping.py
[2026-08-12T04:53:20.121+0000] {processor.py:914} INFO - Processing file /home/airflow/.local/lib/python3.12/site-packages/airflow/example_dags/example_dynamic_task_mapping.py for tasks to queue
[2026-08-12T04:53:20.125+0000] {logging_mixin.py:190} INFO - [2026-08-12T04:53:20.125+0000] {dagbag.py:587} INFO - Filling up the DagBag from /home/airflow/.local/lib/python3.12/site-packages/airflow/example_dags/example_dynamic_task_mapping.py
[2026-08-12T04:53:20.139+0000] {processor.py:925} INFO - DAG(s) 'example_dynamic_task_mapping' retrieved from /home/airflow/.local/lib/python3.12/site-packages/airflow/example_dags/example_dynamic_task_mapping.py
[2026-08-12T04:53:20.162+0000] {logging_mixin.py:190} INFO - [2026-08-12T04:53:20.161+0000] {dag.py:3211} INFO - Sync 1 DAGs
[2026-08-12T04:53:20.184+0000] {logging_mixin.py:190} INFO - [2026-08-12T04:53:20.184+0000] {dag.py:4138} INFO - Setting next_dagrun for example_dynamic_task_mapping to 2022-03-04 00:00:00+00:00, run_after=2022-03-05 00:00:00+00:00
[2026-08-12T04:53:20.206+0000] {processor.py:208} INFO - Processing /home/airflow/.local/lib/python3.12/site-packages/airflow/example_dags/example_dynamic_task_mapping.py took 0.095 seconds
[2026-08-12T04:53:50.795+0000] {processor.py:186} INFO - Started process (PID=2634) to work on /home/airflow/.local/lib/python3.12/site-packages/airflow/example_dags/example_dynamic_task_mapping.py
[2026-08-12T04:53:50.797+0000] {processor.py:914} INFO - Processing file /home/airflow/.local/lib/python3.12/site-packages/airflow/example_dags/example_dynamic_task_mapping.py for tasks to queue
[2026-08-12T04:53:50.800+0000] {logging_mixin.py:190} INFO - [2026-08-12T04:53:50.799+0000] {dagbag.py:587} INFO - Filling up the DagBag from /home/airflow/.local/lib/python3.12/site-packages/airflow/example_dags/example_dynamic_task_mapping.py
[2026-08-12T04:53:50.809+0000] {processor.py:925} INFO - DAG(s) 'example_dynamic_task_mapping' retrieved from /home/airflow/.local/lib/python3.12/site-packages/airflow/example_dags/example_dynamic_task_mapping.py
[2026-08-12T04:53:50.830+0000] {logging_mixin.py:190} INFO - [2026-08-12T04:53:50.829+0000] {dag.py:3211} INFO - Sync 1 DAGs
[2026-08-12T04:53:50.851+0000] {logging_mixin.py:190} INFO - [2026-08-12T04:53:50.850+0000] {dag.py:4138} INFO - Setting next_dagrun for example_dynamic_task_mapping to 2022-03-04 00:00:00+00:00, run_after=2022-03-05 00:00:00+00:00
[2026-08-12T04:53:50.870+0000] {processor.py:208} INFO - Processing /home/airflow/.local/lib/python3.12/site-packages/airflow/example_dags/example_dynamic_task_mapping.py took 0.080 seconds
[2026-08-12T04:54:20.994+0000] {processor.py:186} INFO - Started process (PID=2697) to work on /home/airflow/.local/lib/python3.12/site-packages/airflow/example_dags/example_dynamic_task_mapping.py
[2026-08-12T04:54:20.996+0000] {processor.py:914} INFO - Processing file /home/airflow/.local/lib/python3.12/site-packages/airflow/example_dags/example_dynamic_task_mapping.py for tasks to queue
[2026-08-12T04:54:21.000+0000] {logging_mixin.py:190} INFO - [2026-08-12T04:54:20.999+0000] {dagbag.py:587} INFO - Filling up the DagBag from /home/airflow/.local/lib/python3.12/site-packages/airflow/example_dags/example_dynamic_task_mapping.py
[2026-08-12T04:54:21.008+0000] {processor.py:925} INFO - DAG(s) 'example_dynamic_task_mapping' retrieved from /home/airflow/.local/lib/python3.12/site-packages/airflow/example_dags/example_dynamic_task_mapping.py
[2026-08-12T04:54:21.028+0000] {logging_mixin.py:190} INFO - [2026-08-12T04:54:21.028+0000] {dag.py:3211} INFO - Sync 1 DAGs
[2026-08-12T04:54:21.050+0000] {logging_mixin.py:190} INFO - [2026-08-12T04:54:21.050+0000] {dag.py:4138} INFO - Setting next_dagrun for example_dynamic_task_mapping to 2022-03-04 00:00:00+00:00, run_after=2022-03-05 00:00:00+00:00
[2026-08-12T04:54:21.068+0000] {processor.py:208} INFO - Processing /home/airflow/.local/lib/python3.12/site-packages/airflow/example_dags/example_dynamic_task_mapping.py took 0.080 seconds
[2026-08-12T04:54:51.675+0000] {processor.py:186} INFO - Started process (PID=2760) to work on /home/airflow/.local/lib/python3.12/site-packages/airflow/example_dags/example_dynamic_task_mapping.py
[2026-08-12T04:54:51.676+0000] {processor.py:914} INFO - Processing file /home/airflow/.local/lib/python3.12/site-packages/airflow/example_dags/example_dynamic_task_mapping.py for tasks to queue
[2026-08-12T04:54:51.679+0000] {logging_mixin.py:190} INFO - [2026-08-12T04:54:51.678+0000] {dagbag.py:587} INFO - Filling up the DagBag from /home/airflow/.local/lib/python3.12/site-packages/airflow/example_dags/example_dynamic_task_mapping.py
[2026-08-12T04:54:51.687+0000] {processor.py:925} INFO - DAG(s) 'example_dynamic_task_mapping' retrieved from /home/airflow/.local/lib/python3.12/site-packages/airflow/example_dags/example_dynamic_task_mapping.py
[2026-08-12T04:54:51.706+0000] {logging_mixin.py:190} INFO - [2026-08-12T04:54:51.706+0000] {dag.py:3211} INFO - Sync 1 DAGs
[2026-08-12T04:54:51.725+0000] {logging_mixin.py:190} INFO - [2026-08-12T04:54:51.724+0000] {dag.py:4138} INFO - Setting next_dagrun for example_dynamic_task_mapping to 2022-03-04 00:00:00+00:00, run_after=2022-03-05 00:00:00+00:00
[2026-08-12T04:54:51.742+0000] {processor.py:208} INFO - Processing /home/airflow/.local/lib/python3.12/site-packages/airflow/example_dags/example_dynamic_task_mapping.py took 0.072 seconds
[2026-08-12T04:55:22.317+0000] {processor.py:186} INFO - Started process (PID=2823) to work on /home/airflow/.local/lib/python3.12/site-packages/airflow/example_dags/example_dynamic_task_mapping.py
[2026-08-12T04:55:22.319+0000] {processor.py:914} INFO - Processing file /home/airflow/.local/lib/python3.12/site-packages/airflow/example_dags/example_dynamic_task_mapping.py for tasks to queue
[2026-08-12T04:55:22.322+0000] {logging_mixin.py:190} INFO - [2026-08-12T04:55:22.322+0000] {dagbag.py:587} INFO - Filling up the DagBag from /home/airflow/.local/lib/python3.12/site-packages/airflow/example_dags/example_dynamic_task_mapping.py
[2026-08-12T04:55:22.333+0000] {processor.py:925} INFO - DAG(s) 'example_dynamic_task_mapping' retrieved from /home/airflow/.local/lib/python3.12/site-packages/airflow/example_dags/example_dynamic_task_mapping.py
[2026-08-12T04:55:22.355+0000] {logging_mixin.py:190} INFO - [2026-08-12T04:55:22.355+0000] {dag.py:3211} INFO - Sync 1 DAGs
[2026-08-12T04:55:22.379+0000] {logging_mixin.py:190} INFO - [2026-08-12T04:55:22.379+0000] {dag.py:4138} INFO - Setting next_dagrun for example_dynamic_task_mapping to 2022-03-04 00:00:00+00:00, run_after=2022-03-05 00:00:00+00:00
[2026-08-12T04:55:22.400+0000] {processor.py:208} INFO - Processing /home/airflow/.local/lib/python3.12/site-packages/airflow/example_dags/example_dynamic_task_mapping.py took 0.090 seconds
[2026-08-12T04:55:52.919+0000] {processor.py:186} INFO - Started process (PID=2886) to work on /home/airflow/.local/lib/python3.12/site-packages/airflow/example_dags/example_dynamic_task_mapping.py
[2026-08-12T04:55:52.920+0000] {processor.py:914} INFO - Processing file /home/airflow/.local/lib/python3.12/site-packages/airflow/example_dags/example_dynamic_task_mapping.py for tasks to queue
[2026-08-12T04:55:52.923+0000] {logging_mixin.py:190} INFO - [2026-08-12T04:55:52.923+0000] {dagbag.py:587} INFO - Filling up the DagBag from /home/airflow/.local/lib/python3.12/site-packages/airflow/example_dags/example_dynamic_task_mapping.py
[2026-08-12T04:55:52.932+0000] {processor.py:925} INFO - DAG(s) 'example_dynamic_task_mapping' retrieved from /home/airflow/.local/lib/python3.12/site-packages/airflow/example_dags/example_dynamic_task_mapping.py
[2026-08-12T04:55:52.952+0000] {logging_mixin.py:190} INFO - [2026-08-12T04:55:52.951+0000] {dag.py:3211} INFO - Sync 1 DAGs
[2026-08-12T04:55:52.973+0000] {logging_mixin.py:190} INFO - [2026-08-12T04:55:52.973+0000] {dag.py:4138} INFO - Setting next_dagrun for example_dynamic_task_mapping to 2022-03-04 00:00:00+00:00, run_after=2022-03-05 00:00:00+00:00
[2026-08-12T04:55:52.994+0000] {processor.py:208} INFO - Processing /home/airflow/.local/lib/python3.12/site-packages/airflow/example_dags/example_dynamic_task_mapping.py took 0.080 seconds
[2026-08-12T04:56:23.734+0000] {processor.py:186} INFO - Started process (PID=2949) to work on /home/airflow/.local/lib/python3.12/site-packages/airflow/example_dags/example_dynamic_task_mapping.py
[2026-08-12T04:56:23.736+0000] {processor.py:914} INFO - Processing file /home/airflow/.local/lib/python3.12/site-packages/airflow/example_dags/example_dynamic_task_mapping.py for tasks to queue
[2026-08-12T04:56:23.740+0000] {logging_mixin.py:190} INFO - [2026-08-12T04:56:23.739+0000] {dagbag.py:587} INFO - Filling up the DagBag from /home/airflow/.local/lib/python3.12/site-packages/airflow/example_dags/example_dynamic_task_mapping.py
[2026-08-12T04:56:23.753+0000] {processor.py:925} INFO - DAG(s) 'example_dynamic_task_mapping' retrieved from /home/airflow/.local/lib/python3.12/site-packages/airflow/example_dags/example_dynamic_task_mapping.py
[2026-08-12T04:56:23.776+0000] {logging_mixin.py:190} INFO - [2026-08-12T04:56:23.776+0000] {dag.py:3211} INFO - Sync 1 DAGs
[2026-08-12T04:56:23.818+0000] {logging_mixin.py:190} INFO - [2026-08-12T04:56:23.818+0000] {dag.py:4138} INFO - Setting next_dagrun for example_dynamic_task_mapping to 2022-03-04 00:00:00+00:00, run_after=2022-03-05 00:00:00+00:00
[2026-08-12T04:56:23.844+0000] {processor.py:208} INFO - Processing /home/airflow/.local/lib/python3.12/site-packages/airflow/example_dags/example_dynamic_task_mapping.py took 0.117 seconds
[2026-08-12T04:56:54.776+0000] {processor.py:186} INFO - Started process (PID=3012) to work on /home/airflow/.local/lib/python3.12/site-packages/airflow/example_dags/example_dynamic_task_mapping.py
[2026-08-12T04:56:54.778+0000] {processor.py:914} INFO - Processing file /home/airflow/.local/lib/python3.12/site-packages/airflow/example_dags/example_dynamic_task_mapping.py for tasks to queue
[2026-08-12T04:56:54.781+0000] {logging_mixin.py:190} INFO - [2026-08-12T04:56:54.780+0000] {dagbag.py:587} INFO - Filling up the DagBag from /home/airflow/.local/lib/python3.12/site-packages/airflow/example_dags/example_dynamic_task_mapping.py
[2026-08-12T04:56:54.791+0000] {processor.py:925} INFO - DAG(s) 'example_dynamic_task_mapping' retrieved from /home/airflow/.local/lib/python3.12/site-packages/airflow/example_dags/example_dynamic_task_mapping.py
[2026-08-12T04:56:54.813+0000] {logging_mixin.py:190} INFO - [2026-08-12T04:56:54.812+0000] {dag.py:3211} INFO - Sync 1 DAGs
[2026-08-12T04:56:54.841+0000] {logging_mixin.py:190} INFO - [2026-08-12T04:56:54.841+0000] {dag.py:4138} INFO - Setting next_dagrun for example_dynamic_task_mapping to 2022-03-04 00:00:00+00:00, run_after=2022-03-05 00:00:00+00:00
[2026-08-12T04:56:54.865+0000] {processor.py:208} INFO - Processing /home/airflow/.local/lib/python3.12/site-packages/airflow/example_dags/example_dynamic_task_mapping.py took 0.094 seconds
[2026-08-12T04:57:25.721+0000] {processor.py:186} INFO - Started process (PID=3075) to work on /home/airflow/.local/lib/python3.12/site-packages/airflow/example_dags/example_dynamic_task_mapping.py
[2026-08-12T04:57:25.723+0000] {processor.py:914} INFO - Processing file /home/airflow/.local/lib/python3.12/site-packages/airflow/example_dags/example_dynamic_task_mapping.py for tasks to queue
[2026-08-12T04:57:25.726+0000] {logging_mixin.py:190} INFO - [2026-08-12T04:57:25.726+0000] {dagbag.py:587} INFO - Filling up the DagBag from /home/airflow/.local/lib/python3.12/site-packages/airflow/example_dags/example_dynamic_task_mapping.py
[2026-08-12T04:57:25.736+0000] {processor.py:925} INFO - DAG(s) 'example_dynamic_task_mapping' retrieved from /home/airflow/.local/lib/python3.12/site-packages/airflow/example_dags/example_dynamic_task_mapping.py
[2026-08-12T04:57:25.757+0000] {logging_mixin.py:190} INFO - [2026-08-12T04:57:25.757+0000] {dag.py:3211} INFO - Sync 1 DAGs
[2026-08-12T04:57:25.783+0000] {logging_mixin.py:190} INFO - [2026-08-12T04:57:25.782+0000] {dag.py:4138} INFO - Setting next_dagrun for example_dynamic_task_mapping to 2022-03-04 00:00:00+00:00, run_after=2022-03-05 00:00:00+00:00
[2026-08-12T04:57:25.801+0000] {processor.py:208} INFO - Processing /home/airflow/.local/lib/python3.12/site-packages/airflow/example_dags/example_dynamic_task_mapping.py took 0.086 seconds
[2026-08-12T04:57:57.720+0000] {processor.py:186} INFO - Started process (PID=3144) to work on /home/airflow/.local/lib/python3.12/site-packages/airflow/example_dags/example_dynamic_task_mapping.py
[2026-08-12T04:57:57.722+0000] {processor.py:914} INFO - Processing file /home/airflow/.local/lib/python3.12/site-packages/airflow/example_dags/example_dynamic_task_mapping.py for tasks to queue
[2026-08-12T04:57:57.725+0000] {logging_mixin.py:190} INFO - [2026-08-12T04:57:57.724+0000] {dagbag.py:587} INFO - Filling up the DagBag from /home/airflow/.local/lib/python3.12/site-packages/airflow/example_dags/example_dynamic_task_mapping.py
[2026-08-12T04:57:57.734+0000] {processor.py:925} INFO - DAG(s) 'example_dynamic_task_mapping' retrieved from /home/airflow/.local/lib/python3.12/site-packages/airflow/example_dags/example_dynamic_task_mapping.py
[2026-08-12T04:57:57.754+0000] {logging_mixin.py:190} INFO - [2026-08-12T04:57:57.754+0000] {dag.py:3211} INFO - Sync 1 DAGs
[2026-08-12T04:57:57.778+0000] {logging_mixin.py:190} INFO - [2026-08-12T04:57:57.777+0000] {dag.py:4138} INFO - Setting next_dagrun for example_dynamic_task_mapping to 2022-03-04 00:00:00+00:00, run_after=2022-03-05 00:00:00+00:00
[2026-08-12T04:57:57.994+0000] {processor.py:208} INFO - Processing /home/airflow/.local/lib/python3.12/site-packages/airflow/example_dags/example_dynamic_task_mapping.py took 0.279 seconds
[2026-08-12T04:58:28.935+0000] {processor.py:186} INFO - Started process (PID=3207) to work on /home/airflow/.local/lib/python3.12/site-packages/airflow/example_dags/example_dynamic_task_mapping.py
[2026-08-12T04:58:28.938+0000] {processor.py:914} INFO - Processing file /home/airflow/.local/lib/python3.12/site-packages/airflow/example_dags/example_dynamic_task_mapping.py for tasks to queue
[2026-08-12T04:58:28.942+0000] {logging_mixin.py:190} INFO - [2026-08-12T04:58:28.941+0000] {dagbag.py:587} INFO - Filling up the DagBag from /home/airflow/.local/lib/python3.12/site-packages/airflow/example_dags/example_dynamic_task_mapping.py
[2026-08-12T04:58:28.952+0000] {processor.py:925} INFO - DAG(s) 'example_dynamic_task_mapping' retrieved from /home/airflow/.local/lib/python3.12/site-packages/airflow/example_dags/example_dynamic_task_mapping.py
[2026-08-12T04:58:28.979+0000] {logging_mixin.py:190} INFO - [2026-08-12T04:58:28.979+0000] {dag.py:3211} INFO - Sync 1 DAGs
[2026-08-12T04:58:29.012+0000] {logging_mixin.py:190} INFO - [2026-08-12T04:58:29.012+0000] {dag.py:4138} INFO - Setting next_dagrun for example_dynamic_task_mapping to 2022-03-04 00:00:00+00:00, run_after=2022-03-05 00:00:00+00:00
[2026-08-12T04:58:29.055+0000] {processor.py:208} INFO - Processing /home/airflow/.local/lib/python3.12/site-packages/airflow/example_dags/example_dynamic_task_mapping.py took 0.128 seconds
[2026-08-12T04:58:59.220+0000] {processor.py:186} INFO - Started process (PID=3270) to work on /home/airflow/.local/lib/python3.12/site-packages/airflow/example_dags/example_dynamic_task_mapping.py
[2026-08-12T04:58:59.222+0000] {processor.py:914} INFO - Processing file /home/airflow/.local/lib/python3.12/site-packages/airflow/example_dags/example_dynamic_task_mapping.py for tasks to queue
[2026-08-12T04:58:59.225+0000] {logging_mixin.py:190} INFO - [2026-08-12T04:58:59.225+0000] {dagbag.py:587} INFO - Filling up the DagBag from /home/airflow/.local/lib/python3.12/site-packages/airflow/example_dags/example_dynamic_task_mapping.py
[2026-08-12T04:58:59.239+0000] {processor.py:925} INFO - DAG(s) 'example_dynamic_task_mapping' retrieved from /home/airflow/.local/lib/python3.12/site-packages/airflow/example_dags/example_dynamic_task_mapping.py
[2026-08-12T04:58:59.260+0000] {logging_mixin.py:190} INFO - [2026-08-12T04:58:59.260+0000] {dag.py:3211} INFO - Sync 1 DAGs
[2026-08-12T04:58:59.282+0000] {logging_mixin.py:190} INFO - [2026-08-12T04:58:59.282+0000] {dag.py:4138} INFO - Setting next_dagrun for example_dynamic_task_mapping to 2022-03-04 00:00:00+00:00, run_after=2022-03-05 00:00:00+00:00
[2026-08-12T04:58:59.303+0000] {processor.py:208} INFO - Processing /home/airflow/.local/lib/python3.12/site-packages/airflow/example_dags/example_dynamic_task_mapping.py took 0.090 seconds
[2026-08-12T04:59:30.098+0000] {processor.py:186} INFO - Started process (PID=3335) to work on /home/airflow/.local/lib/python3.12/site-packages/airflow/example_dags/example_dynamic_task_mapping.py
[2026-08-12T04:59:30.100+0000] {processor.py:914} INFO - Processing file /home/airflow/.local/lib/python3.12/site-packages/airflow/example_dags/example_dynamic_task_mapping.py for tasks to queue
[2026-08-12T04:59:30.104+0000] {logging_mixin.py:190} INFO - [2026-08-12T04:59:30.103+0000] {dagbag.py:587} INFO - Filling up the DagBag from /home/airflow/.local/lib/python3.12/site-packages/airflow/example_dags/example_dynamic_task_mapping.py
[2026-08-12T04:59:30.115+0000] {processor.py:925} INFO - DAG(s) 'example_dynamic_task_mapping' retrieved from /home/airflow/.local/lib/python3.12/site-packages/airflow/example_dags/example_dynamic_task_mapping.py
[2026-08-12T04:59:30.139+0000] {logging_mixin.py:190} INFO - [2026-08-12T04:59:30.139+0000] {dag.py:3211} INFO - Sync 1 DAGs
[2026-08-12T04:59:30.169+0000] {logging_mixin.py:190} INFO - [2026-08-12T04:59:30.168+0000] {dag.py:4138} INFO - Setting next_dagrun for example_dynamic_task_mapping to 2022-03-04 00:00:00+00:00, run_after=2022-03-05 00:00:00+00:00
[2026-08-12T04:59:30.195+0000] {processor.py:208} INFO - Processing /home/airflow/.local/lib/python3.12/site-packages/airflow/example_dags/example_dynamic_task_mapping.py took 0.103 seconds
[2026-08-12T05:00:01.085+0000] {processor.py:186} INFO - Started process (PID=3398) to work on /home/airflow/.local/lib/python3.12/site-packages/airflow/example_dags/example_dynamic_task_mapping.py
[2026-08-12T05:00:01.087+0000] {processor.py:914} INFO - Processing file /home/airflow/.local/lib/python3.12/site-packages/airflow/example_dags/example_dynamic_task_mapping.py for tasks to queue
[2026-08-12T05:00:01.091+0000] {logging_mixin.py:190} INFO - [2026-08-12T05:00:01.091+0000] {dagbag.py:587} INFO - Filling up the DagBag from /home/airflow/.local/lib/python3.12/site-packages/airflow/example_dags/example_dynamic_task_mapping.py
[2026-08-12T05:00:01.102+0000] {processor.py:925} INFO - DAG(s) 'example_dynamic_task_mapping' retrieved from /home/airflow/.local/lib/python3.12/site-packages/airflow/example_dags/example_dynamic_task_mapping.py
[2026-08-12T05:00:01.328+0000] {logging_mixin.py:190} INFO - [2026-08-12T05:00:01.328+0000] {dag.py:3211} INFO - Sync 1 DAGs
[2026-08-12T05:00:01.353+0000] {logging_mixin.py:190} INFO - [2026-08-12T05:00:01.353+0000] {dag.py:4138} INFO - Setting next_dagrun for example_dynamic_task_mapping to 2022-03-04 00:00:00+00:00, run_after=2022-03-05 00:00:00+00:00
[2026-08-12T05:00:01.377+0000] {processor.py:208} INFO - Processing /home/airflow/.local/lib/python3.12/site-packages/airflow/example_dags/example_dynamic_task_mapping.py took 0.300 seconds
[2026-08-12T05:00:32.062+0000] {processor.py:186} INFO - Started process (PID=3461) to work on /home/airflow/.local/lib/python3.12/site-packages/airflow/example_dags/example_dynamic_task_mapping.py
[2026-08-12T05:00:32.064+0000] {processor.py:914} INFO - Processing file /home/airflow/.local/lib/python3.12/site-packages/airflow/example_dags/example_dynamic_task_mapping.py for tasks to queue
[2026-08-12T05:00:32.067+0000] {logging_mixin.py:190} INFO - [2026-08-12T05:00:32.066+0000] {dagbag.py:587} INFO - Filling up the DagBag from /home/airflow/.local/lib/python3.12/site-packages/airflow/example_dags/example_dynamic_task_mapping.py
[2026-08-12T05:00:32.077+0000] {processor.py:925} INFO - DAG(s) 'example_dynamic_task_mapping' retrieved from /home/airflow/.local/lib/python3.12/site-packages/airflow/example_dags/example_dynamic_task_mapping.py
[2026-08-12T05:00:32.100+0000] {logging_mixin.py:190} INFO - [2026-08-12T05:00:32.099+0000] {dag.py:3211} INFO - Sync 1 DAGs
[2026-08-12T05:00:32.332+0000] {logging_mixin.py:190} INFO - [2026-08-12T05:00:32.332+0000] {dag.py:4138} INFO - Setting next_dagrun for example_dynamic_task_mapping to 2022-03-04 00:00:00+00:00, run_after=2022-03-05 00:00:00+00:00
[2026-08-12T05:00:32.352+0000] {processor.py:208} INFO - Processing /home/airflow/.local/lib/python3.12/site-packages/airflow/example_dags/example_dynamic_task_mapping.py took 0.297 seconds
[2026-08-12T05:01:03.201+0000] {processor.py:186} INFO - Started process (PID=3524) to work on /home/airflow/.local/lib/python3.12/site-packages/airflow/example_dags/example_dynamic_task_mapping.py
[2026-08-12T05:01:03.203+0000] {processor.py:914} INFO - Processing file /home/airflow/.local/lib/python3.12/site-packages/airflow/example_dags/example_dynamic_task_mapping.py for tasks to queue
[2026-08-12T05:01:03.208+0000] {logging_mixin.py:190} INFO - [2026-08-12T05:01:03.207+0000] {dagbag.py:587} INFO - Filling up the DagBag from /home/airflow/.local/lib/python3.12/site-packages/airflow/example_dags/example_dynamic_task_mapping.py
[2026-08-12T05:01:03.219+0000] {processor.py:925} INFO - DAG(s) 'example_dynamic_task_mapping' retrieved from /home/airflow/.local/lib/python3.12/site-packages/airflow/example_dags/example_dynamic_task_mapping.py
[2026-08-12T05:01:03.245+0000] {logging_mixin.py:190} INFO - [2026-08-12T05:01:03.245+0000] {dag.py:3211} INFO - Sync 1 DAGs
[2026-08-12T05:01:03.284+0000] {logging_mixin.py:190} INFO - [2026-08-12T05:01:03.284+0000] {dag.py:4138} INFO - Setting next_dagrun for example_dynamic_task_mapping to 2022-03-04 00:00:00+00:00, run_after=2022-03-05 00:00:00+00:00
[2026-08-12T05:01:03.305+0000] {processor.py:208} INFO - Processing /home/airflow/.local/lib/python3.12/site-packages/airflow/example_dags/example_dynamic_task_mapping.py took 0.111 seconds
[2026-08-12T05:01:33.482+0000] {processor.py:186} INFO - Started process (PID=3587) to work on /home/airflow/.local/lib/python3.12/site-packages/airflow/example_dags/example_dynamic_task_mapping.py
[2026-08-12T05:01:33.484+0000] {processor.py:914} INFO - Processing file /home/airflow/.local/lib/python3.12/site-packages/airflow/example_dags/example_dynamic_task_mapping.py for tasks to queue
[2026-08-12T05:01:33.487+0000] {logging_mixin.py:190} INFO - [2026-08-12T05:01:33.486+0000] {dagbag.py:587} INFO - Filling up the DagBag from /home/airflow/.local/lib/python3.12/site-packages/airflow/example_dags/example_dynamic_task_mapping.py
[2026-08-12T05:01:33.497+0000] {processor.py:925} INFO - DAG(s) 'example_dynamic_task_mapping' retrieved from /home/airflow/.local/lib/python3.12/site-packages/airflow/example_dags/example_dynamic_task_mapping.py
[2026-08-12T05:01:33.518+0000] {logging_mixin.py:190} INFO - [2026-08-12T05:01:33.518+0000] {dag.py:3211} INFO - Sync 1 DAGs
[2026-08-12T05:01:33.541+0000] {logging_mixin.py:190} INFO - [2026-08-12T05:01:33.541+0000] {dag.py:4138} INFO - Setting next_dagrun for example_dynamic_task_mapping to 2022-03-04 00:00:00+00:00, run_after=2022-03-05 00:00:00+00:00
[2026-08-12T05:01:33.559+0000] {processor.py:208} INFO - Processing /home/airflow/.local/lib/python3.12/site-packages/airflow/example_dags/example_dynamic_task_mapping.py took 0.084 seconds
[2026-08-12T05:02:03.774+0000] {processor.py:186} INFO - Started process (PID=3651) to work on /home/airflow/.local/lib/python3.12/site-packages/airflow/example_dags/example_dynamic_task_mapping.py
[2026-08-12T05:02:03.776+0000] {processor.py:914} INFO - Processing file /home/airflow/.local/lib/python3.12/site-packages/airflow/example_dags/example_dynamic_task_mapping.py for tasks to queue
[2026-08-12T05:02:03.780+0000] {logging_mixin.py:190} INFO - [2026-08-12T05:02:03.779+0000] {dagbag.py:587} INFO - Filling up the DagBag from /home/airflow/.local/lib/python3.12/site-packages/airflow/example_dags/example_dynamic_task_mapping.py
[2026-08-12T05:02:03.792+0000] {processor.py:925} INFO - DAG(s) 'example_dynamic_task_mapping' retrieved from /home/airflow/.local/lib/python3.12/site-packages/airflow/example_dags/example_dynamic_task_mapping.py
[2026-08-12T05:02:03.819+0000] {logging_mixin.py:190} INFO - [2026-08-12T05:02:03.819+0000] {dag.py:3211} INFO - Sync 1 DAGs
[2026-08-12T05:02:03.844+0000] {logging_mixin.py:190} INFO - [2026-08-12T05:02:03.843+0000] {dag.py:4138} INFO - Setting next_dagrun for example_dynamic_task_mapping to 2022-03-04 00:00:00+00:00, run_after=2022-03-05 00:00:00+00:00
[2026-08-12T05:02:03.863+0000] {processor.py:208} INFO - Processing /home/airflow/.local/lib/python3.12/site-packages/airflow/example_dags/example_dynamic_task_mapping.py took 0.096 seconds
[2026-08-12T05:02:33.950+0000] {processor.py:186} INFO - Started process (PID=3714) to work on /home/airflow/.local/lib/python3.12/site-packages/airflow/example_dags/example_dynamic_task_mapping.py
[2026-08-12T05:02:33.952+0000] {processor.py:914} INFO - Processing file /home/airflow/.local/lib/python3.12/site-packages/airflow/example_dags/example_dynamic_task_mapping.py for tasks to queue
[2026-08-12T05:02:33.955+0000] {logging_mixin.py:190} INFO - [2026-08-12T05:02:33.955+0000] {dagbag.py:587} INFO - Filling up the DagBag from /home/airflow/.local/lib/python3.12/site-packages/airflow/example_dags/example_dynamic_task_mapping.py
[2026-08-12T05:02:33.968+0000] {processor.py:925} INFO - DAG(s) 'example_dynamic_task_mapping' retrieved from /home/airflow/.local/lib/python3.12/site-packages/airflow/example_dags/example_dynamic_task_mapping.py
[2026-08-12T05:02:33.992+0000] {logging_mixin.py:190} INFO - [2026-08-12T05:02:33.992+0000] {dag.py:3211} INFO - Sync 1 DAGs
[2026-08-12T05:02:34.017+0000] {logging_mixin.py:190} INFO - [2026-08-12T05:02:34.017+0000] {dag.py:4138} INFO - Setting next_dagrun for example_dynamic_task_mapping to 2022-03-04 00:00:00+00:00, run_after=2022-03-05 00:00:00+00:00
[2026-08-12T05:02:34.038+0000] {processor.py:208} INFO - Processing /home/airflow/.local/lib/python3.12/site-packages/airflow/example_dags/example_dynamic_task_mapping.py took 0.093 seconds
[2026-08-12T05:03:04.480+0000] {processor.py:186} INFO - Started process (PID=3777) to work on /home/airflow/.local/lib/python3.12/site-packages/airflow/example_dags/example_dynamic_task_mapping.py
[2026-08-12T05:03:04.482+0000] {processor.py:914} INFO - Processing file /home/airflow/.local/lib/python3.12/site-packages/airflow/example_dags/example_dynamic_task_mapping.py for tasks to queue
[2026-08-12T05:03:04.485+0000] {logging_mixin.py:190} INFO - [2026-08-12T05:03:04.485+0000] {dagbag.py:587} INFO - Filling up the DagBag from /home/airflow/.local/lib/python3.12/site-packages/airflow/example_dags/example_dynamic_task_mapping.py
[2026-08-12T05:03:04.497+0000] {processor.py:925} INFO - DAG(s) 'example_dynamic_task_mapping' retrieved from /home/airflow/.local/lib/python3.12/site-packages/airflow/example_dags/example_dynamic_task_mapping.py
[2026-08-12T05:03:04.520+0000] {logging_mixin.py:190} INFO - [2026-08-12T05:03:04.520+0000] {dag.py:3211} INFO - Sync 1 DAGs
[2026-08-12T05:03:04.543+0000] {logging_mixin.py:190} INFO - [2026-08-12T05:03:04.543+0000] {dag.py:4138} INFO - Setting next_dagrun for example_dynamic_task_mapping to 2022-03-04 00:00:00+00:00, run_after=2022-03-05 00:00:00+00:00
[2026-08-12T05:03:04.564+0000] {processor.py:208} INFO - Processing /home/airflow/.local/lib/python3.12/site-packages/airflow/example_dags/example_dynamic_task_mapping.py took 0.091 seconds
[2026-08-12T05:03:34.808+0000] {processor.py:186} INFO - Started process (PID=3840) to work on /home/airflow/.local/lib/python3.12/site-packages/airflow/example_dags/example_dynamic_task_mapping.py
[2026-08-12T05:03:34.810+0000] {processor.py:914} INFO - Processing file /home/airflow/.local/lib/python3.12/site-packages/airflow/example_dags/example_dynamic_task_mapping.py for tasks to queue
[2026-08-12T05:03:34.813+0000] {logging_mixin.py:190} INFO - [2026-08-12T05:03:34.812+0000] {dagbag.py:587} INFO - Filling up the DagBag from /home/airflow/.local/lib/python3.12/site-packages/airflow/example_dags/example_dynamic_task_mapping.py
[2026-08-12T05:03:34.822+0000] {processor.py:925} INFO - DAG(s) 'example_dynamic_task_mapping' retrieved from /home/airflow/.local/lib/python3.12/site-packages/airflow/example_dags/example_dynamic_task_mapping.py
[2026-08-12T05:03:34.843+0000] {logging_mixin.py:190} INFO - [2026-08-12T05:03:34.843+0000] {dag.py:3211} INFO - Sync 1 DAGs
[2026-08-12T05:03:34.866+0000] {logging_mixin.py:190} INFO - [2026-08-12T05:03:34.866+0000] {dag.py:4138} INFO - Setting next_dagrun for example_dynamic_task_mapping to 2022-03-04 00:00:00+00:00, run_after=2022-03-05 00:00:00+00:00
[2026-08-12T05:03:34.887+0000] {processor.py:208} INFO - Processing /home/airflow/.local/lib/python3.12/site-packages/airflow/example_dags/example_dynamic_task_mapping.py took 0.085 seconds
[2026-08-12T05:04:05.188+0000] {processor.py:186} INFO - Started process (PID=3903) to work on /home/airflow/.local/lib/python3.12/site-packages/airflow/example_dags/example_dynamic_task_mapping.py
[2026-08-12T05:04:05.190+0000] {processor.py:914} INFO - Processing file /home/airflow/.local/lib/python3.12/site-packages/airflow/example_dags/example_dynamic_task_mapping.py for tasks to queue
[2026-08-12T05:04:05.193+0000] {logging_mixin.py:190} INFO - [2026-08-12T05:04:05.193+0000] {dagbag.py:587} INFO - Filling up the DagBag from /home/airflow/.local/lib/python3.12/site-packages/airflow/example_dags/example_dynamic_task_mapping.py
[2026-08-12T05:04:05.204+0000] {processor.py:925} INFO - DAG(s) 'example_dynamic_task_mapping' retrieved from /home/airflow/.local/lib/python3.12/site-packages/airflow/example_dags/example_dynamic_task_mapping.py
[2026-08-12T05:04:05.224+0000] {logging_mixin.py:190} INFO - [2026-08-12T05:04:05.224+0000] {dag.py:3211} INFO - Sync 1 DAGs
[2026-08-12T05:04:05.248+0000] {logging_mixin.py:190} INFO - [2026-08-12T05:04:05.248+0000] {dag.py:4138} INFO - Setting next_dagrun for example_dynamic_task_mapping to 2022-03-04 00:00:00+00:00, run_after=2022-03-05 00:00:00+00:00
[2026-08-12T05:04:05.268+0000] {processor.py:208} INFO - Processing /home/airflow/.local/lib/python3.12/site-packages/airflow/example_dags/example_dynamic_task_mapping.py took 0.087 seconds
[2026-08-12T05:04:35.621+0000] {processor.py:186} INFO - Started process (PID=3966) to work on /home/airflow/.local/lib/python3.12/site-packages/airflow/example_dags/example_dynamic_task_mapping.py
[2026-08-12T05:04:35.623+0000] {processor.py:914} INFO - Processing file /home/airflow/.local/lib/python3.12/site-packages/airflow/example_dags/example_dynamic_task_mapping.py for tasks to queue
[2026-08-12T05:04:35.626+0000] {logging_mixin.py:190} INFO - [2026-08-12T05:04:35.626+0000] {dagbag.py:587} INFO - Filling up the DagBag from /home/airflow/.local/lib/python3.12/site-packages/airflow/example_dags/example_dynamic_task_mapping.py
[2026-08-12T05:04:35.635+0000] {processor.py:925} INFO - DAG(s) 'example_dynamic_task_mapping' retrieved from /home/airflow/.local/lib/python3.12/site-packages/airflow/example_dags/example_dynamic_task_mapping.py
[2026-08-12T05:04:35.656+0000] {logging_mixin.py:190} INFO - [2026-08-12T05:04:35.656+0000] {dag.py:3211} INFO - Sync 1 DAGs
[2026-08-12T05:04:35.680+0000] {logging_mixin.py:190} INFO - [2026-08-12T05:04:35.680+0000] {dag.py:4138} INFO - Setting next_dagrun for example_dynamic_task_mapping to 2022-03-04 00:00:00+00:00, run_after=2022-03-05 00:00:00+00:00
[2026-08-12T05:04:35.700+0000] {processor.py:208} INFO - Processing /home/airflow/.local/lib/python3.12/site-packages/airflow/example_dags/example_dynamic_task_mapping.py took 0.084 seconds
[2026-08-12T05:05:05.835+0000] {processor.py:186} INFO - Started process (PID=4029) to work on /home/airflow/.local/lib/python3.12/site-packages/airflow/example_dags/example_dynamic_task_mapping.py
[2026-08-12T05:05:05.836+0000] {processor.py:914} INFO - Processing file /home/airflow/.local/lib/python3.12/site-packages/airflow/example_dags/example_dynamic_task_mapping.py for tasks to queue
[2026-08-12T05:05:05.839+0000] {logging_mixin.py:190} INFO - [2026-08-12T05:05:05.838+0000] {dagbag.py:587} INFO - Filling up the DagBag from /home/airflow/.local/lib/python3.12/site-packages/airflow/example_dags/example_dynamic_task_mapping.py
[2026-08-12T05:05:05.847+0000] {processor.py:925} INFO - DAG(s) 'example_dynamic_task_mapping' retrieved from /home/airflow/.local/lib/python3.12/site-packages/airflow/example_dags/example_dynamic_task_mapping.py
[2026-08-12T05:05:05.870+0000] {logging_mixin.py:190} INFO - [2026-08-12T05:05:05.870+0000] {dag.py:3211} INFO - Sync 1 DAGs
[2026-08-12T05:05:05.892+0000] {logging_mixin.py:190} INFO - [2026-08-12T05:05:05.892+0000] {dag.py:4138} INFO - Setting next_dagrun for example_dynamic_task_mapping to 2022-03-04 00:00:00+00:00, run_after=2022-03-05 00:00:00+00:00
[2026-08-12T05:05:05.913+0000] {processor.py:208} INFO - Processing /home/airflow/.local/lib/python3.12/site-packages/airflow/example_dags/example_dynamic_task_mapping.py took 0.084 seconds
[2026-08-12T05:05:36.304+0000] {processor.py:186} INFO - Started process (PID=4092) to work on /home/airflow/.local/lib/python3.12/site-packages/airflow/example_dags/example_dynamic_task_mapping.py
[2026-08-12T05:05:36.305+0000] {processor.py:914} INFO - Processing file /home/airflow/.local/lib/python3.12/site-packages/airflow/example_dags/example_dynamic_task_mapping.py for tasks to queue
[2026-08-12T05:05:36.308+0000] {logging_mixin.py:190} INFO - [2026-08-12T05:05:36.308+0000] {dagbag.py:587} INFO - Filling up the DagBag from /home/airflow/.local/lib/python3.12/site-packages/airflow/example_dags/example_dynamic_task_mapping.py
[2026-08-12T05:05:36.319+0000] {processor.py:925} INFO - DAG(s) 'example_dynamic_task_mapping' retrieved from /home/airflow/.local/lib/python3.12/site-packages/airflow/example_dags/example_dynamic_task_mapping.py
[2026-08-12T05:05:36.341+0000] {logging_mixin.py:190} INFO - [2026-08-12T05:05:36.341+0000] {dag.py:3211} INFO - Sync 1 DAGs
[2026-08-12T05:05:36.364+0000] {logging_mixin.py:190} INFO - [2026-08-12T05:05:36.364+0000] {dag.py:4138} INFO - Setting next_dagrun for example_dynamic_task_mapping to 2022-03-04 00:00:00+00:00, run_after=2022-03-05 00:00:00+00:00
[2026-08-12T05:05:36.384+0000] {processor.py:208} INFO - Processing /home/airflow/.local/lib/python3.12/site-packages/airflow/example_dags/example_dynamic_task_mapping.py took 0.087 seconds
[2026-08-12T05:06:07.140+0000] {processor.py:186} INFO - Started process (PID=4155) to work on /home/airflow/.local/lib/python3.12/site-packages/airflow/example_dags/example_dynamic_task_mapping.py
[2026-08-12T05:06:07.142+0000] {processor.py:914} INFO - Processing file /home/airflow/.local/lib/python3.12/site-packages/airflow/example_dags/example_dynamic_task_mapping.py for tasks to queue
[2026-08-12T05:06:07.148+0000] {logging_mixin.py:190} INFO - [2026-08-12T05:06:07.147+0000] {dagbag.py:587} INFO - Filling up the DagBag from /home/airflow/.local/lib/python3.12/site-packages/airflow/example_dags/example_dynamic_task_mapping.py
[2026-08-12T05:06:07.163+0000] {processor.py:925} INFO - DAG(s) 'example_dynamic_task_mapping' retrieved from /home/airflow/.local/lib/python3.12/site-packages/airflow/example_dags/example_dynamic_task_mapping.py
[2026-08-12T05:06:07.208+0000] {logging_mixin.py:190} INFO - [2026-08-12T05:06:07.207+0000] {dag.py:3211} INFO - Sync 1 DAGs
[2026-08-12T05:06:07.266+0000] {logging_mixin.py:190} INFO - [2026-08-12T05:06:07.265+0000] {dag.py:4138} INFO - Setting next_dagrun for example_dynamic_task_mapping to 2022-03-04 00:00:00+00:00, run_after=2022-03-05 00:00:00+00:00
[2026-08-12T05:06:07.305+0000] {processor.py:208} INFO - Processing /home/airflow/.local/lib/python3.12/site-packages/airflow/example_dags/example_dynamic_task_mapping.py took 0.173 seconds
[2026-08-12T05:06:38.219+0000] {processor.py:186} INFO - Started process (PID=4218) to work on /home/airflow/.local/lib/python3.12/site-packages/airflow/example_dags/example_dynamic_task_mapping.py
[2026-08-12T05:06:38.223+0000] {processor.py:914} INFO - Processing file /home/airflow/.local/lib/python3.12/site-packages/airflow/example_dags/example_dynamic_task_mapping.py for tasks to queue
[2026-08-12T05:06:38.228+0000] {logging_mixin.py:190} INFO - [2026-08-12T05:06:38.227+0000] {dagbag.py:587} INFO - Filling up the DagBag from /home/airflow/.local/lib/python3.12/site-packages/airflow/example_dags/example_dynamic_task_mapping.py
[2026-08-12T05:06:38.251+0000] {processor.py:925} INFO - DAG(s) 'example_dynamic_task_mapping' retrieved from /home/airflow/.local/lib/python3.12/site-packages/airflow/example_dags/example_dynamic_task_mapping.py
[2026-08-12T05:06:38.291+0000] {logging_mixin.py:190} INFO - [2026-08-12T05:06:38.291+0000] {dag.py:3211} INFO - Sync 1 DAGs
[2026-08-12T05:06:38.344+0000] {logging_mixin.py:190} INFO - [2026-08-12T05:06:38.344+0000] {dag.py:4138} INFO - Setting next_dagrun for example_dynamic_task_mapping to 2022-03-04 00:00:00+00:00, run_after=2022-03-05 00:00:00+00:00
[2026-08-12T05:06:38.395+0000] {processor.py:208} INFO - Processing /home/airflow/.local/lib/python3.12/site-packages/airflow/example_dags/example_dynamic_task_mapping.py took 0.189 seconds
[2026-08-12T05:07:08.516+0000] {processor.py:186} INFO - Started process (PID=4281) to work on /home/airflow/.local/lib/python3.12/site-packages/airflow/example_dags/example_dynamic_task_mapping.py
[2026-08-12T05:07:08.518+0000] {processor.py:914} INFO - Processing file /home/airflow/.local/lib/python3.12/site-packages/airflow/example_dags/example_dynamic_task_mapping.py for tasks to queue
[2026-08-12T05:07:08.522+0000] {logging_mixin.py:190} INFO - [2026-08-12T05:07:08.522+0000] {dagbag.py:587} INFO - Filling up the DagBag from /home/airflow/.local/lib/python3.12/site-packages/airflow/example_dags/example_dynamic_task_mapping.py
[2026-08-12T05:07:08.536+0000] {processor.py:925} INFO - DAG(s) 'example_dynamic_task_mapping' retrieved from /home/airflow/.local/lib/python3.12/site-packages/airflow/example_dags/example_dynamic_task_mapping.py
[2026-08-12T05:07:08.561+0000] {logging_mixin.py:190} INFO - [2026-08-12T05:07:08.561+0000] {dag.py:3211} INFO - Sync 1 DAGs
[2026-08-12T05:07:08.595+0000] {logging_mixin.py:190} INFO - [2026-08-12T05:07:08.595+0000] {dag.py:4138} INFO - Setting next_dagrun for example_dynamic_task_mapping to 2022-03-04 00:00:00+00:00, run_after=2022-03-05 00:00:00+00:00
[2026-08-12T05:07:08.637+0000] {processor.py:208} INFO - Processing /home/airflow/.local/lib/python3.12/site-packages/airflow/example_dags/example_dynamic_task_mapping.py took 0.129 seconds
[2026-08-12T05:07:39.240+0000] {processor.py:186} INFO - Started process (PID=4344) to work on /home/airflow/.local/lib/python3.12/site-packages/airflow/example_dags/example_dynamic_task_mapping.py
[2026-08-12T05:07:39.242+0000] {processor.py:914} INFO - Processing file /home/airflow/.local/lib/python3.12/site-packages/airflow/example_dags/example_dynamic_task_mapping.py for tasks to queue
[2026-08-12T05:07:39.245+0000] {logging_mixin.py:190} INFO - [2026-08-12T05:07:39.244+0000] {dagbag.py:587} INFO - Filling up the DagBag from /home/airflow/.local/lib/python3.12/site-packages/airflow/example_dags/example_dynamic_task_mapping.py
[2026-08-12T05:07:39.255+0000] {processor.py:925} INFO - DAG(s) 'example_dynamic_task_mapping' retrieved from /home/airflow/.local/lib/python3.12/site-packages/airflow/example_dags/example_dynamic_task_mapping.py
[2026-08-12T05:07:39.278+0000] {logging_mixin.py:190} INFO - [2026-08-12T05:07:39.278+0000] {dag.py:3211} INFO - Sync 1 DAGs
[2026-08-12T05:07:39.315+0000] {logging_mixin.py:190} INFO - [2026-08-12T05:07:39.315+0000] {dag.py:4138} INFO - Setting next_dagrun for example_dynamic_task_mapping to 2022-03-04 00:00:00+00:00, run_after=2022-03-05 00:00:00+00:00
[2026-08-12T05:07:39.349+0000] {processor.py:208} INFO - Processing /home/airflow/.local/lib/python3.12/site-packages/airflow/example_dags/example_dynamic_task_mapping.py took 0.114 seconds
[2026-08-12T05:08:09.587+0000] {processor.py:186} INFO - Started process (PID=4407) to work on /home/airflow/.local/lib/python3.12/site-packages/airflow/example_dags/example_dynamic_task_mapping.py
[2026-08-12T05:08:09.589+0000] {processor.py:914} INFO - Processing file /home/airflow/.local/lib/python3.12/site-packages/airflow/example_dags/example_dynamic_task_mapping.py for tasks to queue
[2026-08-12T05:08:09.592+0000] {logging_mixin.py:190} INFO - [2026-08-12T05:08:09.592+0000] {dagbag.py:587} INFO - Filling up the DagBag from /home/airflow/.local/lib/python3.12/site-packages/airflow/example_dags/example_dynamic_task_mapping.py
[2026-08-12T05:08:09.601+0000] {processor.py:925} INFO - DAG(s) 'example_dynamic_task_mapping' retrieved from /home/airflow/.local/lib/python3.12/site-packages/airflow/example_dags/example_dynamic_task_mapping.py
[2026-08-12T05:08:09.623+0000] {logging_mixin.py:190} INFO - [2026-08-12T05:08:09.623+0000] {dag.py:3211} INFO - Sync 1 DAGs
[2026-08-12T05:08:09.678+0000] {logging_mixin.py:190} INFO - [2026-08-12T05:08:09.677+0000] {dag.py:4138} INFO - Setting next_dagrun for example_dynamic_task_mapping to 2022-03-04 00:00:00+00:00, run_after=2022-03-05 00:00:00+00:00
[2026-08-12T05:08:09.714+0000] {processor.py:208} INFO - Processing /home/airflow/.local/lib/python3.12/site-packages/airflow/example_dags/example_dynamic_task_mapping.py took 0.132 seconds
[2026-08-12T05:08:40.333+0000] {processor.py:186} INFO - Started process (PID=4470) to work on /home/airflow/.local/lib/python3.12/site-packages/airflow/example_dags/example_dynamic_task_mapping.py
[2026-08-12T05:08:40.334+0000] {processor.py:914} INFO - Processing file /home/airflow/.local/lib/python3.12/site-packages/airflow/example_dags/example_dynamic_task_mapping.py for tasks to queue
[2026-08-12T05:08:40.338+0000] {logging_mixin.py:190} INFO - [2026-08-12T05:08:40.337+0000] {dagbag.py:587} INFO - Filling up the DagBag from /home/airflow/.local/lib/python3.12/site-packages/airflow/example_dags/example_dynamic_task_mapping.py
[2026-08-12T05:08:40.347+0000] {processor.py:925} INFO - DAG(s) 'example_dynamic_task_mapping' retrieved from /home/airflow/.local/lib/python3.12/site-packages/airflow/example_dags/example_dynamic_task_mapping.py
[2026-08-12T05:08:40.372+0000] {logging_mixin.py:190} INFO - [2026-08-12T05:08:40.372+0000] {dag.py:3211} INFO - Sync 1 DAGs
[2026-08-12T05:08:40.396+0000] {logging_mixin.py:190} INFO - [2026-08-12T05:08:40.396+0000] {dag.py:4138} INFO - Setting next_dagrun for example_dynamic_task_mapping to 2022-03-04 00:00:00+00:00, run_after=2022-03-05 00:00:00+00:00
[2026-08-12T05:08:40.433+0000] {processor.py:208} INFO - Processing /home/airflow/.local/lib/python3.12/site-packages/airflow/example_dags/example_dynamic_task_mapping.py took 0.106 seconds
[2026-08-12T05:09:11.016+0000] {processor.py:186} INFO - Started process (PID=4533) to work on /home/airflow/.local/lib/python3.12/site-packages/airflow/example_dags/example_dynamic_task_mapping.py
[2026-08-12T05:09:11.019+0000] {processor.py:914} INFO - Processing file /home/airflow/.local/lib/python3.12/site-packages/airflow/example_dags/example_dynamic_task_mapping.py for tasks to queue
[2026-08-12T05:09:11.023+0000] {logging_mixin.py:190} INFO - [2026-08-12T05:09:11.023+0000] {dagbag.py:587} INFO - Filling up the DagBag from /home/airflow/.local/lib/python3.12/site-packages/airflow/example_dags/example_dynamic_task_mapping.py
[2026-08-12T05:09:11.035+0000] {processor.py:925} INFO - DAG(s) 'example_dynamic_task_mapping' retrieved from /home/airflow/.local/lib/python3.12/site-packages/airflow/example_dags/example_dynamic_task_mapping.py
[2026-08-12T05:09:11.060+0000] {logging_mixin.py:190} INFO - [2026-08-12T05:09:11.060+0000] {dag.py:3211} INFO - Sync 1 DAGs
[2026-08-12T05:09:11.086+0000] {logging_mixin.py:190} INFO - [2026-08-12T05:09:11.085+0000] {dag.py:4138} INFO - Setting next_dagrun for example_dynamic_task_mapping to 2022-03-04 00:00:00+00:00, run_after=2022-03-05 00:00:00+00:00
[2026-08-12T05:09:11.113+0000] {processor.py:208} INFO - Processing /home/airflow/.local/lib/python3.12/site-packages/airflow/example_dags/example_dynamic_task_mapping.py took 0.105 seconds
[2026-08-12T05:09:41.685+0000] {processor.py:186} INFO - Started process (PID=4596) to work on /home/airflow/.local/lib/python3.12/site-packages/airflow/example_dags/example_dynamic_task_mapping.py
[2026-08-12T05:09:41.687+0000] {processor.py:914} INFO - Processing file /home/airflow/.local/lib/python3.12/site-packages/airflow/example_dags/example_dynamic_task_mapping.py for tasks to queue
[2026-08-12T05:09:41.690+0000] {logging_mixin.py:190} INFO - [2026-08-12T05:09:41.690+0000] {dagbag.py:587} INFO - Filling up the DagBag from /home/airflow/.local/lib/python3.12/site-packages/airflow/example_dags/example_dynamic_task_mapping.py
[2026-08-12T05:09:41.700+0000] {processor.py:925} INFO - DAG(s) 'example_dynamic_task_mapping' retrieved from /home/airflow/.local/lib/python3.12/site-packages/airflow/example_dags/example_dynamic_task_mapping.py
[2026-08-12T05:09:41.721+0000] {logging_mixin.py:190} INFO - [2026-08-12T05:09:41.721+0000] {dag.py:3211} INFO - Sync 1 DAGs
[2026-08-12T05:09:41.744+0000] {logging_mixin.py:190} INFO - [2026-08-12T05:09:41.744+0000] {dag.py:4138} INFO - Setting next_dagrun for example_dynamic_task_mapping to 2022-03-04 00:00:00+00:00, run_after=2022-03-05 00:00:00+00:00
[2026-08-12T05:09:41.781+0000] {processor.py:208} INFO - Processing /home/airflow/.local/lib/python3.12/site-packages/airflow/example_dags/example_dynamic_task_mapping.py took 0.102 seconds
