[2026-08-12T04:30:35.815+0000] {processor.py:186} INFO - Started process (PID=88) to work on /home/airflow/.local/lib/python3.12/site-packages/airflow/example_dags/example_params_trigger_ui.py
[2026-08-12T04:30:35.818+0000] {processor.py:914} INFO - Processing file /home/airflow/.local/lib/python3.12/site-packages/airflow/example_dags/example_params_trigger_ui.py for tasks to queue
[2026-08-12T04:30:35.826+0000] {logging_mixin.py:190} INFO - [2026-08-12T04:30:35.825+0000] {dagbag.py:587} INFO - Filling up the DagBag from /home/airflow/.local/lib/python3.12/site-packages/airflow/example_dags/example_params_trigger_ui.py
[2026-08-12T04:30:35.856+0000] {processor.py:925} INFO - DAG(s) 'example_params_trigger_ui' retrieved from /home/airflow/.local/lib/python3.12/site-packages/airflow/example_dags/example_params_trigger_ui.py
[2026-08-12T04:30:36.083+0000] {logging_mixin.py:190} INFO - [2026-08-12T04:30:36.082+0000] {override.py:1858} INFO - Created Permission View: can edit on DAG:example_params_trigger_ui
[2026-08-12T04:30:36.096+0000] {logging_mixin.py:190} INFO - [2026-08-12T04:30:36.096+0000] {override.py:1858} INFO - Created Permission View: can delete on DAG:example_params_trigger_ui
[2026-08-12T04:30:36.105+0000] {logging_mixin.py:190} INFO - [2026-08-12T04:30:36.105+0000] {override.py:1858} INFO - Created Permission View: can read on DAG:example_params_trigger_ui
[2026-08-12T04:30:36.107+0000] {logging_mixin.py:190} INFO - [2026-08-12T04:30:36.106+0000] {dag.py:3211} INFO - Sync 1 DAGs
[2026-08-12T04:30:36.122+0000] {logging_mixin.py:190} INFO - [2026-08-12T04:30:36.121+0000] {dag.py:3234} INFO - Creating ORM DAG for example_params_trigger_ui
[2026-08-12T04:30:36.123+0000] {logging_mixin.py:190} INFO - [2026-08-12T04:30:36.123+0000] {dag.py:4138} INFO - Setting next_dagrun for example_params_trigger_ui to None, run_after=None
[2026-08-12T04:30:36.148+0000] {processor.py:208} INFO - Processing /home/airflow/.local/lib/python3.12/site-packages/airflow/example_dags/example_params_trigger_ui.py took 0.349 seconds
[2026-08-12T04:31:06.702+0000] {processor.py:186} INFO - Started process (PID=150) to work on /home/airflow/.local/lib/python3.12/site-packages/airflow/example_dags/example_params_trigger_ui.py
[2026-08-12T04:31:06.703+0000] {processor.py:914} INFO - Processing file /home/airflow/.local/lib/python3.12/site-packages/airflow/example_dags/example_params_trigger_ui.py for tasks to queue
[2026-08-12T04:31:06.706+0000] {logging_mixin.py:190} INFO - [2026-08-12T04:31:06.706+0000] {dagbag.py:587} INFO - Filling up the DagBag from /home/airflow/.local/lib/python3.12/site-packages/airflow/example_dags/example_params_trigger_ui.py
[2026-08-12T04:31:06.716+0000] {processor.py:925} INFO - DAG(s) 'example_params_trigger_ui' retrieved from /home/airflow/.local/lib/python3.12/site-packages/airflow/example_dags/example_params_trigger_ui.py
[2026-08-12T04:31:06.752+0000] {logging_mixin.py:190} INFO - [2026-08-12T04:31:06.752+0000] {dag.py:3211} INFO - Sync 1 DAGs
[2026-08-12T04:31:06.765+0000] {logging_mixin.py:190} INFO - [2026-08-12T04:31:06.765+0000] {dag.py:4138} INFO - Setting next_dagrun for example_params_trigger_ui to None, run_after=None
[2026-08-12T04:31:06.784+0000] {processor.py:208} INFO - Processing /home/airflow/.local/lib/python3.12/site-packages/airflow/example_dags/example_params_trigger_ui.py took 0.087 seconds
[2026-08-12T04:31:37.354+0000] {processor.py:186} INFO - Started process (PID=213) to work on /home/airflow/.local/lib/python3.12/site-packages/airflow/example_dags/example_params_trigger_ui.py
[2026-08-12T04:31:37.356+0000] {processor.py:914} INFO - Processing file /home/airflow/.local/lib/python3.12/site-packages/airflow/example_dags/example_params_trigger_ui.py for tasks to queue
[2026-08-12T04:31:37.360+0000] {logging_mixin.py:190} INFO - [2026-08-12T04:31:37.359+0000] {dagbag.py:587} INFO - Filling up the DagBag from /home/airflow/.local/lib/python3.12/site-packages/airflow/example_dags/example_params_trigger_ui.py
[2026-08-12T04:31:37.376+0000] {processor.py:925} INFO - DAG(s) 'example_params_trigger_ui' retrieved from /home/airflow/.local/lib/python3.12/site-packages/airflow/example_dags/example_params_trigger_ui.py
[2026-08-12T04:31:37.426+0000] {logging_mixin.py:190} INFO - [2026-08-12T04:31:37.426+0000] {dag.py:3211} INFO - Sync 1 DAGs
[2026-08-12T04:31:37.448+0000] {logging_mixin.py:190} INFO - [2026-08-12T04:31:37.447+0000] {dag.py:4138} INFO - Setting next_dagrun for example_params_trigger_ui to None, run_after=None
[2026-08-12T04:31:37.473+0000] {processor.py:208} INFO - Processing /home/airflow/.local/lib/python3.12/site-packages/airflow/example_dags/example_params_trigger_ui.py took 0.128 seconds
[2026-08-12T04:32:54.916+0000] {processor.py:186} INFO - Started process (PID=79) to work on /home/airflow/.local/lib/python3.12/site-packages/airflow/example_dags/example_params_trigger_ui.py
[2026-08-12T04:32:54.919+0000] {processor.py:914} INFO - Processing file /home/airflow/.local/lib/python3.12/site-packages/airflow/example_dags/example_params_trigger_ui.py for tasks to queue
[2026-08-12T04:32:54.924+0000] {logging_mixin.py:190} INFO - [2026-08-12T04:32:54.923+0000] {dagbag.py:587} INFO - Filling up the DagBag from /home/airflow/.local/lib/python3.12/site-packages/airflow/example_dags/example_params_trigger_ui.py
[2026-08-12T04:32:54.941+0000] {processor.py:925} INFO - DAG(s) 'example_params_trigger_ui' retrieved from /home/airflow/.local/lib/python3.12/site-packages/airflow/example_dags/example_params_trigger_ui.py
[2026-08-12T04:32:55.024+0000] {logging_mixin.py:190} INFO - [2026-08-12T04:32:55.024+0000] {dag.py:3211} INFO - Sync 1 DAGs
[2026-08-12T04:32:55.052+0000] {logging_mixin.py:190} INFO - [2026-08-12T04:32:55.052+0000] {dag.py:4138} INFO - Setting next_dagrun for example_params_trigger_ui to None, run_after=None
[2026-08-12T04:32:55.097+0000] {processor.py:208} INFO - Processing /home/airflow/.local/lib/python3.12/site-packages/airflow/example_dags/example_params_trigger_ui.py took 0.193 seconds
[2026-08-12T04:33:25.737+0000] {processor.py:186} INFO - Started process (PID=141) to work on /home/airflow/.local/lib/python3.12/site-packages/airflow/example_dags/example_params_trigger_ui.py
[2026-08-12T04:33:25.738+0000] {processor.py:914} INFO - Processing file /home/airflow/.local/lib/python3.12/site-packages/airflow/example_dags/example_params_trigger_ui.py for tasks to queue
[2026-08-12T04:33:25.741+0000] {logging_mixin.py:190} INFO - [2026-08-12T04:33:25.741+0000] {dagbag.py:587} INFO - Filling up the DagBag from /home/airflow/.local/lib/python3.12/site-packages/airflow/example_dags/example_params_trigger_ui.py
[2026-08-12T04:33:25.752+0000] {processor.py:925} INFO - DAG(s) 'example_params_trigger_ui' retrieved from /home/airflow/.local/lib/python3.12/site-packages/airflow/example_dags/example_params_trigger_ui.py
[2026-08-12T04:33:25.792+0000] {logging_mixin.py:190} INFO - [2026-08-12T04:33:25.792+0000] {dag.py:3211} INFO - Sync 1 DAGs
[2026-08-12T04:33:25.806+0000] {logging_mixin.py:190} INFO - [2026-08-12T04:33:25.806+0000] {dag.py:4138} INFO - Setting next_dagrun for example_params_trigger_ui to None, run_after=None
[2026-08-12T04:33:25.828+0000] {processor.py:208} INFO - Processing /home/airflow/.local/lib/python3.12/site-packages/airflow/example_dags/example_params_trigger_ui.py took 0.096 seconds
[2026-08-12T04:33:56.386+0000] {processor.py:186} INFO - Started process (PID=203) to work on /home/airflow/.local/lib/python3.12/site-packages/airflow/example_dags/example_params_trigger_ui.py
[2026-08-12T04:33:56.387+0000] {processor.py:914} INFO - Processing file /home/airflow/.local/lib/python3.12/site-packages/airflow/example_dags/example_params_trigger_ui.py for tasks to queue
[2026-08-12T04:33:56.391+0000] {logging_mixin.py:190} INFO - [2026-08-12T04:33:56.390+0000] {dagbag.py:587} INFO - Filling up the DagBag from /home/airflow/.local/lib/python3.12/site-packages/airflow/example_dags/example_params_trigger_ui.py
[2026-08-12T04:33:56.403+0000] {processor.py:925} INFO - DAG(s) 'example_params_trigger_ui' retrieved from /home/airflow/.local/lib/python3.12/site-packages/airflow/example_dags/example_params_trigger_ui.py
[2026-08-12T04:33:56.442+0000] {logging_mixin.py:190} INFO - [2026-08-12T04:33:56.442+0000] {dag.py:3211} INFO - Sync 1 DAGs
[2026-08-12T04:33:56.454+0000] {logging_mixin.py:190} INFO - [2026-08-12T04:33:56.454+0000] {dag.py:4138} INFO - Setting next_dagrun for example_params_trigger_ui to None, run_after=None
[2026-08-12T04:33:56.475+0000] {processor.py:208} INFO - Processing /home/airflow/.local/lib/python3.12/site-packages/airflow/example_dags/example_params_trigger_ui.py took 0.095 seconds
[2026-08-12T04:34:26.970+0000] {processor.py:186} INFO - Started process (PID=265) to work on /home/airflow/.local/lib/python3.12/site-packages/airflow/example_dags/example_params_trigger_ui.py
[2026-08-12T04:34:26.974+0000] {processor.py:914} INFO - Processing file /home/airflow/.local/lib/python3.12/site-packages/airflow/example_dags/example_params_trigger_ui.py for tasks to queue
[2026-08-12T04:34:26.989+0000] {logging_mixin.py:190} INFO - [2026-08-12T04:34:26.988+0000] {dagbag.py:587} INFO - Filling up the DagBag from /home/airflow/.local/lib/python3.12/site-packages/airflow/example_dags/example_params_trigger_ui.py
[2026-08-12T04:34:27.003+0000] {processor.py:925} INFO - DAG(s) 'example_params_trigger_ui' retrieved from /home/airflow/.local/lib/python3.12/site-packages/airflow/example_dags/example_params_trigger_ui.py
[2026-08-12T04:34:27.042+0000] {logging_mixin.py:190} INFO - [2026-08-12T04:34:27.042+0000] {dag.py:3211} INFO - Sync 1 DAGs
[2026-08-12T04:34:27.056+0000] {logging_mixin.py:190} INFO - [2026-08-12T04:34:27.056+0000] {dag.py:4138} INFO - Setting next_dagrun for example_params_trigger_ui to None, run_after=None
[2026-08-12T04:34:27.076+0000] {processor.py:208} INFO - Processing /home/airflow/.local/lib/python3.12/site-packages/airflow/example_dags/example_params_trigger_ui.py took 0.113 seconds
[2026-08-12T04:34:57.383+0000] {processor.py:186} INFO - Started process (PID=327) to work on /home/airflow/.local/lib/python3.12/site-packages/airflow/example_dags/example_params_trigger_ui.py
[2026-08-12T04:34:57.386+0000] {processor.py:914} INFO - Processing file /home/airflow/.local/lib/python3.12/site-packages/airflow/example_dags/example_params_trigger_ui.py for tasks to queue
[2026-08-12T04:34:57.389+0000] {logging_mixin.py:190} INFO - [2026-08-12T04:34:57.389+0000] {dagbag.py:587} INFO - Filling up the DagBag from /home/airflow/.local/lib/python3.12/site-packages/airflow/example_dags/example_params_trigger_ui.py
[2026-08-12T04:34:57.401+0000] {processor.py:925} INFO - DAG(s) 'example_params_trigger_ui' retrieved from /home/airflow/.local/lib/python3.12/site-packages/airflow/example_dags/example_params_trigger_ui.py
[2026-08-12T04:34:57.443+0000] {logging_mixin.py:190} INFO - [2026-08-12T04:34:57.443+0000] {dag.py:3211} INFO - Sync 1 DAGs
[2026-08-12T04:34:57.470+0000] {logging_mixin.py:190} INFO - [2026-08-12T04:34:57.470+0000] {dag.py:4138} INFO - Setting next_dagrun for example_params_trigger_ui to None, run_after=None
[2026-08-12T04:34:57.492+0000] {processor.py:208} INFO - Processing /home/airflow/.local/lib/python3.12/site-packages/airflow/example_dags/example_params_trigger_ui.py took 0.116 seconds
[2026-08-12T04:35:27.943+0000] {processor.py:186} INFO - Started process (PID=389) to work on /home/airflow/.local/lib/python3.12/site-packages/airflow/example_dags/example_params_trigger_ui.py
[2026-08-12T04:35:27.945+0000] {processor.py:914} INFO - Processing file /home/airflow/.local/lib/python3.12/site-packages/airflow/example_dags/example_params_trigger_ui.py for tasks to queue
[2026-08-12T04:35:27.949+0000] {logging_mixin.py:190} INFO - [2026-08-12T04:35:27.948+0000] {dagbag.py:587} INFO - Filling up the DagBag from /home/airflow/.local/lib/python3.12/site-packages/airflow/example_dags/example_params_trigger_ui.py
[2026-08-12T04:35:27.962+0000] {processor.py:925} INFO - DAG(s) 'example_params_trigger_ui' retrieved from /home/airflow/.local/lib/python3.12/site-packages/airflow/example_dags/example_params_trigger_ui.py
[2026-08-12T04:35:28.015+0000] {logging_mixin.py:190} INFO - [2026-08-12T04:35:28.015+0000] {dag.py:3211} INFO - Sync 1 DAGs
[2026-08-12T04:35:28.032+0000] {logging_mixin.py:190} INFO - [2026-08-12T04:35:28.031+0000] {dag.py:4138} INFO - Setting next_dagrun for example_params_trigger_ui to None, run_after=None
[2026-08-12T04:35:28.055+0000] {processor.py:208} INFO - Processing /home/airflow/.local/lib/python3.12/site-packages/airflow/example_dags/example_params_trigger_ui.py took 0.119 seconds
[2026-08-12T04:35:58.426+0000] {processor.py:186} INFO - Started process (PID=451) to work on /home/airflow/.local/lib/python3.12/site-packages/airflow/example_dags/example_params_trigger_ui.py
[2026-08-12T04:35:58.427+0000] {processor.py:914} INFO - Processing file /home/airflow/.local/lib/python3.12/site-packages/airflow/example_dags/example_params_trigger_ui.py for tasks to queue
[2026-08-12T04:35:58.430+0000] {logging_mixin.py:190} INFO - [2026-08-12T04:35:58.430+0000] {dagbag.py:587} INFO - Filling up the DagBag from /home/airflow/.local/lib/python3.12/site-packages/airflow/example_dags/example_params_trigger_ui.py
[2026-08-12T04:35:58.440+0000] {processor.py:925} INFO - DAG(s) 'example_params_trigger_ui' retrieved from /home/airflow/.local/lib/python3.12/site-packages/airflow/example_dags/example_params_trigger_ui.py
[2026-08-12T04:35:58.485+0000] {logging_mixin.py:190} INFO - [2026-08-12T04:35:58.484+0000] {dag.py:3211} INFO - Sync 1 DAGs
[2026-08-12T04:35:58.500+0000] {logging_mixin.py:190} INFO - [2026-08-12T04:35:58.500+0000] {dag.py:4138} INFO - Setting next_dagrun for example_params_trigger_ui to None, run_after=None
[2026-08-12T04:35:58.526+0000] {processor.py:208} INFO - Processing /home/airflow/.local/lib/python3.12/site-packages/airflow/example_dags/example_params_trigger_ui.py took 0.105 seconds
[2026-08-12T04:36:29.125+0000] {processor.py:186} INFO - Started process (PID=513) to work on /home/airflow/.local/lib/python3.12/site-packages/airflow/example_dags/example_params_trigger_ui.py
[2026-08-12T04:36:29.127+0000] {processor.py:914} INFO - Processing file /home/airflow/.local/lib/python3.12/site-packages/airflow/example_dags/example_params_trigger_ui.py for tasks to queue
[2026-08-12T04:36:29.131+0000] {logging_mixin.py:190} INFO - [2026-08-12T04:36:29.130+0000] {dagbag.py:587} INFO - Filling up the DagBag from /home/airflow/.local/lib/python3.12/site-packages/airflow/example_dags/example_params_trigger_ui.py
[2026-08-12T04:36:29.143+0000] {processor.py:925} INFO - DAG(s) 'example_params_trigger_ui' retrieved from /home/airflow/.local/lib/python3.12/site-packages/airflow/example_dags/example_params_trigger_ui.py
[2026-08-12T04:36:29.185+0000] {logging_mixin.py:190} INFO - [2026-08-12T04:36:29.185+0000] {dag.py:3211} INFO - Sync 1 DAGs
[2026-08-12T04:36:29.202+0000] {logging_mixin.py:190} INFO - [2026-08-12T04:36:29.201+0000] {dag.py:4138} INFO - Setting next_dagrun for example_params_trigger_ui to None, run_after=None
[2026-08-12T04:36:29.222+0000] {processor.py:208} INFO - Processing /home/airflow/.local/lib/python3.12/site-packages/airflow/example_dags/example_params_trigger_ui.py took 0.103 seconds
[2026-08-12T04:36:59.570+0000] {processor.py:186} INFO - Started process (PID=575) to work on /home/airflow/.local/lib/python3.12/site-packages/airflow/example_dags/example_params_trigger_ui.py
[2026-08-12T04:36:59.572+0000] {processor.py:914} INFO - Processing file /home/airflow/.local/lib/python3.12/site-packages/airflow/example_dags/example_params_trigger_ui.py for tasks to queue
[2026-08-12T04:36:59.576+0000] {logging_mixin.py:190} INFO - [2026-08-12T04:36:59.576+0000] {dagbag.py:587} INFO - Filling up the DagBag from /home/airflow/.local/lib/python3.12/site-packages/airflow/example_dags/example_params_trigger_ui.py
[2026-08-12T04:36:59.587+0000] {processor.py:925} INFO - DAG(s) 'example_params_trigger_ui' retrieved from /home/airflow/.local/lib/python3.12/site-packages/airflow/example_dags/example_params_trigger_ui.py
[2026-08-12T04:36:59.632+0000] {logging_mixin.py:190} INFO - [2026-08-12T04:36:59.631+0000] {dag.py:3211} INFO - Sync 1 DAGs
[2026-08-12T04:36:59.647+0000] {logging_mixin.py:190} INFO - [2026-08-12T04:36:59.647+0000] {dag.py:4138} INFO - Setting next_dagrun for example_params_trigger_ui to None, run_after=None
[2026-08-12T04:36:59.668+0000] {processor.py:208} INFO - Processing /home/airflow/.local/lib/python3.12/site-packages/airflow/example_dags/example_params_trigger_ui.py took 0.103 seconds
[2026-08-12T04:37:29.785+0000] {processor.py:186} INFO - Started process (PID=637) to work on /home/airflow/.local/lib/python3.12/site-packages/airflow/example_dags/example_params_trigger_ui.py
[2026-08-12T04:37:29.786+0000] {processor.py:914} INFO - Processing file /home/airflow/.local/lib/python3.12/site-packages/airflow/example_dags/example_params_trigger_ui.py for tasks to queue
[2026-08-12T04:37:29.789+0000] {logging_mixin.py:190} INFO - [2026-08-12T04:37:29.789+0000] {dagbag.py:587} INFO - Filling up the DagBag from /home/airflow/.local/lib/python3.12/site-packages/airflow/example_dags/example_params_trigger_ui.py
[2026-08-12T04:37:29.800+0000] {processor.py:925} INFO - DAG(s) 'example_params_trigger_ui' retrieved from /home/airflow/.local/lib/python3.12/site-packages/airflow/example_dags/example_params_trigger_ui.py
[2026-08-12T04:37:29.852+0000] {logging_mixin.py:190} INFO - [2026-08-12T04:37:29.852+0000] {dag.py:3211} INFO - Sync 1 DAGs
[2026-08-12T04:37:29.867+0000] {logging_mixin.py:190} INFO - [2026-08-12T04:37:29.867+0000] {dag.py:4138} INFO - Setting next_dagrun for example_params_trigger_ui to None, run_after=None
[2026-08-12T04:37:29.893+0000] {processor.py:208} INFO - Processing /home/airflow/.local/lib/python3.12/site-packages/airflow/example_dags/example_params_trigger_ui.py took 0.113 seconds
[2026-08-12T04:38:00.118+0000] {processor.py:186} INFO - Started process (PID=699) to work on /home/airflow/.local/lib/python3.12/site-packages/airflow/example_dags/example_params_trigger_ui.py
[2026-08-12T04:38:00.120+0000] {processor.py:914} INFO - Processing file /home/airflow/.local/lib/python3.12/site-packages/airflow/example_dags/example_params_trigger_ui.py for tasks to queue
[2026-08-12T04:38:00.123+0000] {logging_mixin.py:190} INFO - [2026-08-12T04:38:00.123+0000] {dagbag.py:587} INFO - Filling up the DagBag from /home/airflow/.local/lib/python3.12/site-packages/airflow/example_dags/example_params_trigger_ui.py
[2026-08-12T04:38:00.139+0000] {processor.py:925} INFO - DAG(s) 'example_params_trigger_ui' retrieved from /home/airflow/.local/lib/python3.12/site-packages/airflow/example_dags/example_params_trigger_ui.py
[2026-08-12T04:38:00.184+0000] {logging_mixin.py:190} INFO - [2026-08-12T04:38:00.183+0000] {dag.py:3211} INFO - Sync 1 DAGs
[2026-08-12T04:38:00.198+0000] {logging_mixin.py:190} INFO - [2026-08-12T04:38:00.198+0000] {dag.py:4138} INFO - Setting next_dagrun for example_params_trigger_ui to None, run_after=None
[2026-08-12T04:38:00.218+0000] {processor.py:208} INFO - Processing /home/airflow/.local/lib/python3.12/site-packages/airflow/example_dags/example_params_trigger_ui.py took 0.106 seconds
[2026-08-12T04:38:30.801+0000] {processor.py:186} INFO - Started process (PID=761) to work on /home/airflow/.local/lib/python3.12/site-packages/airflow/example_dags/example_params_trigger_ui.py
[2026-08-12T04:38:30.803+0000] {processor.py:914} INFO - Processing file /home/airflow/.local/lib/python3.12/site-packages/airflow/example_dags/example_params_trigger_ui.py for tasks to queue
[2026-08-12T04:38:30.808+0000] {logging_mixin.py:190} INFO - [2026-08-12T04:38:30.807+0000] {dagbag.py:587} INFO - Filling up the DagBag from /home/airflow/.local/lib/python3.12/site-packages/airflow/example_dags/example_params_trigger_ui.py
[2026-08-12T04:38:30.823+0000] {processor.py:925} INFO - DAG(s) 'example_params_trigger_ui' retrieved from /home/airflow/.local/lib/python3.12/site-packages/airflow/example_dags/example_params_trigger_ui.py
[2026-08-12T04:38:30.862+0000] {logging_mixin.py:190} INFO - [2026-08-12T04:38:30.861+0000] {dag.py:3211} INFO - Sync 1 DAGs
[2026-08-12T04:38:30.876+0000] {logging_mixin.py:190} INFO - [2026-08-12T04:38:30.876+0000] {dag.py:4138} INFO - Setting next_dagrun for example_params_trigger_ui to None, run_after=None
[2026-08-12T04:38:30.896+0000] {processor.py:208} INFO - Processing /home/airflow/.local/lib/python3.12/site-packages/airflow/example_dags/example_params_trigger_ui.py took 0.102 seconds
[2026-08-12T04:39:01.172+0000] {processor.py:186} INFO - Started process (PID=823) to work on /home/airflow/.local/lib/python3.12/site-packages/airflow/example_dags/example_params_trigger_ui.py
[2026-08-12T04:39:01.174+0000] {processor.py:914} INFO - Processing file /home/airflow/.local/lib/python3.12/site-packages/airflow/example_dags/example_params_trigger_ui.py for tasks to queue
[2026-08-12T04:39:01.178+0000] {logging_mixin.py:190} INFO - [2026-08-12T04:39:01.178+0000] {dagbag.py:587} INFO - Filling up the DagBag from /home/airflow/.local/lib/python3.12/site-packages/airflow/example_dags/example_params_trigger_ui.py
[2026-08-12T04:39:01.195+0000] {processor.py:925} INFO - DAG(s) 'example_params_trigger_ui' retrieved from /home/airflow/.local/lib/python3.12/site-packages/airflow/example_dags/example_params_trigger_ui.py
[2026-08-12T04:39:01.248+0000] {logging_mixin.py:190} INFO - [2026-08-12T04:39:01.247+0000] {dag.py:3211} INFO - Sync 1 DAGs
[2026-08-12T04:39:01.264+0000] {logging_mixin.py:190} INFO - [2026-08-12T04:39:01.264+0000] {dag.py:4138} INFO - Setting next_dagrun for example_params_trigger_ui to None, run_after=None
[2026-08-12T04:39:01.289+0000] {processor.py:208} INFO - Processing /home/airflow/.local/lib/python3.12/site-packages/airflow/example_dags/example_params_trigger_ui.py took 0.126 seconds
[2026-08-12T04:39:31.598+0000] {processor.py:186} INFO - Started process (PID=885) to work on /home/airflow/.local/lib/python3.12/site-packages/airflow/example_dags/example_params_trigger_ui.py
[2026-08-12T04:39:31.599+0000] {processor.py:914} INFO - Processing file /home/airflow/.local/lib/python3.12/site-packages/airflow/example_dags/example_params_trigger_ui.py for tasks to queue
[2026-08-12T04:39:31.602+0000] {logging_mixin.py:190} INFO - [2026-08-12T04:39:31.602+0000] {dagbag.py:587} INFO - Filling up the DagBag from /home/airflow/.local/lib/python3.12/site-packages/airflow/example_dags/example_params_trigger_ui.py
[2026-08-12T04:39:31.613+0000] {processor.py:925} INFO - DAG(s) 'example_params_trigger_ui' retrieved from /home/airflow/.local/lib/python3.12/site-packages/airflow/example_dags/example_params_trigger_ui.py
[2026-08-12T04:39:31.654+0000] {logging_mixin.py:190} INFO - [2026-08-12T04:39:31.653+0000] {dag.py:3211} INFO - Sync 1 DAGs
[2026-08-12T04:39:31.669+0000] {logging_mixin.py:190} INFO - [2026-08-12T04:39:31.668+0000] {dag.py:4138} INFO - Setting next_dagrun for example_params_trigger_ui to None, run_after=None
[2026-08-12T04:39:31.691+0000] {processor.py:208} INFO - Processing /home/airflow/.local/lib/python3.12/site-packages/airflow/example_dags/example_params_trigger_ui.py took 0.098 seconds
[2026-08-12T04:40:01.986+0000] {processor.py:186} INFO - Started process (PID=947) to work on /home/airflow/.local/lib/python3.12/site-packages/airflow/example_dags/example_params_trigger_ui.py
[2026-08-12T04:40:01.987+0000] {processor.py:914} INFO - Processing file /home/airflow/.local/lib/python3.12/site-packages/airflow/example_dags/example_params_trigger_ui.py for tasks to queue
[2026-08-12T04:40:01.991+0000] {logging_mixin.py:190} INFO - [2026-08-12T04:40:01.990+0000] {dagbag.py:587} INFO - Filling up the DagBag from /home/airflow/.local/lib/python3.12/site-packages/airflow/example_dags/example_params_trigger_ui.py
[2026-08-12T04:40:02.001+0000] {processor.py:925} INFO - DAG(s) 'example_params_trigger_ui' retrieved from /home/airflow/.local/lib/python3.12/site-packages/airflow/example_dags/example_params_trigger_ui.py
[2026-08-12T04:40:02.043+0000] {logging_mixin.py:190} INFO - [2026-08-12T04:40:02.043+0000] {dag.py:3211} INFO - Sync 1 DAGs
[2026-08-12T04:40:02.057+0000] {logging_mixin.py:190} INFO - [2026-08-12T04:40:02.057+0000] {dag.py:4138} INFO - Setting next_dagrun for example_params_trigger_ui to None, run_after=None
[2026-08-12T04:40:02.077+0000] {processor.py:208} INFO - Processing /home/airflow/.local/lib/python3.12/site-packages/airflow/example_dags/example_params_trigger_ui.py took 0.097 seconds
[2026-08-12T04:40:32.512+0000] {processor.py:186} INFO - Started process (PID=1009) to work on /home/airflow/.local/lib/python3.12/site-packages/airflow/example_dags/example_params_trigger_ui.py
[2026-08-12T04:40:32.513+0000] {processor.py:914} INFO - Processing file /home/airflow/.local/lib/python3.12/site-packages/airflow/example_dags/example_params_trigger_ui.py for tasks to queue
[2026-08-12T04:40:32.516+0000] {logging_mixin.py:190} INFO - [2026-08-12T04:40:32.516+0000] {dagbag.py:587} INFO - Filling up the DagBag from /home/airflow/.local/lib/python3.12/site-packages/airflow/example_dags/example_params_trigger_ui.py
[2026-08-12T04:40:32.528+0000] {processor.py:925} INFO - DAG(s) 'example_params_trigger_ui' retrieved from /home/airflow/.local/lib/python3.12/site-packages/airflow/example_dags/example_params_trigger_ui.py
[2026-08-12T04:40:32.573+0000] {logging_mixin.py:190} INFO - [2026-08-12T04:40:32.573+0000] {dag.py:3211} INFO - Sync 1 DAGs
[2026-08-12T04:40:32.589+0000] {logging_mixin.py:190} INFO - [2026-08-12T04:40:32.588+0000] {dag.py:4138} INFO - Setting next_dagrun for example_params_trigger_ui to None, run_after=None
[2026-08-12T04:40:32.611+0000] {processor.py:208} INFO - Processing /home/airflow/.local/lib/python3.12/site-packages/airflow/example_dags/example_params_trigger_ui.py took 0.105 seconds
[2026-08-12T04:41:03.290+0000] {processor.py:186} INFO - Started process (PID=1071) to work on /home/airflow/.local/lib/python3.12/site-packages/airflow/example_dags/example_params_trigger_ui.py
[2026-08-12T04:41:03.292+0000] {processor.py:914} INFO - Processing file /home/airflow/.local/lib/python3.12/site-packages/airflow/example_dags/example_params_trigger_ui.py for tasks to queue
[2026-08-12T04:41:03.296+0000] {logging_mixin.py:190} INFO - [2026-08-12T04:41:03.296+0000] {dagbag.py:587} INFO - Filling up the DagBag from /home/airflow/.local/lib/python3.12/site-packages/airflow/example_dags/example_params_trigger_ui.py
[2026-08-12T04:41:03.310+0000] {processor.py:925} INFO - DAG(s) 'example_params_trigger_ui' retrieved from /home/airflow/.local/lib/python3.12/site-packages/airflow/example_dags/example_params_trigger_ui.py
[2026-08-12T04:41:03.350+0000] {logging_mixin.py:190} INFO - [2026-08-12T04:41:03.350+0000] {dag.py:3211} INFO - Sync 1 DAGs
[2026-08-12T04:41:03.364+0000] {logging_mixin.py:190} INFO - [2026-08-12T04:41:03.364+0000] {dag.py:4138} INFO - Setting next_dagrun for example_params_trigger_ui to None, run_after=None
[2026-08-12T04:41:03.388+0000] {processor.py:208} INFO - Processing /home/airflow/.local/lib/python3.12/site-packages/airflow/example_dags/example_params_trigger_ui.py took 0.106 seconds
[2026-08-12T04:41:33.851+0000] {processor.py:186} INFO - Started process (PID=1133) to work on /home/airflow/.local/lib/python3.12/site-packages/airflow/example_dags/example_params_trigger_ui.py
[2026-08-12T04:41:33.853+0000] {processor.py:914} INFO - Processing file /home/airflow/.local/lib/python3.12/site-packages/airflow/example_dags/example_params_trigger_ui.py for tasks to queue
[2026-08-12T04:41:33.856+0000] {logging_mixin.py:190} INFO - [2026-08-12T04:41:33.856+0000] {dagbag.py:587} INFO - Filling up the DagBag from /home/airflow/.local/lib/python3.12/site-packages/airflow/example_dags/example_params_trigger_ui.py
[2026-08-12T04:41:33.867+0000] {processor.py:925} INFO - DAG(s) 'example_params_trigger_ui' retrieved from /home/airflow/.local/lib/python3.12/site-packages/airflow/example_dags/example_params_trigger_ui.py
[2026-08-12T04:41:33.936+0000] {logging_mixin.py:190} INFO - [2026-08-12T04:41:33.936+0000] {dag.py:3211} INFO - Sync 1 DAGs
[2026-08-12T04:41:33.951+0000] {logging_mixin.py:190} INFO - [2026-08-12T04:41:33.951+0000] {dag.py:4138} INFO - Setting next_dagrun for example_params_trigger_ui to None, run_after=None
[2026-08-12T04:41:33.972+0000] {processor.py:208} INFO - Processing /home/airflow/.local/lib/python3.12/site-packages/airflow/example_dags/example_params_trigger_ui.py took 0.129 seconds
[2026-08-12T04:42:04.534+0000] {processor.py:186} INFO - Started process (PID=1195) to work on /home/airflow/.local/lib/python3.12/site-packages/airflow/example_dags/example_params_trigger_ui.py
[2026-08-12T04:42:04.535+0000] {processor.py:914} INFO - Processing file /home/airflow/.local/lib/python3.12/site-packages/airflow/example_dags/example_params_trigger_ui.py for tasks to queue
[2026-08-12T04:42:04.538+0000] {logging_mixin.py:190} INFO - [2026-08-12T04:42:04.538+0000] {dagbag.py:587} INFO - Filling up the DagBag from /home/airflow/.local/lib/python3.12/site-packages/airflow/example_dags/example_params_trigger_ui.py
[2026-08-12T04:42:04.548+0000] {processor.py:925} INFO - DAG(s) 'example_params_trigger_ui' retrieved from /home/airflow/.local/lib/python3.12/site-packages/airflow/example_dags/example_params_trigger_ui.py
[2026-08-12T04:42:04.583+0000] {logging_mixin.py:190} INFO - [2026-08-12T04:42:04.582+0000] {dag.py:3211} INFO - Sync 1 DAGs
[2026-08-12T04:42:04.596+0000] {logging_mixin.py:190} INFO - [2026-08-12T04:42:04.595+0000] {dag.py:4138} INFO - Setting next_dagrun for example_params_trigger_ui to None, run_after=None
[2026-08-12T04:42:04.615+0000] {processor.py:208} INFO - Processing /home/airflow/.local/lib/python3.12/site-packages/airflow/example_dags/example_params_trigger_ui.py took 0.086 seconds
[2026-08-12T04:42:35.141+0000] {processor.py:186} INFO - Started process (PID=1257) to work on /home/airflow/.local/lib/python3.12/site-packages/airflow/example_dags/example_params_trigger_ui.py
[2026-08-12T04:42:35.143+0000] {processor.py:914} INFO - Processing file /home/airflow/.local/lib/python3.12/site-packages/airflow/example_dags/example_params_trigger_ui.py for tasks to queue
[2026-08-12T04:42:35.148+0000] {logging_mixin.py:190} INFO - [2026-08-12T04:42:35.148+0000] {dagbag.py:587} INFO - Filling up the DagBag from /home/airflow/.local/lib/python3.12/site-packages/airflow/example_dags/example_params_trigger_ui.py
[2026-08-12T04:42:35.168+0000] {processor.py:925} INFO - DAG(s) 'example_params_trigger_ui' retrieved from /home/airflow/.local/lib/python3.12/site-packages/airflow/example_dags/example_params_trigger_ui.py
[2026-08-12T04:42:35.219+0000] {logging_mixin.py:190} INFO - [2026-08-12T04:42:35.219+0000] {dag.py:3211} INFO - Sync 1 DAGs
[2026-08-12T04:42:35.236+0000] {logging_mixin.py:190} INFO - [2026-08-12T04:42:35.236+0000] {dag.py:4138} INFO - Setting next_dagrun for example_params_trigger_ui to None, run_after=None
[2026-08-12T04:42:35.273+0000] {processor.py:208} INFO - Processing /home/airflow/.local/lib/python3.12/site-packages/airflow/example_dags/example_params_trigger_ui.py took 0.140 seconds
[2026-08-12T04:43:06.012+0000] {processor.py:186} INFO - Started process (PID=1319) to work on /home/airflow/.local/lib/python3.12/site-packages/airflow/example_dags/example_params_trigger_ui.py
[2026-08-12T04:43:06.014+0000] {processor.py:914} INFO - Processing file /home/airflow/.local/lib/python3.12/site-packages/airflow/example_dags/example_params_trigger_ui.py for tasks to queue
[2026-08-12T04:43:06.018+0000] {logging_mixin.py:190} INFO - [2026-08-12T04:43:06.017+0000] {dagbag.py:587} INFO - Filling up the DagBag from /home/airflow/.local/lib/python3.12/site-packages/airflow/example_dags/example_params_trigger_ui.py
[2026-08-12T04:43:06.030+0000] {processor.py:925} INFO - DAG(s) 'example_params_trigger_ui' retrieved from /home/airflow/.local/lib/python3.12/site-packages/airflow/example_dags/example_params_trigger_ui.py
[2026-08-12T04:43:06.071+0000] {logging_mixin.py:190} INFO - [2026-08-12T04:43:06.070+0000] {dag.py:3211} INFO - Sync 1 DAGs
[2026-08-12T04:43:06.087+0000] {logging_mixin.py:190} INFO - [2026-08-12T04:43:06.087+0000] {dag.py:4138} INFO - Setting next_dagrun for example_params_trigger_ui to None, run_after=None
[2026-08-12T04:43:06.110+0000] {processor.py:208} INFO - Processing /home/airflow/.local/lib/python3.12/site-packages/airflow/example_dags/example_params_trigger_ui.py took 0.104 seconds
[2026-08-12T04:43:36.432+0000] {processor.py:186} INFO - Started process (PID=1381) to work on /home/airflow/.local/lib/python3.12/site-packages/airflow/example_dags/example_params_trigger_ui.py
[2026-08-12T04:43:36.434+0000] {processor.py:914} INFO - Processing file /home/airflow/.local/lib/python3.12/site-packages/airflow/example_dags/example_params_trigger_ui.py for tasks to queue
[2026-08-12T04:43:36.439+0000] {logging_mixin.py:190} INFO - [2026-08-12T04:43:36.438+0000] {dagbag.py:587} INFO - Filling up the DagBag from /home/airflow/.local/lib/python3.12/site-packages/airflow/example_dags/example_params_trigger_ui.py
[2026-08-12T04:43:36.456+0000] {processor.py:925} INFO - DAG(s) 'example_params_trigger_ui' retrieved from /home/airflow/.local/lib/python3.12/site-packages/airflow/example_dags/example_params_trigger_ui.py
[2026-08-12T04:43:36.511+0000] {logging_mixin.py:190} INFO - [2026-08-12T04:43:36.510+0000] {dag.py:3211} INFO - Sync 1 DAGs
[2026-08-12T04:43:36.528+0000] {logging_mixin.py:190} INFO - [2026-08-12T04:43:36.528+0000] {dag.py:4138} INFO - Setting next_dagrun for example_params_trigger_ui to None, run_after=None
[2026-08-12T04:43:36.549+0000] {processor.py:208} INFO - Processing /home/airflow/.local/lib/python3.12/site-packages/airflow/example_dags/example_params_trigger_ui.py took 0.136 seconds
[2026-08-12T04:44:06.654+0000] {processor.py:186} INFO - Started process (PID=1443) to work on /home/airflow/.local/lib/python3.12/site-packages/airflow/example_dags/example_params_trigger_ui.py
[2026-08-12T04:44:06.656+0000] {processor.py:914} INFO - Processing file /home/airflow/.local/lib/python3.12/site-packages/airflow/example_dags/example_params_trigger_ui.py for tasks to queue
[2026-08-12T04:44:06.659+0000] {logging_mixin.py:190} INFO - [2026-08-12T04:44:06.659+0000] {dagbag.py:587} INFO - Filling up the DagBag from /home/airflow/.local/lib/python3.12/site-packages/airflow/example_dags/example_params_trigger_ui.py
[2026-08-12T04:44:06.682+0000] {processor.py:925} INFO - DAG(s) 'example_params_trigger_ui' retrieved from /home/airflow/.local/lib/python3.12/site-packages/airflow/example_dags/example_params_trigger_ui.py
[2026-08-12T04:44:06.719+0000] {logging_mixin.py:190} INFO - [2026-08-12T04:44:06.719+0000] {dag.py:3211} INFO - Sync 1 DAGs
[2026-08-12T04:44:06.732+0000] {logging_mixin.py:190} INFO - [2026-08-12T04:44:06.732+0000] {dag.py:4138} INFO - Setting next_dagrun for example_params_trigger_ui to None, run_after=None
[2026-08-12T04:44:06.753+0000] {processor.py:208} INFO - Processing /home/airflow/.local/lib/python3.12/site-packages/airflow/example_dags/example_params_trigger_ui.py took 0.104 seconds
[2026-08-12T04:44:37.746+0000] {processor.py:186} INFO - Started process (PID=1505) to work on /home/airflow/.local/lib/python3.12/site-packages/airflow/example_dags/example_params_trigger_ui.py
[2026-08-12T04:44:37.748+0000] {processor.py:914} INFO - Processing file /home/airflow/.local/lib/python3.12/site-packages/airflow/example_dags/example_params_trigger_ui.py for tasks to queue
[2026-08-12T04:44:37.754+0000] {logging_mixin.py:190} INFO - [2026-08-12T04:44:37.753+0000] {dagbag.py:587} INFO - Filling up the DagBag from /home/airflow/.local/lib/python3.12/site-packages/airflow/example_dags/example_params_trigger_ui.py
[2026-08-12T04:44:37.773+0000] {processor.py:925} INFO - DAG(s) 'example_params_trigger_ui' retrieved from /home/airflow/.local/lib/python3.12/site-packages/airflow/example_dags/example_params_trigger_ui.py
[2026-08-12T04:44:37.816+0000] {logging_mixin.py:190} INFO - [2026-08-12T04:44:37.815+0000] {dag.py:3211} INFO - Sync 1 DAGs
[2026-08-12T04:44:37.829+0000] {logging_mixin.py:190} INFO - [2026-08-12T04:44:37.829+0000] {dag.py:4138} INFO - Setting next_dagrun for example_params_trigger_ui to None, run_after=None
[2026-08-12T04:44:37.854+0000] {processor.py:208} INFO - Processing /home/airflow/.local/lib/python3.12/site-packages/airflow/example_dags/example_params_trigger_ui.py took 0.118 seconds
[2026-08-12T04:45:07.902+0000] {processor.py:186} INFO - Started process (PID=1567) to work on /home/airflow/.local/lib/python3.12/site-packages/airflow/example_dags/example_params_trigger_ui.py
[2026-08-12T04:45:07.903+0000] {processor.py:914} INFO - Processing file /home/airflow/.local/lib/python3.12/site-packages/airflow/example_dags/example_params_trigger_ui.py for tasks to queue
[2026-08-12T04:45:07.906+0000] {logging_mixin.py:190} INFO - [2026-08-12T04:45:07.905+0000] {dagbag.py:587} INFO - Filling up the DagBag from /home/airflow/.local/lib/python3.12/site-packages/airflow/example_dags/example_params_trigger_ui.py
[2026-08-12T04:45:07.917+0000] {processor.py:925} INFO - DAG(s) 'example_params_trigger_ui' retrieved from /home/airflow/.local/lib/python3.12/site-packages/airflow/example_dags/example_params_trigger_ui.py
[2026-08-12T04:45:07.961+0000] {logging_mixin.py:190} INFO - [2026-08-12T04:45:07.961+0000] {dag.py:3211} INFO - Sync 1 DAGs
[2026-08-12T04:45:07.977+0000] {logging_mixin.py:190} INFO - [2026-08-12T04:45:07.977+0000] {dag.py:4138} INFO - Setting next_dagrun for example_params_trigger_ui to None, run_after=None
[2026-08-12T04:45:07.997+0000] {processor.py:208} INFO - Processing /home/airflow/.local/lib/python3.12/site-packages/airflow/example_dags/example_params_trigger_ui.py took 0.101 seconds
[2026-08-12T04:45:38.710+0000] {processor.py:186} INFO - Started process (PID=1629) to work on /home/airflow/.local/lib/python3.12/site-packages/airflow/example_dags/example_params_trigger_ui.py
[2026-08-12T04:45:38.712+0000] {processor.py:914} INFO - Processing file /home/airflow/.local/lib/python3.12/site-packages/airflow/example_dags/example_params_trigger_ui.py for tasks to queue
[2026-08-12T04:45:38.717+0000] {logging_mixin.py:190} INFO - [2026-08-12T04:45:38.716+0000] {dagbag.py:587} INFO - Filling up the DagBag from /home/airflow/.local/lib/python3.12/site-packages/airflow/example_dags/example_params_trigger_ui.py
[2026-08-12T04:45:38.731+0000] {processor.py:925} INFO - DAG(s) 'example_params_trigger_ui' retrieved from /home/airflow/.local/lib/python3.12/site-packages/airflow/example_dags/example_params_trigger_ui.py
[2026-08-12T04:45:38.770+0000] {logging_mixin.py:190} INFO - [2026-08-12T04:45:38.770+0000] {dag.py:3211} INFO - Sync 1 DAGs
[2026-08-12T04:45:38.785+0000] {logging_mixin.py:190} INFO - [2026-08-12T04:45:38.785+0000] {dag.py:4138} INFO - Setting next_dagrun for example_params_trigger_ui to None, run_after=None
[2026-08-12T04:45:38.820+0000] {processor.py:208} INFO - Processing /home/airflow/.local/lib/python3.12/site-packages/airflow/example_dags/example_params_trigger_ui.py took 0.117 seconds
[2026-08-12T04:46:09.034+0000] {processor.py:186} INFO - Started process (PID=1691) to work on /home/airflow/.local/lib/python3.12/site-packages/airflow/example_dags/example_params_trigger_ui.py
[2026-08-12T04:46:09.036+0000] {processor.py:914} INFO - Processing file /home/airflow/.local/lib/python3.12/site-packages/airflow/example_dags/example_params_trigger_ui.py for tasks to queue
[2026-08-12T04:46:09.039+0000] {logging_mixin.py:190} INFO - [2026-08-12T04:46:09.038+0000] {dagbag.py:587} INFO - Filling up the DagBag from /home/airflow/.local/lib/python3.12/site-packages/airflow/example_dags/example_params_trigger_ui.py
[2026-08-12T04:46:09.052+0000] {processor.py:925} INFO - DAG(s) 'example_params_trigger_ui' retrieved from /home/airflow/.local/lib/python3.12/site-packages/airflow/example_dags/example_params_trigger_ui.py
[2026-08-12T04:46:09.098+0000] {logging_mixin.py:190} INFO - [2026-08-12T04:46:09.098+0000] {dag.py:3211} INFO - Sync 1 DAGs
[2026-08-12T04:46:09.113+0000] {logging_mixin.py:190} INFO - [2026-08-12T04:46:09.112+0000] {dag.py:4138} INFO - Setting next_dagrun for example_params_trigger_ui to None, run_after=None
[2026-08-12T04:46:09.134+0000] {processor.py:208} INFO - Processing /home/airflow/.local/lib/python3.12/site-packages/airflow/example_dags/example_params_trigger_ui.py took 0.105 seconds
[2026-08-12T04:46:39.694+0000] {processor.py:186} INFO - Started process (PID=1753) to work on /home/airflow/.local/lib/python3.12/site-packages/airflow/example_dags/example_params_trigger_ui.py
[2026-08-12T04:46:39.696+0000] {processor.py:914} INFO - Processing file /home/airflow/.local/lib/python3.12/site-packages/airflow/example_dags/example_params_trigger_ui.py for tasks to queue
[2026-08-12T04:46:39.700+0000] {logging_mixin.py:190} INFO - [2026-08-12T04:46:39.699+0000] {dagbag.py:587} INFO - Filling up the DagBag from /home/airflow/.local/lib/python3.12/site-packages/airflow/example_dags/example_params_trigger_ui.py
[2026-08-12T04:46:39.714+0000] {processor.py:925} INFO - DAG(s) 'example_params_trigger_ui' retrieved from /home/airflow/.local/lib/python3.12/site-packages/airflow/example_dags/example_params_trigger_ui.py
[2026-08-12T04:46:39.762+0000] {logging_mixin.py:190} INFO - [2026-08-12T04:46:39.762+0000] {dag.py:3211} INFO - Sync 1 DAGs
[2026-08-12T04:46:39.778+0000] {logging_mixin.py:190} INFO - [2026-08-12T04:46:39.777+0000] {dag.py:4138} INFO - Setting next_dagrun for example_params_trigger_ui to None, run_after=None
[2026-08-12T04:46:39.801+0000] {processor.py:208} INFO - Processing /home/airflow/.local/lib/python3.12/site-packages/airflow/example_dags/example_params_trigger_ui.py took 0.126 seconds
[2026-08-12T04:47:10.197+0000] {processor.py:186} INFO - Started process (PID=1815) to work on /home/airflow/.local/lib/python3.12/site-packages/airflow/example_dags/example_params_trigger_ui.py
[2026-08-12T04:47:10.199+0000] {processor.py:914} INFO - Processing file /home/airflow/.local/lib/python3.12/site-packages/airflow/example_dags/example_params_trigger_ui.py for tasks to queue
[2026-08-12T04:47:10.204+0000] {logging_mixin.py:190} INFO - [2026-08-12T04:47:10.203+0000] {dagbag.py:587} INFO - Filling up the DagBag from /home/airflow/.local/lib/python3.12/site-packages/airflow/example_dags/example_params_trigger_ui.py
[2026-08-12T04:47:10.219+0000] {processor.py:925} INFO - DAG(s) 'example_params_trigger_ui' retrieved from /home/airflow/.local/lib/python3.12/site-packages/airflow/example_dags/example_params_trigger_ui.py
[2026-08-12T04:47:10.261+0000] {logging_mixin.py:190} INFO - [2026-08-12T04:47:10.261+0000] {dag.py:3211} INFO - Sync 1 DAGs
[2026-08-12T04:47:10.275+0000] {logging_mixin.py:190} INFO - [2026-08-12T04:47:10.275+0000] {dag.py:4138} INFO - Setting next_dagrun for example_params_trigger_ui to None, run_after=None
[2026-08-12T04:47:10.297+0000] {processor.py:208} INFO - Processing /home/airflow/.local/lib/python3.12/site-packages/airflow/example_dags/example_params_trigger_ui.py took 0.106 seconds
[2026-08-12T04:47:40.521+0000] {processor.py:186} INFO - Started process (PID=1877) to work on /home/airflow/.local/lib/python3.12/site-packages/airflow/example_dags/example_params_trigger_ui.py
[2026-08-12T04:47:40.523+0000] {processor.py:914} INFO - Processing file /home/airflow/.local/lib/python3.12/site-packages/airflow/example_dags/example_params_trigger_ui.py for tasks to queue
[2026-08-12T04:47:40.526+0000] {logging_mixin.py:190} INFO - [2026-08-12T04:47:40.526+0000] {dagbag.py:587} INFO - Filling up the DagBag from /home/airflow/.local/lib/python3.12/site-packages/airflow/example_dags/example_params_trigger_ui.py
[2026-08-12T04:47:40.540+0000] {processor.py:925} INFO - DAG(s) 'example_params_trigger_ui' retrieved from /home/airflow/.local/lib/python3.12/site-packages/airflow/example_dags/example_params_trigger_ui.py
[2026-08-12T04:47:40.584+0000] {logging_mixin.py:190} INFO - [2026-08-12T04:47:40.584+0000] {dag.py:3211} INFO - Sync 1 DAGs
[2026-08-12T04:47:40.599+0000] {logging_mixin.py:190} INFO - [2026-08-12T04:47:40.599+0000] {dag.py:4138} INFO - Setting next_dagrun for example_params_trigger_ui to None, run_after=None
[2026-08-12T04:47:40.619+0000] {processor.py:208} INFO - Processing /home/airflow/.local/lib/python3.12/site-packages/airflow/example_dags/example_params_trigger_ui.py took 0.105 seconds
[2026-08-12T04:48:11.460+0000] {processor.py:186} INFO - Started process (PID=1939) to work on /home/airflow/.local/lib/python3.12/site-packages/airflow/example_dags/example_params_trigger_ui.py
[2026-08-12T04:48:11.462+0000] {processor.py:914} INFO - Processing file /home/airflow/.local/lib/python3.12/site-packages/airflow/example_dags/example_params_trigger_ui.py for tasks to queue
[2026-08-12T04:48:11.466+0000] {logging_mixin.py:190} INFO - [2026-08-12T04:48:11.466+0000] {dagbag.py:587} INFO - Filling up the DagBag from /home/airflow/.local/lib/python3.12/site-packages/airflow/example_dags/example_params_trigger_ui.py
[2026-08-12T04:48:11.480+0000] {processor.py:925} INFO - DAG(s) 'example_params_trigger_ui' retrieved from /home/airflow/.local/lib/python3.12/site-packages/airflow/example_dags/example_params_trigger_ui.py
[2026-08-12T04:48:11.544+0000] {logging_mixin.py:190} INFO - [2026-08-12T04:48:11.544+0000] {dag.py:3211} INFO - Sync 1 DAGs
[2026-08-12T04:48:11.566+0000] {logging_mixin.py:190} INFO - [2026-08-12T04:48:11.566+0000] {dag.py:4138} INFO - Setting next_dagrun for example_params_trigger_ui to None, run_after=None
[2026-08-12T04:48:11.589+0000] {processor.py:208} INFO - Processing /home/airflow/.local/lib/python3.12/site-packages/airflow/example_dags/example_params_trigger_ui.py took 0.135 seconds
[2026-08-12T04:48:42.024+0000] {processor.py:186} INFO - Started process (PID=2001) to work on /home/airflow/.local/lib/python3.12/site-packages/airflow/example_dags/example_params_trigger_ui.py
[2026-08-12T04:48:42.026+0000] {processor.py:914} INFO - Processing file /home/airflow/.local/lib/python3.12/site-packages/airflow/example_dags/example_params_trigger_ui.py for tasks to queue
[2026-08-12T04:48:42.031+0000] {logging_mixin.py:190} INFO - [2026-08-12T04:48:42.030+0000] {dagbag.py:587} INFO - Filling up the DagBag from /home/airflow/.local/lib/python3.12/site-packages/airflow/example_dags/example_params_trigger_ui.py
[2026-08-12T04:48:42.049+0000] {processor.py:925} INFO - DAG(s) 'example_params_trigger_ui' retrieved from /home/airflow/.local/lib/python3.12/site-packages/airflow/example_dags/example_params_trigger_ui.py
[2026-08-12T04:48:42.111+0000] {logging_mixin.py:190} INFO - [2026-08-12T04:48:42.110+0000] {dag.py:3211} INFO - Sync 1 DAGs
[2026-08-12T04:48:42.132+0000] {logging_mixin.py:190} INFO - [2026-08-12T04:48:42.131+0000] {dag.py:4138} INFO - Setting next_dagrun for example_params_trigger_ui to None, run_after=None
[2026-08-12T04:48:42.160+0000] {processor.py:208} INFO - Processing /home/airflow/.local/lib/python3.12/site-packages/airflow/example_dags/example_params_trigger_ui.py took 0.143 seconds
[2026-08-12T04:49:13.288+0000] {processor.py:186} INFO - Started process (PID=2063) to work on /home/airflow/.local/lib/python3.12/site-packages/airflow/example_dags/example_params_trigger_ui.py
[2026-08-12T04:49:13.290+0000] {processor.py:914} INFO - Processing file /home/airflow/.local/lib/python3.12/site-packages/airflow/example_dags/example_params_trigger_ui.py for tasks to queue
[2026-08-12T04:49:13.293+0000] {logging_mixin.py:190} INFO - [2026-08-12T04:49:13.293+0000] {dagbag.py:587} INFO - Filling up the DagBag from /home/airflow/.local/lib/python3.12/site-packages/airflow/example_dags/example_params_trigger_ui.py
[2026-08-12T04:49:13.304+0000] {processor.py:925} INFO - DAG(s) 'example_params_trigger_ui' retrieved from /home/airflow/.local/lib/python3.12/site-packages/airflow/example_dags/example_params_trigger_ui.py
[2026-08-12T04:49:13.344+0000] {logging_mixin.py:190} INFO - [2026-08-12T04:49:13.344+0000] {dag.py:3211} INFO - Sync 1 DAGs
[2026-08-12T04:49:13.358+0000] {logging_mixin.py:190} INFO - [2026-08-12T04:49:13.358+0000] {dag.py:4138} INFO - Setting next_dagrun for example_params_trigger_ui to None, run_after=None
[2026-08-12T04:49:13.379+0000] {processor.py:208} INFO - Processing /home/airflow/.local/lib/python3.12/site-packages/airflow/example_dags/example_params_trigger_ui.py took 0.097 seconds
[2026-08-12T04:49:43.525+0000] {processor.py:186} INFO - Started process (PID=2125) to work on /home/airflow/.local/lib/python3.12/site-packages/airflow/example_dags/example_params_trigger_ui.py
[2026-08-12T04:49:43.526+0000] {processor.py:914} INFO - Processing file /home/airflow/.local/lib/python3.12/site-packages/airflow/example_dags/example_params_trigger_ui.py for tasks to queue
[2026-08-12T04:49:43.543+0000] {logging_mixin.py:190} INFO - [2026-08-12T04:49:43.542+0000] {dagbag.py:587} INFO - Filling up the DagBag from /home/airflow/.local/lib/python3.12/site-packages/airflow/example_dags/example_params_trigger_ui.py
[2026-08-12T04:49:43.555+0000] {processor.py:925} INFO - DAG(s) 'example_params_trigger_ui' retrieved from /home/airflow/.local/lib/python3.12/site-packages/airflow/example_dags/example_params_trigger_ui.py
[2026-08-12T04:49:43.634+0000] {logging_mixin.py:190} INFO - [2026-08-12T04:49:43.633+0000] {dag.py:3211} INFO - Sync 1 DAGs
[2026-08-12T04:49:43.664+0000] {logging_mixin.py:190} INFO - [2026-08-12T04:49:43.663+0000] {dag.py:4138} INFO - Setting next_dagrun for example_params_trigger_ui to None, run_after=None
[2026-08-12T04:49:43.708+0000] {processor.py:208} INFO - Processing /home/airflow/.local/lib/python3.12/site-packages/airflow/example_dags/example_params_trigger_ui.py took 0.189 seconds
[2026-08-12T04:50:14.389+0000] {processor.py:186} INFO - Started process (PID=2187) to work on /home/airflow/.local/lib/python3.12/site-packages/airflow/example_dags/example_params_trigger_ui.py
[2026-08-12T04:50:14.391+0000] {processor.py:914} INFO - Processing file /home/airflow/.local/lib/python3.12/site-packages/airflow/example_dags/example_params_trigger_ui.py for tasks to queue
[2026-08-12T04:50:14.395+0000] {logging_mixin.py:190} INFO - [2026-08-12T04:50:14.395+0000] {dagbag.py:587} INFO - Filling up the DagBag from /home/airflow/.local/lib/python3.12/site-packages/airflow/example_dags/example_params_trigger_ui.py
[2026-08-12T04:50:14.410+0000] {processor.py:925} INFO - DAG(s) 'example_params_trigger_ui' retrieved from /home/airflow/.local/lib/python3.12/site-packages/airflow/example_dags/example_params_trigger_ui.py
[2026-08-12T04:50:14.467+0000] {logging_mixin.py:190} INFO - [2026-08-12T04:50:14.466+0000] {dag.py:3211} INFO - Sync 1 DAGs
[2026-08-12T04:50:14.483+0000] {logging_mixin.py:190} INFO - [2026-08-12T04:50:14.483+0000] {dag.py:4138} INFO - Setting next_dagrun for example_params_trigger_ui to None, run_after=None
[2026-08-12T04:50:14.502+0000] {processor.py:208} INFO - Processing /home/airflow/.local/lib/python3.12/site-packages/airflow/example_dags/example_params_trigger_ui.py took 0.119 seconds
[2026-08-12T04:50:44.700+0000] {processor.py:186} INFO - Started process (PID=2249) to work on /home/airflow/.local/lib/python3.12/site-packages/airflow/example_dags/example_params_trigger_ui.py
[2026-08-12T04:50:44.702+0000] {processor.py:914} INFO - Processing file /home/airflow/.local/lib/python3.12/site-packages/airflow/example_dags/example_params_trigger_ui.py for tasks to queue
[2026-08-12T04:50:44.706+0000] {logging_mixin.py:190} INFO - [2026-08-12T04:50:44.705+0000] {dagbag.py:587} INFO - Filling up the DagBag from /home/airflow/.local/lib/python3.12/site-packages/airflow/example_dags/example_params_trigger_ui.py
[2026-08-12T04:50:44.719+0000] {processor.py:925} INFO - DAG(s) 'example_params_trigger_ui' retrieved from /home/airflow/.local/lib/python3.12/site-packages/airflow/example_dags/example_params_trigger_ui.py
[2026-08-12T04:50:44.770+0000] {logging_mixin.py:190} INFO - [2026-08-12T04:50:44.770+0000] {dag.py:3211} INFO - Sync 1 DAGs
[2026-08-12T04:50:44.787+0000] {logging_mixin.py:190} INFO - [2026-08-12T04:50:44.787+0000] {dag.py:4138} INFO - Setting next_dagrun for example_params_trigger_ui to None, run_after=None
[2026-08-12T04:50:44.812+0000] {processor.py:208} INFO - Processing /home/airflow/.local/lib/python3.12/site-packages/airflow/example_dags/example_params_trigger_ui.py took 0.119 seconds
[2026-08-12T04:51:15.622+0000] {processor.py:186} INFO - Started process (PID=2311) to work on /home/airflow/.local/lib/python3.12/site-packages/airflow/example_dags/example_params_trigger_ui.py
[2026-08-12T04:51:15.624+0000] {processor.py:914} INFO - Processing file /home/airflow/.local/lib/python3.12/site-packages/airflow/example_dags/example_params_trigger_ui.py for tasks to queue
[2026-08-12T04:51:15.627+0000] {logging_mixin.py:190} INFO - [2026-08-12T04:51:15.626+0000] {dagbag.py:587} INFO - Filling up the DagBag from /home/airflow/.local/lib/python3.12/site-packages/airflow/example_dags/example_params_trigger_ui.py
[2026-08-12T04:51:15.639+0000] {processor.py:925} INFO - DAG(s) 'example_params_trigger_ui' retrieved from /home/airflow/.local/lib/python3.12/site-packages/airflow/example_dags/example_params_trigger_ui.py
[2026-08-12T04:51:15.680+0000] {logging_mixin.py:190} INFO - [2026-08-12T04:51:15.679+0000] {dag.py:3211} INFO - Sync 1 DAGs
[2026-08-12T04:51:15.700+0000] {logging_mixin.py:190} INFO - [2026-08-12T04:51:15.700+0000] {dag.py:4138} INFO - Setting next_dagrun for example_params_trigger_ui to None, run_after=None
[2026-08-12T04:51:15.723+0000] {processor.py:208} INFO - Processing /home/airflow/.local/lib/python3.12/site-packages/airflow/example_dags/example_params_trigger_ui.py took 0.106 seconds
[2026-08-12T04:51:46.717+0000] {processor.py:186} INFO - Started process (PID=2373) to work on /home/airflow/.local/lib/python3.12/site-packages/airflow/example_dags/example_params_trigger_ui.py
[2026-08-12T04:51:46.718+0000] {processor.py:914} INFO - Processing file /home/airflow/.local/lib/python3.12/site-packages/airflow/example_dags/example_params_trigger_ui.py for tasks to queue
[2026-08-12T04:51:46.722+0000] {logging_mixin.py:190} INFO - [2026-08-12T04:51:46.721+0000] {dagbag.py:587} INFO - Filling up the DagBag from /home/airflow/.local/lib/python3.12/site-packages/airflow/example_dags/example_params_trigger_ui.py
[2026-08-12T04:51:46.734+0000] {processor.py:925} INFO - DAG(s) 'example_params_trigger_ui' retrieved from /home/airflow/.local/lib/python3.12/site-packages/airflow/example_dags/example_params_trigger_ui.py
[2026-08-12T04:51:46.781+0000] {logging_mixin.py:190} INFO - [2026-08-12T04:51:46.781+0000] {dag.py:3211} INFO - Sync 1 DAGs
[2026-08-12T04:51:46.796+0000] {logging_mixin.py:190} INFO - [2026-08-12T04:51:46.796+0000] {dag.py:4138} INFO - Setting next_dagrun for example_params_trigger_ui to None, run_after=None
[2026-08-12T04:51:46.820+0000] {processor.py:208} INFO - Processing /home/airflow/.local/lib/python3.12/site-packages/airflow/example_dags/example_params_trigger_ui.py took 0.109 seconds
[2026-08-12T04:52:17.382+0000] {processor.py:186} INFO - Started process (PID=2435) to work on /home/airflow/.local/lib/python3.12/site-packages/airflow/example_dags/example_params_trigger_ui.py
[2026-08-12T04:52:17.383+0000] {processor.py:914} INFO - Processing file /home/airflow/.local/lib/python3.12/site-packages/airflow/example_dags/example_params_trigger_ui.py for tasks to queue
[2026-08-12T04:52:17.386+0000] {logging_mixin.py:190} INFO - [2026-08-12T04:52:17.385+0000] {dagbag.py:587} INFO - Filling up the DagBag from /home/airflow/.local/lib/python3.12/site-packages/airflow/example_dags/example_params_trigger_ui.py
[2026-08-12T04:52:17.398+0000] {processor.py:925} INFO - DAG(s) 'example_params_trigger_ui' retrieved from /home/airflow/.local/lib/python3.12/site-packages/airflow/example_dags/example_params_trigger_ui.py
[2026-08-12T04:52:17.435+0000] {logging_mixin.py:190} INFO - [2026-08-12T04:52:17.435+0000] {dag.py:3211} INFO - Sync 1 DAGs
[2026-08-12T04:52:17.449+0000] {logging_mixin.py:190} INFO - [2026-08-12T04:52:17.449+0000] {dag.py:4138} INFO - Setting next_dagrun for example_params_trigger_ui to None, run_after=None
[2026-08-12T04:52:17.469+0000] {processor.py:208} INFO - Processing /home/airflow/.local/lib/python3.12/site-packages/airflow/example_dags/example_params_trigger_ui.py took 0.094 seconds
[2026-08-12T04:52:48.633+0000] {processor.py:186} INFO - Started process (PID=2497) to work on /home/airflow/.local/lib/python3.12/site-packages/airflow/example_dags/example_params_trigger_ui.py
[2026-08-12T04:52:48.634+0000] {processor.py:914} INFO - Processing file /home/airflow/.local/lib/python3.12/site-packages/airflow/example_dags/example_params_trigger_ui.py for tasks to queue
[2026-08-12T04:52:48.637+0000] {logging_mixin.py:190} INFO - [2026-08-12T04:52:48.637+0000] {dagbag.py:587} INFO - Filling up the DagBag from /home/airflow/.local/lib/python3.12/site-packages/airflow/example_dags/example_params_trigger_ui.py
[2026-08-12T04:52:48.649+0000] {processor.py:925} INFO - DAG(s) 'example_params_trigger_ui' retrieved from /home/airflow/.local/lib/python3.12/site-packages/airflow/example_dags/example_params_trigger_ui.py
[2026-08-12T04:52:48.690+0000] {logging_mixin.py:190} INFO - [2026-08-12T04:52:48.690+0000] {dag.py:3211} INFO - Sync 1 DAGs
[2026-08-12T04:52:48.704+0000] {logging_mixin.py:190} INFO - [2026-08-12T04:52:48.703+0000] {dag.py:4138} INFO - Setting next_dagrun for example_params_trigger_ui to None, run_after=None
[2026-08-12T04:52:48.723+0000] {processor.py:208} INFO - Processing /home/airflow/.local/lib/python3.12/site-packages/airflow/example_dags/example_params_trigger_ui.py took 0.097 seconds
[2026-08-12T04:53:19.433+0000] {processor.py:186} INFO - Started process (PID=2560) to work on /home/airflow/.local/lib/python3.12/site-packages/airflow/example_dags/example_params_trigger_ui.py
[2026-08-12T04:53:19.434+0000] {processor.py:914} INFO - Processing file /home/airflow/.local/lib/python3.12/site-packages/airflow/example_dags/example_params_trigger_ui.py for tasks to queue
[2026-08-12T04:53:19.438+0000] {logging_mixin.py:190} INFO - [2026-08-12T04:53:19.437+0000] {dagbag.py:587} INFO - Filling up the DagBag from /home/airflow/.local/lib/python3.12/site-packages/airflow/example_dags/example_params_trigger_ui.py
[2026-08-12T04:53:19.449+0000] {processor.py:925} INFO - DAG(s) 'example_params_trigger_ui' retrieved from /home/airflow/.local/lib/python3.12/site-packages/airflow/example_dags/example_params_trigger_ui.py
[2026-08-12T04:53:19.492+0000] {logging_mixin.py:190} INFO - [2026-08-12T04:53:19.492+0000] {dag.py:3211} INFO - Sync 1 DAGs
[2026-08-12T04:53:19.506+0000] {logging_mixin.py:190} INFO - [2026-08-12T04:53:19.506+0000] {dag.py:4138} INFO - Setting next_dagrun for example_params_trigger_ui to None, run_after=None
[2026-08-12T04:53:19.527+0000] {processor.py:208} INFO - Processing /home/airflow/.local/lib/python3.12/site-packages/airflow/example_dags/example_params_trigger_ui.py took 0.099 seconds
[2026-08-12T04:53:49.938+0000] {processor.py:186} INFO - Started process (PID=2623) to work on /home/airflow/.local/lib/python3.12/site-packages/airflow/example_dags/example_params_trigger_ui.py
[2026-08-12T04:53:49.940+0000] {processor.py:914} INFO - Processing file /home/airflow/.local/lib/python3.12/site-packages/airflow/example_dags/example_params_trigger_ui.py for tasks to queue
[2026-08-12T04:53:49.943+0000] {logging_mixin.py:190} INFO - [2026-08-12T04:53:49.942+0000] {dagbag.py:587} INFO - Filling up the DagBag from /home/airflow/.local/lib/python3.12/site-packages/airflow/example_dags/example_params_trigger_ui.py
[2026-08-12T04:53:49.956+0000] {processor.py:925} INFO - DAG(s) 'example_params_trigger_ui' retrieved from /home/airflow/.local/lib/python3.12/site-packages/airflow/example_dags/example_params_trigger_ui.py
[2026-08-12T04:53:50.003+0000] {logging_mixin.py:190} INFO - [2026-08-12T04:53:50.003+0000] {dag.py:3211} INFO - Sync 1 DAGs
[2026-08-12T04:53:50.018+0000] {logging_mixin.py:190} INFO - [2026-08-12T04:53:50.018+0000] {dag.py:4138} INFO - Setting next_dagrun for example_params_trigger_ui to None, run_after=None
[2026-08-12T04:53:50.040+0000] {processor.py:208} INFO - Processing /home/airflow/.local/lib/python3.12/site-packages/airflow/example_dags/example_params_trigger_ui.py took 0.108 seconds
[2026-08-12T04:54:20.121+0000] {processor.py:186} INFO - Started process (PID=2686) to work on /home/airflow/.local/lib/python3.12/site-packages/airflow/example_dags/example_params_trigger_ui.py
[2026-08-12T04:54:20.123+0000] {processor.py:914} INFO - Processing file /home/airflow/.local/lib/python3.12/site-packages/airflow/example_dags/example_params_trigger_ui.py for tasks to queue
[2026-08-12T04:54:20.127+0000] {logging_mixin.py:190} INFO - [2026-08-12T04:54:20.127+0000] {dagbag.py:587} INFO - Filling up the DagBag from /home/airflow/.local/lib/python3.12/site-packages/airflow/example_dags/example_params_trigger_ui.py
[2026-08-12T04:54:20.140+0000] {processor.py:925} INFO - DAG(s) 'example_params_trigger_ui' retrieved from /home/airflow/.local/lib/python3.12/site-packages/airflow/example_dags/example_params_trigger_ui.py
[2026-08-12T04:54:20.183+0000] {logging_mixin.py:190} INFO - [2026-08-12T04:54:20.182+0000] {dag.py:3211} INFO - Sync 1 DAGs
[2026-08-12T04:54:20.200+0000] {logging_mixin.py:190} INFO - [2026-08-12T04:54:20.199+0000] {dag.py:4138} INFO - Setting next_dagrun for example_params_trigger_ui to None, run_after=None
[2026-08-12T04:54:20.220+0000] {processor.py:208} INFO - Processing /home/airflow/.local/lib/python3.12/site-packages/airflow/example_dags/example_params_trigger_ui.py took 0.106 seconds
[2026-08-12T04:54:50.824+0000] {processor.py:186} INFO - Started process (PID=2749) to work on /home/airflow/.local/lib/python3.12/site-packages/airflow/example_dags/example_params_trigger_ui.py
[2026-08-12T04:54:50.826+0000] {processor.py:914} INFO - Processing file /home/airflow/.local/lib/python3.12/site-packages/airflow/example_dags/example_params_trigger_ui.py for tasks to queue
[2026-08-12T04:54:50.829+0000] {logging_mixin.py:190} INFO - [2026-08-12T04:54:50.829+0000] {dagbag.py:587} INFO - Filling up the DagBag from /home/airflow/.local/lib/python3.12/site-packages/airflow/example_dags/example_params_trigger_ui.py
[2026-08-12T04:54:50.843+0000] {processor.py:925} INFO - DAG(s) 'example_params_trigger_ui' retrieved from /home/airflow/.local/lib/python3.12/site-packages/airflow/example_dags/example_params_trigger_ui.py
[2026-08-12T04:54:50.882+0000] {logging_mixin.py:190} INFO - [2026-08-12T04:54:50.882+0000] {dag.py:3211} INFO - Sync 1 DAGs
[2026-08-12T04:54:50.898+0000] {logging_mixin.py:190} INFO - [2026-08-12T04:54:50.897+0000] {dag.py:4138} INFO - Setting next_dagrun for example_params_trigger_ui to None, run_after=None
[2026-08-12T04:54:50.919+0000] {processor.py:208} INFO - Processing /home/airflow/.local/lib/python3.12/site-packages/airflow/example_dags/example_params_trigger_ui.py took 0.101 seconds
[2026-08-12T04:55:21.574+0000] {processor.py:186} INFO - Started process (PID=2812) to work on /home/airflow/.local/lib/python3.12/site-packages/airflow/example_dags/example_params_trigger_ui.py
[2026-08-12T04:55:21.575+0000] {processor.py:914} INFO - Processing file /home/airflow/.local/lib/python3.12/site-packages/airflow/example_dags/example_params_trigger_ui.py for tasks to queue
[2026-08-12T04:55:21.578+0000] {logging_mixin.py:190} INFO - [2026-08-12T04:55:21.578+0000] {dagbag.py:587} INFO - Filling up the DagBag from /home/airflow/.local/lib/python3.12/site-packages/airflow/example_dags/example_params_trigger_ui.py
[2026-08-12T04:55:21.589+0000] {processor.py:925} INFO - DAG(s) 'example_params_trigger_ui' retrieved from /home/airflow/.local/lib/python3.12/site-packages/airflow/example_dags/example_params_trigger_ui.py
[2026-08-12T04:55:21.628+0000] {logging_mixin.py:190} INFO - [2026-08-12T04:55:21.628+0000] {dag.py:3211} INFO - Sync 1 DAGs
[2026-08-12T04:55:21.643+0000] {logging_mixin.py:190} INFO - [2026-08-12T04:55:21.643+0000] {dag.py:4138} INFO - Setting next_dagrun for example_params_trigger_ui to None, run_after=None
[2026-08-12T04:55:21.677+0000] {processor.py:208} INFO - Processing /home/airflow/.local/lib/python3.12/site-packages/airflow/example_dags/example_params_trigger_ui.py took 0.108 seconds
[2026-08-12T04:55:52.225+0000] {processor.py:186} INFO - Started process (PID=2875) to work on /home/airflow/.local/lib/python3.12/site-packages/airflow/example_dags/example_params_trigger_ui.py
[2026-08-12T04:55:52.226+0000] {processor.py:914} INFO - Processing file /home/airflow/.local/lib/python3.12/site-packages/airflow/example_dags/example_params_trigger_ui.py for tasks to queue
[2026-08-12T04:55:52.229+0000] {logging_mixin.py:190} INFO - [2026-08-12T04:55:52.229+0000] {dagbag.py:587} INFO - Filling up the DagBag from /home/airflow/.local/lib/python3.12/site-packages/airflow/example_dags/example_params_trigger_ui.py
[2026-08-12T04:55:52.241+0000] {processor.py:925} INFO - DAG(s) 'example_params_trigger_ui' retrieved from /home/airflow/.local/lib/python3.12/site-packages/airflow/example_dags/example_params_trigger_ui.py
[2026-08-12T04:55:52.284+0000] {logging_mixin.py:190} INFO - [2026-08-12T04:55:52.284+0000] {dag.py:3211} INFO - Sync 1 DAGs
[2026-08-12T04:55:52.302+0000] {logging_mixin.py:190} INFO - [2026-08-12T04:55:52.302+0000] {dag.py:4138} INFO - Setting next_dagrun for example_params_trigger_ui to None, run_after=None
[2026-08-12T04:55:52.336+0000] {processor.py:208} INFO - Processing /home/airflow/.local/lib/python3.12/site-packages/airflow/example_dags/example_params_trigger_ui.py took 0.116 seconds
[2026-08-12T04:56:23.052+0000] {processor.py:186} INFO - Started process (PID=2938) to work on /home/airflow/.local/lib/python3.12/site-packages/airflow/example_dags/example_params_trigger_ui.py
[2026-08-12T04:56:23.053+0000] {processor.py:914} INFO - Processing file /home/airflow/.local/lib/python3.12/site-packages/airflow/example_dags/example_params_trigger_ui.py for tasks to queue
[2026-08-12T04:56:23.057+0000] {logging_mixin.py:190} INFO - [2026-08-12T04:56:23.057+0000] {dagbag.py:587} INFO - Filling up the DagBag from /home/airflow/.local/lib/python3.12/site-packages/airflow/example_dags/example_params_trigger_ui.py
[2026-08-12T04:56:23.069+0000] {processor.py:925} INFO - DAG(s) 'example_params_trigger_ui' retrieved from /home/airflow/.local/lib/python3.12/site-packages/airflow/example_dags/example_params_trigger_ui.py
[2026-08-12T04:56:23.113+0000] {logging_mixin.py:190} INFO - [2026-08-12T04:56:23.112+0000] {dag.py:3211} INFO - Sync 1 DAGs
[2026-08-12T04:56:23.127+0000] {logging_mixin.py:190} INFO - [2026-08-12T04:56:23.127+0000] {dag.py:4138} INFO - Setting next_dagrun for example_params_trigger_ui to None, run_after=None
[2026-08-12T04:56:23.146+0000] {processor.py:208} INFO - Processing /home/airflow/.local/lib/python3.12/site-packages/airflow/example_dags/example_params_trigger_ui.py took 0.100 seconds
[2026-08-12T04:56:53.965+0000] {processor.py:186} INFO - Started process (PID=3001) to work on /home/airflow/.local/lib/python3.12/site-packages/airflow/example_dags/example_params_trigger_ui.py
[2026-08-12T04:56:53.967+0000] {processor.py:914} INFO - Processing file /home/airflow/.local/lib/python3.12/site-packages/airflow/example_dags/example_params_trigger_ui.py for tasks to queue
[2026-08-12T04:56:53.970+0000] {logging_mixin.py:190} INFO - [2026-08-12T04:56:53.969+0000] {dagbag.py:587} INFO - Filling up the DagBag from /home/airflow/.local/lib/python3.12/site-packages/airflow/example_dags/example_params_trigger_ui.py
[2026-08-12T04:56:53.981+0000] {processor.py:925} INFO - DAG(s) 'example_params_trigger_ui' retrieved from /home/airflow/.local/lib/python3.12/site-packages/airflow/example_dags/example_params_trigger_ui.py
[2026-08-12T04:56:54.021+0000] {logging_mixin.py:190} INFO - [2026-08-12T04:56:54.021+0000] {dag.py:3211} INFO - Sync 1 DAGs
[2026-08-12T04:56:54.036+0000] {logging_mixin.py:190} INFO - [2026-08-12T04:56:54.035+0000] {dag.py:4138} INFO - Setting next_dagrun for example_params_trigger_ui to None, run_after=None
[2026-08-12T04:56:54.057+0000] {processor.py:208} INFO - Processing /home/airflow/.local/lib/python3.12/site-packages/airflow/example_dags/example_params_trigger_ui.py took 0.097 seconds
[2026-08-12T04:57:24.679+0000] {processor.py:186} INFO - Started process (PID=3064) to work on /home/airflow/.local/lib/python3.12/site-packages/airflow/example_dags/example_params_trigger_ui.py
[2026-08-12T04:57:24.681+0000] {processor.py:914} INFO - Processing file /home/airflow/.local/lib/python3.12/site-packages/airflow/example_dags/example_params_trigger_ui.py for tasks to queue
[2026-08-12T04:57:24.684+0000] {logging_mixin.py:190} INFO - [2026-08-12T04:57:24.683+0000] {dagbag.py:587} INFO - Filling up the DagBag from /home/airflow/.local/lib/python3.12/site-packages/airflow/example_dags/example_params_trigger_ui.py
[2026-08-12T04:57:24.699+0000] {processor.py:925} INFO - DAG(s) 'example_params_trigger_ui' retrieved from /home/airflow/.local/lib/python3.12/site-packages/airflow/example_dags/example_params_trigger_ui.py
[2026-08-12T04:57:24.746+0000] {logging_mixin.py:190} INFO - [2026-08-12T04:57:24.746+0000] {dag.py:3211} INFO - Sync 1 DAGs
[2026-08-12T04:57:24.774+0000] {logging_mixin.py:190} INFO - [2026-08-12T04:57:24.774+0000] {dag.py:4138} INFO - Setting next_dagrun for example_params_trigger_ui to None, run_after=None
[2026-08-12T04:57:24.797+0000] {processor.py:208} INFO - Processing /home/airflow/.local/lib/python3.12/site-packages/airflow/example_dags/example_params_trigger_ui.py took 0.124 seconds
[2026-08-12T04:57:55.830+0000] {processor.py:186} INFO - Started process (PID=3127) to work on /home/airflow/.local/lib/python3.12/site-packages/airflow/example_dags/example_params_trigger_ui.py
[2026-08-12T04:57:55.831+0000] {processor.py:914} INFO - Processing file /home/airflow/.local/lib/python3.12/site-packages/airflow/example_dags/example_params_trigger_ui.py for tasks to queue
[2026-08-12T04:57:55.834+0000] {logging_mixin.py:190} INFO - [2026-08-12T04:57:55.834+0000] {dagbag.py:587} INFO - Filling up the DagBag from /home/airflow/.local/lib/python3.12/site-packages/airflow/example_dags/example_params_trigger_ui.py
[2026-08-12T04:57:55.845+0000] {processor.py:925} INFO - DAG(s) 'example_params_trigger_ui' retrieved from /home/airflow/.local/lib/python3.12/site-packages/airflow/example_dags/example_params_trigger_ui.py
[2026-08-12T04:57:55.887+0000] {logging_mixin.py:190} INFO - [2026-08-12T04:57:55.881+0000] {dag.py:3211} INFO - Sync 1 DAGs
[2026-08-12T04:57:55.906+0000] {logging_mixin.py:190} INFO - [2026-08-12T04:57:55.906+0000] {dag.py:4138} INFO - Setting next_dagrun for example_params_trigger_ui to None, run_after=None
[2026-08-12T04:57:55.926+0000] {processor.py:208} INFO - Processing /home/airflow/.local/lib/python3.12/site-packages/airflow/example_dags/example_params_trigger_ui.py took 0.102 seconds
[2026-08-12T04:58:26.010+0000] {processor.py:186} INFO - Started process (PID=3190) to work on /home/airflow/.local/lib/python3.12/site-packages/airflow/example_dags/example_params_trigger_ui.py
[2026-08-12T04:58:26.012+0000] {processor.py:914} INFO - Processing file /home/airflow/.local/lib/python3.12/site-packages/airflow/example_dags/example_params_trigger_ui.py for tasks to queue
[2026-08-12T04:58:26.015+0000] {logging_mixin.py:190} INFO - [2026-08-12T04:58:26.015+0000] {dagbag.py:587} INFO - Filling up the DagBag from /home/airflow/.local/lib/python3.12/site-packages/airflow/example_dags/example_params_trigger_ui.py
[2026-08-12T04:58:26.027+0000] {processor.py:925} INFO - DAG(s) 'example_params_trigger_ui' retrieved from /home/airflow/.local/lib/python3.12/site-packages/airflow/example_dags/example_params_trigger_ui.py
[2026-08-12T04:58:26.074+0000] {logging_mixin.py:190} INFO - [2026-08-12T04:58:26.074+0000] {dag.py:3211} INFO - Sync 1 DAGs
[2026-08-12T04:58:26.090+0000] {logging_mixin.py:190} INFO - [2026-08-12T04:58:26.090+0000] {dag.py:4138} INFO - Setting next_dagrun for example_params_trigger_ui to None, run_after=None
[2026-08-12T04:58:26.111+0000] {processor.py:208} INFO - Processing /home/airflow/.local/lib/python3.12/site-packages/airflow/example_dags/example_params_trigger_ui.py took 0.106 seconds
[2026-08-12T04:58:56.157+0000] {processor.py:186} INFO - Started process (PID=3252) to work on /home/airflow/.local/lib/python3.12/site-packages/airflow/example_dags/example_params_trigger_ui.py
[2026-08-12T04:58:56.158+0000] {processor.py:914} INFO - Processing file /home/airflow/.local/lib/python3.12/site-packages/airflow/example_dags/example_params_trigger_ui.py for tasks to queue
[2026-08-12T04:58:56.162+0000] {logging_mixin.py:190} INFO - [2026-08-12T04:58:56.161+0000] {dagbag.py:587} INFO - Filling up the DagBag from /home/airflow/.local/lib/python3.12/site-packages/airflow/example_dags/example_params_trigger_ui.py
[2026-08-12T04:58:56.176+0000] {processor.py:925} INFO - DAG(s) 'example_params_trigger_ui' retrieved from /home/airflow/.local/lib/python3.12/site-packages/airflow/example_dags/example_params_trigger_ui.py
[2026-08-12T04:58:56.222+0000] {logging_mixin.py:190} INFO - [2026-08-12T04:58:56.222+0000] {dag.py:3211} INFO - Sync 1 DAGs
[2026-08-12T04:58:56.239+0000] {logging_mixin.py:190} INFO - [2026-08-12T04:58:56.239+0000] {dag.py:4138} INFO - Setting next_dagrun for example_params_trigger_ui to None, run_after=None
[2026-08-12T04:58:56.261+0000] {processor.py:208} INFO - Processing /home/airflow/.local/lib/python3.12/site-packages/airflow/example_dags/example_params_trigger_ui.py took 0.111 seconds
[2026-08-12T04:59:28.249+0000] {processor.py:186} INFO - Started process (PID=3323) to work on /home/airflow/.local/lib/python3.12/site-packages/airflow/example_dags/example_params_trigger_ui.py
[2026-08-12T04:59:28.251+0000] {processor.py:914} INFO - Processing file /home/airflow/.local/lib/python3.12/site-packages/airflow/example_dags/example_params_trigger_ui.py for tasks to queue
[2026-08-12T04:59:28.256+0000] {logging_mixin.py:190} INFO - [2026-08-12T04:59:28.255+0000] {dagbag.py:587} INFO - Filling up the DagBag from /home/airflow/.local/lib/python3.12/site-packages/airflow/example_dags/example_params_trigger_ui.py
[2026-08-12T04:59:28.273+0000] {processor.py:925} INFO - DAG(s) 'example_params_trigger_ui' retrieved from /home/airflow/.local/lib/python3.12/site-packages/airflow/example_dags/example_params_trigger_ui.py
[2026-08-12T04:59:28.315+0000] {logging_mixin.py:190} INFO - [2026-08-12T04:59:28.315+0000] {dag.py:3211} INFO - Sync 1 DAGs
[2026-08-12T04:59:28.333+0000] {logging_mixin.py:190} INFO - [2026-08-12T04:59:28.333+0000] {dag.py:4138} INFO - Setting next_dagrun for example_params_trigger_ui to None, run_after=None
[2026-08-12T04:59:28.354+0000] {processor.py:208} INFO - Processing /home/airflow/.local/lib/python3.12/site-packages/airflow/example_dags/example_params_trigger_ui.py took 0.114 seconds
[2026-08-12T04:59:59.107+0000] {processor.py:186} INFO - Started process (PID=3386) to work on /home/airflow/.local/lib/python3.12/site-packages/airflow/example_dags/example_params_trigger_ui.py
[2026-08-12T04:59:59.108+0000] {processor.py:914} INFO - Processing file /home/airflow/.local/lib/python3.12/site-packages/airflow/example_dags/example_params_trigger_ui.py for tasks to queue
[2026-08-12T04:59:59.111+0000] {logging_mixin.py:190} INFO - [2026-08-12T04:59:59.111+0000] {dagbag.py:587} INFO - Filling up the DagBag from /home/airflow/.local/lib/python3.12/site-packages/airflow/example_dags/example_params_trigger_ui.py
[2026-08-12T04:59:59.121+0000] {processor.py:925} INFO - DAG(s) 'example_params_trigger_ui' retrieved from /home/airflow/.local/lib/python3.12/site-packages/airflow/example_dags/example_params_trigger_ui.py
[2026-08-12T04:59:59.156+0000] {logging_mixin.py:190} INFO - [2026-08-12T04:59:59.156+0000] {dag.py:3211} INFO - Sync 1 DAGs
[2026-08-12T04:59:59.318+0000] {logging_mixin.py:190} INFO - [2026-08-12T04:59:59.318+0000] {dag.py:4138} INFO - Setting next_dagrun for example_params_trigger_ui to None, run_after=None
[2026-08-12T04:59:59.336+0000] {processor.py:208} INFO - Processing /home/airflow/.local/lib/python3.12/site-packages/airflow/example_dags/example_params_trigger_ui.py took 0.235 seconds
[2026-08-12T05:00:29.551+0000] {processor.py:186} INFO - Started process (PID=3449) to work on /home/airflow/.local/lib/python3.12/site-packages/airflow/example_dags/example_params_trigger_ui.py
[2026-08-12T05:00:29.553+0000] {processor.py:914} INFO - Processing file /home/airflow/.local/lib/python3.12/site-packages/airflow/example_dags/example_params_trigger_ui.py for tasks to queue
[2026-08-12T05:00:29.556+0000] {logging_mixin.py:190} INFO - [2026-08-12T05:00:29.555+0000] {dagbag.py:587} INFO - Filling up the DagBag from /home/airflow/.local/lib/python3.12/site-packages/airflow/example_dags/example_params_trigger_ui.py
[2026-08-12T05:00:29.567+0000] {processor.py:925} INFO - DAG(s) 'example_params_trigger_ui' retrieved from /home/airflow/.local/lib/python3.12/site-packages/airflow/example_dags/example_params_trigger_ui.py
[2026-08-12T05:00:29.613+0000] {logging_mixin.py:190} INFO - [2026-08-12T05:00:29.612+0000] {dag.py:3211} INFO - Sync 1 DAGs
[2026-08-12T05:00:29.638+0000] {logging_mixin.py:190} INFO - [2026-08-12T05:00:29.638+0000] {dag.py:4138} INFO - Setting next_dagrun for example_params_trigger_ui to None, run_after=None
[2026-08-12T05:00:29.659+0000] {processor.py:208} INFO - Processing /home/airflow/.local/lib/python3.12/site-packages/airflow/example_dags/example_params_trigger_ui.py took 0.113 seconds
[2026-08-12T05:01:00.194+0000] {processor.py:186} INFO - Started process (PID=3512) to work on /home/airflow/.local/lib/python3.12/site-packages/airflow/example_dags/example_params_trigger_ui.py
[2026-08-12T05:01:00.196+0000] {processor.py:914} INFO - Processing file /home/airflow/.local/lib/python3.12/site-packages/airflow/example_dags/example_params_trigger_ui.py for tasks to queue
[2026-08-12T05:01:00.199+0000] {logging_mixin.py:190} INFO - [2026-08-12T05:01:00.199+0000] {dagbag.py:587} INFO - Filling up the DagBag from /home/airflow/.local/lib/python3.12/site-packages/airflow/example_dags/example_params_trigger_ui.py
[2026-08-12T05:01:00.211+0000] {processor.py:925} INFO - DAG(s) 'example_params_trigger_ui' retrieved from /home/airflow/.local/lib/python3.12/site-packages/airflow/example_dags/example_params_trigger_ui.py
[2026-08-12T05:01:00.249+0000] {logging_mixin.py:190} INFO - [2026-08-12T05:01:00.249+0000] {dag.py:3211} INFO - Sync 1 DAGs
[2026-08-12T05:01:00.276+0000] {logging_mixin.py:190} INFO - [2026-08-12T05:01:00.276+0000] {dag.py:4138} INFO - Setting next_dagrun for example_params_trigger_ui to None, run_after=None
[2026-08-12T05:01:00.309+0000] {processor.py:208} INFO - Processing /home/airflow/.local/lib/python3.12/site-packages/airflow/example_dags/example_params_trigger_ui.py took 0.122 seconds
[2026-08-12T05:01:30.405+0000] {processor.py:186} INFO - Started process (PID=3574) to work on /home/airflow/.local/lib/python3.12/site-packages/airflow/example_dags/example_params_trigger_ui.py
[2026-08-12T05:01:30.407+0000] {processor.py:914} INFO - Processing file /home/airflow/.local/lib/python3.12/site-packages/airflow/example_dags/example_params_trigger_ui.py for tasks to queue
[2026-08-12T05:01:30.410+0000] {logging_mixin.py:190} INFO - [2026-08-12T05:01:30.409+0000] {dagbag.py:587} INFO - Filling up the DagBag from /home/airflow/.local/lib/python3.12/site-packages/airflow/example_dags/example_params_trigger_ui.py
[2026-08-12T05:01:30.421+0000] {processor.py:925} INFO - DAG(s) 'example_params_trigger_ui' retrieved from /home/airflow/.local/lib/python3.12/site-packages/airflow/example_dags/example_params_trigger_ui.py
[2026-08-12T05:01:30.461+0000] {logging_mixin.py:190} INFO - [2026-08-12T05:01:30.460+0000] {dag.py:3211} INFO - Sync 1 DAGs
[2026-08-12T05:01:30.475+0000] {logging_mixin.py:190} INFO - [2026-08-12T05:01:30.474+0000] {dag.py:4138} INFO - Setting next_dagrun for example_params_trigger_ui to None, run_after=None
[2026-08-12T05:01:30.493+0000] {processor.py:208} INFO - Processing /home/airflow/.local/lib/python3.12/site-packages/airflow/example_dags/example_params_trigger_ui.py took 0.093 seconds
[2026-08-12T05:02:00.677+0000] {processor.py:186} INFO - Started process (PID=3638) to work on /home/airflow/.local/lib/python3.12/site-packages/airflow/example_dags/example_params_trigger_ui.py
[2026-08-12T05:02:00.679+0000] {processor.py:914} INFO - Processing file /home/airflow/.local/lib/python3.12/site-packages/airflow/example_dags/example_params_trigger_ui.py for tasks to queue
[2026-08-12T05:02:00.682+0000] {logging_mixin.py:190} INFO - [2026-08-12T05:02:00.681+0000] {dagbag.py:587} INFO - Filling up the DagBag from /home/airflow/.local/lib/python3.12/site-packages/airflow/example_dags/example_params_trigger_ui.py
[2026-08-12T05:02:00.693+0000] {processor.py:925} INFO - DAG(s) 'example_params_trigger_ui' retrieved from /home/airflow/.local/lib/python3.12/site-packages/airflow/example_dags/example_params_trigger_ui.py
[2026-08-12T05:02:00.740+0000] {logging_mixin.py:190} INFO - [2026-08-12T05:02:00.740+0000] {dag.py:3211} INFO - Sync 1 DAGs
[2026-08-12T05:02:00.760+0000] {logging_mixin.py:190} INFO - [2026-08-12T05:02:00.760+0000] {dag.py:4138} INFO - Setting next_dagrun for example_params_trigger_ui to None, run_after=None
[2026-08-12T05:02:00.785+0000] {processor.py:208} INFO - Processing /home/airflow/.local/lib/python3.12/site-packages/airflow/example_dags/example_params_trigger_ui.py took 0.114 seconds
[2026-08-12T05:02:31.083+0000] {processor.py:186} INFO - Started process (PID=3701) to work on /home/airflow/.local/lib/python3.12/site-packages/airflow/example_dags/example_params_trigger_ui.py
[2026-08-12T05:02:31.085+0000] {processor.py:914} INFO - Processing file /home/airflow/.local/lib/python3.12/site-packages/airflow/example_dags/example_params_trigger_ui.py for tasks to queue
[2026-08-12T05:02:31.089+0000] {logging_mixin.py:190} INFO - [2026-08-12T05:02:31.089+0000] {dagbag.py:587} INFO - Filling up the DagBag from /home/airflow/.local/lib/python3.12/site-packages/airflow/example_dags/example_params_trigger_ui.py
[2026-08-12T05:02:31.102+0000] {processor.py:925} INFO - DAG(s) 'example_params_trigger_ui' retrieved from /home/airflow/.local/lib/python3.12/site-packages/airflow/example_dags/example_params_trigger_ui.py
[2026-08-12T05:02:31.146+0000] {logging_mixin.py:190} INFO - [2026-08-12T05:02:31.146+0000] {dag.py:3211} INFO - Sync 1 DAGs
[2026-08-12T05:02:31.161+0000] {logging_mixin.py:190} INFO - [2026-08-12T05:02:31.160+0000] {dag.py:4138} INFO - Setting next_dagrun for example_params_trigger_ui to None, run_after=None
[2026-08-12T05:02:31.182+0000] {processor.py:208} INFO - Processing /home/airflow/.local/lib/python3.12/site-packages/airflow/example_dags/example_params_trigger_ui.py took 0.109 seconds
[2026-08-12T05:03:01.627+0000] {processor.py:186} INFO - Started process (PID=3765) to work on /home/airflow/.local/lib/python3.12/site-packages/airflow/example_dags/example_params_trigger_ui.py
[2026-08-12T05:03:01.629+0000] {processor.py:914} INFO - Processing file /home/airflow/.local/lib/python3.12/site-packages/airflow/example_dags/example_params_trigger_ui.py for tasks to queue
[2026-08-12T05:03:01.633+0000] {logging_mixin.py:190} INFO - [2026-08-12T05:03:01.633+0000] {dagbag.py:587} INFO - Filling up the DagBag from /home/airflow/.local/lib/python3.12/site-packages/airflow/example_dags/example_params_trigger_ui.py
[2026-08-12T05:03:01.644+0000] {processor.py:925} INFO - DAG(s) 'example_params_trigger_ui' retrieved from /home/airflow/.local/lib/python3.12/site-packages/airflow/example_dags/example_params_trigger_ui.py
[2026-08-12T05:03:01.682+0000] {logging_mixin.py:190} INFO - [2026-08-12T05:03:01.682+0000] {dag.py:3211} INFO - Sync 1 DAGs
[2026-08-12T05:03:01.710+0000] {logging_mixin.py:190} INFO - [2026-08-12T05:03:01.710+0000] {dag.py:4138} INFO - Setting next_dagrun for example_params_trigger_ui to None, run_after=None
[2026-08-12T05:03:01.731+0000] {processor.py:208} INFO - Processing /home/airflow/.local/lib/python3.12/site-packages/airflow/example_dags/example_params_trigger_ui.py took 0.109 seconds
[2026-08-12T05:03:31.856+0000] {processor.py:186} INFO - Started process (PID=3828) to work on /home/airflow/.local/lib/python3.12/site-packages/airflow/example_dags/example_params_trigger_ui.py
[2026-08-12T05:03:31.858+0000] {processor.py:914} INFO - Processing file /home/airflow/.local/lib/python3.12/site-packages/airflow/example_dags/example_params_trigger_ui.py for tasks to queue
[2026-08-12T05:03:31.861+0000] {logging_mixin.py:190} INFO - [2026-08-12T05:03:31.861+0000] {dagbag.py:587} INFO - Filling up the DagBag from /home/airflow/.local/lib/python3.12/site-packages/airflow/example_dags/example_params_trigger_ui.py
[2026-08-12T05:03:31.871+0000] {processor.py:925} INFO - DAG(s) 'example_params_trigger_ui' retrieved from /home/airflow/.local/lib/python3.12/site-packages/airflow/example_dags/example_params_trigger_ui.py
[2026-08-12T05:03:31.915+0000] {logging_mixin.py:190} INFO - [2026-08-12T05:03:31.915+0000] {dag.py:3211} INFO - Sync 1 DAGs
[2026-08-12T05:03:31.930+0000] {logging_mixin.py:190} INFO - [2026-08-12T05:03:31.930+0000] {dag.py:4138} INFO - Setting next_dagrun for example_params_trigger_ui to None, run_after=None
[2026-08-12T05:03:31.952+0000] {processor.py:208} INFO - Processing /home/airflow/.local/lib/python3.12/site-packages/airflow/example_dags/example_params_trigger_ui.py took 0.101 seconds
[2026-08-12T05:04:02.340+0000] {processor.py:186} INFO - Started process (PID=3891) to work on /home/airflow/.local/lib/python3.12/site-packages/airflow/example_dags/example_params_trigger_ui.py
[2026-08-12T05:04:02.342+0000] {processor.py:914} INFO - Processing file /home/airflow/.local/lib/python3.12/site-packages/airflow/example_dags/example_params_trigger_ui.py for tasks to queue
[2026-08-12T05:04:02.345+0000] {logging_mixin.py:190} INFO - [2026-08-12T05:04:02.344+0000] {dagbag.py:587} INFO - Filling up the DagBag from /home/airflow/.local/lib/python3.12/site-packages/airflow/example_dags/example_params_trigger_ui.py
[2026-08-12T05:04:02.357+0000] {processor.py:925} INFO - DAG(s) 'example_params_trigger_ui' retrieved from /home/airflow/.local/lib/python3.12/site-packages/airflow/example_dags/example_params_trigger_ui.py
[2026-08-12T05:04:02.398+0000] {logging_mixin.py:190} INFO - [2026-08-12T05:04:02.398+0000] {dag.py:3211} INFO - Sync 1 DAGs
[2026-08-12T05:04:02.414+0000] {logging_mixin.py:190} INFO - [2026-08-12T05:04:02.414+0000] {dag.py:4138} INFO - Setting next_dagrun for example_params_trigger_ui to None, run_after=None
[2026-08-12T05:04:02.435+0000] {processor.py:208} INFO - Processing /home/airflow/.local/lib/python3.12/site-packages/airflow/example_dags/example_params_trigger_ui.py took 0.101 seconds
[2026-08-12T05:04:32.785+0000] {processor.py:186} INFO - Started process (PID=3954) to work on /home/airflow/.local/lib/python3.12/site-packages/airflow/example_dags/example_params_trigger_ui.py
[2026-08-12T05:04:32.787+0000] {processor.py:914} INFO - Processing file /home/airflow/.local/lib/python3.12/site-packages/airflow/example_dags/example_params_trigger_ui.py for tasks to queue
[2026-08-12T05:04:32.791+0000] {logging_mixin.py:190} INFO - [2026-08-12T05:04:32.791+0000] {dagbag.py:587} INFO - Filling up the DagBag from /home/airflow/.local/lib/python3.12/site-packages/airflow/example_dags/example_params_trigger_ui.py
[2026-08-12T05:04:32.805+0000] {processor.py:925} INFO - DAG(s) 'example_params_trigger_ui' retrieved from /home/airflow/.local/lib/python3.12/site-packages/airflow/example_dags/example_params_trigger_ui.py
[2026-08-12T05:04:32.843+0000] {logging_mixin.py:190} INFO - [2026-08-12T05:04:32.843+0000] {dag.py:3211} INFO - Sync 1 DAGs
[2026-08-12T05:04:32.857+0000] {logging_mixin.py:190} INFO - [2026-08-12T05:04:32.857+0000] {dag.py:4138} INFO - Setting next_dagrun for example_params_trigger_ui to None, run_after=None
[2026-08-12T05:04:32.878+0000] {processor.py:208} INFO - Processing /home/airflow/.local/lib/python3.12/site-packages/airflow/example_dags/example_params_trigger_ui.py took 0.101 seconds
[2026-08-12T05:05:03.022+0000] {processor.py:186} INFO - Started process (PID=4017) to work on /home/airflow/.local/lib/python3.12/site-packages/airflow/example_dags/example_params_trigger_ui.py
[2026-08-12T05:05:03.024+0000] {processor.py:914} INFO - Processing file /home/airflow/.local/lib/python3.12/site-packages/airflow/example_dags/example_params_trigger_ui.py for tasks to queue
[2026-08-12T05:05:03.027+0000] {logging_mixin.py:190} INFO - [2026-08-12T05:05:03.027+0000] {dagbag.py:587} INFO - Filling up the DagBag from /home/airflow/.local/lib/python3.12/site-packages/airflow/example_dags/example_params_trigger_ui.py
[2026-08-12T05:05:03.041+0000] {processor.py:925} INFO - DAG(s) 'example_params_trigger_ui' retrieved from /home/airflow/.local/lib/python3.12/site-packages/airflow/example_dags/example_params_trigger_ui.py
[2026-08-12T05:05:03.079+0000] {logging_mixin.py:190} INFO - [2026-08-12T05:05:03.079+0000] {dag.py:3211} INFO - Sync 1 DAGs
[2026-08-12T05:05:03.094+0000] {logging_mixin.py:190} INFO - [2026-08-12T05:05:03.094+0000] {dag.py:4138} INFO - Setting next_dagrun for example_params_trigger_ui to None, run_after=None
[2026-08-12T05:05:03.117+0000] {processor.py:208} INFO - Processing /home/airflow/.local/lib/python3.12/site-packages/airflow/example_dags/example_params_trigger_ui.py took 0.102 seconds
[2026-08-12T05:05:33.477+0000] {processor.py:186} INFO - Started process (PID=4080) to work on /home/airflow/.local/lib/python3.12/site-packages/airflow/example_dags/example_params_trigger_ui.py
[2026-08-12T05:05:33.479+0000] {processor.py:914} INFO - Processing file /home/airflow/.local/lib/python3.12/site-packages/airflow/example_dags/example_params_trigger_ui.py for tasks to queue
[2026-08-12T05:05:33.482+0000] {logging_mixin.py:190} INFO - [2026-08-12T05:05:33.482+0000] {dagbag.py:587} INFO - Filling up the DagBag from /home/airflow/.local/lib/python3.12/site-packages/airflow/example_dags/example_params_trigger_ui.py
[2026-08-12T05:05:33.494+0000] {processor.py:925} INFO - DAG(s) 'example_params_trigger_ui' retrieved from /home/airflow/.local/lib/python3.12/site-packages/airflow/example_dags/example_params_trigger_ui.py
[2026-08-12T05:05:33.545+0000] {logging_mixin.py:190} INFO - [2026-08-12T05:05:33.544+0000] {dag.py:3211} INFO - Sync 1 DAGs
[2026-08-12T05:05:33.561+0000] {logging_mixin.py:190} INFO - [2026-08-12T05:05:33.561+0000] {dag.py:4138} INFO - Setting next_dagrun for example_params_trigger_ui to None, run_after=None
[2026-08-12T05:05:33.583+0000] {processor.py:208} INFO - Processing /home/airflow/.local/lib/python3.12/site-packages/airflow/example_dags/example_params_trigger_ui.py took 0.112 seconds
[2026-08-12T05:06:03.986+0000] {processor.py:186} INFO - Started process (PID=4143) to work on /home/airflow/.local/lib/python3.12/site-packages/airflow/example_dags/example_params_trigger_ui.py
[2026-08-12T05:06:03.988+0000] {processor.py:914} INFO - Processing file /home/airflow/.local/lib/python3.12/site-packages/airflow/example_dags/example_params_trigger_ui.py for tasks to queue
[2026-08-12T05:06:03.991+0000] {logging_mixin.py:190} INFO - [2026-08-12T05:06:03.991+0000] {dagbag.py:587} INFO - Filling up the DagBag from /home/airflow/.local/lib/python3.12/site-packages/airflow/example_dags/example_params_trigger_ui.py
[2026-08-12T05:06:04.008+0000] {processor.py:925} INFO - DAG(s) 'example_params_trigger_ui' retrieved from /home/airflow/.local/lib/python3.12/site-packages/airflow/example_dags/example_params_trigger_ui.py
[2026-08-12T05:06:04.087+0000] {logging_mixin.py:190} INFO - [2026-08-12T05:06:04.086+0000] {dag.py:3211} INFO - Sync 1 DAGs
[2026-08-12T05:06:04.117+0000] {logging_mixin.py:190} INFO - [2026-08-12T05:06:04.116+0000] {dag.py:4138} INFO - Setting next_dagrun for example_params_trigger_ui to None, run_after=None
[2026-08-12T05:06:04.150+0000] {processor.py:208} INFO - Processing /home/airflow/.local/lib/python3.12/site-packages/airflow/example_dags/example_params_trigger_ui.py took 0.170 seconds
[2026-08-12T05:06:34.349+0000] {processor.py:186} INFO - Started process (PID=4206) to work on /home/airflow/.local/lib/python3.12/site-packages/airflow/example_dags/example_params_trigger_ui.py
[2026-08-12T05:06:34.350+0000] {processor.py:914} INFO - Processing file /home/airflow/.local/lib/python3.12/site-packages/airflow/example_dags/example_params_trigger_ui.py for tasks to queue
[2026-08-12T05:06:34.354+0000] {logging_mixin.py:190} INFO - [2026-08-12T05:06:34.354+0000] {dagbag.py:587} INFO - Filling up the DagBag from /home/airflow/.local/lib/python3.12/site-packages/airflow/example_dags/example_params_trigger_ui.py
[2026-08-12T05:06:34.367+0000] {processor.py:925} INFO - DAG(s) 'example_params_trigger_ui' retrieved from /home/airflow/.local/lib/python3.12/site-packages/airflow/example_dags/example_params_trigger_ui.py
[2026-08-12T05:06:34.413+0000] {logging_mixin.py:190} INFO - [2026-08-12T05:06:34.413+0000] {dag.py:3211} INFO - Sync 1 DAGs
[2026-08-12T05:06:34.429+0000] {logging_mixin.py:190} INFO - [2026-08-12T05:06:34.429+0000] {dag.py:4138} INFO - Setting next_dagrun for example_params_trigger_ui to None, run_after=None
[2026-08-12T05:06:34.452+0000] {processor.py:208} INFO - Processing /home/airflow/.local/lib/python3.12/site-packages/airflow/example_dags/example_params_trigger_ui.py took 0.110 seconds
[2026-08-12T05:07:05.356+0000] {processor.py:186} INFO - Started process (PID=4269) to work on /home/airflow/.local/lib/python3.12/site-packages/airflow/example_dags/example_params_trigger_ui.py
[2026-08-12T05:07:05.358+0000] {processor.py:914} INFO - Processing file /home/airflow/.local/lib/python3.12/site-packages/airflow/example_dags/example_params_trigger_ui.py for tasks to queue
[2026-08-12T05:07:05.361+0000] {logging_mixin.py:190} INFO - [2026-08-12T05:07:05.361+0000] {dagbag.py:587} INFO - Filling up the DagBag from /home/airflow/.local/lib/python3.12/site-packages/airflow/example_dags/example_params_trigger_ui.py
[2026-08-12T05:07:05.375+0000] {processor.py:925} INFO - DAG(s) 'example_params_trigger_ui' retrieved from /home/airflow/.local/lib/python3.12/site-packages/airflow/example_dags/example_params_trigger_ui.py
[2026-08-12T05:07:05.419+0000] {logging_mixin.py:190} INFO - [2026-08-12T05:07:05.419+0000] {dag.py:3211} INFO - Sync 1 DAGs
[2026-08-12T05:07:05.435+0000] {logging_mixin.py:190} INFO - [2026-08-12T05:07:05.435+0000] {dag.py:4138} INFO - Setting next_dagrun for example_params_trigger_ui to None, run_after=None
[2026-08-12T05:07:05.459+0000] {processor.py:208} INFO - Processing /home/airflow/.local/lib/python3.12/site-packages/airflow/example_dags/example_params_trigger_ui.py took 0.108 seconds
[2026-08-12T05:07:36.257+0000] {processor.py:186} INFO - Started process (PID=4333) to work on /home/airflow/.local/lib/python3.12/site-packages/airflow/example_dags/example_params_trigger_ui.py
[2026-08-12T05:07:36.259+0000] {processor.py:914} INFO - Processing file /home/airflow/.local/lib/python3.12/site-packages/airflow/example_dags/example_params_trigger_ui.py for tasks to queue
[2026-08-12T05:07:36.263+0000] {logging_mixin.py:190} INFO - [2026-08-12T05:07:36.262+0000] {dagbag.py:587} INFO - Filling up the DagBag from /home/airflow/.local/lib/python3.12/site-packages/airflow/example_dags/example_params_trigger_ui.py
[2026-08-12T05:07:36.278+0000] {processor.py:925} INFO - DAG(s) 'example_params_trigger_ui' retrieved from /home/airflow/.local/lib/python3.12/site-packages/airflow/example_dags/example_params_trigger_ui.py
[2026-08-12T05:07:36.342+0000] {logging_mixin.py:190} INFO - [2026-08-12T05:07:36.342+0000] {dag.py:3211} INFO - Sync 1 DAGs
[2026-08-12T05:07:36.358+0000] {logging_mixin.py:190} INFO - [2026-08-12T05:07:36.358+0000] {dag.py:4138} INFO - Setting next_dagrun for example_params_trigger_ui to None, run_after=None
[2026-08-12T05:07:36.394+0000] {processor.py:208} INFO - Processing /home/airflow/.local/lib/python3.12/site-packages/airflow/example_dags/example_params_trigger_ui.py took 0.145 seconds
[2026-08-12T05:08:06.752+0000] {processor.py:186} INFO - Started process (PID=4396) to work on /home/airflow/.local/lib/python3.12/site-packages/airflow/example_dags/example_params_trigger_ui.py
[2026-08-12T05:08:06.754+0000] {processor.py:914} INFO - Processing file /home/airflow/.local/lib/python3.12/site-packages/airflow/example_dags/example_params_trigger_ui.py for tasks to queue
[2026-08-12T05:08:06.757+0000] {logging_mixin.py:190} INFO - [2026-08-12T05:08:06.756+0000] {dagbag.py:587} INFO - Filling up the DagBag from /home/airflow/.local/lib/python3.12/site-packages/airflow/example_dags/example_params_trigger_ui.py
[2026-08-12T05:08:06.769+0000] {processor.py:925} INFO - DAG(s) 'example_params_trigger_ui' retrieved from /home/airflow/.local/lib/python3.12/site-packages/airflow/example_dags/example_params_trigger_ui.py
[2026-08-12T05:08:06.816+0000] {logging_mixin.py:190} INFO - [2026-08-12T05:08:06.816+0000] {dag.py:3211} INFO - Sync 1 DAGs
[2026-08-12T05:08:06.835+0000] {logging_mixin.py:190} INFO - [2026-08-12T05:08:06.834+0000] {dag.py:4138} INFO - Setting next_dagrun for example_params_trigger_ui to None, run_after=None
[2026-08-12T05:08:06.867+0000] {processor.py:208} INFO - Processing /home/airflow/.local/lib/python3.12/site-packages/airflow/example_dags/example_params_trigger_ui.py took 0.123 seconds
[2026-08-12T05:08:37.527+0000] {processor.py:186} INFO - Started process (PID=4459) to work on /home/airflow/.local/lib/python3.12/site-packages/airflow/example_dags/example_params_trigger_ui.py
[2026-08-12T05:08:37.529+0000] {processor.py:914} INFO - Processing file /home/airflow/.local/lib/python3.12/site-packages/airflow/example_dags/example_params_trigger_ui.py for tasks to queue
[2026-08-12T05:08:37.532+0000] {logging_mixin.py:190} INFO - [2026-08-12T05:08:37.532+0000] {dagbag.py:587} INFO - Filling up the DagBag from /home/airflow/.local/lib/python3.12/site-packages/airflow/example_dags/example_params_trigger_ui.py
[2026-08-12T05:08:37.543+0000] {processor.py:925} INFO - DAG(s) 'example_params_trigger_ui' retrieved from /home/airflow/.local/lib/python3.12/site-packages/airflow/example_dags/example_params_trigger_ui.py
[2026-08-12T05:08:37.590+0000] {logging_mixin.py:190} INFO - [2026-08-12T05:08:37.590+0000] {dag.py:3211} INFO - Sync 1 DAGs
[2026-08-12T05:08:37.606+0000] {logging_mixin.py:190} INFO - [2026-08-12T05:08:37.606+0000] {dag.py:4138} INFO - Setting next_dagrun for example_params_trigger_ui to None, run_after=None
[2026-08-12T05:08:37.627+0000] {processor.py:208} INFO - Processing /home/airflow/.local/lib/python3.12/site-packages/airflow/example_dags/example_params_trigger_ui.py took 0.106 seconds
[2026-08-12T05:09:08.108+0000] {processor.py:186} INFO - Started process (PID=4522) to work on /home/airflow/.local/lib/python3.12/site-packages/airflow/example_dags/example_params_trigger_ui.py
[2026-08-12T05:09:08.110+0000] {processor.py:914} INFO - Processing file /home/airflow/.local/lib/python3.12/site-packages/airflow/example_dags/example_params_trigger_ui.py for tasks to queue
[2026-08-12T05:09:08.112+0000] {logging_mixin.py:190} INFO - [2026-08-12T05:09:08.112+0000] {dagbag.py:587} INFO - Filling up the DagBag from /home/airflow/.local/lib/python3.12/site-packages/airflow/example_dags/example_params_trigger_ui.py
[2026-08-12T05:09:08.125+0000] {processor.py:925} INFO - DAG(s) 'example_params_trigger_ui' retrieved from /home/airflow/.local/lib/python3.12/site-packages/airflow/example_dags/example_params_trigger_ui.py
[2026-08-12T05:09:08.174+0000] {logging_mixin.py:190} INFO - [2026-08-12T05:09:08.173+0000] {dag.py:3211} INFO - Sync 1 DAGs
[2026-08-12T05:09:08.191+0000] {logging_mixin.py:190} INFO - [2026-08-12T05:09:08.190+0000] {dag.py:4138} INFO - Setting next_dagrun for example_params_trigger_ui to None, run_after=None
[2026-08-12T05:09:08.216+0000] {processor.py:208} INFO - Processing /home/airflow/.local/lib/python3.12/site-packages/airflow/example_dags/example_params_trigger_ui.py took 0.114 seconds
[2026-08-12T05:09:38.780+0000] {processor.py:186} INFO - Started process (PID=4585) to work on /home/airflow/.local/lib/python3.12/site-packages/airflow/example_dags/example_params_trigger_ui.py
[2026-08-12T05:09:38.782+0000] {processor.py:914} INFO - Processing file /home/airflow/.local/lib/python3.12/site-packages/airflow/example_dags/example_params_trigger_ui.py for tasks to queue
[2026-08-12T05:09:38.789+0000] {logging_mixin.py:190} INFO - [2026-08-12T05:09:38.789+0000] {dagbag.py:587} INFO - Filling up the DagBag from /home/airflow/.local/lib/python3.12/site-packages/airflow/example_dags/example_params_trigger_ui.py
[2026-08-12T05:09:38.807+0000] {processor.py:925} INFO - DAG(s) 'example_params_trigger_ui' retrieved from /home/airflow/.local/lib/python3.12/site-packages/airflow/example_dags/example_params_trigger_ui.py
[2026-08-12T05:09:38.856+0000] {logging_mixin.py:190} INFO - [2026-08-12T05:09:38.856+0000] {dag.py:3211} INFO - Sync 1 DAGs
[2026-08-12T05:09:38.872+0000] {logging_mixin.py:190} INFO - [2026-08-12T05:09:38.871+0000] {dag.py:4138} INFO - Setting next_dagrun for example_params_trigger_ui to None, run_after=None
[2026-08-12T05:09:38.891+0000] {processor.py:208} INFO - Processing /home/airflow/.local/lib/python3.12/site-packages/airflow/example_dags/example_params_trigger_ui.py took 0.125 seconds
[2026-08-12T05:10:09.389+0000] {processor.py:186} INFO - Started process (PID=4649) to work on /home/airflow/.local/lib/python3.12/site-packages/airflow/example_dags/example_params_trigger_ui.py
[2026-08-12T05:10:09.390+0000] {processor.py:914} INFO - Processing file /home/airflow/.local/lib/python3.12/site-packages/airflow/example_dags/example_params_trigger_ui.py for tasks to queue
[2026-08-12T05:10:09.393+0000] {logging_mixin.py:190} INFO - [2026-08-12T05:10:09.393+0000] {dagbag.py:587} INFO - Filling up the DagBag from /home/airflow/.local/lib/python3.12/site-packages/airflow/example_dags/example_params_trigger_ui.py
[2026-08-12T05:10:09.407+0000] {processor.py:925} INFO - DAG(s) 'example_params_trigger_ui' retrieved from /home/airflow/.local/lib/python3.12/site-packages/airflow/example_dags/example_params_trigger_ui.py
[2026-08-12T05:10:09.458+0000] {logging_mixin.py:190} INFO - [2026-08-12T05:10:09.458+0000] {dag.py:3211} INFO - Sync 1 DAGs
[2026-08-12T05:10:09.476+0000] {logging_mixin.py:190} INFO - [2026-08-12T05:10:09.476+0000] {dag.py:4138} INFO - Setting next_dagrun for example_params_trigger_ui to None, run_after=None
[2026-08-12T05:10:09.501+0000] {processor.py:208} INFO - Processing /home/airflow/.local/lib/python3.12/site-packages/airflow/example_dags/example_params_trigger_ui.py took 0.119 seconds
