[2026-08-12T04:30:37.176+0000] {processor.py:186} INFO - Started process (PID=97) to work on /home/airflow/.local/lib/python3.12/site-packages/airflow/example_dags/example_dynamic_task_mapping_with_no_taskflow_operators.py
[2026-08-12T04:30:37.180+0000] {processor.py:914} INFO - Processing file /home/airflow/.local/lib/python3.12/site-packages/airflow/example_dags/example_dynamic_task_mapping_with_no_taskflow_operators.py for tasks to queue
[2026-08-12T04:30:37.188+0000] {logging_mixin.py:190} INFO - [2026-08-12T04:30:37.187+0000] {dagbag.py:587} INFO - Filling up the DagBag from /home/airflow/.local/lib/python3.12/site-packages/airflow/example_dags/example_dynamic_task_mapping_with_no_taskflow_operators.py
[2026-08-12T04:30:37.211+0000] {processor.py:925} INFO - DAG(s) 'example_dynamic_task_mapping_with_no_taskflow_operators' retrieved from /home/airflow/.local/lib/python3.12/site-packages/airflow/example_dags/example_dynamic_task_mapping_with_no_taskflow_operators.py
[2026-08-12T04:30:37.350+0000] {logging_mixin.py:190} INFO - [2026-08-12T04:30:37.349+0000] {override.py:1858} INFO - Created Permission View: can edit on DAG:example_dynamic_task_mapping_with_no_taskflow_operators
[2026-08-12T04:30:37.363+0000] {logging_mixin.py:190} INFO - [2026-08-12T04:30:37.363+0000] {override.py:1858} INFO - Created Permission View: can delete on DAG:example_dynamic_task_mapping_with_no_taskflow_operators
[2026-08-12T04:30:37.373+0000] {logging_mixin.py:190} INFO - [2026-08-12T04:30:37.373+0000] {override.py:1858} INFO - Created Permission View: can read on DAG:example_dynamic_task_mapping_with_no_taskflow_operators
[2026-08-12T04:30:37.376+0000] {logging_mixin.py:190} INFO - [2026-08-12T04:30:37.376+0000] {dag.py:3211} INFO - Sync 1 DAGs
[2026-08-12T04:30:37.397+0000] {logging_mixin.py:190} INFO - [2026-08-12T04:30:37.396+0000] {dag.py:3234} INFO - Creating ORM DAG for example_dynamic_task_mapping_with_no_taskflow_operators
[2026-08-12T04:30:37.411+0000] {logging_mixin.py:190} INFO - [2026-08-12T04:30:37.411+0000] {dag.py:4138} INFO - Setting next_dagrun for example_dynamic_task_mapping_with_no_taskflow_operators to 2026-08-11 00:00:00+00:00, run_after=2026-08-12 00:00:00+00:00
[2026-08-12T04:30:37.429+0000] {processor.py:208} INFO - Processing /home/airflow/.local/lib/python3.12/site-packages/airflow/example_dags/example_dynamic_task_mapping_with_no_taskflow_operators.py took 0.268 seconds
[2026-08-12T04:31:07.552+0000] {processor.py:186} INFO - Started process (PID=159) to work on /home/airflow/.local/lib/python3.12/site-packages/airflow/example_dags/example_dynamic_task_mapping_with_no_taskflow_operators.py
[2026-08-12T04:31:07.554+0000] {processor.py:914} INFO - Processing file /home/airflow/.local/lib/python3.12/site-packages/airflow/example_dags/example_dynamic_task_mapping_with_no_taskflow_operators.py for tasks to queue
[2026-08-12T04:31:07.557+0000] {logging_mixin.py:190} INFO - [2026-08-12T04:31:07.557+0000] {dagbag.py:587} INFO - Filling up the DagBag from /home/airflow/.local/lib/python3.12/site-packages/airflow/example_dags/example_dynamic_task_mapping_with_no_taskflow_operators.py
[2026-08-12T04:31:07.566+0000] {processor.py:925} INFO - DAG(s) 'example_dynamic_task_mapping_with_no_taskflow_operators' retrieved from /home/airflow/.local/lib/python3.12/site-packages/airflow/example_dags/example_dynamic_task_mapping_with_no_taskflow_operators.py
[2026-08-12T04:31:07.590+0000] {logging_mixin.py:190} INFO - [2026-08-12T04:31:07.590+0000] {dag.py:3211} INFO - Sync 1 DAGs
[2026-08-12T04:31:07.614+0000] {logging_mixin.py:190} INFO - [2026-08-12T04:31:07.614+0000] {dag.py:4138} INFO - Setting next_dagrun for example_dynamic_task_mapping_with_no_taskflow_operators to 2026-08-11 00:00:00+00:00, run_after=2026-08-12 00:00:00+00:00
[2026-08-12T04:31:07.648+0000] {processor.py:208} INFO - Processing /home/airflow/.local/lib/python3.12/site-packages/airflow/example_dags/example_dynamic_task_mapping_with_no_taskflow_operators.py took 0.104 seconds
[2026-08-12T04:31:38.029+0000] {processor.py:186} INFO - Started process (PID=222) to work on /home/airflow/.local/lib/python3.12/site-packages/airflow/example_dags/example_dynamic_task_mapping_with_no_taskflow_operators.py
[2026-08-12T04:31:38.031+0000] {processor.py:914} INFO - Processing file /home/airflow/.local/lib/python3.12/site-packages/airflow/example_dags/example_dynamic_task_mapping_with_no_taskflow_operators.py for tasks to queue
[2026-08-12T04:31:38.037+0000] {logging_mixin.py:190} INFO - [2026-08-12T04:31:38.037+0000] {dagbag.py:587} INFO - Filling up the DagBag from /home/airflow/.local/lib/python3.12/site-packages/airflow/example_dags/example_dynamic_task_mapping_with_no_taskflow_operators.py
[2026-08-12T04:31:38.054+0000] {processor.py:925} INFO - DAG(s) 'example_dynamic_task_mapping_with_no_taskflow_operators' retrieved from /home/airflow/.local/lib/python3.12/site-packages/airflow/example_dags/example_dynamic_task_mapping_with_no_taskflow_operators.py
[2026-08-12T04:31:38.084+0000] {logging_mixin.py:190} INFO - [2026-08-12T04:31:38.084+0000] {dag.py:3211} INFO - Sync 1 DAGs
[2026-08-12T04:31:38.120+0000] {logging_mixin.py:190} INFO - [2026-08-12T04:31:38.120+0000] {dag.py:4138} INFO - Setting next_dagrun for example_dynamic_task_mapping_with_no_taskflow_operators to 2026-08-11 00:00:00+00:00, run_after=2026-08-12 00:00:00+00:00
[2026-08-12T04:31:38.143+0000] {processor.py:208} INFO - Processing /home/airflow/.local/lib/python3.12/site-packages/airflow/example_dags/example_dynamic_task_mapping_with_no_taskflow_operators.py took 0.124 seconds
[2026-08-12T04:32:56.092+0000] {processor.py:186} INFO - Started process (PID=88) to work on /home/airflow/.local/lib/python3.12/site-packages/airflow/example_dags/example_dynamic_task_mapping_with_no_taskflow_operators.py
[2026-08-12T04:32:56.094+0000] {processor.py:914} INFO - Processing file /home/airflow/.local/lib/python3.12/site-packages/airflow/example_dags/example_dynamic_task_mapping_with_no_taskflow_operators.py for tasks to queue
[2026-08-12T04:32:56.098+0000] {logging_mixin.py:190} INFO - [2026-08-12T04:32:56.098+0000] {dagbag.py:587} INFO - Filling up the DagBag from /home/airflow/.local/lib/python3.12/site-packages/airflow/example_dags/example_dynamic_task_mapping_with_no_taskflow_operators.py
[2026-08-12T04:32:56.114+0000] {processor.py:925} INFO - DAG(s) 'example_dynamic_task_mapping_with_no_taskflow_operators' retrieved from /home/airflow/.local/lib/python3.12/site-packages/airflow/example_dags/example_dynamic_task_mapping_with_no_taskflow_operators.py
[2026-08-12T04:32:56.145+0000] {logging_mixin.py:190} INFO - [2026-08-12T04:32:56.145+0000] {dag.py:3211} INFO - Sync 1 DAGs
[2026-08-12T04:32:56.185+0000] {logging_mixin.py:190} INFO - [2026-08-12T04:32:56.184+0000] {dag.py:4138} INFO - Setting next_dagrun for example_dynamic_task_mapping_with_no_taskflow_operators to 2026-08-11 00:00:00+00:00, run_after=2026-08-12 00:00:00+00:00
[2026-08-12T04:32:56.213+0000] {processor.py:208} INFO - Processing /home/airflow/.local/lib/python3.12/site-packages/airflow/example_dags/example_dynamic_task_mapping_with_no_taskflow_operators.py took 0.131 seconds
[2026-08-12T04:33:26.339+0000] {processor.py:186} INFO - Started process (PID=150) to work on /home/airflow/.local/lib/python3.12/site-packages/airflow/example_dags/example_dynamic_task_mapping_with_no_taskflow_operators.py
[2026-08-12T04:33:26.340+0000] {processor.py:914} INFO - Processing file /home/airflow/.local/lib/python3.12/site-packages/airflow/example_dags/example_dynamic_task_mapping_with_no_taskflow_operators.py for tasks to queue
[2026-08-12T04:33:26.343+0000] {logging_mixin.py:190} INFO - [2026-08-12T04:33:26.343+0000] {dagbag.py:587} INFO - Filling up the DagBag from /home/airflow/.local/lib/python3.12/site-packages/airflow/example_dags/example_dynamic_task_mapping_with_no_taskflow_operators.py
[2026-08-12T04:33:26.353+0000] {processor.py:925} INFO - DAG(s) 'example_dynamic_task_mapping_with_no_taskflow_operators' retrieved from /home/airflow/.local/lib/python3.12/site-packages/airflow/example_dags/example_dynamic_task_mapping_with_no_taskflow_operators.py
[2026-08-12T04:33:26.375+0000] {logging_mixin.py:190} INFO - [2026-08-12T04:33:26.374+0000] {dag.py:3211} INFO - Sync 1 DAGs
[2026-08-12T04:33:26.398+0000] {logging_mixin.py:190} INFO - [2026-08-12T04:33:26.398+0000] {dag.py:4138} INFO - Setting next_dagrun for example_dynamic_task_mapping_with_no_taskflow_operators to 2026-08-11 00:00:00+00:00, run_after=2026-08-12 00:00:00+00:00
[2026-08-12T04:33:26.431+0000] {processor.py:208} INFO - Processing /home/airflow/.local/lib/python3.12/site-packages/airflow/example_dags/example_dynamic_task_mapping_with_no_taskflow_operators.py took 0.099 seconds
[2026-08-12T04:33:56.973+0000] {processor.py:186} INFO - Started process (PID=212) to work on /home/airflow/.local/lib/python3.12/site-packages/airflow/example_dags/example_dynamic_task_mapping_with_no_taskflow_operators.py
[2026-08-12T04:33:56.974+0000] {processor.py:914} INFO - Processing file /home/airflow/.local/lib/python3.12/site-packages/airflow/example_dags/example_dynamic_task_mapping_with_no_taskflow_operators.py for tasks to queue
[2026-08-12T04:33:56.978+0000] {logging_mixin.py:190} INFO - [2026-08-12T04:33:56.978+0000] {dagbag.py:587} INFO - Filling up the DagBag from /home/airflow/.local/lib/python3.12/site-packages/airflow/example_dags/example_dynamic_task_mapping_with_no_taskflow_operators.py
[2026-08-12T04:33:56.990+0000] {processor.py:925} INFO - DAG(s) 'example_dynamic_task_mapping_with_no_taskflow_operators' retrieved from /home/airflow/.local/lib/python3.12/site-packages/airflow/example_dags/example_dynamic_task_mapping_with_no_taskflow_operators.py
[2026-08-12T04:33:57.012+0000] {logging_mixin.py:190} INFO - [2026-08-12T04:33:57.012+0000] {dag.py:3211} INFO - Sync 1 DAGs
[2026-08-12T04:33:57.036+0000] {logging_mixin.py:190} INFO - [2026-08-12T04:33:57.035+0000] {dag.py:4138} INFO - Setting next_dagrun for example_dynamic_task_mapping_with_no_taskflow_operators to 2026-08-11 00:00:00+00:00, run_after=2026-08-12 00:00:00+00:00
[2026-08-12T04:33:57.057+0000] {processor.py:208} INFO - Processing /home/airflow/.local/lib/python3.12/site-packages/airflow/example_dags/example_dynamic_task_mapping_with_no_taskflow_operators.py took 0.091 seconds
[2026-08-12T04:34:27.550+0000] {processor.py:186} INFO - Started process (PID=274) to work on /home/airflow/.local/lib/python3.12/site-packages/airflow/example_dags/example_dynamic_task_mapping_with_no_taskflow_operators.py
[2026-08-12T04:34:27.552+0000] {processor.py:914} INFO - Processing file /home/airflow/.local/lib/python3.12/site-packages/airflow/example_dags/example_dynamic_task_mapping_with_no_taskflow_operators.py for tasks to queue
[2026-08-12T04:34:27.557+0000] {logging_mixin.py:190} INFO - [2026-08-12T04:34:27.557+0000] {dagbag.py:587} INFO - Filling up the DagBag from /home/airflow/.local/lib/python3.12/site-packages/airflow/example_dags/example_dynamic_task_mapping_with_no_taskflow_operators.py
[2026-08-12T04:34:27.566+0000] {processor.py:925} INFO - DAG(s) 'example_dynamic_task_mapping_with_no_taskflow_operators' retrieved from /home/airflow/.local/lib/python3.12/site-packages/airflow/example_dags/example_dynamic_task_mapping_with_no_taskflow_operators.py
[2026-08-12T04:34:27.588+0000] {logging_mixin.py:190} INFO - [2026-08-12T04:34:27.588+0000] {dag.py:3211} INFO - Sync 1 DAGs
[2026-08-12T04:34:27.614+0000] {logging_mixin.py:190} INFO - [2026-08-12T04:34:27.614+0000] {dag.py:4138} INFO - Setting next_dagrun for example_dynamic_task_mapping_with_no_taskflow_operators to 2026-08-11 00:00:00+00:00, run_after=2026-08-12 00:00:00+00:00
[2026-08-12T04:34:27.635+0000] {processor.py:208} INFO - Processing /home/airflow/.local/lib/python3.12/site-packages/airflow/example_dags/example_dynamic_task_mapping_with_no_taskflow_operators.py took 0.090 seconds
[2026-08-12T04:34:58.022+0000] {processor.py:186} INFO - Started process (PID=336) to work on /home/airflow/.local/lib/python3.12/site-packages/airflow/example_dags/example_dynamic_task_mapping_with_no_taskflow_operators.py
[2026-08-12T04:34:58.024+0000] {processor.py:914} INFO - Processing file /home/airflow/.local/lib/python3.12/site-packages/airflow/example_dags/example_dynamic_task_mapping_with_no_taskflow_operators.py for tasks to queue
[2026-08-12T04:34:58.028+0000] {logging_mixin.py:190} INFO - [2026-08-12T04:34:58.027+0000] {dagbag.py:587} INFO - Filling up the DagBag from /home/airflow/.local/lib/python3.12/site-packages/airflow/example_dags/example_dynamic_task_mapping_with_no_taskflow_operators.py
[2026-08-12T04:34:58.040+0000] {processor.py:925} INFO - DAG(s) 'example_dynamic_task_mapping_with_no_taskflow_operators' retrieved from /home/airflow/.local/lib/python3.12/site-packages/airflow/example_dags/example_dynamic_task_mapping_with_no_taskflow_operators.py
[2026-08-12T04:34:58.063+0000] {logging_mixin.py:190} INFO - [2026-08-12T04:34:58.063+0000] {dag.py:3211} INFO - Sync 1 DAGs
[2026-08-12T04:34:58.090+0000] {logging_mixin.py:190} INFO - [2026-08-12T04:34:58.090+0000] {dag.py:4138} INFO - Setting next_dagrun for example_dynamic_task_mapping_with_no_taskflow_operators to 2026-08-11 00:00:00+00:00, run_after=2026-08-12 00:00:00+00:00
[2026-08-12T04:34:58.110+0000] {processor.py:208} INFO - Processing /home/airflow/.local/lib/python3.12/site-packages/airflow/example_dags/example_dynamic_task_mapping_with_no_taskflow_operators.py took 0.094 seconds
[2026-08-12T04:35:28.596+0000] {processor.py:186} INFO - Started process (PID=398) to work on /home/airflow/.local/lib/python3.12/site-packages/airflow/example_dags/example_dynamic_task_mapping_with_no_taskflow_operators.py
[2026-08-12T04:35:28.598+0000] {processor.py:914} INFO - Processing file /home/airflow/.local/lib/python3.12/site-packages/airflow/example_dags/example_dynamic_task_mapping_with_no_taskflow_operators.py for tasks to queue
[2026-08-12T04:35:28.601+0000] {logging_mixin.py:190} INFO - [2026-08-12T04:35:28.601+0000] {dagbag.py:587} INFO - Filling up the DagBag from /home/airflow/.local/lib/python3.12/site-packages/airflow/example_dags/example_dynamic_task_mapping_with_no_taskflow_operators.py
[2026-08-12T04:35:28.611+0000] {processor.py:925} INFO - DAG(s) 'example_dynamic_task_mapping_with_no_taskflow_operators' retrieved from /home/airflow/.local/lib/python3.12/site-packages/airflow/example_dags/example_dynamic_task_mapping_with_no_taskflow_operators.py
[2026-08-12T04:35:28.633+0000] {logging_mixin.py:190} INFO - [2026-08-12T04:35:28.633+0000] {dag.py:3211} INFO - Sync 1 DAGs
[2026-08-12T04:35:28.655+0000] {logging_mixin.py:190} INFO - [2026-08-12T04:35:28.655+0000] {dag.py:4138} INFO - Setting next_dagrun for example_dynamic_task_mapping_with_no_taskflow_operators to 2026-08-11 00:00:00+00:00, run_after=2026-08-12 00:00:00+00:00
[2026-08-12T04:35:28.675+0000] {processor.py:208} INFO - Processing /home/airflow/.local/lib/python3.12/site-packages/airflow/example_dags/example_dynamic_task_mapping_with_no_taskflow_operators.py took 0.085 seconds
[2026-08-12T04:35:59.238+0000] {processor.py:186} INFO - Started process (PID=460) to work on /home/airflow/.local/lib/python3.12/site-packages/airflow/example_dags/example_dynamic_task_mapping_with_no_taskflow_operators.py
[2026-08-12T04:35:59.240+0000] {processor.py:914} INFO - Processing file /home/airflow/.local/lib/python3.12/site-packages/airflow/example_dags/example_dynamic_task_mapping_with_no_taskflow_operators.py for tasks to queue
[2026-08-12T04:35:59.243+0000] {logging_mixin.py:190} INFO - [2026-08-12T04:35:59.243+0000] {dagbag.py:587} INFO - Filling up the DagBag from /home/airflow/.local/lib/python3.12/site-packages/airflow/example_dags/example_dynamic_task_mapping_with_no_taskflow_operators.py
[2026-08-12T04:35:59.253+0000] {processor.py:925} INFO - DAG(s) 'example_dynamic_task_mapping_with_no_taskflow_operators' retrieved from /home/airflow/.local/lib/python3.12/site-packages/airflow/example_dags/example_dynamic_task_mapping_with_no_taskflow_operators.py
[2026-08-12T04:35:59.280+0000] {logging_mixin.py:190} INFO - [2026-08-12T04:35:59.280+0000] {dag.py:3211} INFO - Sync 1 DAGs
[2026-08-12T04:35:59.302+0000] {logging_mixin.py:190} INFO - [2026-08-12T04:35:59.302+0000] {dag.py:4138} INFO - Setting next_dagrun for example_dynamic_task_mapping_with_no_taskflow_operators to 2026-08-11 00:00:00+00:00, run_after=2026-08-12 00:00:00+00:00
[2026-08-12T04:35:59.321+0000] {processor.py:208} INFO - Processing /home/airflow/.local/lib/python3.12/site-packages/airflow/example_dags/example_dynamic_task_mapping_with_no_taskflow_operators.py took 0.090 seconds
[2026-08-12T04:36:29.651+0000] {processor.py:186} INFO - Started process (PID=522) to work on /home/airflow/.local/lib/python3.12/site-packages/airflow/example_dags/example_dynamic_task_mapping_with_no_taskflow_operators.py
[2026-08-12T04:36:29.652+0000] {processor.py:914} INFO - Processing file /home/airflow/.local/lib/python3.12/site-packages/airflow/example_dags/example_dynamic_task_mapping_with_no_taskflow_operators.py for tasks to queue
[2026-08-12T04:36:29.655+0000] {logging_mixin.py:190} INFO - [2026-08-12T04:36:29.655+0000] {dagbag.py:587} INFO - Filling up the DagBag from /home/airflow/.local/lib/python3.12/site-packages/airflow/example_dags/example_dynamic_task_mapping_with_no_taskflow_operators.py
[2026-08-12T04:36:29.664+0000] {processor.py:925} INFO - DAG(s) 'example_dynamic_task_mapping_with_no_taskflow_operators' retrieved from /home/airflow/.local/lib/python3.12/site-packages/airflow/example_dags/example_dynamic_task_mapping_with_no_taskflow_operators.py
[2026-08-12T04:36:29.683+0000] {logging_mixin.py:190} INFO - [2026-08-12T04:36:29.683+0000] {dag.py:3211} INFO - Sync 1 DAGs
[2026-08-12T04:36:29.711+0000] {logging_mixin.py:190} INFO - [2026-08-12T04:36:29.710+0000] {dag.py:4138} INFO - Setting next_dagrun for example_dynamic_task_mapping_with_no_taskflow_operators to 2026-08-11 00:00:00+00:00, run_after=2026-08-12 00:00:00+00:00
[2026-08-12T04:36:29.735+0000] {processor.py:208} INFO - Processing /home/airflow/.local/lib/python3.12/site-packages/airflow/example_dags/example_dynamic_task_mapping_with_no_taskflow_operators.py took 0.089 seconds
[2026-08-12T04:37:00.380+0000] {processor.py:186} INFO - Started process (PID=584) to work on /home/airflow/.local/lib/python3.12/site-packages/airflow/example_dags/example_dynamic_task_mapping_with_no_taskflow_operators.py
[2026-08-12T04:37:00.383+0000] {processor.py:914} INFO - Processing file /home/airflow/.local/lib/python3.12/site-packages/airflow/example_dags/example_dynamic_task_mapping_with_no_taskflow_operators.py for tasks to queue
[2026-08-12T04:37:00.387+0000] {logging_mixin.py:190} INFO - [2026-08-12T04:37:00.387+0000] {dagbag.py:587} INFO - Filling up the DagBag from /home/airflow/.local/lib/python3.12/site-packages/airflow/example_dags/example_dynamic_task_mapping_with_no_taskflow_operators.py
[2026-08-12T04:37:00.397+0000] {processor.py:925} INFO - DAG(s) 'example_dynamic_task_mapping_with_no_taskflow_operators' retrieved from /home/airflow/.local/lib/python3.12/site-packages/airflow/example_dags/example_dynamic_task_mapping_with_no_taskflow_operators.py
[2026-08-12T04:37:00.421+0000] {logging_mixin.py:190} INFO - [2026-08-12T04:37:00.421+0000] {dag.py:3211} INFO - Sync 1 DAGs
[2026-08-12T04:37:00.444+0000] {logging_mixin.py:190} INFO - [2026-08-12T04:37:00.444+0000] {dag.py:4138} INFO - Setting next_dagrun for example_dynamic_task_mapping_with_no_taskflow_operators to 2026-08-11 00:00:00+00:00, run_after=2026-08-12 00:00:00+00:00
[2026-08-12T04:37:00.465+0000] {processor.py:208} INFO - Processing /home/airflow/.local/lib/python3.12/site-packages/airflow/example_dags/example_dynamic_task_mapping_with_no_taskflow_operators.py took 0.092 seconds
[2026-08-12T04:37:30.672+0000] {processor.py:186} INFO - Started process (PID=646) to work on /home/airflow/.local/lib/python3.12/site-packages/airflow/example_dags/example_dynamic_task_mapping_with_no_taskflow_operators.py
[2026-08-12T04:37:30.674+0000] {processor.py:914} INFO - Processing file /home/airflow/.local/lib/python3.12/site-packages/airflow/example_dags/example_dynamic_task_mapping_with_no_taskflow_operators.py for tasks to queue
[2026-08-12T04:37:30.677+0000] {logging_mixin.py:190} INFO - [2026-08-12T04:37:30.676+0000] {dagbag.py:587} INFO - Filling up the DagBag from /home/airflow/.local/lib/python3.12/site-packages/airflow/example_dags/example_dynamic_task_mapping_with_no_taskflow_operators.py
[2026-08-12T04:37:30.685+0000] {processor.py:925} INFO - DAG(s) 'example_dynamic_task_mapping_with_no_taskflow_operators' retrieved from /home/airflow/.local/lib/python3.12/site-packages/airflow/example_dags/example_dynamic_task_mapping_with_no_taskflow_operators.py
[2026-08-12T04:37:30.705+0000] {logging_mixin.py:190} INFO - [2026-08-12T04:37:30.705+0000] {dag.py:3211} INFO - Sync 1 DAGs
[2026-08-12T04:37:30.730+0000] {logging_mixin.py:190} INFO - [2026-08-12T04:37:30.730+0000] {dag.py:4138} INFO - Setting next_dagrun for example_dynamic_task_mapping_with_no_taskflow_operators to 2026-08-11 00:00:00+00:00, run_after=2026-08-12 00:00:00+00:00
[2026-08-12T04:37:30.755+0000] {processor.py:208} INFO - Processing /home/airflow/.local/lib/python3.12/site-packages/airflow/example_dags/example_dynamic_task_mapping_with_no_taskflow_operators.py took 0.087 seconds
[2026-08-12T04:38:00.810+0000] {processor.py:186} INFO - Started process (PID=708) to work on /home/airflow/.local/lib/python3.12/site-packages/airflow/example_dags/example_dynamic_task_mapping_with_no_taskflow_operators.py
[2026-08-12T04:38:00.811+0000] {processor.py:914} INFO - Processing file /home/airflow/.local/lib/python3.12/site-packages/airflow/example_dags/example_dynamic_task_mapping_with_no_taskflow_operators.py for tasks to queue
[2026-08-12T04:38:00.815+0000] {logging_mixin.py:190} INFO - [2026-08-12T04:38:00.814+0000] {dagbag.py:587} INFO - Filling up the DagBag from /home/airflow/.local/lib/python3.12/site-packages/airflow/example_dags/example_dynamic_task_mapping_with_no_taskflow_operators.py
[2026-08-12T04:38:00.823+0000] {processor.py:925} INFO - DAG(s) 'example_dynamic_task_mapping_with_no_taskflow_operators' retrieved from /home/airflow/.local/lib/python3.12/site-packages/airflow/example_dags/example_dynamic_task_mapping_with_no_taskflow_operators.py
[2026-08-12T04:38:00.843+0000] {logging_mixin.py:190} INFO - [2026-08-12T04:38:00.842+0000] {dag.py:3211} INFO - Sync 1 DAGs
[2026-08-12T04:38:00.865+0000] {logging_mixin.py:190} INFO - [2026-08-12T04:38:00.865+0000] {dag.py:4138} INFO - Setting next_dagrun for example_dynamic_task_mapping_with_no_taskflow_operators to 2026-08-11 00:00:00+00:00, run_after=2026-08-12 00:00:00+00:00
[2026-08-12T04:38:00.884+0000] {processor.py:208} INFO - Processing /home/airflow/.local/lib/python3.12/site-packages/airflow/example_dags/example_dynamic_task_mapping_with_no_taskflow_operators.py took 0.080 seconds
[2026-08-12T04:38:31.414+0000] {processor.py:186} INFO - Started process (PID=770) to work on /home/airflow/.local/lib/python3.12/site-packages/airflow/example_dags/example_dynamic_task_mapping_with_no_taskflow_operators.py
[2026-08-12T04:38:31.416+0000] {processor.py:914} INFO - Processing file /home/airflow/.local/lib/python3.12/site-packages/airflow/example_dags/example_dynamic_task_mapping_with_no_taskflow_operators.py for tasks to queue
[2026-08-12T04:38:31.419+0000] {logging_mixin.py:190} INFO - [2026-08-12T04:38:31.419+0000] {dagbag.py:587} INFO - Filling up the DagBag from /home/airflow/.local/lib/python3.12/site-packages/airflow/example_dags/example_dynamic_task_mapping_with_no_taskflow_operators.py
[2026-08-12T04:38:31.429+0000] {processor.py:925} INFO - DAG(s) 'example_dynamic_task_mapping_with_no_taskflow_operators' retrieved from /home/airflow/.local/lib/python3.12/site-packages/airflow/example_dags/example_dynamic_task_mapping_with_no_taskflow_operators.py
[2026-08-12T04:38:31.457+0000] {logging_mixin.py:190} INFO - [2026-08-12T04:38:31.457+0000] {dag.py:3211} INFO - Sync 1 DAGs
[2026-08-12T04:38:31.482+0000] {logging_mixin.py:190} INFO - [2026-08-12T04:38:31.482+0000] {dag.py:4138} INFO - Setting next_dagrun for example_dynamic_task_mapping_with_no_taskflow_operators to 2026-08-11 00:00:00+00:00, run_after=2026-08-12 00:00:00+00:00
[2026-08-12T04:38:31.502+0000] {processor.py:208} INFO - Processing /home/airflow/.local/lib/python3.12/site-packages/airflow/example_dags/example_dynamic_task_mapping_with_no_taskflow_operators.py took 0.093 seconds
[2026-08-12T04:39:01.780+0000] {processor.py:186} INFO - Started process (PID=832) to work on /home/airflow/.local/lib/python3.12/site-packages/airflow/example_dags/example_dynamic_task_mapping_with_no_taskflow_operators.py
[2026-08-12T04:39:01.785+0000] {processor.py:914} INFO - Processing file /home/airflow/.local/lib/python3.12/site-packages/airflow/example_dags/example_dynamic_task_mapping_with_no_taskflow_operators.py for tasks to queue
[2026-08-12T04:39:01.788+0000] {logging_mixin.py:190} INFO - [2026-08-12T04:39:01.788+0000] {dagbag.py:587} INFO - Filling up the DagBag from /home/airflow/.local/lib/python3.12/site-packages/airflow/example_dags/example_dynamic_task_mapping_with_no_taskflow_operators.py
[2026-08-12T04:39:01.799+0000] {processor.py:925} INFO - DAG(s) 'example_dynamic_task_mapping_with_no_taskflow_operators' retrieved from /home/airflow/.local/lib/python3.12/site-packages/airflow/example_dags/example_dynamic_task_mapping_with_no_taskflow_operators.py
[2026-08-12T04:39:01.821+0000] {logging_mixin.py:190} INFO - [2026-08-12T04:39:01.820+0000] {dag.py:3211} INFO - Sync 1 DAGs
[2026-08-12T04:39:01.845+0000] {logging_mixin.py:190} INFO - [2026-08-12T04:39:01.845+0000] {dag.py:4138} INFO - Setting next_dagrun for example_dynamic_task_mapping_with_no_taskflow_operators to 2026-08-11 00:00:00+00:00, run_after=2026-08-12 00:00:00+00:00
[2026-08-12T04:39:01.866+0000] {processor.py:208} INFO - Processing /home/airflow/.local/lib/python3.12/site-packages/airflow/example_dags/example_dynamic_task_mapping_with_no_taskflow_operators.py took 0.091 seconds
[2026-08-12T04:39:32.187+0000] {processor.py:186} INFO - Started process (PID=894) to work on /home/airflow/.local/lib/python3.12/site-packages/airflow/example_dags/example_dynamic_task_mapping_with_no_taskflow_operators.py
[2026-08-12T04:39:32.189+0000] {processor.py:914} INFO - Processing file /home/airflow/.local/lib/python3.12/site-packages/airflow/example_dags/example_dynamic_task_mapping_with_no_taskflow_operators.py for tasks to queue
[2026-08-12T04:39:32.193+0000] {logging_mixin.py:190} INFO - [2026-08-12T04:39:32.192+0000] {dagbag.py:587} INFO - Filling up the DagBag from /home/airflow/.local/lib/python3.12/site-packages/airflow/example_dags/example_dynamic_task_mapping_with_no_taskflow_operators.py
[2026-08-12T04:39:32.202+0000] {processor.py:925} INFO - DAG(s) 'example_dynamic_task_mapping_with_no_taskflow_operators' retrieved from /home/airflow/.local/lib/python3.12/site-packages/airflow/example_dags/example_dynamic_task_mapping_with_no_taskflow_operators.py
[2026-08-12T04:39:32.223+0000] {logging_mixin.py:190} INFO - [2026-08-12T04:39:32.223+0000] {dag.py:3211} INFO - Sync 1 DAGs
[2026-08-12T04:39:32.249+0000] {logging_mixin.py:190} INFO - [2026-08-12T04:39:32.249+0000] {dag.py:4138} INFO - Setting next_dagrun for example_dynamic_task_mapping_with_no_taskflow_operators to 2026-08-11 00:00:00+00:00, run_after=2026-08-12 00:00:00+00:00
[2026-08-12T04:39:32.270+0000] {processor.py:208} INFO - Processing /home/airflow/.local/lib/python3.12/site-packages/airflow/example_dags/example_dynamic_task_mapping_with_no_taskflow_operators.py took 0.089 seconds
[2026-08-12T04:40:02.571+0000] {processor.py:186} INFO - Started process (PID=956) to work on /home/airflow/.local/lib/python3.12/site-packages/airflow/example_dags/example_dynamic_task_mapping_with_no_taskflow_operators.py
[2026-08-12T04:40:02.573+0000] {processor.py:914} INFO - Processing file /home/airflow/.local/lib/python3.12/site-packages/airflow/example_dags/example_dynamic_task_mapping_with_no_taskflow_operators.py for tasks to queue
[2026-08-12T04:40:02.576+0000] {logging_mixin.py:190} INFO - [2026-08-12T04:40:02.576+0000] {dagbag.py:587} INFO - Filling up the DagBag from /home/airflow/.local/lib/python3.12/site-packages/airflow/example_dags/example_dynamic_task_mapping_with_no_taskflow_operators.py
[2026-08-12T04:40:02.586+0000] {processor.py:925} INFO - DAG(s) 'example_dynamic_task_mapping_with_no_taskflow_operators' retrieved from /home/airflow/.local/lib/python3.12/site-packages/airflow/example_dags/example_dynamic_task_mapping_with_no_taskflow_operators.py
[2026-08-12T04:40:02.607+0000] {logging_mixin.py:190} INFO - [2026-08-12T04:40:02.606+0000] {dag.py:3211} INFO - Sync 1 DAGs
[2026-08-12T04:40:02.629+0000] {logging_mixin.py:190} INFO - [2026-08-12T04:40:02.629+0000] {dag.py:4138} INFO - Setting next_dagrun for example_dynamic_task_mapping_with_no_taskflow_operators to 2026-08-11 00:00:00+00:00, run_after=2026-08-12 00:00:00+00:00
[2026-08-12T04:40:02.649+0000] {processor.py:208} INFO - Processing /home/airflow/.local/lib/python3.12/site-packages/airflow/example_dags/example_dynamic_task_mapping_with_no_taskflow_operators.py took 0.083 seconds
[2026-08-12T04:40:33.520+0000] {processor.py:186} INFO - Started process (PID=1018) to work on /home/airflow/.local/lib/python3.12/site-packages/airflow/example_dags/example_dynamic_task_mapping_with_no_taskflow_operators.py
[2026-08-12T04:40:33.522+0000] {processor.py:914} INFO - Processing file /home/airflow/.local/lib/python3.12/site-packages/airflow/example_dags/example_dynamic_task_mapping_with_no_taskflow_operators.py for tasks to queue
[2026-08-12T04:40:33.526+0000] {logging_mixin.py:190} INFO - [2026-08-12T04:40:33.526+0000] {dagbag.py:587} INFO - Filling up the DagBag from /home/airflow/.local/lib/python3.12/site-packages/airflow/example_dags/example_dynamic_task_mapping_with_no_taskflow_operators.py
[2026-08-12T04:40:33.542+0000] {processor.py:925} INFO - DAG(s) 'example_dynamic_task_mapping_with_no_taskflow_operators' retrieved from /home/airflow/.local/lib/python3.12/site-packages/airflow/example_dags/example_dynamic_task_mapping_with_no_taskflow_operators.py
[2026-08-12T04:40:33.568+0000] {logging_mixin.py:190} INFO - [2026-08-12T04:40:33.568+0000] {dag.py:3211} INFO - Sync 1 DAGs
[2026-08-12T04:40:33.592+0000] {logging_mixin.py:190} INFO - [2026-08-12T04:40:33.592+0000] {dag.py:4138} INFO - Setting next_dagrun for example_dynamic_task_mapping_with_no_taskflow_operators to 2026-08-11 00:00:00+00:00, run_after=2026-08-12 00:00:00+00:00
[2026-08-12T04:40:33.630+0000] {processor.py:208} INFO - Processing /home/airflow/.local/lib/python3.12/site-packages/airflow/example_dags/example_dynamic_task_mapping_with_no_taskflow_operators.py took 0.119 seconds
[2026-08-12T04:41:03.846+0000] {processor.py:186} INFO - Started process (PID=1080) to work on /home/airflow/.local/lib/python3.12/site-packages/airflow/example_dags/example_dynamic_task_mapping_with_no_taskflow_operators.py
[2026-08-12T04:41:03.847+0000] {processor.py:914} INFO - Processing file /home/airflow/.local/lib/python3.12/site-packages/airflow/example_dags/example_dynamic_task_mapping_with_no_taskflow_operators.py for tasks to queue
[2026-08-12T04:41:03.850+0000] {logging_mixin.py:190} INFO - [2026-08-12T04:41:03.850+0000] {dagbag.py:587} INFO - Filling up the DagBag from /home/airflow/.local/lib/python3.12/site-packages/airflow/example_dags/example_dynamic_task_mapping_with_no_taskflow_operators.py
[2026-08-12T04:41:03.859+0000] {processor.py:925} INFO - DAG(s) 'example_dynamic_task_mapping_with_no_taskflow_operators' retrieved from /home/airflow/.local/lib/python3.12/site-packages/airflow/example_dags/example_dynamic_task_mapping_with_no_taskflow_operators.py
[2026-08-12T04:41:03.879+0000] {logging_mixin.py:190} INFO - [2026-08-12T04:41:03.879+0000] {dag.py:3211} INFO - Sync 1 DAGs
[2026-08-12T04:41:03.904+0000] {logging_mixin.py:190} INFO - [2026-08-12T04:41:03.904+0000] {dag.py:4138} INFO - Setting next_dagrun for example_dynamic_task_mapping_with_no_taskflow_operators to 2026-08-11 00:00:00+00:00, run_after=2026-08-12 00:00:00+00:00
[2026-08-12T04:41:03.924+0000] {processor.py:208} INFO - Processing /home/airflow/.local/lib/python3.12/site-packages/airflow/example_dags/example_dynamic_task_mapping_with_no_taskflow_operators.py took 0.084 seconds
[2026-08-12T04:41:34.422+0000] {processor.py:186} INFO - Started process (PID=1142) to work on /home/airflow/.local/lib/python3.12/site-packages/airflow/example_dags/example_dynamic_task_mapping_with_no_taskflow_operators.py
[2026-08-12T04:41:34.424+0000] {processor.py:914} INFO - Processing file /home/airflow/.local/lib/python3.12/site-packages/airflow/example_dags/example_dynamic_task_mapping_with_no_taskflow_operators.py for tasks to queue
[2026-08-12T04:41:34.428+0000] {logging_mixin.py:190} INFO - [2026-08-12T04:41:34.427+0000] {dagbag.py:587} INFO - Filling up the DagBag from /home/airflow/.local/lib/python3.12/site-packages/airflow/example_dags/example_dynamic_task_mapping_with_no_taskflow_operators.py
[2026-08-12T04:41:34.437+0000] {processor.py:925} INFO - DAG(s) 'example_dynamic_task_mapping_with_no_taskflow_operators' retrieved from /home/airflow/.local/lib/python3.12/site-packages/airflow/example_dags/example_dynamic_task_mapping_with_no_taskflow_operators.py
[2026-08-12T04:41:34.473+0000] {logging_mixin.py:190} INFO - [2026-08-12T04:41:34.473+0000] {dag.py:3211} INFO - Sync 1 DAGs
[2026-08-12T04:41:34.497+0000] {logging_mixin.py:190} INFO - [2026-08-12T04:41:34.497+0000] {dag.py:4138} INFO - Setting next_dagrun for example_dynamic_task_mapping_with_no_taskflow_operators to 2026-08-11 00:00:00+00:00, run_after=2026-08-12 00:00:00+00:00
[2026-08-12T04:41:34.518+0000] {processor.py:208} INFO - Processing /home/airflow/.local/lib/python3.12/site-packages/airflow/example_dags/example_dynamic_task_mapping_with_no_taskflow_operators.py took 0.103 seconds
[2026-08-12T04:42:05.269+0000] {processor.py:186} INFO - Started process (PID=1204) to work on /home/airflow/.local/lib/python3.12/site-packages/airflow/example_dags/example_dynamic_task_mapping_with_no_taskflow_operators.py
[2026-08-12T04:42:05.271+0000] {processor.py:914} INFO - Processing file /home/airflow/.local/lib/python3.12/site-packages/airflow/example_dags/example_dynamic_task_mapping_with_no_taskflow_operators.py for tasks to queue
[2026-08-12T04:42:05.275+0000] {logging_mixin.py:190} INFO - [2026-08-12T04:42:05.275+0000] {dagbag.py:587} INFO - Filling up the DagBag from /home/airflow/.local/lib/python3.12/site-packages/airflow/example_dags/example_dynamic_task_mapping_with_no_taskflow_operators.py
[2026-08-12T04:42:05.287+0000] {processor.py:925} INFO - DAG(s) 'example_dynamic_task_mapping_with_no_taskflow_operators' retrieved from /home/airflow/.local/lib/python3.12/site-packages/airflow/example_dags/example_dynamic_task_mapping_with_no_taskflow_operators.py
[2026-08-12T04:42:05.309+0000] {logging_mixin.py:190} INFO - [2026-08-12T04:42:05.309+0000] {dag.py:3211} INFO - Sync 1 DAGs
[2026-08-12T04:42:05.333+0000] {logging_mixin.py:190} INFO - [2026-08-12T04:42:05.333+0000] {dag.py:4138} INFO - Setting next_dagrun for example_dynamic_task_mapping_with_no_taskflow_operators to 2026-08-11 00:00:00+00:00, run_after=2026-08-12 00:00:00+00:00
[2026-08-12T04:42:05.356+0000] {processor.py:208} INFO - Processing /home/airflow/.local/lib/python3.12/site-packages/airflow/example_dags/example_dynamic_task_mapping_with_no_taskflow_operators.py took 0.093 seconds
[2026-08-12T04:42:35.772+0000] {processor.py:186} INFO - Started process (PID=1266) to work on /home/airflow/.local/lib/python3.12/site-packages/airflow/example_dags/example_dynamic_task_mapping_with_no_taskflow_operators.py
[2026-08-12T04:42:35.773+0000] {processor.py:914} INFO - Processing file /home/airflow/.local/lib/python3.12/site-packages/airflow/example_dags/example_dynamic_task_mapping_with_no_taskflow_operators.py for tasks to queue
[2026-08-12T04:42:35.776+0000] {logging_mixin.py:190} INFO - [2026-08-12T04:42:35.776+0000] {dagbag.py:587} INFO - Filling up the DagBag from /home/airflow/.local/lib/python3.12/site-packages/airflow/example_dags/example_dynamic_task_mapping_with_no_taskflow_operators.py
[2026-08-12T04:42:35.785+0000] {processor.py:925} INFO - DAG(s) 'example_dynamic_task_mapping_with_no_taskflow_operators' retrieved from /home/airflow/.local/lib/python3.12/site-packages/airflow/example_dags/example_dynamic_task_mapping_with_no_taskflow_operators.py
[2026-08-12T04:42:35.819+0000] {logging_mixin.py:190} INFO - [2026-08-12T04:42:35.818+0000] {dag.py:3211} INFO - Sync 1 DAGs
[2026-08-12T04:42:35.845+0000] {logging_mixin.py:190} INFO - [2026-08-12T04:42:35.844+0000] {dag.py:4138} INFO - Setting next_dagrun for example_dynamic_task_mapping_with_no_taskflow_operators to 2026-08-11 00:00:00+00:00, run_after=2026-08-12 00:00:00+00:00
[2026-08-12T04:42:35.867+0000] {processor.py:208} INFO - Processing /home/airflow/.local/lib/python3.12/site-packages/airflow/example_dags/example_dynamic_task_mapping_with_no_taskflow_operators.py took 0.101 seconds
[2026-08-12T04:43:06.621+0000] {processor.py:186} INFO - Started process (PID=1328) to work on /home/airflow/.local/lib/python3.12/site-packages/airflow/example_dags/example_dynamic_task_mapping_with_no_taskflow_operators.py
[2026-08-12T04:43:06.623+0000] {processor.py:914} INFO - Processing file /home/airflow/.local/lib/python3.12/site-packages/airflow/example_dags/example_dynamic_task_mapping_with_no_taskflow_operators.py for tasks to queue
[2026-08-12T04:43:06.627+0000] {logging_mixin.py:190} INFO - [2026-08-12T04:43:06.626+0000] {dagbag.py:587} INFO - Filling up the DagBag from /home/airflow/.local/lib/python3.12/site-packages/airflow/example_dags/example_dynamic_task_mapping_with_no_taskflow_operators.py
[2026-08-12T04:43:06.638+0000] {processor.py:925} INFO - DAG(s) 'example_dynamic_task_mapping_with_no_taskflow_operators' retrieved from /home/airflow/.local/lib/python3.12/site-packages/airflow/example_dags/example_dynamic_task_mapping_with_no_taskflow_operators.py
[2026-08-12T04:43:06.660+0000] {logging_mixin.py:190} INFO - [2026-08-12T04:43:06.660+0000] {dag.py:3211} INFO - Sync 1 DAGs
[2026-08-12T04:43:06.687+0000] {logging_mixin.py:190} INFO - [2026-08-12T04:43:06.687+0000] {dag.py:4138} INFO - Setting next_dagrun for example_dynamic_task_mapping_with_no_taskflow_operators to 2026-08-11 00:00:00+00:00, run_after=2026-08-12 00:00:00+00:00
[2026-08-12T04:43:06.711+0000] {processor.py:208} INFO - Processing /home/airflow/.local/lib/python3.12/site-packages/airflow/example_dags/example_dynamic_task_mapping_with_no_taskflow_operators.py took 0.097 seconds
[2026-08-12T04:43:37.596+0000] {processor.py:186} INFO - Started process (PID=1390) to work on /home/airflow/.local/lib/python3.12/site-packages/airflow/example_dags/example_dynamic_task_mapping_with_no_taskflow_operators.py
[2026-08-12T04:43:37.598+0000] {processor.py:914} INFO - Processing file /home/airflow/.local/lib/python3.12/site-packages/airflow/example_dags/example_dynamic_task_mapping_with_no_taskflow_operators.py for tasks to queue
[2026-08-12T04:43:37.601+0000] {logging_mixin.py:190} INFO - [2026-08-12T04:43:37.601+0000] {dagbag.py:587} INFO - Filling up the DagBag from /home/airflow/.local/lib/python3.12/site-packages/airflow/example_dags/example_dynamic_task_mapping_with_no_taskflow_operators.py
[2026-08-12T04:43:37.614+0000] {processor.py:925} INFO - DAG(s) 'example_dynamic_task_mapping_with_no_taskflow_operators' retrieved from /home/airflow/.local/lib/python3.12/site-packages/airflow/example_dags/example_dynamic_task_mapping_with_no_taskflow_operators.py
[2026-08-12T04:43:37.646+0000] {logging_mixin.py:190} INFO - [2026-08-12T04:43:37.646+0000] {dag.py:3211} INFO - Sync 1 DAGs
[2026-08-12T04:43:37.688+0000] {logging_mixin.py:190} INFO - [2026-08-12T04:43:37.688+0000] {dag.py:4138} INFO - Setting next_dagrun for example_dynamic_task_mapping_with_no_taskflow_operators to 2026-08-11 00:00:00+00:00, run_after=2026-08-12 00:00:00+00:00
[2026-08-12T04:43:37.725+0000] {processor.py:208} INFO - Processing /home/airflow/.local/lib/python3.12/site-packages/airflow/example_dags/example_dynamic_task_mapping_with_no_taskflow_operators.py took 0.138 seconds
[2026-08-12T04:44:08.459+0000] {processor.py:186} INFO - Started process (PID=1452) to work on /home/airflow/.local/lib/python3.12/site-packages/airflow/example_dags/example_dynamic_task_mapping_with_no_taskflow_operators.py
[2026-08-12T04:44:08.460+0000] {processor.py:914} INFO - Processing file /home/airflow/.local/lib/python3.12/site-packages/airflow/example_dags/example_dynamic_task_mapping_with_no_taskflow_operators.py for tasks to queue
[2026-08-12T04:44:08.463+0000] {logging_mixin.py:190} INFO - [2026-08-12T04:44:08.463+0000] {dagbag.py:587} INFO - Filling up the DagBag from /home/airflow/.local/lib/python3.12/site-packages/airflow/example_dags/example_dynamic_task_mapping_with_no_taskflow_operators.py
[2026-08-12T04:44:08.485+0000] {processor.py:925} INFO - DAG(s) 'example_dynamic_task_mapping_with_no_taskflow_operators' retrieved from /home/airflow/.local/lib/python3.12/site-packages/airflow/example_dags/example_dynamic_task_mapping_with_no_taskflow_operators.py
[2026-08-12T04:44:08.507+0000] {logging_mixin.py:190} INFO - [2026-08-12T04:44:08.507+0000] {dag.py:3211} INFO - Sync 1 DAGs
[2026-08-12T04:44:08.544+0000] {logging_mixin.py:190} INFO - [2026-08-12T04:44:08.543+0000] {dag.py:4138} INFO - Setting next_dagrun for example_dynamic_task_mapping_with_no_taskflow_operators to 2026-08-11 00:00:00+00:00, run_after=2026-08-12 00:00:00+00:00
[2026-08-12T04:44:08.565+0000] {processor.py:208} INFO - Processing /home/airflow/.local/lib/python3.12/site-packages/airflow/example_dags/example_dynamic_task_mapping_with_no_taskflow_operators.py took 0.112 seconds
[2026-08-12T04:44:39.324+0000] {processor.py:186} INFO - Started process (PID=1514) to work on /home/airflow/.local/lib/python3.12/site-packages/airflow/example_dags/example_dynamic_task_mapping_with_no_taskflow_operators.py
[2026-08-12T04:44:39.326+0000] {processor.py:914} INFO - Processing file /home/airflow/.local/lib/python3.12/site-packages/airflow/example_dags/example_dynamic_task_mapping_with_no_taskflow_operators.py for tasks to queue
[2026-08-12T04:44:39.329+0000] {logging_mixin.py:190} INFO - [2026-08-12T04:44:39.329+0000] {dagbag.py:587} INFO - Filling up the DagBag from /home/airflow/.local/lib/python3.12/site-packages/airflow/example_dags/example_dynamic_task_mapping_with_no_taskflow_operators.py
[2026-08-12T04:44:39.342+0000] {processor.py:925} INFO - DAG(s) 'example_dynamic_task_mapping_with_no_taskflow_operators' retrieved from /home/airflow/.local/lib/python3.12/site-packages/airflow/example_dags/example_dynamic_task_mapping_with_no_taskflow_operators.py
[2026-08-12T04:44:39.364+0000] {logging_mixin.py:190} INFO - [2026-08-12T04:44:39.364+0000] {dag.py:3211} INFO - Sync 1 DAGs
[2026-08-12T04:44:39.387+0000] {logging_mixin.py:190} INFO - [2026-08-12T04:44:39.387+0000] {dag.py:4138} INFO - Setting next_dagrun for example_dynamic_task_mapping_with_no_taskflow_operators to 2026-08-11 00:00:00+00:00, run_after=2026-08-12 00:00:00+00:00
[2026-08-12T04:44:39.408+0000] {processor.py:208} INFO - Processing /home/airflow/.local/lib/python3.12/site-packages/airflow/example_dags/example_dynamic_task_mapping_with_no_taskflow_operators.py took 0.092 seconds
[2026-08-12T04:45:09.781+0000] {processor.py:186} INFO - Started process (PID=1576) to work on /home/airflow/.local/lib/python3.12/site-packages/airflow/example_dags/example_dynamic_task_mapping_with_no_taskflow_operators.py
[2026-08-12T04:45:09.784+0000] {processor.py:914} INFO - Processing file /home/airflow/.local/lib/python3.12/site-packages/airflow/example_dags/example_dynamic_task_mapping_with_no_taskflow_operators.py for tasks to queue
[2026-08-12T04:45:09.791+0000] {logging_mixin.py:190} INFO - [2026-08-12T04:45:09.791+0000] {dagbag.py:587} INFO - Filling up the DagBag from /home/airflow/.local/lib/python3.12/site-packages/airflow/example_dags/example_dynamic_task_mapping_with_no_taskflow_operators.py
[2026-08-12T04:45:09.800+0000] {processor.py:925} INFO - DAG(s) 'example_dynamic_task_mapping_with_no_taskflow_operators' retrieved from /home/airflow/.local/lib/python3.12/site-packages/airflow/example_dags/example_dynamic_task_mapping_with_no_taskflow_operators.py
[2026-08-12T04:45:09.822+0000] {logging_mixin.py:190} INFO - [2026-08-12T04:45:09.822+0000] {dag.py:3211} INFO - Sync 1 DAGs
[2026-08-12T04:45:09.849+0000] {logging_mixin.py:190} INFO - [2026-08-12T04:45:09.849+0000] {dag.py:4138} INFO - Setting next_dagrun for example_dynamic_task_mapping_with_no_taskflow_operators to 2026-08-11 00:00:00+00:00, run_after=2026-08-12 00:00:00+00:00
[2026-08-12T04:45:09.874+0000] {processor.py:208} INFO - Processing /home/airflow/.local/lib/python3.12/site-packages/airflow/example_dags/example_dynamic_task_mapping_with_no_taskflow_operators.py took 0.098 seconds
[2026-08-12T04:45:40.342+0000] {processor.py:186} INFO - Started process (PID=1638) to work on /home/airflow/.local/lib/python3.12/site-packages/airflow/example_dags/example_dynamic_task_mapping_with_no_taskflow_operators.py
[2026-08-12T04:45:40.343+0000] {processor.py:914} INFO - Processing file /home/airflow/.local/lib/python3.12/site-packages/airflow/example_dags/example_dynamic_task_mapping_with_no_taskflow_operators.py for tasks to queue
[2026-08-12T04:45:40.346+0000] {logging_mixin.py:190} INFO - [2026-08-12T04:45:40.346+0000] {dagbag.py:587} INFO - Filling up the DagBag from /home/airflow/.local/lib/python3.12/site-packages/airflow/example_dags/example_dynamic_task_mapping_with_no_taskflow_operators.py
[2026-08-12T04:45:40.356+0000] {processor.py:925} INFO - DAG(s) 'example_dynamic_task_mapping_with_no_taskflow_operators' retrieved from /home/airflow/.local/lib/python3.12/site-packages/airflow/example_dags/example_dynamic_task_mapping_with_no_taskflow_operators.py
[2026-08-12T04:45:40.377+0000] {logging_mixin.py:190} INFO - [2026-08-12T04:45:40.377+0000] {dag.py:3211} INFO - Sync 1 DAGs
[2026-08-12T04:45:40.404+0000] {logging_mixin.py:190} INFO - [2026-08-12T04:45:40.404+0000] {dag.py:4138} INFO - Setting next_dagrun for example_dynamic_task_mapping_with_no_taskflow_operators to 2026-08-11 00:00:00+00:00, run_after=2026-08-12 00:00:00+00:00
[2026-08-12T04:45:40.424+0000] {processor.py:208} INFO - Processing /home/airflow/.local/lib/python3.12/site-packages/airflow/example_dags/example_dynamic_task_mapping_with_no_taskflow_operators.py took 0.088 seconds
[2026-08-12T04:46:10.820+0000] {processor.py:186} INFO - Started process (PID=1700) to work on /home/airflow/.local/lib/python3.12/site-packages/airflow/example_dags/example_dynamic_task_mapping_with_no_taskflow_operators.py
[2026-08-12T04:46:10.822+0000] {processor.py:914} INFO - Processing file /home/airflow/.local/lib/python3.12/site-packages/airflow/example_dags/example_dynamic_task_mapping_with_no_taskflow_operators.py for tasks to queue
[2026-08-12T04:46:10.824+0000] {logging_mixin.py:190} INFO - [2026-08-12T04:46:10.824+0000] {dagbag.py:587} INFO - Filling up the DagBag from /home/airflow/.local/lib/python3.12/site-packages/airflow/example_dags/example_dynamic_task_mapping_with_no_taskflow_operators.py
[2026-08-12T04:46:10.833+0000] {processor.py:925} INFO - DAG(s) 'example_dynamic_task_mapping_with_no_taskflow_operators' retrieved from /home/airflow/.local/lib/python3.12/site-packages/airflow/example_dags/example_dynamic_task_mapping_with_no_taskflow_operators.py
[2026-08-12T04:46:10.851+0000] {logging_mixin.py:190} INFO - [2026-08-12T04:46:10.851+0000] {dag.py:3211} INFO - Sync 1 DAGs
[2026-08-12T04:46:10.871+0000] {logging_mixin.py:190} INFO - [2026-08-12T04:46:10.871+0000] {dag.py:4138} INFO - Setting next_dagrun for example_dynamic_task_mapping_with_no_taskflow_operators to 2026-08-11 00:00:00+00:00, run_after=2026-08-12 00:00:00+00:00
[2026-08-12T04:46:10.890+0000] {processor.py:208} INFO - Processing /home/airflow/.local/lib/python3.12/site-packages/airflow/example_dags/example_dynamic_task_mapping_with_no_taskflow_operators.py took 0.075 seconds
[2026-08-12T04:46:41.439+0000] {processor.py:186} INFO - Started process (PID=1762) to work on /home/airflow/.local/lib/python3.12/site-packages/airflow/example_dags/example_dynamic_task_mapping_with_no_taskflow_operators.py
[2026-08-12T04:46:41.440+0000] {processor.py:914} INFO - Processing file /home/airflow/.local/lib/python3.12/site-packages/airflow/example_dags/example_dynamic_task_mapping_with_no_taskflow_operators.py for tasks to queue
[2026-08-12T04:46:41.445+0000] {logging_mixin.py:190} INFO - [2026-08-12T04:46:41.445+0000] {dagbag.py:587} INFO - Filling up the DagBag from /home/airflow/.local/lib/python3.12/site-packages/airflow/example_dags/example_dynamic_task_mapping_with_no_taskflow_operators.py
[2026-08-12T04:46:41.459+0000] {processor.py:925} INFO - DAG(s) 'example_dynamic_task_mapping_with_no_taskflow_operators' retrieved from /home/airflow/.local/lib/python3.12/site-packages/airflow/example_dags/example_dynamic_task_mapping_with_no_taskflow_operators.py
[2026-08-12T04:46:41.484+0000] {logging_mixin.py:190} INFO - [2026-08-12T04:46:41.484+0000] {dag.py:3211} INFO - Sync 1 DAGs
[2026-08-12T04:46:41.515+0000] {logging_mixin.py:190} INFO - [2026-08-12T04:46:41.515+0000] {dag.py:4138} INFO - Setting next_dagrun for example_dynamic_task_mapping_with_no_taskflow_operators to 2026-08-11 00:00:00+00:00, run_after=2026-08-12 00:00:00+00:00
[2026-08-12T04:46:41.542+0000] {processor.py:208} INFO - Processing /home/airflow/.local/lib/python3.12/site-packages/airflow/example_dags/example_dynamic_task_mapping_with_no_taskflow_operators.py took 0.111 seconds
[2026-08-12T04:47:11.844+0000] {processor.py:186} INFO - Started process (PID=1824) to work on /home/airflow/.local/lib/python3.12/site-packages/airflow/example_dags/example_dynamic_task_mapping_with_no_taskflow_operators.py
[2026-08-12T04:47:11.845+0000] {processor.py:914} INFO - Processing file /home/airflow/.local/lib/python3.12/site-packages/airflow/example_dags/example_dynamic_task_mapping_with_no_taskflow_operators.py for tasks to queue
[2026-08-12T04:47:11.848+0000] {logging_mixin.py:190} INFO - [2026-08-12T04:47:11.848+0000] {dagbag.py:587} INFO - Filling up the DagBag from /home/airflow/.local/lib/python3.12/site-packages/airflow/example_dags/example_dynamic_task_mapping_with_no_taskflow_operators.py
[2026-08-12T04:47:11.856+0000] {processor.py:925} INFO - DAG(s) 'example_dynamic_task_mapping_with_no_taskflow_operators' retrieved from /home/airflow/.local/lib/python3.12/site-packages/airflow/example_dags/example_dynamic_task_mapping_with_no_taskflow_operators.py
[2026-08-12T04:47:11.876+0000] {logging_mixin.py:190} INFO - [2026-08-12T04:47:11.875+0000] {dag.py:3211} INFO - Sync 1 DAGs
[2026-08-12T04:47:11.897+0000] {logging_mixin.py:190} INFO - [2026-08-12T04:47:11.896+0000] {dag.py:4138} INFO - Setting next_dagrun for example_dynamic_task_mapping_with_no_taskflow_operators to 2026-08-11 00:00:00+00:00, run_after=2026-08-12 00:00:00+00:00
[2026-08-12T04:47:11.915+0000] {processor.py:208} INFO - Processing /home/airflow/.local/lib/python3.12/site-packages/airflow/example_dags/example_dynamic_task_mapping_with_no_taskflow_operators.py took 0.076 seconds
[2026-08-12T04:47:42.138+0000] {processor.py:186} INFO - Started process (PID=1886) to work on /home/airflow/.local/lib/python3.12/site-packages/airflow/example_dags/example_dynamic_task_mapping_with_no_taskflow_operators.py
[2026-08-12T04:47:42.140+0000] {processor.py:914} INFO - Processing file /home/airflow/.local/lib/python3.12/site-packages/airflow/example_dags/example_dynamic_task_mapping_with_no_taskflow_operators.py for tasks to queue
[2026-08-12T04:47:42.144+0000] {logging_mixin.py:190} INFO - [2026-08-12T04:47:42.144+0000] {dagbag.py:587} INFO - Filling up the DagBag from /home/airflow/.local/lib/python3.12/site-packages/airflow/example_dags/example_dynamic_task_mapping_with_no_taskflow_operators.py
[2026-08-12T04:47:42.156+0000] {processor.py:925} INFO - DAG(s) 'example_dynamic_task_mapping_with_no_taskflow_operators' retrieved from /home/airflow/.local/lib/python3.12/site-packages/airflow/example_dags/example_dynamic_task_mapping_with_no_taskflow_operators.py
[2026-08-12T04:47:42.176+0000] {logging_mixin.py:190} INFO - [2026-08-12T04:47:42.176+0000] {dag.py:3211} INFO - Sync 1 DAGs
[2026-08-12T04:47:42.198+0000] {logging_mixin.py:190} INFO - [2026-08-12T04:47:42.197+0000] {dag.py:4138} INFO - Setting next_dagrun for example_dynamic_task_mapping_with_no_taskflow_operators to 2026-08-11 00:00:00+00:00, run_after=2026-08-12 00:00:00+00:00
[2026-08-12T04:47:42.217+0000] {processor.py:208} INFO - Processing /home/airflow/.local/lib/python3.12/site-packages/airflow/example_dags/example_dynamic_task_mapping_with_no_taskflow_operators.py took 0.088 seconds
[2026-08-12T04:48:13.221+0000] {processor.py:186} INFO - Started process (PID=1948) to work on /home/airflow/.local/lib/python3.12/site-packages/airflow/example_dags/example_dynamic_task_mapping_with_no_taskflow_operators.py
[2026-08-12T04:48:13.223+0000] {processor.py:914} INFO - Processing file /home/airflow/.local/lib/python3.12/site-packages/airflow/example_dags/example_dynamic_task_mapping_with_no_taskflow_operators.py for tasks to queue
[2026-08-12T04:48:13.227+0000] {logging_mixin.py:190} INFO - [2026-08-12T04:48:13.227+0000] {dagbag.py:587} INFO - Filling up the DagBag from /home/airflow/.local/lib/python3.12/site-packages/airflow/example_dags/example_dynamic_task_mapping_with_no_taskflow_operators.py
[2026-08-12T04:48:13.237+0000] {processor.py:925} INFO - DAG(s) 'example_dynamic_task_mapping_with_no_taskflow_operators' retrieved from /home/airflow/.local/lib/python3.12/site-packages/airflow/example_dags/example_dynamic_task_mapping_with_no_taskflow_operators.py
[2026-08-12T04:48:13.258+0000] {logging_mixin.py:190} INFO - [2026-08-12T04:48:13.258+0000] {dag.py:3211} INFO - Sync 1 DAGs
[2026-08-12T04:48:13.280+0000] {logging_mixin.py:190} INFO - [2026-08-12T04:48:13.280+0000] {dag.py:4138} INFO - Setting next_dagrun for example_dynamic_task_mapping_with_no_taskflow_operators to 2026-08-11 00:00:00+00:00, run_after=2026-08-12 00:00:00+00:00
[2026-08-12T04:48:13.301+0000] {processor.py:208} INFO - Processing /home/airflow/.local/lib/python3.12/site-packages/airflow/example_dags/example_dynamic_task_mapping_with_no_taskflow_operators.py took 0.086 seconds
[2026-08-12T04:48:43.879+0000] {processor.py:186} INFO - Started process (PID=2010) to work on /home/airflow/.local/lib/python3.12/site-packages/airflow/example_dags/example_dynamic_task_mapping_with_no_taskflow_operators.py
[2026-08-12T04:48:43.880+0000] {processor.py:914} INFO - Processing file /home/airflow/.local/lib/python3.12/site-packages/airflow/example_dags/example_dynamic_task_mapping_with_no_taskflow_operators.py for tasks to queue
[2026-08-12T04:48:43.884+0000] {logging_mixin.py:190} INFO - [2026-08-12T04:48:43.883+0000] {dagbag.py:587} INFO - Filling up the DagBag from /home/airflow/.local/lib/python3.12/site-packages/airflow/example_dags/example_dynamic_task_mapping_with_no_taskflow_operators.py
[2026-08-12T04:48:43.894+0000] {processor.py:925} INFO - DAG(s) 'example_dynamic_task_mapping_with_no_taskflow_operators' retrieved from /home/airflow/.local/lib/python3.12/site-packages/airflow/example_dags/example_dynamic_task_mapping_with_no_taskflow_operators.py
[2026-08-12T04:48:43.919+0000] {logging_mixin.py:190} INFO - [2026-08-12T04:48:43.918+0000] {dag.py:3211} INFO - Sync 1 DAGs
[2026-08-12T04:48:43.958+0000] {logging_mixin.py:190} INFO - [2026-08-12T04:48:43.958+0000] {dag.py:4138} INFO - Setting next_dagrun for example_dynamic_task_mapping_with_no_taskflow_operators to 2026-08-11 00:00:00+00:00, run_after=2026-08-12 00:00:00+00:00
[2026-08-12T04:48:44.001+0000] {processor.py:208} INFO - Processing /home/airflow/.local/lib/python3.12/site-packages/airflow/example_dags/example_dynamic_task_mapping_with_no_taskflow_operators.py took 0.128 seconds
[2026-08-12T04:49:14.132+0000] {processor.py:186} INFO - Started process (PID=2072) to work on /home/airflow/.local/lib/python3.12/site-packages/airflow/example_dags/example_dynamic_task_mapping_with_no_taskflow_operators.py
[2026-08-12T04:49:14.134+0000] {processor.py:914} INFO - Processing file /home/airflow/.local/lib/python3.12/site-packages/airflow/example_dags/example_dynamic_task_mapping_with_no_taskflow_operators.py for tasks to queue
[2026-08-12T04:49:14.137+0000] {logging_mixin.py:190} INFO - [2026-08-12T04:49:14.137+0000] {dagbag.py:587} INFO - Filling up the DagBag from /home/airflow/.local/lib/python3.12/site-packages/airflow/example_dags/example_dynamic_task_mapping_with_no_taskflow_operators.py
[2026-08-12T04:49:14.147+0000] {processor.py:925} INFO - DAG(s) 'example_dynamic_task_mapping_with_no_taskflow_operators' retrieved from /home/airflow/.local/lib/python3.12/site-packages/airflow/example_dags/example_dynamic_task_mapping_with_no_taskflow_operators.py
[2026-08-12T04:49:14.168+0000] {logging_mixin.py:190} INFO - [2026-08-12T04:49:14.168+0000] {dag.py:3211} INFO - Sync 1 DAGs
[2026-08-12T04:49:14.192+0000] {logging_mixin.py:190} INFO - [2026-08-12T04:49:14.192+0000] {dag.py:4138} INFO - Setting next_dagrun for example_dynamic_task_mapping_with_no_taskflow_operators to 2026-08-11 00:00:00+00:00, run_after=2026-08-12 00:00:00+00:00
[2026-08-12T04:49:14.214+0000] {processor.py:208} INFO - Processing /home/airflow/.local/lib/python3.12/site-packages/airflow/example_dags/example_dynamic_task_mapping_with_no_taskflow_operators.py took 0.088 seconds
[2026-08-12T04:49:44.488+0000] {processor.py:186} INFO - Started process (PID=2134) to work on /home/airflow/.local/lib/python3.12/site-packages/airflow/example_dags/example_dynamic_task_mapping_with_no_taskflow_operators.py
[2026-08-12T04:49:44.490+0000] {processor.py:914} INFO - Processing file /home/airflow/.local/lib/python3.12/site-packages/airflow/example_dags/example_dynamic_task_mapping_with_no_taskflow_operators.py for tasks to queue
[2026-08-12T04:49:44.495+0000] {logging_mixin.py:190} INFO - [2026-08-12T04:49:44.495+0000] {dagbag.py:587} INFO - Filling up the DagBag from /home/airflow/.local/lib/python3.12/site-packages/airflow/example_dags/example_dynamic_task_mapping_with_no_taskflow_operators.py
[2026-08-12T04:49:44.514+0000] {processor.py:925} INFO - DAG(s) 'example_dynamic_task_mapping_with_no_taskflow_operators' retrieved from /home/airflow/.local/lib/python3.12/site-packages/airflow/example_dags/example_dynamic_task_mapping_with_no_taskflow_operators.py
[2026-08-12T04:49:44.555+0000] {logging_mixin.py:190} INFO - [2026-08-12T04:49:44.554+0000] {dag.py:3211} INFO - Sync 1 DAGs
[2026-08-12T04:49:44.589+0000] {logging_mixin.py:190} INFO - [2026-08-12T04:49:44.588+0000] {dag.py:4138} INFO - Setting next_dagrun for example_dynamic_task_mapping_with_no_taskflow_operators to 2026-08-11 00:00:00+00:00, run_after=2026-08-12 00:00:00+00:00
[2026-08-12T04:49:44.615+0000] {processor.py:208} INFO - Processing /home/airflow/.local/lib/python3.12/site-packages/airflow/example_dags/example_dynamic_task_mapping_with_no_taskflow_operators.py took 0.138 seconds
[2026-08-12T04:50:15.228+0000] {processor.py:186} INFO - Started process (PID=2196) to work on /home/airflow/.local/lib/python3.12/site-packages/airflow/example_dags/example_dynamic_task_mapping_with_no_taskflow_operators.py
[2026-08-12T04:50:15.230+0000] {processor.py:914} INFO - Processing file /home/airflow/.local/lib/python3.12/site-packages/airflow/example_dags/example_dynamic_task_mapping_with_no_taskflow_operators.py for tasks to queue
[2026-08-12T04:50:15.234+0000] {logging_mixin.py:190} INFO - [2026-08-12T04:50:15.233+0000] {dagbag.py:587} INFO - Filling up the DagBag from /home/airflow/.local/lib/python3.12/site-packages/airflow/example_dags/example_dynamic_task_mapping_with_no_taskflow_operators.py
[2026-08-12T04:50:15.249+0000] {processor.py:925} INFO - DAG(s) 'example_dynamic_task_mapping_with_no_taskflow_operators' retrieved from /home/airflow/.local/lib/python3.12/site-packages/airflow/example_dags/example_dynamic_task_mapping_with_no_taskflow_operators.py
[2026-08-12T04:50:15.279+0000] {logging_mixin.py:190} INFO - [2026-08-12T04:50:15.278+0000] {dag.py:3211} INFO - Sync 1 DAGs
[2026-08-12T04:50:15.319+0000] {logging_mixin.py:190} INFO - [2026-08-12T04:50:15.319+0000] {dag.py:4138} INFO - Setting next_dagrun for example_dynamic_task_mapping_with_no_taskflow_operators to 2026-08-11 00:00:00+00:00, run_after=2026-08-12 00:00:00+00:00
[2026-08-12T04:50:15.366+0000] {processor.py:208} INFO - Processing /home/airflow/.local/lib/python3.12/site-packages/airflow/example_dags/example_dynamic_task_mapping_with_no_taskflow_operators.py took 0.146 seconds
[2026-08-12T04:50:46.308+0000] {processor.py:186} INFO - Started process (PID=2258) to work on /home/airflow/.local/lib/python3.12/site-packages/airflow/example_dags/example_dynamic_task_mapping_with_no_taskflow_operators.py
[2026-08-12T04:50:46.310+0000] {processor.py:914} INFO - Processing file /home/airflow/.local/lib/python3.12/site-packages/airflow/example_dags/example_dynamic_task_mapping_with_no_taskflow_operators.py for tasks to queue
[2026-08-12T04:50:46.313+0000] {logging_mixin.py:190} INFO - [2026-08-12T04:50:46.313+0000] {dagbag.py:587} INFO - Filling up the DagBag from /home/airflow/.local/lib/python3.12/site-packages/airflow/example_dags/example_dynamic_task_mapping_with_no_taskflow_operators.py
[2026-08-12T04:50:46.324+0000] {processor.py:925} INFO - DAG(s) 'example_dynamic_task_mapping_with_no_taskflow_operators' retrieved from /home/airflow/.local/lib/python3.12/site-packages/airflow/example_dags/example_dynamic_task_mapping_with_no_taskflow_operators.py
[2026-08-12T04:50:46.349+0000] {logging_mixin.py:190} INFO - [2026-08-12T04:50:46.349+0000] {dag.py:3211} INFO - Sync 1 DAGs
[2026-08-12T04:50:46.372+0000] {logging_mixin.py:190} INFO - [2026-08-12T04:50:46.372+0000] {dag.py:4138} INFO - Setting next_dagrun for example_dynamic_task_mapping_with_no_taskflow_operators to 2026-08-11 00:00:00+00:00, run_after=2026-08-12 00:00:00+00:00
[2026-08-12T04:50:46.406+0000] {processor.py:208} INFO - Processing /home/airflow/.local/lib/python3.12/site-packages/airflow/example_dags/example_dynamic_task_mapping_with_no_taskflow_operators.py took 0.105 seconds
[2026-08-12T04:51:17.182+0000] {processor.py:186} INFO - Started process (PID=2320) to work on /home/airflow/.local/lib/python3.12/site-packages/airflow/example_dags/example_dynamic_task_mapping_with_no_taskflow_operators.py
[2026-08-12T04:51:17.184+0000] {processor.py:914} INFO - Processing file /home/airflow/.local/lib/python3.12/site-packages/airflow/example_dags/example_dynamic_task_mapping_with_no_taskflow_operators.py for tasks to queue
[2026-08-12T04:51:17.187+0000] {logging_mixin.py:190} INFO - [2026-08-12T04:51:17.187+0000] {dagbag.py:587} INFO - Filling up the DagBag from /home/airflow/.local/lib/python3.12/site-packages/airflow/example_dags/example_dynamic_task_mapping_with_no_taskflow_operators.py
[2026-08-12T04:51:17.195+0000] {processor.py:925} INFO - DAG(s) 'example_dynamic_task_mapping_with_no_taskflow_operators' retrieved from /home/airflow/.local/lib/python3.12/site-packages/airflow/example_dags/example_dynamic_task_mapping_with_no_taskflow_operators.py
[2026-08-12T04:51:17.217+0000] {logging_mixin.py:190} INFO - [2026-08-12T04:51:17.216+0000] {dag.py:3211} INFO - Sync 1 DAGs
[2026-08-12T04:51:17.256+0000] {logging_mixin.py:190} INFO - [2026-08-12T04:51:17.255+0000] {dag.py:4138} INFO - Setting next_dagrun for example_dynamic_task_mapping_with_no_taskflow_operators to 2026-08-11 00:00:00+00:00, run_after=2026-08-12 00:00:00+00:00
[2026-08-12T04:51:17.275+0000] {processor.py:208} INFO - Processing /home/airflow/.local/lib/python3.12/site-packages/airflow/example_dags/example_dynamic_task_mapping_with_no_taskflow_operators.py took 0.098 seconds
[2026-08-12T04:51:47.431+0000] {processor.py:186} INFO - Started process (PID=2382) to work on /home/airflow/.local/lib/python3.12/site-packages/airflow/example_dags/example_dynamic_task_mapping_with_no_taskflow_operators.py
[2026-08-12T04:51:47.433+0000] {processor.py:914} INFO - Processing file /home/airflow/.local/lib/python3.12/site-packages/airflow/example_dags/example_dynamic_task_mapping_with_no_taskflow_operators.py for tasks to queue
[2026-08-12T04:51:47.436+0000] {logging_mixin.py:190} INFO - [2026-08-12T04:51:47.435+0000] {dagbag.py:587} INFO - Filling up the DagBag from /home/airflow/.local/lib/python3.12/site-packages/airflow/example_dags/example_dynamic_task_mapping_with_no_taskflow_operators.py
[2026-08-12T04:51:47.444+0000] {processor.py:925} INFO - DAG(s) 'example_dynamic_task_mapping_with_no_taskflow_operators' retrieved from /home/airflow/.local/lib/python3.12/site-packages/airflow/example_dags/example_dynamic_task_mapping_with_no_taskflow_operators.py
[2026-08-12T04:51:47.465+0000] {logging_mixin.py:190} INFO - [2026-08-12T04:51:47.465+0000] {dag.py:3211} INFO - Sync 1 DAGs
[2026-08-12T04:51:47.487+0000] {logging_mixin.py:190} INFO - [2026-08-12T04:51:47.486+0000] {dag.py:4138} INFO - Setting next_dagrun for example_dynamic_task_mapping_with_no_taskflow_operators to 2026-08-11 00:00:00+00:00, run_after=2026-08-12 00:00:00+00:00
[2026-08-12T04:51:47.506+0000] {processor.py:208} INFO - Processing /home/airflow/.local/lib/python3.12/site-packages/airflow/example_dags/example_dynamic_task_mapping_with_no_taskflow_operators.py took 0.081 seconds
[2026-08-12T04:52:17.982+0000] {processor.py:186} INFO - Started process (PID=2444) to work on /home/airflow/.local/lib/python3.12/site-packages/airflow/example_dags/example_dynamic_task_mapping_with_no_taskflow_operators.py
[2026-08-12T04:52:17.984+0000] {processor.py:914} INFO - Processing file /home/airflow/.local/lib/python3.12/site-packages/airflow/example_dags/example_dynamic_task_mapping_with_no_taskflow_operators.py for tasks to queue
[2026-08-12T04:52:17.987+0000] {logging_mixin.py:190} INFO - [2026-08-12T04:52:17.986+0000] {dagbag.py:587} INFO - Filling up the DagBag from /home/airflow/.local/lib/python3.12/site-packages/airflow/example_dags/example_dynamic_task_mapping_with_no_taskflow_operators.py
[2026-08-12T04:52:17.998+0000] {processor.py:925} INFO - DAG(s) 'example_dynamic_task_mapping_with_no_taskflow_operators' retrieved from /home/airflow/.local/lib/python3.12/site-packages/airflow/example_dags/example_dynamic_task_mapping_with_no_taskflow_operators.py
[2026-08-12T04:52:18.020+0000] {logging_mixin.py:190} INFO - [2026-08-12T04:52:18.019+0000] {dag.py:3211} INFO - Sync 1 DAGs
[2026-08-12T04:52:18.046+0000] {logging_mixin.py:190} INFO - [2026-08-12T04:52:18.046+0000] {dag.py:4138} INFO - Setting next_dagrun for example_dynamic_task_mapping_with_no_taskflow_operators to 2026-08-11 00:00:00+00:00, run_after=2026-08-12 00:00:00+00:00
[2026-08-12T04:52:18.067+0000] {processor.py:208} INFO - Processing /home/airflow/.local/lib/python3.12/site-packages/airflow/example_dags/example_dynamic_task_mapping_with_no_taskflow_operators.py took 0.090 seconds
[2026-08-12T04:52:49.364+0000] {processor.py:186} INFO - Started process (PID=2506) to work on /home/airflow/.local/lib/python3.12/site-packages/airflow/example_dags/example_dynamic_task_mapping_with_no_taskflow_operators.py
[2026-08-12T04:52:49.365+0000] {processor.py:914} INFO - Processing file /home/airflow/.local/lib/python3.12/site-packages/airflow/example_dags/example_dynamic_task_mapping_with_no_taskflow_operators.py for tasks to queue
[2026-08-12T04:52:49.369+0000] {logging_mixin.py:190} INFO - [2026-08-12T04:52:49.369+0000] {dagbag.py:587} INFO - Filling up the DagBag from /home/airflow/.local/lib/python3.12/site-packages/airflow/example_dags/example_dynamic_task_mapping_with_no_taskflow_operators.py
[2026-08-12T04:52:49.378+0000] {processor.py:925} INFO - DAG(s) 'example_dynamic_task_mapping_with_no_taskflow_operators' retrieved from /home/airflow/.local/lib/python3.12/site-packages/airflow/example_dags/example_dynamic_task_mapping_with_no_taskflow_operators.py
[2026-08-12T04:52:49.398+0000] {logging_mixin.py:190} INFO - [2026-08-12T04:52:49.398+0000] {dag.py:3211} INFO - Sync 1 DAGs
[2026-08-12T04:52:49.419+0000] {logging_mixin.py:190} INFO - [2026-08-12T04:52:49.419+0000] {dag.py:4138} INFO - Setting next_dagrun for example_dynamic_task_mapping_with_no_taskflow_operators to 2026-08-11 00:00:00+00:00, run_after=2026-08-12 00:00:00+00:00
[2026-08-12T04:52:49.439+0000] {processor.py:208} INFO - Processing /home/airflow/.local/lib/python3.12/site-packages/airflow/example_dags/example_dynamic_task_mapping_with_no_taskflow_operators.py took 0.081 seconds
[2026-08-12T04:53:19.984+0000] {processor.py:186} INFO - Started process (PID=2569) to work on /home/airflow/.local/lib/python3.12/site-packages/airflow/example_dags/example_dynamic_task_mapping_with_no_taskflow_operators.py
[2026-08-12T04:53:19.985+0000] {processor.py:914} INFO - Processing file /home/airflow/.local/lib/python3.12/site-packages/airflow/example_dags/example_dynamic_task_mapping_with_no_taskflow_operators.py for tasks to queue
[2026-08-12T04:53:19.988+0000] {logging_mixin.py:190} INFO - [2026-08-12T04:53:19.988+0000] {dagbag.py:587} INFO - Filling up the DagBag from /home/airflow/.local/lib/python3.12/site-packages/airflow/example_dags/example_dynamic_task_mapping_with_no_taskflow_operators.py
[2026-08-12T04:53:19.998+0000] {processor.py:925} INFO - DAG(s) 'example_dynamic_task_mapping_with_no_taskflow_operators' retrieved from /home/airflow/.local/lib/python3.12/site-packages/airflow/example_dags/example_dynamic_task_mapping_with_no_taskflow_operators.py
[2026-08-12T04:53:20.020+0000] {logging_mixin.py:190} INFO - [2026-08-12T04:53:20.019+0000] {dag.py:3211} INFO - Sync 1 DAGs
[2026-08-12T04:53:20.044+0000] {logging_mixin.py:190} INFO - [2026-08-12T04:53:20.043+0000] {dag.py:4138} INFO - Setting next_dagrun for example_dynamic_task_mapping_with_no_taskflow_operators to 2026-08-11 00:00:00+00:00, run_after=2026-08-12 00:00:00+00:00
[2026-08-12T04:53:20.064+0000] {processor.py:208} INFO - Processing /home/airflow/.local/lib/python3.12/site-packages/airflow/example_dags/example_dynamic_task_mapping_with_no_taskflow_operators.py took 0.086 seconds
[2026-08-12T04:53:50.671+0000] {processor.py:186} INFO - Started process (PID=2632) to work on /home/airflow/.local/lib/python3.12/site-packages/airflow/example_dags/example_dynamic_task_mapping_with_no_taskflow_operators.py
[2026-08-12T04:53:50.673+0000] {processor.py:914} INFO - Processing file /home/airflow/.local/lib/python3.12/site-packages/airflow/example_dags/example_dynamic_task_mapping_with_no_taskflow_operators.py for tasks to queue
[2026-08-12T04:53:50.677+0000] {logging_mixin.py:190} INFO - [2026-08-12T04:53:50.676+0000] {dagbag.py:587} INFO - Filling up the DagBag from /home/airflow/.local/lib/python3.12/site-packages/airflow/example_dags/example_dynamic_task_mapping_with_no_taskflow_operators.py
[2026-08-12T04:53:50.687+0000] {processor.py:925} INFO - DAG(s) 'example_dynamic_task_mapping_with_no_taskflow_operators' retrieved from /home/airflow/.local/lib/python3.12/site-packages/airflow/example_dags/example_dynamic_task_mapping_with_no_taskflow_operators.py
[2026-08-12T04:53:50.708+0000] {logging_mixin.py:190} INFO - [2026-08-12T04:53:50.708+0000] {dag.py:3211} INFO - Sync 1 DAGs
[2026-08-12T04:53:50.740+0000] {logging_mixin.py:190} INFO - [2026-08-12T04:53:50.740+0000] {dag.py:4138} INFO - Setting next_dagrun for example_dynamic_task_mapping_with_no_taskflow_operators to 2026-08-11 00:00:00+00:00, run_after=2026-08-12 00:00:00+00:00
[2026-08-12T04:53:50.763+0000] {processor.py:208} INFO - Processing /home/airflow/.local/lib/python3.12/site-packages/airflow/example_dags/example_dynamic_task_mapping_with_no_taskflow_operators.py took 0.099 seconds
[2026-08-12T04:54:20.856+0000] {processor.py:186} INFO - Started process (PID=2695) to work on /home/airflow/.local/lib/python3.12/site-packages/airflow/example_dags/example_dynamic_task_mapping_with_no_taskflow_operators.py
[2026-08-12T04:54:20.858+0000] {processor.py:914} INFO - Processing file /home/airflow/.local/lib/python3.12/site-packages/airflow/example_dags/example_dynamic_task_mapping_with_no_taskflow_operators.py for tasks to queue
[2026-08-12T04:54:20.861+0000] {logging_mixin.py:190} INFO - [2026-08-12T04:54:20.861+0000] {dagbag.py:587} INFO - Filling up the DagBag from /home/airflow/.local/lib/python3.12/site-packages/airflow/example_dags/example_dynamic_task_mapping_with_no_taskflow_operators.py
[2026-08-12T04:54:20.871+0000] {processor.py:925} INFO - DAG(s) 'example_dynamic_task_mapping_with_no_taskflow_operators' retrieved from /home/airflow/.local/lib/python3.12/site-packages/airflow/example_dags/example_dynamic_task_mapping_with_no_taskflow_operators.py
[2026-08-12T04:54:20.893+0000] {logging_mixin.py:190} INFO - [2026-08-12T04:54:20.893+0000] {dag.py:3211} INFO - Sync 1 DAGs
[2026-08-12T04:54:20.922+0000] {logging_mixin.py:190} INFO - [2026-08-12T04:54:20.922+0000] {dag.py:4138} INFO - Setting next_dagrun for example_dynamic_task_mapping_with_no_taskflow_operators to 2026-08-11 00:00:00+00:00, run_after=2026-08-12 00:00:00+00:00
[2026-08-12T04:54:20.947+0000] {processor.py:208} INFO - Processing /home/airflow/.local/lib/python3.12/site-packages/airflow/example_dags/example_dynamic_task_mapping_with_no_taskflow_operators.py took 0.097 seconds
[2026-08-12T04:54:51.557+0000] {processor.py:186} INFO - Started process (PID=2758) to work on /home/airflow/.local/lib/python3.12/site-packages/airflow/example_dags/example_dynamic_task_mapping_with_no_taskflow_operators.py
[2026-08-12T04:54:51.559+0000] {processor.py:914} INFO - Processing file /home/airflow/.local/lib/python3.12/site-packages/airflow/example_dags/example_dynamic_task_mapping_with_no_taskflow_operators.py for tasks to queue
[2026-08-12T04:54:51.562+0000] {logging_mixin.py:190} INFO - [2026-08-12T04:54:51.561+0000] {dagbag.py:587} INFO - Filling up the DagBag from /home/airflow/.local/lib/python3.12/site-packages/airflow/example_dags/example_dynamic_task_mapping_with_no_taskflow_operators.py
[2026-08-12T04:54:51.570+0000] {processor.py:925} INFO - DAG(s) 'example_dynamic_task_mapping_with_no_taskflow_operators' retrieved from /home/airflow/.local/lib/python3.12/site-packages/airflow/example_dags/example_dynamic_task_mapping_with_no_taskflow_operators.py
[2026-08-12T04:54:51.590+0000] {logging_mixin.py:190} INFO - [2026-08-12T04:54:51.590+0000] {dag.py:3211} INFO - Sync 1 DAGs
[2026-08-12T04:54:51.618+0000] {logging_mixin.py:190} INFO - [2026-08-12T04:54:51.617+0000] {dag.py:4138} INFO - Setting next_dagrun for example_dynamic_task_mapping_with_no_taskflow_operators to 2026-08-11 00:00:00+00:00, run_after=2026-08-12 00:00:00+00:00
[2026-08-12T04:54:51.637+0000] {processor.py:208} INFO - Processing /home/airflow/.local/lib/python3.12/site-packages/airflow/example_dags/example_dynamic_task_mapping_with_no_taskflow_operators.py took 0.085 seconds
[2026-08-12T04:55:22.160+0000] {processor.py:186} INFO - Started process (PID=2821) to work on /home/airflow/.local/lib/python3.12/site-packages/airflow/example_dags/example_dynamic_task_mapping_with_no_taskflow_operators.py
[2026-08-12T04:55:22.161+0000] {processor.py:914} INFO - Processing file /home/airflow/.local/lib/python3.12/site-packages/airflow/example_dags/example_dynamic_task_mapping_with_no_taskflow_operators.py for tasks to queue
[2026-08-12T04:55:22.164+0000] {logging_mixin.py:190} INFO - [2026-08-12T04:55:22.164+0000] {dagbag.py:587} INFO - Filling up the DagBag from /home/airflow/.local/lib/python3.12/site-packages/airflow/example_dags/example_dynamic_task_mapping_with_no_taskflow_operators.py
[2026-08-12T04:55:22.187+0000] {processor.py:925} INFO - DAG(s) 'example_dynamic_task_mapping_with_no_taskflow_operators' retrieved from /home/airflow/.local/lib/python3.12/site-packages/airflow/example_dags/example_dynamic_task_mapping_with_no_taskflow_operators.py
[2026-08-12T04:55:22.207+0000] {logging_mixin.py:190} INFO - [2026-08-12T04:55:22.207+0000] {dag.py:3211} INFO - Sync 1 DAGs
[2026-08-12T04:55:22.240+0000] {logging_mixin.py:190} INFO - [2026-08-12T04:55:22.240+0000] {dag.py:4138} INFO - Setting next_dagrun for example_dynamic_task_mapping_with_no_taskflow_operators to 2026-08-11 00:00:00+00:00, run_after=2026-08-12 00:00:00+00:00
[2026-08-12T04:55:22.276+0000] {processor.py:208} INFO - Processing /home/airflow/.local/lib/python3.12/site-packages/airflow/example_dags/example_dynamic_task_mapping_with_no_taskflow_operators.py took 0.122 seconds
[2026-08-12T04:55:52.805+0000] {processor.py:186} INFO - Started process (PID=2884) to work on /home/airflow/.local/lib/python3.12/site-packages/airflow/example_dags/example_dynamic_task_mapping_with_no_taskflow_operators.py
[2026-08-12T04:55:52.807+0000] {processor.py:914} INFO - Processing file /home/airflow/.local/lib/python3.12/site-packages/airflow/example_dags/example_dynamic_task_mapping_with_no_taskflow_operators.py for tasks to queue
[2026-08-12T04:55:52.810+0000] {logging_mixin.py:190} INFO - [2026-08-12T04:55:52.810+0000] {dagbag.py:587} INFO - Filling up the DagBag from /home/airflow/.local/lib/python3.12/site-packages/airflow/example_dags/example_dynamic_task_mapping_with_no_taskflow_operators.py
[2026-08-12T04:55:52.819+0000] {processor.py:925} INFO - DAG(s) 'example_dynamic_task_mapping_with_no_taskflow_operators' retrieved from /home/airflow/.local/lib/python3.12/site-packages/airflow/example_dags/example_dynamic_task_mapping_with_no_taskflow_operators.py
[2026-08-12T04:55:52.839+0000] {logging_mixin.py:190} INFO - [2026-08-12T04:55:52.839+0000] {dag.py:3211} INFO - Sync 1 DAGs
[2026-08-12T04:55:52.862+0000] {logging_mixin.py:190} INFO - [2026-08-12T04:55:52.861+0000] {dag.py:4138} INFO - Setting next_dagrun for example_dynamic_task_mapping_with_no_taskflow_operators to 2026-08-11 00:00:00+00:00, run_after=2026-08-12 00:00:00+00:00
[2026-08-12T04:55:52.883+0000] {processor.py:208} INFO - Processing /home/airflow/.local/lib/python3.12/site-packages/airflow/example_dags/example_dynamic_task_mapping_with_no_taskflow_operators.py took 0.083 seconds
[2026-08-12T04:56:23.605+0000] {processor.py:186} INFO - Started process (PID=2947) to work on /home/airflow/.local/lib/python3.12/site-packages/airflow/example_dags/example_dynamic_task_mapping_with_no_taskflow_operators.py
[2026-08-12T04:56:23.606+0000] {processor.py:914} INFO - Processing file /home/airflow/.local/lib/python3.12/site-packages/airflow/example_dags/example_dynamic_task_mapping_with_no_taskflow_operators.py for tasks to queue
[2026-08-12T04:56:23.610+0000] {logging_mixin.py:190} INFO - [2026-08-12T04:56:23.610+0000] {dagbag.py:587} INFO - Filling up the DagBag from /home/airflow/.local/lib/python3.12/site-packages/airflow/example_dags/example_dynamic_task_mapping_with_no_taskflow_operators.py
[2026-08-12T04:56:23.620+0000] {processor.py:925} INFO - DAG(s) 'example_dynamic_task_mapping_with_no_taskflow_operators' retrieved from /home/airflow/.local/lib/python3.12/site-packages/airflow/example_dags/example_dynamic_task_mapping_with_no_taskflow_operators.py
[2026-08-12T04:56:23.642+0000] {logging_mixin.py:190} INFO - [2026-08-12T04:56:23.642+0000] {dag.py:3211} INFO - Sync 1 DAGs
[2026-08-12T04:56:23.671+0000] {logging_mixin.py:190} INFO - [2026-08-12T04:56:23.671+0000] {dag.py:4138} INFO - Setting next_dagrun for example_dynamic_task_mapping_with_no_taskflow_operators to 2026-08-11 00:00:00+00:00, run_after=2026-08-12 00:00:00+00:00
[2026-08-12T04:56:23.694+0000] {processor.py:208} INFO - Processing /home/airflow/.local/lib/python3.12/site-packages/airflow/example_dags/example_dynamic_task_mapping_with_no_taskflow_operators.py took 0.098 seconds
[2026-08-12T04:56:54.661+0000] {processor.py:186} INFO - Started process (PID=3010) to work on /home/airflow/.local/lib/python3.12/site-packages/airflow/example_dags/example_dynamic_task_mapping_with_no_taskflow_operators.py
[2026-08-12T04:56:54.662+0000] {processor.py:914} INFO - Processing file /home/airflow/.local/lib/python3.12/site-packages/airflow/example_dags/example_dynamic_task_mapping_with_no_taskflow_operators.py for tasks to queue
[2026-08-12T04:56:54.666+0000] {logging_mixin.py:190} INFO - [2026-08-12T04:56:54.665+0000] {dagbag.py:587} INFO - Filling up the DagBag from /home/airflow/.local/lib/python3.12/site-packages/airflow/example_dags/example_dynamic_task_mapping_with_no_taskflow_operators.py
[2026-08-12T04:56:54.675+0000] {processor.py:925} INFO - DAG(s) 'example_dynamic_task_mapping_with_no_taskflow_operators' retrieved from /home/airflow/.local/lib/python3.12/site-packages/airflow/example_dags/example_dynamic_task_mapping_with_no_taskflow_operators.py
[2026-08-12T04:56:54.698+0000] {logging_mixin.py:190} INFO - [2026-08-12T04:56:54.697+0000] {dag.py:3211} INFO - Sync 1 DAGs
[2026-08-12T04:56:54.722+0000] {logging_mixin.py:190} INFO - [2026-08-12T04:56:54.722+0000] {dag.py:4138} INFO - Setting next_dagrun for example_dynamic_task_mapping_with_no_taskflow_operators to 2026-08-11 00:00:00+00:00, run_after=2026-08-12 00:00:00+00:00
[2026-08-12T04:56:54.742+0000] {processor.py:208} INFO - Processing /home/airflow/.local/lib/python3.12/site-packages/airflow/example_dags/example_dynamic_task_mapping_with_no_taskflow_operators.py took 0.087 seconds
[2026-08-12T04:57:25.601+0000] {processor.py:186} INFO - Started process (PID=3073) to work on /home/airflow/.local/lib/python3.12/site-packages/airflow/example_dags/example_dynamic_task_mapping_with_no_taskflow_operators.py
[2026-08-12T04:57:25.603+0000] {processor.py:914} INFO - Processing file /home/airflow/.local/lib/python3.12/site-packages/airflow/example_dags/example_dynamic_task_mapping_with_no_taskflow_operators.py for tasks to queue
[2026-08-12T04:57:25.606+0000] {logging_mixin.py:190} INFO - [2026-08-12T04:57:25.605+0000] {dagbag.py:587} INFO - Filling up the DagBag from /home/airflow/.local/lib/python3.12/site-packages/airflow/example_dags/example_dynamic_task_mapping_with_no_taskflow_operators.py
[2026-08-12T04:57:25.614+0000] {processor.py:925} INFO - DAG(s) 'example_dynamic_task_mapping_with_no_taskflow_operators' retrieved from /home/airflow/.local/lib/python3.12/site-packages/airflow/example_dags/example_dynamic_task_mapping_with_no_taskflow_operators.py
[2026-08-12T04:57:25.636+0000] {logging_mixin.py:190} INFO - [2026-08-12T04:57:25.635+0000] {dag.py:3211} INFO - Sync 1 DAGs
[2026-08-12T04:57:25.662+0000] {logging_mixin.py:190} INFO - [2026-08-12T04:57:25.662+0000] {dag.py:4138} INFO - Setting next_dagrun for example_dynamic_task_mapping_with_no_taskflow_operators to 2026-08-11 00:00:00+00:00, run_after=2026-08-12 00:00:00+00:00
[2026-08-12T04:57:25.682+0000] {processor.py:208} INFO - Processing /home/airflow/.local/lib/python3.12/site-packages/airflow/example_dags/example_dynamic_task_mapping_with_no_taskflow_operators.py took 0.098 seconds
[2026-08-12T04:57:57.023+0000] {processor.py:186} INFO - Started process (PID=3136) to work on /home/airflow/.local/lib/python3.12/site-packages/airflow/example_dags/example_dynamic_task_mapping_with_no_taskflow_operators.py
[2026-08-12T04:57:57.026+0000] {processor.py:914} INFO - Processing file /home/airflow/.local/lib/python3.12/site-packages/airflow/example_dags/example_dynamic_task_mapping_with_no_taskflow_operators.py for tasks to queue
[2026-08-12T04:57:57.031+0000] {logging_mixin.py:190} INFO - [2026-08-12T04:57:57.031+0000] {dagbag.py:587} INFO - Filling up the DagBag from /home/airflow/.local/lib/python3.12/site-packages/airflow/example_dags/example_dynamic_task_mapping_with_no_taskflow_operators.py
[2026-08-12T04:57:57.046+0000] {processor.py:925} INFO - DAG(s) 'example_dynamic_task_mapping_with_no_taskflow_operators' retrieved from /home/airflow/.local/lib/python3.12/site-packages/airflow/example_dags/example_dynamic_task_mapping_with_no_taskflow_operators.py
[2026-08-12T04:57:57.070+0000] {logging_mixin.py:190} INFO - [2026-08-12T04:57:57.070+0000] {dag.py:3211} INFO - Sync 1 DAGs
[2026-08-12T04:57:57.096+0000] {logging_mixin.py:190} INFO - [2026-08-12T04:57:57.096+0000] {dag.py:4138} INFO - Setting next_dagrun for example_dynamic_task_mapping_with_no_taskflow_operators to 2026-08-11 00:00:00+00:00, run_after=2026-08-12 00:00:00+00:00
[2026-08-12T04:57:57.347+0000] {processor.py:208} INFO - Processing /home/airflow/.local/lib/python3.12/site-packages/airflow/example_dags/example_dynamic_task_mapping_with_no_taskflow_operators.py took 0.330 seconds
[2026-08-12T04:58:27.800+0000] {processor.py:186} INFO - Started process (PID=3205) to work on /home/airflow/.local/lib/python3.12/site-packages/airflow/example_dags/example_dynamic_task_mapping_with_no_taskflow_operators.py
[2026-08-12T04:58:27.802+0000] {processor.py:914} INFO - Processing file /home/airflow/.local/lib/python3.12/site-packages/airflow/example_dags/example_dynamic_task_mapping_with_no_taskflow_operators.py for tasks to queue
[2026-08-12T04:58:27.805+0000] {logging_mixin.py:190} INFO - [2026-08-12T04:58:27.805+0000] {dagbag.py:587} INFO - Filling up the DagBag from /home/airflow/.local/lib/python3.12/site-packages/airflow/example_dags/example_dynamic_task_mapping_with_no_taskflow_operators.py
[2026-08-12T04:58:27.813+0000] {processor.py:925} INFO - DAG(s) 'example_dynamic_task_mapping_with_no_taskflow_operators' retrieved from /home/airflow/.local/lib/python3.12/site-packages/airflow/example_dags/example_dynamic_task_mapping_with_no_taskflow_operators.py
[2026-08-12T04:58:27.833+0000] {logging_mixin.py:190} INFO - [2026-08-12T04:58:27.833+0000] {dag.py:3211} INFO - Sync 1 DAGs
[2026-08-12T04:58:27.854+0000] {logging_mixin.py:190} INFO - [2026-08-12T04:58:27.854+0000] {dag.py:4138} INFO - Setting next_dagrun for example_dynamic_task_mapping_with_no_taskflow_operators to 2026-08-11 00:00:00+00:00, run_after=2026-08-12 00:00:00+00:00
[2026-08-12T04:58:27.874+0000] {processor.py:208} INFO - Processing /home/airflow/.local/lib/python3.12/site-packages/airflow/example_dags/example_dynamic_task_mapping_with_no_taskflow_operators.py took 0.080 seconds
[2026-08-12T04:58:58.187+0000] {processor.py:186} INFO - Started process (PID=3268) to work on /home/airflow/.local/lib/python3.12/site-packages/airflow/example_dags/example_dynamic_task_mapping_with_no_taskflow_operators.py
[2026-08-12T04:58:58.189+0000] {processor.py:914} INFO - Processing file /home/airflow/.local/lib/python3.12/site-packages/airflow/example_dags/example_dynamic_task_mapping_with_no_taskflow_operators.py for tasks to queue
[2026-08-12T04:58:58.194+0000] {logging_mixin.py:190} INFO - [2026-08-12T04:58:58.193+0000] {dagbag.py:587} INFO - Filling up the DagBag from /home/airflow/.local/lib/python3.12/site-packages/airflow/example_dags/example_dynamic_task_mapping_with_no_taskflow_operators.py
[2026-08-12T04:58:58.209+0000] {processor.py:925} INFO - DAG(s) 'example_dynamic_task_mapping_with_no_taskflow_operators' retrieved from /home/airflow/.local/lib/python3.12/site-packages/airflow/example_dags/example_dynamic_task_mapping_with_no_taskflow_operators.py
[2026-08-12T04:58:58.241+0000] {logging_mixin.py:190} INFO - [2026-08-12T04:58:58.240+0000] {dag.py:3211} INFO - Sync 1 DAGs
[2026-08-12T04:58:58.275+0000] {logging_mixin.py:190} INFO - [2026-08-12T04:58:58.274+0000] {dag.py:4138} INFO - Setting next_dagrun for example_dynamic_task_mapping_with_no_taskflow_operators to 2026-08-11 00:00:00+00:00, run_after=2026-08-12 00:00:00+00:00
[2026-08-12T04:58:58.296+0000] {processor.py:208} INFO - Processing /home/airflow/.local/lib/python3.12/site-packages/airflow/example_dags/example_dynamic_task_mapping_with_no_taskflow_operators.py took 0.121 seconds
[2026-08-12T04:59:28.934+0000] {processor.py:186} INFO - Started process (PID=3332) to work on /home/airflow/.local/lib/python3.12/site-packages/airflow/example_dags/example_dynamic_task_mapping_with_no_taskflow_operators.py
[2026-08-12T04:59:28.936+0000] {processor.py:914} INFO - Processing file /home/airflow/.local/lib/python3.12/site-packages/airflow/example_dags/example_dynamic_task_mapping_with_no_taskflow_operators.py for tasks to queue
[2026-08-12T04:59:28.940+0000] {logging_mixin.py:190} INFO - [2026-08-12T04:59:28.940+0000] {dagbag.py:587} INFO - Filling up the DagBag from /home/airflow/.local/lib/python3.12/site-packages/airflow/example_dags/example_dynamic_task_mapping_with_no_taskflow_operators.py
[2026-08-12T04:59:28.952+0000] {processor.py:925} INFO - DAG(s) 'example_dynamic_task_mapping_with_no_taskflow_operators' retrieved from /home/airflow/.local/lib/python3.12/site-packages/airflow/example_dags/example_dynamic_task_mapping_with_no_taskflow_operators.py
[2026-08-12T04:59:28.976+0000] {logging_mixin.py:190} INFO - [2026-08-12T04:59:28.976+0000] {dag.py:3211} INFO - Sync 1 DAGs
[2026-08-12T04:59:29.006+0000] {logging_mixin.py:190} INFO - [2026-08-12T04:59:29.005+0000] {dag.py:4138} INFO - Setting next_dagrun for example_dynamic_task_mapping_with_no_taskflow_operators to 2026-08-11 00:00:00+00:00, run_after=2026-08-12 00:00:00+00:00
[2026-08-12T04:59:29.029+0000] {processor.py:208} INFO - Processing /home/airflow/.local/lib/python3.12/site-packages/airflow/example_dags/example_dynamic_task_mapping_with_no_taskflow_operators.py took 0.103 seconds
[2026-08-12T05:00:00.704+0000] {processor.py:186} INFO - Started process (PID=3395) to work on /home/airflow/.local/lib/python3.12/site-packages/airflow/example_dags/example_dynamic_task_mapping_with_no_taskflow_operators.py
[2026-08-12T05:00:00.706+0000] {processor.py:914} INFO - Processing file /home/airflow/.local/lib/python3.12/site-packages/airflow/example_dags/example_dynamic_task_mapping_with_no_taskflow_operators.py for tasks to queue
[2026-08-12T05:00:00.709+0000] {logging_mixin.py:190} INFO - [2026-08-12T05:00:00.709+0000] {dagbag.py:587} INFO - Filling up the DagBag from /home/airflow/.local/lib/python3.12/site-packages/airflow/example_dags/example_dynamic_task_mapping_with_no_taskflow_operators.py
[2026-08-12T05:00:00.719+0000] {processor.py:925} INFO - DAG(s) 'example_dynamic_task_mapping_with_no_taskflow_operators' retrieved from /home/airflow/.local/lib/python3.12/site-packages/airflow/example_dags/example_dynamic_task_mapping_with_no_taskflow_operators.py
[2026-08-12T05:00:00.737+0000] {logging_mixin.py:190} INFO - [2026-08-12T05:00:00.737+0000] {dag.py:3211} INFO - Sync 1 DAGs
[2026-08-12T05:00:00.917+0000] {logging_mixin.py:190} INFO - [2026-08-12T05:00:00.917+0000] {dag.py:4138} INFO - Setting next_dagrun for example_dynamic_task_mapping_with_no_taskflow_operators to 2026-08-11 00:00:00+00:00, run_after=2026-08-12 00:00:00+00:00
[2026-08-12T05:00:00.935+0000] {processor.py:208} INFO - Processing /home/airflow/.local/lib/python3.12/site-packages/airflow/example_dags/example_dynamic_task_mapping_with_no_taskflow_operators.py took 0.237 seconds
[2026-08-12T05:00:31.756+0000] {processor.py:186} INFO - Started process (PID=3459) to work on /home/airflow/.local/lib/python3.12/site-packages/airflow/example_dags/example_dynamic_task_mapping_with_no_taskflow_operators.py
[2026-08-12T05:00:31.757+0000] {processor.py:914} INFO - Processing file /home/airflow/.local/lib/python3.12/site-packages/airflow/example_dags/example_dynamic_task_mapping_with_no_taskflow_operators.py for tasks to queue
[2026-08-12T05:00:31.761+0000] {logging_mixin.py:190} INFO - [2026-08-12T05:00:31.761+0000] {dagbag.py:587} INFO - Filling up the DagBag from /home/airflow/.local/lib/python3.12/site-packages/airflow/example_dags/example_dynamic_task_mapping_with_no_taskflow_operators.py
[2026-08-12T05:00:31.771+0000] {processor.py:925} INFO - DAG(s) 'example_dynamic_task_mapping_with_no_taskflow_operators' retrieved from /home/airflow/.local/lib/python3.12/site-packages/airflow/example_dags/example_dynamic_task_mapping_with_no_taskflow_operators.py
[2026-08-12T05:00:31.796+0000] {logging_mixin.py:190} INFO - [2026-08-12T05:00:31.796+0000] {dag.py:3211} INFO - Sync 1 DAGs
[2026-08-12T05:00:31.995+0000] {logging_mixin.py:190} INFO - [2026-08-12T05:00:31.995+0000] {dag.py:4138} INFO - Setting next_dagrun for example_dynamic_task_mapping_with_no_taskflow_operators to 2026-08-11 00:00:00+00:00, run_after=2026-08-12 00:00:00+00:00
[2026-08-12T05:00:32.016+0000] {processor.py:208} INFO - Processing /home/airflow/.local/lib/python3.12/site-packages/airflow/example_dags/example_dynamic_task_mapping_with_no_taskflow_operators.py took 0.267 seconds
[2026-08-12T05:01:02.924+0000] {processor.py:186} INFO - Started process (PID=3522) to work on /home/airflow/.local/lib/python3.12/site-packages/airflow/example_dags/example_dynamic_task_mapping_with_no_taskflow_operators.py
[2026-08-12T05:01:02.926+0000] {processor.py:914} INFO - Processing file /home/airflow/.local/lib/python3.12/site-packages/airflow/example_dags/example_dynamic_task_mapping_with_no_taskflow_operators.py for tasks to queue
[2026-08-12T05:01:02.929+0000] {logging_mixin.py:190} INFO - [2026-08-12T05:01:02.928+0000] {dagbag.py:587} INFO - Filling up the DagBag from /home/airflow/.local/lib/python3.12/site-packages/airflow/example_dags/example_dynamic_task_mapping_with_no_taskflow_operators.py
[2026-08-12T05:01:02.940+0000] {processor.py:925} INFO - DAG(s) 'example_dynamic_task_mapping_with_no_taskflow_operators' retrieved from /home/airflow/.local/lib/python3.12/site-packages/airflow/example_dags/example_dynamic_task_mapping_with_no_taskflow_operators.py
[2026-08-12T05:01:02.966+0000] {logging_mixin.py:190} INFO - [2026-08-12T05:01:02.966+0000] {dag.py:3211} INFO - Sync 1 DAGs
[2026-08-12T05:01:02.992+0000] {logging_mixin.py:190} INFO - [2026-08-12T05:01:02.992+0000] {dag.py:4138} INFO - Setting next_dagrun for example_dynamic_task_mapping_with_no_taskflow_operators to 2026-08-11 00:00:00+00:00, run_after=2026-08-12 00:00:00+00:00
[2026-08-12T05:01:03.028+0000] {processor.py:208} INFO - Processing /home/airflow/.local/lib/python3.12/site-packages/airflow/example_dags/example_dynamic_task_mapping_with_no_taskflow_operators.py took 0.110 seconds
[2026-08-12T05:01:33.180+0000] {processor.py:186} INFO - Started process (PID=3585) to work on /home/airflow/.local/lib/python3.12/site-packages/airflow/example_dags/example_dynamic_task_mapping_with_no_taskflow_operators.py
[2026-08-12T05:01:33.181+0000] {processor.py:914} INFO - Processing file /home/airflow/.local/lib/python3.12/site-packages/airflow/example_dags/example_dynamic_task_mapping_with_no_taskflow_operators.py for tasks to queue
[2026-08-12T05:01:33.184+0000] {logging_mixin.py:190} INFO - [2026-08-12T05:01:33.183+0000] {dagbag.py:587} INFO - Filling up the DagBag from /home/airflow/.local/lib/python3.12/site-packages/airflow/example_dags/example_dynamic_task_mapping_with_no_taskflow_operators.py
[2026-08-12T05:01:33.207+0000] {processor.py:925} INFO - DAG(s) 'example_dynamic_task_mapping_with_no_taskflow_operators' retrieved from /home/airflow/.local/lib/python3.12/site-packages/airflow/example_dags/example_dynamic_task_mapping_with_no_taskflow_operators.py
[2026-08-12T05:01:33.228+0000] {logging_mixin.py:190} INFO - [2026-08-12T05:01:33.228+0000] {dag.py:3211} INFO - Sync 1 DAGs
[2026-08-12T05:01:33.255+0000] {logging_mixin.py:190} INFO - [2026-08-12T05:01:33.255+0000] {dag.py:4138} INFO - Setting next_dagrun for example_dynamic_task_mapping_with_no_taskflow_operators to 2026-08-11 00:00:00+00:00, run_after=2026-08-12 00:00:00+00:00
[2026-08-12T05:01:33.283+0000] {processor.py:208} INFO - Processing /home/airflow/.local/lib/python3.12/site-packages/airflow/example_dags/example_dynamic_task_mapping_with_no_taskflow_operators.py took 0.109 seconds
[2026-08-12T05:02:03.516+0000] {processor.py:186} INFO - Started process (PID=3649) to work on /home/airflow/.local/lib/python3.12/site-packages/airflow/example_dags/example_dynamic_task_mapping_with_no_taskflow_operators.py
[2026-08-12T05:02:03.518+0000] {processor.py:914} INFO - Processing file /home/airflow/.local/lib/python3.12/site-packages/airflow/example_dags/example_dynamic_task_mapping_with_no_taskflow_operators.py for tasks to queue
[2026-08-12T05:02:03.521+0000] {logging_mixin.py:190} INFO - [2026-08-12T05:02:03.520+0000] {dagbag.py:587} INFO - Filling up the DagBag from /home/airflow/.local/lib/python3.12/site-packages/airflow/example_dags/example_dynamic_task_mapping_with_no_taskflow_operators.py
[2026-08-12T05:02:03.530+0000] {processor.py:925} INFO - DAG(s) 'example_dynamic_task_mapping_with_no_taskflow_operators' retrieved from /home/airflow/.local/lib/python3.12/site-packages/airflow/example_dags/example_dynamic_task_mapping_with_no_taskflow_operators.py
[2026-08-12T05:02:03.552+0000] {logging_mixin.py:190} INFO - [2026-08-12T05:02:03.551+0000] {dag.py:3211} INFO - Sync 1 DAGs
[2026-08-12T05:02:03.575+0000] {logging_mixin.py:190} INFO - [2026-08-12T05:02:03.574+0000] {dag.py:4138} INFO - Setting next_dagrun for example_dynamic_task_mapping_with_no_taskflow_operators to 2026-08-11 00:00:00+00:00, run_after=2026-08-12 00:00:00+00:00
[2026-08-12T05:02:03.595+0000] {processor.py:208} INFO - Processing /home/airflow/.local/lib/python3.12/site-packages/airflow/example_dags/example_dynamic_task_mapping_with_no_taskflow_operators.py took 0.084 seconds
[2026-08-12T05:02:33.702+0000] {processor.py:186} INFO - Started process (PID=3712) to work on /home/airflow/.local/lib/python3.12/site-packages/airflow/example_dags/example_dynamic_task_mapping_with_no_taskflow_operators.py
[2026-08-12T05:02:33.704+0000] {processor.py:914} INFO - Processing file /home/airflow/.local/lib/python3.12/site-packages/airflow/example_dags/example_dynamic_task_mapping_with_no_taskflow_operators.py for tasks to queue
[2026-08-12T05:02:33.708+0000] {logging_mixin.py:190} INFO - [2026-08-12T05:02:33.707+0000] {dagbag.py:587} INFO - Filling up the DagBag from /home/airflow/.local/lib/python3.12/site-packages/airflow/example_dags/example_dynamic_task_mapping_with_no_taskflow_operators.py
[2026-08-12T05:02:33.716+0000] {processor.py:925} INFO - DAG(s) 'example_dynamic_task_mapping_with_no_taskflow_operators' retrieved from /home/airflow/.local/lib/python3.12/site-packages/airflow/example_dags/example_dynamic_task_mapping_with_no_taskflow_operators.py
[2026-08-12T05:02:33.737+0000] {logging_mixin.py:190} INFO - [2026-08-12T05:02:33.737+0000] {dag.py:3211} INFO - Sync 1 DAGs
[2026-08-12T05:02:33.759+0000] {logging_mixin.py:190} INFO - [2026-08-12T05:02:33.759+0000] {dag.py:4138} INFO - Setting next_dagrun for example_dynamic_task_mapping_with_no_taskflow_operators to 2026-08-11 00:00:00+00:00, run_after=2026-08-12 00:00:00+00:00
[2026-08-12T05:02:33.794+0000] {processor.py:208} INFO - Processing /home/airflow/.local/lib/python3.12/site-packages/airflow/example_dags/example_dynamic_task_mapping_with_no_taskflow_operators.py took 0.098 seconds
[2026-08-12T05:03:04.221+0000] {processor.py:186} INFO - Started process (PID=3775) to work on /home/airflow/.local/lib/python3.12/site-packages/airflow/example_dags/example_dynamic_task_mapping_with_no_taskflow_operators.py
[2026-08-12T05:03:04.223+0000] {processor.py:914} INFO - Processing file /home/airflow/.local/lib/python3.12/site-packages/airflow/example_dags/example_dynamic_task_mapping_with_no_taskflow_operators.py for tasks to queue
[2026-08-12T05:03:04.227+0000] {logging_mixin.py:190} INFO - [2026-08-12T05:03:04.226+0000] {dagbag.py:587} INFO - Filling up the DagBag from /home/airflow/.local/lib/python3.12/site-packages/airflow/example_dags/example_dynamic_task_mapping_with_no_taskflow_operators.py
[2026-08-12T05:03:04.237+0000] {processor.py:925} INFO - DAG(s) 'example_dynamic_task_mapping_with_no_taskflow_operators' retrieved from /home/airflow/.local/lib/python3.12/site-packages/airflow/example_dags/example_dynamic_task_mapping_with_no_taskflow_operators.py
[2026-08-12T05:03:04.261+0000] {logging_mixin.py:190} INFO - [2026-08-12T05:03:04.261+0000] {dag.py:3211} INFO - Sync 1 DAGs
[2026-08-12T05:03:04.285+0000] {logging_mixin.py:190} INFO - [2026-08-12T05:03:04.285+0000] {dag.py:4138} INFO - Setting next_dagrun for example_dynamic_task_mapping_with_no_taskflow_operators to 2026-08-11 00:00:00+00:00, run_after=2026-08-12 00:00:00+00:00
[2026-08-12T05:03:04.320+0000] {processor.py:208} INFO - Processing /home/airflow/.local/lib/python3.12/site-packages/airflow/example_dags/example_dynamic_task_mapping_with_no_taskflow_operators.py took 0.106 seconds
[2026-08-12T05:03:34.560+0000] {processor.py:186} INFO - Started process (PID=3838) to work on /home/airflow/.local/lib/python3.12/site-packages/airflow/example_dags/example_dynamic_task_mapping_with_no_taskflow_operators.py
[2026-08-12T05:03:34.562+0000] {processor.py:914} INFO - Processing file /home/airflow/.local/lib/python3.12/site-packages/airflow/example_dags/example_dynamic_task_mapping_with_no_taskflow_operators.py for tasks to queue
[2026-08-12T05:03:34.564+0000] {logging_mixin.py:190} INFO - [2026-08-12T05:03:34.564+0000] {dagbag.py:587} INFO - Filling up the DagBag from /home/airflow/.local/lib/python3.12/site-packages/airflow/example_dags/example_dynamic_task_mapping_with_no_taskflow_operators.py
[2026-08-12T05:03:34.573+0000] {processor.py:925} INFO - DAG(s) 'example_dynamic_task_mapping_with_no_taskflow_operators' retrieved from /home/airflow/.local/lib/python3.12/site-packages/airflow/example_dags/example_dynamic_task_mapping_with_no_taskflow_operators.py
[2026-08-12T05:03:34.596+0000] {logging_mixin.py:190} INFO - [2026-08-12T05:03:34.595+0000] {dag.py:3211} INFO - Sync 1 DAGs
[2026-08-12T05:03:34.619+0000] {logging_mixin.py:190} INFO - [2026-08-12T05:03:34.618+0000] {dag.py:4138} INFO - Setting next_dagrun for example_dynamic_task_mapping_with_no_taskflow_operators to 2026-08-11 00:00:00+00:00, run_after=2026-08-12 00:00:00+00:00
[2026-08-12T05:03:34.647+0000] {processor.py:208} INFO - Processing /home/airflow/.local/lib/python3.12/site-packages/airflow/example_dags/example_dynamic_task_mapping_with_no_taskflow_operators.py took 0.092 seconds
[2026-08-12T05:04:04.910+0000] {processor.py:186} INFO - Started process (PID=3901) to work on /home/airflow/.local/lib/python3.12/site-packages/airflow/example_dags/example_dynamic_task_mapping_with_no_taskflow_operators.py
[2026-08-12T05:04:04.912+0000] {processor.py:914} INFO - Processing file /home/airflow/.local/lib/python3.12/site-packages/airflow/example_dags/example_dynamic_task_mapping_with_no_taskflow_operators.py for tasks to queue
[2026-08-12T05:04:04.916+0000] {logging_mixin.py:190} INFO - [2026-08-12T05:04:04.915+0000] {dagbag.py:587} INFO - Filling up the DagBag from /home/airflow/.local/lib/python3.12/site-packages/airflow/example_dags/example_dynamic_task_mapping_with_no_taskflow_operators.py
[2026-08-12T05:04:04.930+0000] {processor.py:925} INFO - DAG(s) 'example_dynamic_task_mapping_with_no_taskflow_operators' retrieved from /home/airflow/.local/lib/python3.12/site-packages/airflow/example_dags/example_dynamic_task_mapping_with_no_taskflow_operators.py
[2026-08-12T05:04:04.961+0000] {logging_mixin.py:190} INFO - [2026-08-12T05:04:04.960+0000] {dag.py:3211} INFO - Sync 1 DAGs
[2026-08-12T05:04:04.987+0000] {logging_mixin.py:190} INFO - [2026-08-12T05:04:04.987+0000] {dag.py:4138} INFO - Setting next_dagrun for example_dynamic_task_mapping_with_no_taskflow_operators to 2026-08-11 00:00:00+00:00, run_after=2026-08-12 00:00:00+00:00
[2026-08-12T05:04:05.021+0000] {processor.py:208} INFO - Processing /home/airflow/.local/lib/python3.12/site-packages/airflow/example_dags/example_dynamic_task_mapping_with_no_taskflow_operators.py took 0.120 seconds
[2026-08-12T05:04:35.379+0000] {processor.py:186} INFO - Started process (PID=3964) to work on /home/airflow/.local/lib/python3.12/site-packages/airflow/example_dags/example_dynamic_task_mapping_with_no_taskflow_operators.py
[2026-08-12T05:04:35.381+0000] {processor.py:914} INFO - Processing file /home/airflow/.local/lib/python3.12/site-packages/airflow/example_dags/example_dynamic_task_mapping_with_no_taskflow_operators.py for tasks to queue
[2026-08-12T05:04:35.384+0000] {logging_mixin.py:190} INFO - [2026-08-12T05:04:35.383+0000] {dagbag.py:587} INFO - Filling up the DagBag from /home/airflow/.local/lib/python3.12/site-packages/airflow/example_dags/example_dynamic_task_mapping_with_no_taskflow_operators.py
[2026-08-12T05:04:35.392+0000] {processor.py:925} INFO - DAG(s) 'example_dynamic_task_mapping_with_no_taskflow_operators' retrieved from /home/airflow/.local/lib/python3.12/site-packages/airflow/example_dags/example_dynamic_task_mapping_with_no_taskflow_operators.py
[2026-08-12T05:04:35.414+0000] {logging_mixin.py:190} INFO - [2026-08-12T05:04:35.414+0000] {dag.py:3211} INFO - Sync 1 DAGs
[2026-08-12T05:04:35.441+0000] {logging_mixin.py:190} INFO - [2026-08-12T05:04:35.440+0000] {dag.py:4138} INFO - Setting next_dagrun for example_dynamic_task_mapping_with_no_taskflow_operators to 2026-08-11 00:00:00+00:00, run_after=2026-08-12 00:00:00+00:00
[2026-08-12T05:04:35.461+0000] {processor.py:208} INFO - Processing /home/airflow/.local/lib/python3.12/site-packages/airflow/example_dags/example_dynamic_task_mapping_with_no_taskflow_operators.py took 0.087 seconds
[2026-08-12T05:05:05.593+0000] {processor.py:186} INFO - Started process (PID=4027) to work on /home/airflow/.local/lib/python3.12/site-packages/airflow/example_dags/example_dynamic_task_mapping_with_no_taskflow_operators.py
[2026-08-12T05:05:05.595+0000] {processor.py:914} INFO - Processing file /home/airflow/.local/lib/python3.12/site-packages/airflow/example_dags/example_dynamic_task_mapping_with_no_taskflow_operators.py for tasks to queue
[2026-08-12T05:05:05.599+0000] {logging_mixin.py:190} INFO - [2026-08-12T05:05:05.598+0000] {dagbag.py:587} INFO - Filling up the DagBag from /home/airflow/.local/lib/python3.12/site-packages/airflow/example_dags/example_dynamic_task_mapping_with_no_taskflow_operators.py
[2026-08-12T05:05:05.607+0000] {processor.py:925} INFO - DAG(s) 'example_dynamic_task_mapping_with_no_taskflow_operators' retrieved from /home/airflow/.local/lib/python3.12/site-packages/airflow/example_dags/example_dynamic_task_mapping_with_no_taskflow_operators.py
[2026-08-12T05:05:05.629+0000] {logging_mixin.py:190} INFO - [2026-08-12T05:05:05.629+0000] {dag.py:3211} INFO - Sync 1 DAGs
[2026-08-12T05:05:05.653+0000] {logging_mixin.py:190} INFO - [2026-08-12T05:05:05.653+0000] {dag.py:4138} INFO - Setting next_dagrun for example_dynamic_task_mapping_with_no_taskflow_operators to 2026-08-11 00:00:00+00:00, run_after=2026-08-12 00:00:00+00:00
[2026-08-12T05:05:05.675+0000] {processor.py:208} INFO - Processing /home/airflow/.local/lib/python3.12/site-packages/airflow/example_dags/example_dynamic_task_mapping_with_no_taskflow_operators.py took 0.087 seconds
[2026-08-12T05:05:36.050+0000] {processor.py:186} INFO - Started process (PID=4090) to work on /home/airflow/.local/lib/python3.12/site-packages/airflow/example_dags/example_dynamic_task_mapping_with_no_taskflow_operators.py
[2026-08-12T05:05:36.052+0000] {processor.py:914} INFO - Processing file /home/airflow/.local/lib/python3.12/site-packages/airflow/example_dags/example_dynamic_task_mapping_with_no_taskflow_operators.py for tasks to queue
[2026-08-12T05:05:36.055+0000] {logging_mixin.py:190} INFO - [2026-08-12T05:05:36.055+0000] {dagbag.py:587} INFO - Filling up the DagBag from /home/airflow/.local/lib/python3.12/site-packages/airflow/example_dags/example_dynamic_task_mapping_with_no_taskflow_operators.py
[2026-08-12T05:05:36.067+0000] {processor.py:925} INFO - DAG(s) 'example_dynamic_task_mapping_with_no_taskflow_operators' retrieved from /home/airflow/.local/lib/python3.12/site-packages/airflow/example_dags/example_dynamic_task_mapping_with_no_taskflow_operators.py
[2026-08-12T05:05:36.091+0000] {logging_mixin.py:190} INFO - [2026-08-12T05:05:36.091+0000] {dag.py:3211} INFO - Sync 1 DAGs
[2026-08-12T05:05:36.113+0000] {logging_mixin.py:190} INFO - [2026-08-12T05:05:36.113+0000] {dag.py:4138} INFO - Setting next_dagrun for example_dynamic_task_mapping_with_no_taskflow_operators to 2026-08-11 00:00:00+00:00, run_after=2026-08-12 00:00:00+00:00
[2026-08-12T05:05:36.134+0000] {processor.py:208} INFO - Processing /home/airflow/.local/lib/python3.12/site-packages/airflow/example_dags/example_dynamic_task_mapping_with_no_taskflow_operators.py took 0.090 seconds
[2026-08-12T05:06:06.814+0000] {processor.py:186} INFO - Started process (PID=4153) to work on /home/airflow/.local/lib/python3.12/site-packages/airflow/example_dags/example_dynamic_task_mapping_with_no_taskflow_operators.py
[2026-08-12T05:06:06.816+0000] {processor.py:914} INFO - Processing file /home/airflow/.local/lib/python3.12/site-packages/airflow/example_dags/example_dynamic_task_mapping_with_no_taskflow_operators.py for tasks to queue
[2026-08-12T05:06:06.820+0000] {logging_mixin.py:190} INFO - [2026-08-12T05:06:06.819+0000] {dagbag.py:587} INFO - Filling up the DagBag from /home/airflow/.local/lib/python3.12/site-packages/airflow/example_dags/example_dynamic_task_mapping_with_no_taskflow_operators.py
[2026-08-12T05:06:06.832+0000] {processor.py:925} INFO - DAG(s) 'example_dynamic_task_mapping_with_no_taskflow_operators' retrieved from /home/airflow/.local/lib/python3.12/site-packages/airflow/example_dags/example_dynamic_task_mapping_with_no_taskflow_operators.py
[2026-08-12T05:06:06.873+0000] {logging_mixin.py:190} INFO - [2026-08-12T05:06:06.872+0000] {dag.py:3211} INFO - Sync 1 DAGs
[2026-08-12T05:06:06.901+0000] {logging_mixin.py:190} INFO - [2026-08-12T05:06:06.901+0000] {dag.py:4138} INFO - Setting next_dagrun for example_dynamic_task_mapping_with_no_taskflow_operators to 2026-08-11 00:00:00+00:00, run_after=2026-08-12 00:00:00+00:00
[2026-08-12T05:06:06.932+0000] {processor.py:208} INFO - Processing /home/airflow/.local/lib/python3.12/site-packages/airflow/example_dags/example_dynamic_task_mapping_with_no_taskflow_operators.py took 0.126 seconds
[2026-08-12T05:06:37.034+0000] {processor.py:186} INFO - Started process (PID=4216) to work on /home/airflow/.local/lib/python3.12/site-packages/airflow/example_dags/example_dynamic_task_mapping_with_no_taskflow_operators.py
[2026-08-12T05:06:37.036+0000] {processor.py:914} INFO - Processing file /home/airflow/.local/lib/python3.12/site-packages/airflow/example_dags/example_dynamic_task_mapping_with_no_taskflow_operators.py for tasks to queue
[2026-08-12T05:06:37.040+0000] {logging_mixin.py:190} INFO - [2026-08-12T05:06:37.040+0000] {dagbag.py:587} INFO - Filling up the DagBag from /home/airflow/.local/lib/python3.12/site-packages/airflow/example_dags/example_dynamic_task_mapping_with_no_taskflow_operators.py
[2026-08-12T05:06:37.052+0000] {processor.py:925} INFO - DAG(s) 'example_dynamic_task_mapping_with_no_taskflow_operators' retrieved from /home/airflow/.local/lib/python3.12/site-packages/airflow/example_dags/example_dynamic_task_mapping_with_no_taskflow_operators.py
[2026-08-12T05:06:37.076+0000] {logging_mixin.py:190} INFO - [2026-08-12T05:06:37.076+0000] {dag.py:3211} INFO - Sync 1 DAGs
[2026-08-12T05:06:37.102+0000] {logging_mixin.py:190} INFO - [2026-08-12T05:06:37.102+0000] {dag.py:4138} INFO - Setting next_dagrun for example_dynamic_task_mapping_with_no_taskflow_operators to 2026-08-11 00:00:00+00:00, run_after=2026-08-12 00:00:00+00:00
[2026-08-12T05:06:37.138+0000] {processor.py:208} INFO - Processing /home/airflow/.local/lib/python3.12/site-packages/airflow/example_dags/example_dynamic_task_mapping_with_no_taskflow_operators.py took 0.111 seconds
[2026-08-12T05:07:07.238+0000] {processor.py:186} INFO - Started process (PID=4279) to work on /home/airflow/.local/lib/python3.12/site-packages/airflow/example_dags/example_dynamic_task_mapping_with_no_taskflow_operators.py
[2026-08-12T05:07:07.239+0000] {processor.py:914} INFO - Processing file /home/airflow/.local/lib/python3.12/site-packages/airflow/example_dags/example_dynamic_task_mapping_with_no_taskflow_operators.py for tasks to queue
[2026-08-12T05:07:07.242+0000] {logging_mixin.py:190} INFO - [2026-08-12T05:07:07.241+0000] {dagbag.py:587} INFO - Filling up the DagBag from /home/airflow/.local/lib/python3.12/site-packages/airflow/example_dags/example_dynamic_task_mapping_with_no_taskflow_operators.py
[2026-08-12T05:07:07.251+0000] {processor.py:925} INFO - DAG(s) 'example_dynamic_task_mapping_with_no_taskflow_operators' retrieved from /home/airflow/.local/lib/python3.12/site-packages/airflow/example_dags/example_dynamic_task_mapping_with_no_taskflow_operators.py
[2026-08-12T05:07:07.273+0000] {logging_mixin.py:190} INFO - [2026-08-12T05:07:07.272+0000] {dag.py:3211} INFO - Sync 1 DAGs
[2026-08-12T05:07:07.295+0000] {logging_mixin.py:190} INFO - [2026-08-12T05:07:07.295+0000] {dag.py:4138} INFO - Setting next_dagrun for example_dynamic_task_mapping_with_no_taskflow_operators to 2026-08-11 00:00:00+00:00, run_after=2026-08-12 00:00:00+00:00
[2026-08-12T05:07:07.328+0000] {processor.py:208} INFO - Processing /home/airflow/.local/lib/python3.12/site-packages/airflow/example_dags/example_dynamic_task_mapping_with_no_taskflow_operators.py took 0.096 seconds
[2026-08-12T05:07:38.094+0000] {processor.py:186} INFO - Started process (PID=4342) to work on /home/airflow/.local/lib/python3.12/site-packages/airflow/example_dags/example_dynamic_task_mapping_with_no_taskflow_operators.py
[2026-08-12T05:07:38.096+0000] {processor.py:914} INFO - Processing file /home/airflow/.local/lib/python3.12/site-packages/airflow/example_dags/example_dynamic_task_mapping_with_no_taskflow_operators.py for tasks to queue
[2026-08-12T05:07:38.101+0000] {logging_mixin.py:190} INFO - [2026-08-12T05:07:38.100+0000] {dagbag.py:587} INFO - Filling up the DagBag from /home/airflow/.local/lib/python3.12/site-packages/airflow/example_dags/example_dynamic_task_mapping_with_no_taskflow_operators.py
[2026-08-12T05:07:38.111+0000] {processor.py:925} INFO - DAG(s) 'example_dynamic_task_mapping_with_no_taskflow_operators' retrieved from /home/airflow/.local/lib/python3.12/site-packages/airflow/example_dags/example_dynamic_task_mapping_with_no_taskflow_operators.py
[2026-08-12T05:07:38.135+0000] {logging_mixin.py:190} INFO - [2026-08-12T05:07:38.135+0000] {dag.py:3211} INFO - Sync 1 DAGs
[2026-08-12T05:07:38.163+0000] {logging_mixin.py:190} INFO - [2026-08-12T05:07:38.163+0000] {dag.py:4138} INFO - Setting next_dagrun for example_dynamic_task_mapping_with_no_taskflow_operators to 2026-08-11 00:00:00+00:00, run_after=2026-08-12 00:00:00+00:00
[2026-08-12T05:07:38.189+0000] {processor.py:208} INFO - Processing /home/airflow/.local/lib/python3.12/site-packages/airflow/example_dags/example_dynamic_task_mapping_with_no_taskflow_operators.py took 0.102 seconds
[2026-08-12T05:08:08.437+0000] {processor.py:186} INFO - Started process (PID=4405) to work on /home/airflow/.local/lib/python3.12/site-packages/airflow/example_dags/example_dynamic_task_mapping_with_no_taskflow_operators.py
[2026-08-12T05:08:08.439+0000] {processor.py:914} INFO - Processing file /home/airflow/.local/lib/python3.12/site-packages/airflow/example_dags/example_dynamic_task_mapping_with_no_taskflow_operators.py for tasks to queue
[2026-08-12T05:08:08.441+0000] {logging_mixin.py:190} INFO - [2026-08-12T05:08:08.441+0000] {dagbag.py:587} INFO - Filling up the DagBag from /home/airflow/.local/lib/python3.12/site-packages/airflow/example_dags/example_dynamic_task_mapping_with_no_taskflow_operators.py
[2026-08-12T05:08:08.450+0000] {processor.py:925} INFO - DAG(s) 'example_dynamic_task_mapping_with_no_taskflow_operators' retrieved from /home/airflow/.local/lib/python3.12/site-packages/airflow/example_dags/example_dynamic_task_mapping_with_no_taskflow_operators.py
[2026-08-12T05:08:08.469+0000] {logging_mixin.py:190} INFO - [2026-08-12T05:08:08.469+0000] {dag.py:3211} INFO - Sync 1 DAGs
[2026-08-12T05:08:08.490+0000] {logging_mixin.py:190} INFO - [2026-08-12T05:08:08.490+0000] {dag.py:4138} INFO - Setting next_dagrun for example_dynamic_task_mapping_with_no_taskflow_operators to 2026-08-11 00:00:00+00:00, run_after=2026-08-12 00:00:00+00:00
[2026-08-12T05:08:08.509+0000] {processor.py:208} INFO - Processing /home/airflow/.local/lib/python3.12/site-packages/airflow/example_dags/example_dynamic_task_mapping_with_no_taskflow_operators.py took 0.077 seconds
[2026-08-12T05:08:39.184+0000] {processor.py:186} INFO - Started process (PID=4468) to work on /home/airflow/.local/lib/python3.12/site-packages/airflow/example_dags/example_dynamic_task_mapping_with_no_taskflow_operators.py
[2026-08-12T05:08:39.186+0000] {processor.py:914} INFO - Processing file /home/airflow/.local/lib/python3.12/site-packages/airflow/example_dags/example_dynamic_task_mapping_with_no_taskflow_operators.py for tasks to queue
[2026-08-12T05:08:39.190+0000] {logging_mixin.py:190} INFO - [2026-08-12T05:08:39.189+0000] {dagbag.py:587} INFO - Filling up the DagBag from /home/airflow/.local/lib/python3.12/site-packages/airflow/example_dags/example_dynamic_task_mapping_with_no_taskflow_operators.py
[2026-08-12T05:08:39.199+0000] {processor.py:925} INFO - DAG(s) 'example_dynamic_task_mapping_with_no_taskflow_operators' retrieved from /home/airflow/.local/lib/python3.12/site-packages/airflow/example_dags/example_dynamic_task_mapping_with_no_taskflow_operators.py
[2026-08-12T05:08:39.223+0000] {logging_mixin.py:190} INFO - [2026-08-12T05:08:39.223+0000] {dag.py:3211} INFO - Sync 1 DAGs
[2026-08-12T05:08:39.247+0000] {logging_mixin.py:190} INFO - [2026-08-12T05:08:39.247+0000] {dag.py:4138} INFO - Setting next_dagrun for example_dynamic_task_mapping_with_no_taskflow_operators to 2026-08-11 00:00:00+00:00, run_after=2026-08-12 00:00:00+00:00
[2026-08-12T05:08:39.269+0000] {processor.py:208} INFO - Processing /home/airflow/.local/lib/python3.12/site-packages/airflow/example_dags/example_dynamic_task_mapping_with_no_taskflow_operators.py took 0.091 seconds
[2026-08-12T05:09:09.808+0000] {processor.py:186} INFO - Started process (PID=4531) to work on /home/airflow/.local/lib/python3.12/site-packages/airflow/example_dags/example_dynamic_task_mapping_with_no_taskflow_operators.py
[2026-08-12T05:09:09.810+0000] {processor.py:914} INFO - Processing file /home/airflow/.local/lib/python3.12/site-packages/airflow/example_dags/example_dynamic_task_mapping_with_no_taskflow_operators.py for tasks to queue
[2026-08-12T05:09:09.813+0000] {logging_mixin.py:190} INFO - [2026-08-12T05:09:09.812+0000] {dagbag.py:587} INFO - Filling up the DagBag from /home/airflow/.local/lib/python3.12/site-packages/airflow/example_dags/example_dynamic_task_mapping_with_no_taskflow_operators.py
[2026-08-12T05:09:09.825+0000] {processor.py:925} INFO - DAG(s) 'example_dynamic_task_mapping_with_no_taskflow_operators' retrieved from /home/airflow/.local/lib/python3.12/site-packages/airflow/example_dags/example_dynamic_task_mapping_with_no_taskflow_operators.py
[2026-08-12T05:09:09.853+0000] {logging_mixin.py:190} INFO - [2026-08-12T05:09:09.853+0000] {dag.py:3211} INFO - Sync 1 DAGs
[2026-08-12T05:09:09.885+0000] {logging_mixin.py:190} INFO - [2026-08-12T05:09:09.884+0000] {dag.py:4138} INFO - Setting next_dagrun for example_dynamic_task_mapping_with_no_taskflow_operators to 2026-08-11 00:00:00+00:00, run_after=2026-08-12 00:00:00+00:00
[2026-08-12T05:09:09.930+0000] {processor.py:208} INFO - Processing /home/airflow/.local/lib/python3.12/site-packages/airflow/example_dags/example_dynamic_task_mapping_with_no_taskflow_operators.py took 0.131 seconds
[2026-08-12T05:09:40.539+0000] {processor.py:186} INFO - Started process (PID=4594) to work on /home/airflow/.local/lib/python3.12/site-packages/airflow/example_dags/example_dynamic_task_mapping_with_no_taskflow_operators.py
[2026-08-12T05:09:40.541+0000] {processor.py:914} INFO - Processing file /home/airflow/.local/lib/python3.12/site-packages/airflow/example_dags/example_dynamic_task_mapping_with_no_taskflow_operators.py for tasks to queue
[2026-08-12T05:09:40.544+0000] {logging_mixin.py:190} INFO - [2026-08-12T05:09:40.544+0000] {dagbag.py:587} INFO - Filling up the DagBag from /home/airflow/.local/lib/python3.12/site-packages/airflow/example_dags/example_dynamic_task_mapping_with_no_taskflow_operators.py
[2026-08-12T05:09:40.557+0000] {processor.py:925} INFO - DAG(s) 'example_dynamic_task_mapping_with_no_taskflow_operators' retrieved from /home/airflow/.local/lib/python3.12/site-packages/airflow/example_dags/example_dynamic_task_mapping_with_no_taskflow_operators.py
[2026-08-12T05:09:40.580+0000] {logging_mixin.py:190} INFO - [2026-08-12T05:09:40.580+0000] {dag.py:3211} INFO - Sync 1 DAGs
[2026-08-12T05:09:40.603+0000] {logging_mixin.py:190} INFO - [2026-08-12T05:09:40.603+0000] {dag.py:4138} INFO - Setting next_dagrun for example_dynamic_task_mapping_with_no_taskflow_operators to 2026-08-11 00:00:00+00:00, run_after=2026-08-12 00:00:00+00:00
[2026-08-12T05:09:40.625+0000] {processor.py:208} INFO - Processing /home/airflow/.local/lib/python3.12/site-packages/airflow/example_dags/example_dynamic_task_mapping_with_no_taskflow_operators.py took 0.092 seconds
[2026-08-12T05:10:11.225+0000] {processor.py:186} INFO - Started process (PID=4658) to work on /home/airflow/.local/lib/python3.12/site-packages/airflow/example_dags/example_dynamic_task_mapping_with_no_taskflow_operators.py
[2026-08-12T05:10:11.227+0000] {processor.py:914} INFO - Processing file /home/airflow/.local/lib/python3.12/site-packages/airflow/example_dags/example_dynamic_task_mapping_with_no_taskflow_operators.py for tasks to queue
[2026-08-12T05:10:11.232+0000] {logging_mixin.py:190} INFO - [2026-08-12T05:10:11.231+0000] {dagbag.py:587} INFO - Filling up the DagBag from /home/airflow/.local/lib/python3.12/site-packages/airflow/example_dags/example_dynamic_task_mapping_with_no_taskflow_operators.py
[2026-08-12T05:10:11.244+0000] {processor.py:925} INFO - DAG(s) 'example_dynamic_task_mapping_with_no_taskflow_operators' retrieved from /home/airflow/.local/lib/python3.12/site-packages/airflow/example_dags/example_dynamic_task_mapping_with_no_taskflow_operators.py
[2026-08-12T05:10:11.275+0000] {logging_mixin.py:190} INFO - [2026-08-12T05:10:11.275+0000] {dag.py:3211} INFO - Sync 1 DAGs
[2026-08-12T05:10:11.308+0000] {logging_mixin.py:190} INFO - [2026-08-12T05:10:11.308+0000] {dag.py:4138} INFO - Setting next_dagrun for example_dynamic_task_mapping_with_no_taskflow_operators to 2026-08-11 00:00:00+00:00, run_after=2026-08-12 00:00:00+00:00
[2026-08-12T05:10:11.360+0000] {processor.py:208} INFO - Processing /home/airflow/.local/lib/python3.12/site-packages/airflow/example_dags/example_dynamic_task_mapping_with_no_taskflow_operators.py took 0.142 seconds
