[2026-08-12T04:30:40.476+0000] {processor.py:186} INFO - Started process (PID=115) to work on /home/airflow/.local/lib/python3.12/site-packages/airflow/example_dags/example_branch_operator_decorator.py
[2026-08-12T04:30:40.478+0000] {processor.py:914} INFO - Processing file /home/airflow/.local/lib/python3.12/site-packages/airflow/example_dags/example_branch_operator_decorator.py for tasks to queue
[2026-08-12T04:30:40.483+0000] {logging_mixin.py:190} INFO - [2026-08-12T04:30:40.482+0000] {dagbag.py:587} INFO - Filling up the DagBag from /home/airflow/.local/lib/python3.12/site-packages/airflow/example_dags/example_branch_operator_decorator.py
[2026-08-12T04:30:40.572+0000] {processor.py:925} INFO - DAG(s) 'example_branch_python_operator_decorator' retrieved from /home/airflow/.local/lib/python3.12/site-packages/airflow/example_dags/example_branch_operator_decorator.py
[2026-08-12T04:30:40.728+0000] {logging_mixin.py:190} INFO - [2026-08-12T04:30:40.727+0000] {override.py:1858} INFO - Created Permission View: can edit on DAG:example_branch_python_operator_decorator
[2026-08-12T04:30:40.740+0000] {logging_mixin.py:190} INFO - [2026-08-12T04:30:40.740+0000] {override.py:1858} INFO - Created Permission View: can delete on DAG:example_branch_python_operator_decorator
[2026-08-12T04:30:40.749+0000] {logging_mixin.py:190} INFO - [2026-08-12T04:30:40.748+0000] {override.py:1858} INFO - Created Permission View: can read on DAG:example_branch_python_operator_decorator
[2026-08-12T04:30:40.751+0000] {logging_mixin.py:190} INFO - [2026-08-12T04:30:40.750+0000] {dag.py:3211} INFO - Sync 1 DAGs
[2026-08-12T04:30:40.771+0000] {logging_mixin.py:190} INFO - [2026-08-12T04:30:40.771+0000] {dag.py:3234} INFO - Creating ORM DAG for example_branch_python_operator_decorator
[2026-08-12T04:30:40.787+0000] {logging_mixin.py:190} INFO - [2026-08-12T04:30:40.787+0000] {dag.py:4138} INFO - Setting next_dagrun for example_branch_python_operator_decorator to 2026-08-11 00:00:00+00:00, run_after=2026-08-12 00:00:00+00:00
[2026-08-12T04:30:40.814+0000] {processor.py:208} INFO - Processing /home/airflow/.local/lib/python3.12/site-packages/airflow/example_dags/example_branch_operator_decorator.py took 0.345 seconds
[2026-08-12T04:31:11.756+0000] {processor.py:186} INFO - Started process (PID=177) to work on /home/airflow/.local/lib/python3.12/site-packages/airflow/example_dags/example_branch_operator_decorator.py
[2026-08-12T04:31:11.758+0000] {processor.py:914} INFO - Processing file /home/airflow/.local/lib/python3.12/site-packages/airflow/example_dags/example_branch_operator_decorator.py for tasks to queue
[2026-08-12T04:31:11.761+0000] {logging_mixin.py:190} INFO - [2026-08-12T04:31:11.760+0000] {dagbag.py:587} INFO - Filling up the DagBag from /home/airflow/.local/lib/python3.12/site-packages/airflow/example_dags/example_branch_operator_decorator.py
[2026-08-12T04:31:11.781+0000] {processor.py:925} INFO - DAG(s) 'example_branch_python_operator_decorator' retrieved from /home/airflow/.local/lib/python3.12/site-packages/airflow/example_dags/example_branch_operator_decorator.py
[2026-08-12T04:31:11.809+0000] {logging_mixin.py:190} INFO - [2026-08-12T04:31:11.809+0000] {dag.py:3211} INFO - Sync 1 DAGs
[2026-08-12T04:31:11.834+0000] {logging_mixin.py:190} INFO - [2026-08-12T04:31:11.834+0000] {dag.py:4138} INFO - Setting next_dagrun for example_branch_python_operator_decorator to 2026-08-11 00:00:00+00:00, run_after=2026-08-12 00:00:00+00:00
[2026-08-12T04:31:11.856+0000] {processor.py:208} INFO - Processing /home/airflow/.local/lib/python3.12/site-packages/airflow/example_dags/example_branch_operator_decorator.py took 0.106 seconds
[2026-08-12T04:31:42.442+0000] {processor.py:186} INFO - Started process (PID=240) to work on /home/airflow/.local/lib/python3.12/site-packages/airflow/example_dags/example_branch_operator_decorator.py
[2026-08-12T04:31:42.444+0000] {processor.py:914} INFO - Processing file /home/airflow/.local/lib/python3.12/site-packages/airflow/example_dags/example_branch_operator_decorator.py for tasks to queue
[2026-08-12T04:31:42.447+0000] {logging_mixin.py:190} INFO - [2026-08-12T04:31:42.446+0000] {dagbag.py:587} INFO - Filling up the DagBag from /home/airflow/.local/lib/python3.12/site-packages/airflow/example_dags/example_branch_operator_decorator.py
[2026-08-12T04:31:42.472+0000] {processor.py:925} INFO - DAG(s) 'example_branch_python_operator_decorator' retrieved from /home/airflow/.local/lib/python3.12/site-packages/airflow/example_dags/example_branch_operator_decorator.py
[2026-08-12T04:31:42.520+0000] {logging_mixin.py:190} INFO - [2026-08-12T04:31:42.520+0000] {dag.py:3211} INFO - Sync 1 DAGs
[2026-08-12T04:31:42.546+0000] {logging_mixin.py:190} INFO - [2026-08-12T04:31:42.546+0000] {dag.py:4138} INFO - Setting next_dagrun for example_branch_python_operator_decorator to 2026-08-11 00:00:00+00:00, run_after=2026-08-12 00:00:00+00:00
[2026-08-12T04:31:42.581+0000] {processor.py:208} INFO - Processing /home/airflow/.local/lib/python3.12/site-packages/airflow/example_dags/example_branch_operator_decorator.py took 0.145 seconds
[2026-08-12T04:32:58.073+0000] {processor.py:186} INFO - Started process (PID=106) to work on /home/airflow/.local/lib/python3.12/site-packages/airflow/example_dags/example_branch_operator_decorator.py
[2026-08-12T04:32:58.075+0000] {processor.py:914} INFO - Processing file /home/airflow/.local/lib/python3.12/site-packages/airflow/example_dags/example_branch_operator_decorator.py for tasks to queue
[2026-08-12T04:32:58.079+0000] {logging_mixin.py:190} INFO - [2026-08-12T04:32:58.078+0000] {dagbag.py:587} INFO - Filling up the DagBag from /home/airflow/.local/lib/python3.12/site-packages/airflow/example_dags/example_branch_operator_decorator.py
[2026-08-12T04:32:58.107+0000] {processor.py:925} INFO - DAG(s) 'example_branch_python_operator_decorator' retrieved from /home/airflow/.local/lib/python3.12/site-packages/airflow/example_dags/example_branch_operator_decorator.py
[2026-08-12T04:32:58.247+0000] {logging_mixin.py:190} INFO - [2026-08-12T04:32:58.246+0000] {dag.py:3211} INFO - Sync 1 DAGs
[2026-08-12T04:32:58.287+0000] {logging_mixin.py:190} INFO - [2026-08-12T04:32:58.286+0000] {dag.py:4138} INFO - Setting next_dagrun for example_branch_python_operator_decorator to 2026-08-11 00:00:00+00:00, run_after=2026-08-12 00:00:00+00:00
[2026-08-12T04:32:58.327+0000] {processor.py:208} INFO - Processing /home/airflow/.local/lib/python3.12/site-packages/airflow/example_dags/example_branch_operator_decorator.py took 0.261 seconds
[2026-08-12T04:33:29.038+0000] {processor.py:186} INFO - Started process (PID=168) to work on /home/airflow/.local/lib/python3.12/site-packages/airflow/example_dags/example_branch_operator_decorator.py
[2026-08-12T04:33:29.040+0000] {processor.py:914} INFO - Processing file /home/airflow/.local/lib/python3.12/site-packages/airflow/example_dags/example_branch_operator_decorator.py for tasks to queue
[2026-08-12T04:33:29.044+0000] {logging_mixin.py:190} INFO - [2026-08-12T04:33:29.044+0000] {dagbag.py:587} INFO - Filling up the DagBag from /home/airflow/.local/lib/python3.12/site-packages/airflow/example_dags/example_branch_operator_decorator.py
[2026-08-12T04:33:29.071+0000] {processor.py:925} INFO - DAG(s) 'example_branch_python_operator_decorator' retrieved from /home/airflow/.local/lib/python3.12/site-packages/airflow/example_dags/example_branch_operator_decorator.py
[2026-08-12T04:33:29.106+0000] {logging_mixin.py:190} INFO - [2026-08-12T04:33:29.106+0000] {dag.py:3211} INFO - Sync 1 DAGs
[2026-08-12T04:33:29.134+0000] {logging_mixin.py:190} INFO - [2026-08-12T04:33:29.134+0000] {dag.py:4138} INFO - Setting next_dagrun for example_branch_python_operator_decorator to 2026-08-11 00:00:00+00:00, run_after=2026-08-12 00:00:00+00:00
[2026-08-12T04:33:29.157+0000] {processor.py:208} INFO - Processing /home/airflow/.local/lib/python3.12/site-packages/airflow/example_dags/example_branch_operator_decorator.py took 0.126 seconds
[2026-08-12T04:33:59.210+0000] {processor.py:186} INFO - Started process (PID=229) to work on /home/airflow/.local/lib/python3.12/site-packages/airflow/example_dags/example_branch_operator_decorator.py
[2026-08-12T04:33:59.212+0000] {processor.py:914} INFO - Processing file /home/airflow/.local/lib/python3.12/site-packages/airflow/example_dags/example_branch_operator_decorator.py for tasks to queue
[2026-08-12T04:33:59.216+0000] {logging_mixin.py:190} INFO - [2026-08-12T04:33:59.215+0000] {dagbag.py:587} INFO - Filling up the DagBag from /home/airflow/.local/lib/python3.12/site-packages/airflow/example_dags/example_branch_operator_decorator.py
[2026-08-12T04:33:59.233+0000] {processor.py:925} INFO - DAG(s) 'example_branch_python_operator_decorator' retrieved from /home/airflow/.local/lib/python3.12/site-packages/airflow/example_dags/example_branch_operator_decorator.py
[2026-08-12T04:33:59.258+0000] {logging_mixin.py:190} INFO - [2026-08-12T04:33:59.258+0000] {dag.py:3211} INFO - Sync 1 DAGs
[2026-08-12T04:33:59.279+0000] {logging_mixin.py:190} INFO - [2026-08-12T04:33:59.278+0000] {dag.py:4138} INFO - Setting next_dagrun for example_branch_python_operator_decorator to 2026-08-11 00:00:00+00:00, run_after=2026-08-12 00:00:00+00:00
[2026-08-12T04:33:59.298+0000] {processor.py:208} INFO - Processing /home/airflow/.local/lib/python3.12/site-packages/airflow/example_dags/example_branch_operator_decorator.py took 0.094 seconds
[2026-08-12T04:34:30.065+0000] {processor.py:186} INFO - Started process (PID=292) to work on /home/airflow/.local/lib/python3.12/site-packages/airflow/example_dags/example_branch_operator_decorator.py
[2026-08-12T04:34:30.067+0000] {processor.py:914} INFO - Processing file /home/airflow/.local/lib/python3.12/site-packages/airflow/example_dags/example_branch_operator_decorator.py for tasks to queue
[2026-08-12T04:34:30.070+0000] {logging_mixin.py:190} INFO - [2026-08-12T04:34:30.069+0000] {dagbag.py:587} INFO - Filling up the DagBag from /home/airflow/.local/lib/python3.12/site-packages/airflow/example_dags/example_branch_operator_decorator.py
[2026-08-12T04:34:30.090+0000] {processor.py:925} INFO - DAG(s) 'example_branch_python_operator_decorator' retrieved from /home/airflow/.local/lib/python3.12/site-packages/airflow/example_dags/example_branch_operator_decorator.py
[2026-08-12T04:34:30.118+0000] {logging_mixin.py:190} INFO - [2026-08-12T04:34:30.118+0000] {dag.py:3211} INFO - Sync 1 DAGs
[2026-08-12T04:34:30.151+0000] {logging_mixin.py:190} INFO - [2026-08-12T04:34:30.150+0000] {dag.py:4138} INFO - Setting next_dagrun for example_branch_python_operator_decorator to 2026-08-11 00:00:00+00:00, run_after=2026-08-12 00:00:00+00:00
[2026-08-12T04:34:30.177+0000] {processor.py:208} INFO - Processing /home/airflow/.local/lib/python3.12/site-packages/airflow/example_dags/example_branch_operator_decorator.py took 0.118 seconds
[2026-08-12T04:35:00.274+0000] {processor.py:186} INFO - Started process (PID=353) to work on /home/airflow/.local/lib/python3.12/site-packages/airflow/example_dags/example_branch_operator_decorator.py
[2026-08-12T04:35:00.276+0000] {processor.py:914} INFO - Processing file /home/airflow/.local/lib/python3.12/site-packages/airflow/example_dags/example_branch_operator_decorator.py for tasks to queue
[2026-08-12T04:35:00.279+0000] {logging_mixin.py:190} INFO - [2026-08-12T04:35:00.278+0000] {dagbag.py:587} INFO - Filling up the DagBag from /home/airflow/.local/lib/python3.12/site-packages/airflow/example_dags/example_branch_operator_decorator.py
[2026-08-12T04:35:00.297+0000] {processor.py:925} INFO - DAG(s) 'example_branch_python_operator_decorator' retrieved from /home/airflow/.local/lib/python3.12/site-packages/airflow/example_dags/example_branch_operator_decorator.py
[2026-08-12T04:35:00.325+0000] {logging_mixin.py:190} INFO - [2026-08-12T04:35:00.324+0000] {dag.py:3211} INFO - Sync 1 DAGs
[2026-08-12T04:35:00.348+0000] {logging_mixin.py:190} INFO - [2026-08-12T04:35:00.348+0000] {dag.py:4138} INFO - Setting next_dagrun for example_branch_python_operator_decorator to 2026-08-11 00:00:00+00:00, run_after=2026-08-12 00:00:00+00:00
[2026-08-12T04:35:00.370+0000] {processor.py:208} INFO - Processing /home/airflow/.local/lib/python3.12/site-packages/airflow/example_dags/example_branch_operator_decorator.py took 0.101 seconds
[2026-08-12T04:35:30.765+0000] {processor.py:186} INFO - Started process (PID=415) to work on /home/airflow/.local/lib/python3.12/site-packages/airflow/example_dags/example_branch_operator_decorator.py
[2026-08-12T04:35:30.767+0000] {processor.py:914} INFO - Processing file /home/airflow/.local/lib/python3.12/site-packages/airflow/example_dags/example_branch_operator_decorator.py for tasks to queue
[2026-08-12T04:35:30.772+0000] {logging_mixin.py:190} INFO - [2026-08-12T04:35:30.771+0000] {dagbag.py:587} INFO - Filling up the DagBag from /home/airflow/.local/lib/python3.12/site-packages/airflow/example_dags/example_branch_operator_decorator.py
[2026-08-12T04:35:30.794+0000] {processor.py:925} INFO - DAG(s) 'example_branch_python_operator_decorator' retrieved from /home/airflow/.local/lib/python3.12/site-packages/airflow/example_dags/example_branch_operator_decorator.py
[2026-08-12T04:35:30.820+0000] {logging_mixin.py:190} INFO - [2026-08-12T04:35:30.820+0000] {dag.py:3211} INFO - Sync 1 DAGs
[2026-08-12T04:35:30.843+0000] {logging_mixin.py:190} INFO - [2026-08-12T04:35:30.843+0000] {dag.py:4138} INFO - Setting next_dagrun for example_branch_python_operator_decorator to 2026-08-11 00:00:00+00:00, run_after=2026-08-12 00:00:00+00:00
[2026-08-12T04:35:30.863+0000] {processor.py:208} INFO - Processing /home/airflow/.local/lib/python3.12/site-packages/airflow/example_dags/example_branch_operator_decorator.py took 0.115 seconds
[2026-08-12T04:36:01.833+0000] {processor.py:186} INFO - Started process (PID=478) to work on /home/airflow/.local/lib/python3.12/site-packages/airflow/example_dags/example_branch_operator_decorator.py
[2026-08-12T04:36:01.835+0000] {processor.py:914} INFO - Processing file /home/airflow/.local/lib/python3.12/site-packages/airflow/example_dags/example_branch_operator_decorator.py for tasks to queue
[2026-08-12T04:36:01.838+0000] {logging_mixin.py:190} INFO - [2026-08-12T04:36:01.838+0000] {dagbag.py:587} INFO - Filling up the DagBag from /home/airflow/.local/lib/python3.12/site-packages/airflow/example_dags/example_branch_operator_decorator.py
[2026-08-12T04:36:01.860+0000] {processor.py:925} INFO - DAG(s) 'example_branch_python_operator_decorator' retrieved from /home/airflow/.local/lib/python3.12/site-packages/airflow/example_dags/example_branch_operator_decorator.py
[2026-08-12T04:36:01.887+0000] {logging_mixin.py:190} INFO - [2026-08-12T04:36:01.887+0000] {dag.py:3211} INFO - Sync 1 DAGs
[2026-08-12T04:36:01.909+0000] {logging_mixin.py:190} INFO - [2026-08-12T04:36:01.908+0000] {dag.py:4138} INFO - Setting next_dagrun for example_branch_python_operator_decorator to 2026-08-11 00:00:00+00:00, run_after=2026-08-12 00:00:00+00:00
[2026-08-12T04:36:01.928+0000] {processor.py:208} INFO - Processing /home/airflow/.local/lib/python3.12/site-packages/airflow/example_dags/example_branch_operator_decorator.py took 0.100 seconds
[2026-08-12T04:36:32.260+0000] {processor.py:186} INFO - Started process (PID=540) to work on /home/airflow/.local/lib/python3.12/site-packages/airflow/example_dags/example_branch_operator_decorator.py
[2026-08-12T04:36:32.261+0000] {processor.py:914} INFO - Processing file /home/airflow/.local/lib/python3.12/site-packages/airflow/example_dags/example_branch_operator_decorator.py for tasks to queue
[2026-08-12T04:36:32.264+0000] {logging_mixin.py:190} INFO - [2026-08-12T04:36:32.264+0000] {dagbag.py:587} INFO - Filling up the DagBag from /home/airflow/.local/lib/python3.12/site-packages/airflow/example_dags/example_branch_operator_decorator.py
[2026-08-12T04:36:32.283+0000] {processor.py:925} INFO - DAG(s) 'example_branch_python_operator_decorator' retrieved from /home/airflow/.local/lib/python3.12/site-packages/airflow/example_dags/example_branch_operator_decorator.py
[2026-08-12T04:36:32.311+0000] {logging_mixin.py:190} INFO - [2026-08-12T04:36:32.311+0000] {dag.py:3211} INFO - Sync 1 DAGs
[2026-08-12T04:36:32.339+0000] {logging_mixin.py:190} INFO - [2026-08-12T04:36:32.338+0000] {dag.py:4138} INFO - Setting next_dagrun for example_branch_python_operator_decorator to 2026-08-11 00:00:00+00:00, run_after=2026-08-12 00:00:00+00:00
[2026-08-12T04:36:32.361+0000] {processor.py:208} INFO - Processing /home/airflow/.local/lib/python3.12/site-packages/airflow/example_dags/example_branch_operator_decorator.py took 0.107 seconds
[2026-08-12T04:37:03.159+0000] {processor.py:186} INFO - Started process (PID=602) to work on /home/airflow/.local/lib/python3.12/site-packages/airflow/example_dags/example_branch_operator_decorator.py
[2026-08-12T04:37:03.161+0000] {processor.py:914} INFO - Processing file /home/airflow/.local/lib/python3.12/site-packages/airflow/example_dags/example_branch_operator_decorator.py for tasks to queue
[2026-08-12T04:37:03.164+0000] {logging_mixin.py:190} INFO - [2026-08-12T04:37:03.164+0000] {dagbag.py:587} INFO - Filling up the DagBag from /home/airflow/.local/lib/python3.12/site-packages/airflow/example_dags/example_branch_operator_decorator.py
[2026-08-12T04:37:03.185+0000] {processor.py:925} INFO - DAG(s) 'example_branch_python_operator_decorator' retrieved from /home/airflow/.local/lib/python3.12/site-packages/airflow/example_dags/example_branch_operator_decorator.py
[2026-08-12T04:37:03.216+0000] {logging_mixin.py:190} INFO - [2026-08-12T04:37:03.215+0000] {dag.py:3211} INFO - Sync 1 DAGs
[2026-08-12T04:37:03.242+0000] {logging_mixin.py:190} INFO - [2026-08-12T04:37:03.241+0000] {dag.py:4138} INFO - Setting next_dagrun for example_branch_python_operator_decorator to 2026-08-11 00:00:00+00:00, run_after=2026-08-12 00:00:00+00:00
[2026-08-12T04:37:03.265+0000] {processor.py:208} INFO - Processing /home/airflow/.local/lib/python3.12/site-packages/airflow/example_dags/example_branch_operator_decorator.py took 0.112 seconds
[2026-08-12T04:37:34.496+0000] {processor.py:186} INFO - Started process (PID=664) to work on /home/airflow/.local/lib/python3.12/site-packages/airflow/example_dags/example_branch_operator_decorator.py
[2026-08-12T04:37:34.498+0000] {processor.py:914} INFO - Processing file /home/airflow/.local/lib/python3.12/site-packages/airflow/example_dags/example_branch_operator_decorator.py for tasks to queue
[2026-08-12T04:37:34.505+0000] {logging_mixin.py:190} INFO - [2026-08-12T04:37:34.504+0000] {dagbag.py:587} INFO - Filling up the DagBag from /home/airflow/.local/lib/python3.12/site-packages/airflow/example_dags/example_branch_operator_decorator.py
[2026-08-12T04:37:34.529+0000] {processor.py:925} INFO - DAG(s) 'example_branch_python_operator_decorator' retrieved from /home/airflow/.local/lib/python3.12/site-packages/airflow/example_dags/example_branch_operator_decorator.py
[2026-08-12T04:37:34.560+0000] {logging_mixin.py:190} INFO - [2026-08-12T04:37:34.560+0000] {dag.py:3211} INFO - Sync 1 DAGs
[2026-08-12T04:37:34.586+0000] {logging_mixin.py:190} INFO - [2026-08-12T04:37:34.585+0000] {dag.py:4138} INFO - Setting next_dagrun for example_branch_python_operator_decorator to 2026-08-11 00:00:00+00:00, run_after=2026-08-12 00:00:00+00:00
[2026-08-12T04:37:34.621+0000] {processor.py:208} INFO - Processing /home/airflow/.local/lib/python3.12/site-packages/airflow/example_dags/example_branch_operator_decorator.py took 0.132 seconds
[2026-08-12T04:38:05.364+0000] {processor.py:186} INFO - Started process (PID=726) to work on /home/airflow/.local/lib/python3.12/site-packages/airflow/example_dags/example_branch_operator_decorator.py
[2026-08-12T04:38:05.367+0000] {processor.py:914} INFO - Processing file /home/airflow/.local/lib/python3.12/site-packages/airflow/example_dags/example_branch_operator_decorator.py for tasks to queue
[2026-08-12T04:38:05.372+0000] {logging_mixin.py:190} INFO - [2026-08-12T04:38:05.371+0000] {dagbag.py:587} INFO - Filling up the DagBag from /home/airflow/.local/lib/python3.12/site-packages/airflow/example_dags/example_branch_operator_decorator.py
[2026-08-12T04:38:05.406+0000] {processor.py:925} INFO - DAG(s) 'example_branch_python_operator_decorator' retrieved from /home/airflow/.local/lib/python3.12/site-packages/airflow/example_dags/example_branch_operator_decorator.py
[2026-08-12T04:38:05.440+0000] {logging_mixin.py:190} INFO - [2026-08-12T04:38:05.439+0000] {dag.py:3211} INFO - Sync 1 DAGs
[2026-08-12T04:38:05.466+0000] {logging_mixin.py:190} INFO - [2026-08-12T04:38:05.466+0000] {dag.py:4138} INFO - Setting next_dagrun for example_branch_python_operator_decorator to 2026-08-11 00:00:00+00:00, run_after=2026-08-12 00:00:00+00:00
[2026-08-12T04:38:05.491+0000] {processor.py:208} INFO - Processing /home/airflow/.local/lib/python3.12/site-packages/airflow/example_dags/example_branch_operator_decorator.py took 0.153 seconds
[2026-08-12T04:38:35.906+0000] {processor.py:186} INFO - Started process (PID=788) to work on /home/airflow/.local/lib/python3.12/site-packages/airflow/example_dags/example_branch_operator_decorator.py
[2026-08-12T04:38:35.909+0000] {processor.py:914} INFO - Processing file /home/airflow/.local/lib/python3.12/site-packages/airflow/example_dags/example_branch_operator_decorator.py for tasks to queue
[2026-08-12T04:38:35.913+0000] {logging_mixin.py:190} INFO - [2026-08-12T04:38:35.913+0000] {dagbag.py:587} INFO - Filling up the DagBag from /home/airflow/.local/lib/python3.12/site-packages/airflow/example_dags/example_branch_operator_decorator.py
[2026-08-12T04:38:35.936+0000] {processor.py:925} INFO - DAG(s) 'example_branch_python_operator_decorator' retrieved from /home/airflow/.local/lib/python3.12/site-packages/airflow/example_dags/example_branch_operator_decorator.py
[2026-08-12T04:38:35.971+0000] {logging_mixin.py:190} INFO - [2026-08-12T04:38:35.971+0000] {dag.py:3211} INFO - Sync 1 DAGs
[2026-08-12T04:38:35.995+0000] {logging_mixin.py:190} INFO - [2026-08-12T04:38:35.995+0000] {dag.py:4138} INFO - Setting next_dagrun for example_branch_python_operator_decorator to 2026-08-11 00:00:00+00:00, run_after=2026-08-12 00:00:00+00:00
[2026-08-12T04:38:36.016+0000] {processor.py:208} INFO - Processing /home/airflow/.local/lib/python3.12/site-packages/airflow/example_dags/example_branch_operator_decorator.py took 0.117 seconds
[2026-08-12T04:39:06.315+0000] {processor.py:186} INFO - Started process (PID=850) to work on /home/airflow/.local/lib/python3.12/site-packages/airflow/example_dags/example_branch_operator_decorator.py
[2026-08-12T04:39:06.317+0000] {processor.py:914} INFO - Processing file /home/airflow/.local/lib/python3.12/site-packages/airflow/example_dags/example_branch_operator_decorator.py for tasks to queue
[2026-08-12T04:39:06.320+0000] {logging_mixin.py:190} INFO - [2026-08-12T04:39:06.320+0000] {dagbag.py:587} INFO - Filling up the DagBag from /home/airflow/.local/lib/python3.12/site-packages/airflow/example_dags/example_branch_operator_decorator.py
[2026-08-12T04:39:06.341+0000] {processor.py:925} INFO - DAG(s) 'example_branch_python_operator_decorator' retrieved from /home/airflow/.local/lib/python3.12/site-packages/airflow/example_dags/example_branch_operator_decorator.py
[2026-08-12T04:39:06.370+0000] {logging_mixin.py:190} INFO - [2026-08-12T04:39:06.370+0000] {dag.py:3211} INFO - Sync 1 DAGs
[2026-08-12T04:39:06.395+0000] {logging_mixin.py:190} INFO - [2026-08-12T04:39:06.395+0000] {dag.py:4138} INFO - Setting next_dagrun for example_branch_python_operator_decorator to 2026-08-11 00:00:00+00:00, run_after=2026-08-12 00:00:00+00:00
[2026-08-12T04:39:06.418+0000] {processor.py:208} INFO - Processing /home/airflow/.local/lib/python3.12/site-packages/airflow/example_dags/example_branch_operator_decorator.py took 0.108 seconds
[2026-08-12T04:39:36.650+0000] {processor.py:186} INFO - Started process (PID=912) to work on /home/airflow/.local/lib/python3.12/site-packages/airflow/example_dags/example_branch_operator_decorator.py
[2026-08-12T04:39:36.651+0000] {processor.py:914} INFO - Processing file /home/airflow/.local/lib/python3.12/site-packages/airflow/example_dags/example_branch_operator_decorator.py for tasks to queue
[2026-08-12T04:39:36.654+0000] {logging_mixin.py:190} INFO - [2026-08-12T04:39:36.654+0000] {dagbag.py:587} INFO - Filling up the DagBag from /home/airflow/.local/lib/python3.12/site-packages/airflow/example_dags/example_branch_operator_decorator.py
[2026-08-12T04:39:36.673+0000] {processor.py:925} INFO - DAG(s) 'example_branch_python_operator_decorator' retrieved from /home/airflow/.local/lib/python3.12/site-packages/airflow/example_dags/example_branch_operator_decorator.py
[2026-08-12T04:39:36.702+0000] {logging_mixin.py:190} INFO - [2026-08-12T04:39:36.702+0000] {dag.py:3211} INFO - Sync 1 DAGs
[2026-08-12T04:39:36.727+0000] {logging_mixin.py:190} INFO - [2026-08-12T04:39:36.726+0000] {dag.py:4138} INFO - Setting next_dagrun for example_branch_python_operator_decorator to 2026-08-11 00:00:00+00:00, run_after=2026-08-12 00:00:00+00:00
[2026-08-12T04:39:36.749+0000] {processor.py:208} INFO - Processing /home/airflow/.local/lib/python3.12/site-packages/airflow/example_dags/example_branch_operator_decorator.py took 0.106 seconds
[2026-08-12T04:40:07.094+0000] {processor.py:186} INFO - Started process (PID=974) to work on /home/airflow/.local/lib/python3.12/site-packages/airflow/example_dags/example_branch_operator_decorator.py
[2026-08-12T04:40:07.096+0000] {processor.py:914} INFO - Processing file /home/airflow/.local/lib/python3.12/site-packages/airflow/example_dags/example_branch_operator_decorator.py for tasks to queue
[2026-08-12T04:40:07.099+0000] {logging_mixin.py:190} INFO - [2026-08-12T04:40:07.098+0000] {dagbag.py:587} INFO - Filling up the DagBag from /home/airflow/.local/lib/python3.12/site-packages/airflow/example_dags/example_branch_operator_decorator.py
[2026-08-12T04:40:07.122+0000] {processor.py:925} INFO - DAG(s) 'example_branch_python_operator_decorator' retrieved from /home/airflow/.local/lib/python3.12/site-packages/airflow/example_dags/example_branch_operator_decorator.py
[2026-08-12T04:40:07.160+0000] {logging_mixin.py:190} INFO - [2026-08-12T04:40:07.159+0000] {dag.py:3211} INFO - Sync 1 DAGs
[2026-08-12T04:40:07.196+0000] {logging_mixin.py:190} INFO - [2026-08-12T04:40:07.196+0000] {dag.py:4138} INFO - Setting next_dagrun for example_branch_python_operator_decorator to 2026-08-11 00:00:00+00:00, run_after=2026-08-12 00:00:00+00:00
[2026-08-12T04:40:07.227+0000] {processor.py:208} INFO - Processing /home/airflow/.local/lib/python3.12/site-packages/airflow/example_dags/example_branch_operator_decorator.py took 0.139 seconds
[2026-08-12T04:40:37.944+0000] {processor.py:186} INFO - Started process (PID=1036) to work on /home/airflow/.local/lib/python3.12/site-packages/airflow/example_dags/example_branch_operator_decorator.py
[2026-08-12T04:40:37.945+0000] {processor.py:914} INFO - Processing file /home/airflow/.local/lib/python3.12/site-packages/airflow/example_dags/example_branch_operator_decorator.py for tasks to queue
[2026-08-12T04:40:37.949+0000] {logging_mixin.py:190} INFO - [2026-08-12T04:40:37.948+0000] {dagbag.py:587} INFO - Filling up the DagBag from /home/airflow/.local/lib/python3.12/site-packages/airflow/example_dags/example_branch_operator_decorator.py
[2026-08-12T04:40:37.968+0000] {processor.py:925} INFO - DAG(s) 'example_branch_python_operator_decorator' retrieved from /home/airflow/.local/lib/python3.12/site-packages/airflow/example_dags/example_branch_operator_decorator.py
[2026-08-12T04:40:37.996+0000] {logging_mixin.py:190} INFO - [2026-08-12T04:40:37.996+0000] {dag.py:3211} INFO - Sync 1 DAGs
[2026-08-12T04:40:38.020+0000] {logging_mixin.py:190} INFO - [2026-08-12T04:40:38.020+0000] {dag.py:4138} INFO - Setting next_dagrun for example_branch_python_operator_decorator to 2026-08-11 00:00:00+00:00, run_after=2026-08-12 00:00:00+00:00
[2026-08-12T04:40:38.041+0000] {processor.py:208} INFO - Processing /home/airflow/.local/lib/python3.12/site-packages/airflow/example_dags/example_branch_operator_decorator.py took 0.103 seconds
[2026-08-12T04:41:08.525+0000] {processor.py:186} INFO - Started process (PID=1098) to work on /home/airflow/.local/lib/python3.12/site-packages/airflow/example_dags/example_branch_operator_decorator.py
[2026-08-12T04:41:08.527+0000] {processor.py:914} INFO - Processing file /home/airflow/.local/lib/python3.12/site-packages/airflow/example_dags/example_branch_operator_decorator.py for tasks to queue
[2026-08-12T04:41:08.531+0000] {logging_mixin.py:190} INFO - [2026-08-12T04:41:08.531+0000] {dagbag.py:587} INFO - Filling up the DagBag from /home/airflow/.local/lib/python3.12/site-packages/airflow/example_dags/example_branch_operator_decorator.py
[2026-08-12T04:41:08.570+0000] {processor.py:925} INFO - DAG(s) 'example_branch_python_operator_decorator' retrieved from /home/airflow/.local/lib/python3.12/site-packages/airflow/example_dags/example_branch_operator_decorator.py
[2026-08-12T04:41:08.605+0000] {logging_mixin.py:190} INFO - [2026-08-12T04:41:08.605+0000] {dag.py:3211} INFO - Sync 1 DAGs
[2026-08-12T04:41:08.633+0000] {logging_mixin.py:190} INFO - [2026-08-12T04:41:08.632+0000] {dag.py:4138} INFO - Setting next_dagrun for example_branch_python_operator_decorator to 2026-08-11 00:00:00+00:00, run_after=2026-08-12 00:00:00+00:00
[2026-08-12T04:41:08.656+0000] {processor.py:208} INFO - Processing /home/airflow/.local/lib/python3.12/site-packages/airflow/example_dags/example_branch_operator_decorator.py took 0.138 seconds
[2026-08-12T04:41:39.079+0000] {processor.py:186} INFO - Started process (PID=1160) to work on /home/airflow/.local/lib/python3.12/site-packages/airflow/example_dags/example_branch_operator_decorator.py
[2026-08-12T04:41:39.080+0000] {processor.py:914} INFO - Processing file /home/airflow/.local/lib/python3.12/site-packages/airflow/example_dags/example_branch_operator_decorator.py for tasks to queue
[2026-08-12T04:41:39.083+0000] {logging_mixin.py:190} INFO - [2026-08-12T04:41:39.083+0000] {dagbag.py:587} INFO - Filling up the DagBag from /home/airflow/.local/lib/python3.12/site-packages/airflow/example_dags/example_branch_operator_decorator.py
[2026-08-12T04:41:39.103+0000] {processor.py:925} INFO - DAG(s) 'example_branch_python_operator_decorator' retrieved from /home/airflow/.local/lib/python3.12/site-packages/airflow/example_dags/example_branch_operator_decorator.py
[2026-08-12T04:41:39.140+0000] {logging_mixin.py:190} INFO - [2026-08-12T04:41:39.140+0000] {dag.py:3211} INFO - Sync 1 DAGs
[2026-08-12T04:41:39.167+0000] {logging_mixin.py:190} INFO - [2026-08-12T04:41:39.166+0000] {dag.py:4138} INFO - Setting next_dagrun for example_branch_python_operator_decorator to 2026-08-11 00:00:00+00:00, run_after=2026-08-12 00:00:00+00:00
[2026-08-12T04:41:39.186+0000] {processor.py:208} INFO - Processing /home/airflow/.local/lib/python3.12/site-packages/airflow/example_dags/example_branch_operator_decorator.py took 0.113 seconds
[2026-08-12T04:42:09.809+0000] {processor.py:186} INFO - Started process (PID=1222) to work on /home/airflow/.local/lib/python3.12/site-packages/airflow/example_dags/example_branch_operator_decorator.py
[2026-08-12T04:42:09.812+0000] {processor.py:914} INFO - Processing file /home/airflow/.local/lib/python3.12/site-packages/airflow/example_dags/example_branch_operator_decorator.py for tasks to queue
[2026-08-12T04:42:09.816+0000] {logging_mixin.py:190} INFO - [2026-08-12T04:42:09.815+0000] {dagbag.py:587} INFO - Filling up the DagBag from /home/airflow/.local/lib/python3.12/site-packages/airflow/example_dags/example_branch_operator_decorator.py
[2026-08-12T04:42:09.839+0000] {processor.py:925} INFO - DAG(s) 'example_branch_python_operator_decorator' retrieved from /home/airflow/.local/lib/python3.12/site-packages/airflow/example_dags/example_branch_operator_decorator.py
[2026-08-12T04:42:09.871+0000] {logging_mixin.py:190} INFO - [2026-08-12T04:42:09.871+0000] {dag.py:3211} INFO - Sync 1 DAGs
[2026-08-12T04:42:09.896+0000] {logging_mixin.py:190} INFO - [2026-08-12T04:42:09.896+0000] {dag.py:4138} INFO - Setting next_dagrun for example_branch_python_operator_decorator to 2026-08-11 00:00:00+00:00, run_after=2026-08-12 00:00:00+00:00
[2026-08-12T04:42:09.918+0000] {processor.py:208} INFO - Processing /home/airflow/.local/lib/python3.12/site-packages/airflow/example_dags/example_branch_operator_decorator.py took 0.117 seconds
[2026-08-12T04:42:40.346+0000] {processor.py:186} INFO - Started process (PID=1284) to work on /home/airflow/.local/lib/python3.12/site-packages/airflow/example_dags/example_branch_operator_decorator.py
[2026-08-12T04:42:40.348+0000] {processor.py:914} INFO - Processing file /home/airflow/.local/lib/python3.12/site-packages/airflow/example_dags/example_branch_operator_decorator.py for tasks to queue
[2026-08-12T04:42:40.351+0000] {logging_mixin.py:190} INFO - [2026-08-12T04:42:40.350+0000] {dagbag.py:587} INFO - Filling up the DagBag from /home/airflow/.local/lib/python3.12/site-packages/airflow/example_dags/example_branch_operator_decorator.py
[2026-08-12T04:42:40.372+0000] {processor.py:925} INFO - DAG(s) 'example_branch_python_operator_decorator' retrieved from /home/airflow/.local/lib/python3.12/site-packages/airflow/example_dags/example_branch_operator_decorator.py
[2026-08-12T04:42:40.403+0000] {logging_mixin.py:190} INFO - [2026-08-12T04:42:40.403+0000] {dag.py:3211} INFO - Sync 1 DAGs
[2026-08-12T04:42:40.438+0000] {logging_mixin.py:190} INFO - [2026-08-12T04:42:40.438+0000] {dag.py:4138} INFO - Setting next_dagrun for example_branch_python_operator_decorator to 2026-08-11 00:00:00+00:00, run_after=2026-08-12 00:00:00+00:00
[2026-08-12T04:42:40.458+0000] {processor.py:208} INFO - Processing /home/airflow/.local/lib/python3.12/site-packages/airflow/example_dags/example_branch_operator_decorator.py took 0.117 seconds
[2026-08-12T04:43:11.131+0000] {processor.py:186} INFO - Started process (PID=1346) to work on /home/airflow/.local/lib/python3.12/site-packages/airflow/example_dags/example_branch_operator_decorator.py
[2026-08-12T04:43:11.133+0000] {processor.py:914} INFO - Processing file /home/airflow/.local/lib/python3.12/site-packages/airflow/example_dags/example_branch_operator_decorator.py for tasks to queue
[2026-08-12T04:43:11.136+0000] {logging_mixin.py:190} INFO - [2026-08-12T04:43:11.136+0000] {dagbag.py:587} INFO - Filling up the DagBag from /home/airflow/.local/lib/python3.12/site-packages/airflow/example_dags/example_branch_operator_decorator.py
[2026-08-12T04:43:11.155+0000] {processor.py:925} INFO - DAG(s) 'example_branch_python_operator_decorator' retrieved from /home/airflow/.local/lib/python3.12/site-packages/airflow/example_dags/example_branch_operator_decorator.py
[2026-08-12T04:43:11.182+0000] {logging_mixin.py:190} INFO - [2026-08-12T04:43:11.181+0000] {dag.py:3211} INFO - Sync 1 DAGs
[2026-08-12T04:43:11.205+0000] {logging_mixin.py:190} INFO - [2026-08-12T04:43:11.205+0000] {dag.py:4138} INFO - Setting next_dagrun for example_branch_python_operator_decorator to 2026-08-11 00:00:00+00:00, run_after=2026-08-12 00:00:00+00:00
[2026-08-12T04:43:11.225+0000] {processor.py:208} INFO - Processing /home/airflow/.local/lib/python3.12/site-packages/airflow/example_dags/example_branch_operator_decorator.py took 0.099 seconds
[2026-08-12T04:43:42.268+0000] {processor.py:186} INFO - Started process (PID=1408) to work on /home/airflow/.local/lib/python3.12/site-packages/airflow/example_dags/example_branch_operator_decorator.py
[2026-08-12T04:43:42.270+0000] {processor.py:914} INFO - Processing file /home/airflow/.local/lib/python3.12/site-packages/airflow/example_dags/example_branch_operator_decorator.py for tasks to queue
[2026-08-12T04:43:42.274+0000] {logging_mixin.py:190} INFO - [2026-08-12T04:43:42.274+0000] {dagbag.py:587} INFO - Filling up the DagBag from /home/airflow/.local/lib/python3.12/site-packages/airflow/example_dags/example_branch_operator_decorator.py
[2026-08-12T04:43:42.306+0000] {processor.py:925} INFO - DAG(s) 'example_branch_python_operator_decorator' retrieved from /home/airflow/.local/lib/python3.12/site-packages/airflow/example_dags/example_branch_operator_decorator.py
[2026-08-12T04:43:42.338+0000] {logging_mixin.py:190} INFO - [2026-08-12T04:43:42.338+0000] {dag.py:3211} INFO - Sync 1 DAGs
[2026-08-12T04:43:42.367+0000] {logging_mixin.py:190} INFO - [2026-08-12T04:43:42.366+0000] {dag.py:4138} INFO - Setting next_dagrun for example_branch_python_operator_decorator to 2026-08-11 00:00:00+00:00, run_after=2026-08-12 00:00:00+00:00
[2026-08-12T04:43:42.392+0000] {processor.py:208} INFO - Processing /home/airflow/.local/lib/python3.12/site-packages/airflow/example_dags/example_branch_operator_decorator.py took 0.142 seconds
[2026-08-12T04:44:13.005+0000] {processor.py:186} INFO - Started process (PID=1470) to work on /home/airflow/.local/lib/python3.12/site-packages/airflow/example_dags/example_branch_operator_decorator.py
[2026-08-12T04:44:13.007+0000] {processor.py:914} INFO - Processing file /home/airflow/.local/lib/python3.12/site-packages/airflow/example_dags/example_branch_operator_decorator.py for tasks to queue
[2026-08-12T04:44:13.011+0000] {logging_mixin.py:190} INFO - [2026-08-12T04:44:13.010+0000] {dagbag.py:587} INFO - Filling up the DagBag from /home/airflow/.local/lib/python3.12/site-packages/airflow/example_dags/example_branch_operator_decorator.py
[2026-08-12T04:44:13.040+0000] {processor.py:925} INFO - DAG(s) 'example_branch_python_operator_decorator' retrieved from /home/airflow/.local/lib/python3.12/site-packages/airflow/example_dags/example_branch_operator_decorator.py
[2026-08-12T04:44:13.085+0000] {logging_mixin.py:190} INFO - [2026-08-12T04:44:13.084+0000] {dag.py:3211} INFO - Sync 1 DAGs
[2026-08-12T04:44:13.120+0000] {logging_mixin.py:190} INFO - [2026-08-12T04:44:13.119+0000] {dag.py:4138} INFO - Setting next_dagrun for example_branch_python_operator_decorator to 2026-08-11 00:00:00+00:00, run_after=2026-08-12 00:00:00+00:00
[2026-08-12T04:44:13.142+0000] {processor.py:208} INFO - Processing /home/airflow/.local/lib/python3.12/site-packages/airflow/example_dags/example_branch_operator_decorator.py took 0.143 seconds
[2026-08-12T04:44:43.682+0000] {processor.py:186} INFO - Started process (PID=1532) to work on /home/airflow/.local/lib/python3.12/site-packages/airflow/example_dags/example_branch_operator_decorator.py
[2026-08-12T04:44:43.683+0000] {processor.py:914} INFO - Processing file /home/airflow/.local/lib/python3.12/site-packages/airflow/example_dags/example_branch_operator_decorator.py for tasks to queue
[2026-08-12T04:44:43.686+0000] {logging_mixin.py:190} INFO - [2026-08-12T04:44:43.686+0000] {dagbag.py:587} INFO - Filling up the DagBag from /home/airflow/.local/lib/python3.12/site-packages/airflow/example_dags/example_branch_operator_decorator.py
[2026-08-12T04:44:43.706+0000] {processor.py:925} INFO - DAG(s) 'example_branch_python_operator_decorator' retrieved from /home/airflow/.local/lib/python3.12/site-packages/airflow/example_dags/example_branch_operator_decorator.py
[2026-08-12T04:44:43.734+0000] {logging_mixin.py:190} INFO - [2026-08-12T04:44:43.734+0000] {dag.py:3211} INFO - Sync 1 DAGs
[2026-08-12T04:44:43.757+0000] {logging_mixin.py:190} INFO - [2026-08-12T04:44:43.757+0000] {dag.py:4138} INFO - Setting next_dagrun for example_branch_python_operator_decorator to 2026-08-11 00:00:00+00:00, run_after=2026-08-12 00:00:00+00:00
[2026-08-12T04:44:43.778+0000] {processor.py:208} INFO - Processing /home/airflow/.local/lib/python3.12/site-packages/airflow/example_dags/example_branch_operator_decorator.py took 0.102 seconds
[2026-08-12T04:45:14.489+0000] {processor.py:186} INFO - Started process (PID=1594) to work on /home/airflow/.local/lib/python3.12/site-packages/airflow/example_dags/example_branch_operator_decorator.py
[2026-08-12T04:45:14.491+0000] {processor.py:914} INFO - Processing file /home/airflow/.local/lib/python3.12/site-packages/airflow/example_dags/example_branch_operator_decorator.py for tasks to queue
[2026-08-12T04:45:14.496+0000] {logging_mixin.py:190} INFO - [2026-08-12T04:45:14.496+0000] {dagbag.py:587} INFO - Filling up the DagBag from /home/airflow/.local/lib/python3.12/site-packages/airflow/example_dags/example_branch_operator_decorator.py
[2026-08-12T04:45:14.529+0000] {processor.py:925} INFO - DAG(s) 'example_branch_python_operator_decorator' retrieved from /home/airflow/.local/lib/python3.12/site-packages/airflow/example_dags/example_branch_operator_decorator.py
[2026-08-12T04:45:14.571+0000] {logging_mixin.py:190} INFO - [2026-08-12T04:45:14.570+0000] {dag.py:3211} INFO - Sync 1 DAGs
[2026-08-12T04:45:14.616+0000] {logging_mixin.py:190} INFO - [2026-08-12T04:45:14.615+0000] {dag.py:4138} INFO - Setting next_dagrun for example_branch_python_operator_decorator to 2026-08-11 00:00:00+00:00, run_after=2026-08-12 00:00:00+00:00
[2026-08-12T04:45:14.641+0000] {processor.py:208} INFO - Processing /home/airflow/.local/lib/python3.12/site-packages/airflow/example_dags/example_branch_operator_decorator.py took 0.161 seconds
[2026-08-12T04:45:44.916+0000] {processor.py:186} INFO - Started process (PID=1656) to work on /home/airflow/.local/lib/python3.12/site-packages/airflow/example_dags/example_branch_operator_decorator.py
[2026-08-12T04:45:44.918+0000] {processor.py:914} INFO - Processing file /home/airflow/.local/lib/python3.12/site-packages/airflow/example_dags/example_branch_operator_decorator.py for tasks to queue
[2026-08-12T04:45:44.923+0000] {logging_mixin.py:190} INFO - [2026-08-12T04:45:44.922+0000] {dagbag.py:587} INFO - Filling up the DagBag from /home/airflow/.local/lib/python3.12/site-packages/airflow/example_dags/example_branch_operator_decorator.py
[2026-08-12T04:45:44.946+0000] {processor.py:925} INFO - DAG(s) 'example_branch_python_operator_decorator' retrieved from /home/airflow/.local/lib/python3.12/site-packages/airflow/example_dags/example_branch_operator_decorator.py
[2026-08-12T04:45:44.976+0000] {logging_mixin.py:190} INFO - [2026-08-12T04:45:44.975+0000] {dag.py:3211} INFO - Sync 1 DAGs
[2026-08-12T04:45:45.001+0000] {logging_mixin.py:190} INFO - [2026-08-12T04:45:45.001+0000] {dag.py:4138} INFO - Setting next_dagrun for example_branch_python_operator_decorator to 2026-08-11 00:00:00+00:00, run_after=2026-08-12 00:00:00+00:00
[2026-08-12T04:45:45.022+0000] {processor.py:208} INFO - Processing /home/airflow/.local/lib/python3.12/site-packages/airflow/example_dags/example_branch_operator_decorator.py took 0.125 seconds
[2026-08-12T04:46:15.418+0000] {processor.py:186} INFO - Started process (PID=1718) to work on /home/airflow/.local/lib/python3.12/site-packages/airflow/example_dags/example_branch_operator_decorator.py
[2026-08-12T04:46:15.431+0000] {processor.py:914} INFO - Processing file /home/airflow/.local/lib/python3.12/site-packages/airflow/example_dags/example_branch_operator_decorator.py for tasks to queue
[2026-08-12T04:46:15.434+0000] {logging_mixin.py:190} INFO - [2026-08-12T04:46:15.434+0000] {dagbag.py:587} INFO - Filling up the DagBag from /home/airflow/.local/lib/python3.12/site-packages/airflow/example_dags/example_branch_operator_decorator.py
[2026-08-12T04:46:15.452+0000] {processor.py:925} INFO - DAG(s) 'example_branch_python_operator_decorator' retrieved from /home/airflow/.local/lib/python3.12/site-packages/airflow/example_dags/example_branch_operator_decorator.py
[2026-08-12T04:46:15.478+0000] {logging_mixin.py:190} INFO - [2026-08-12T04:46:15.478+0000] {dag.py:3211} INFO - Sync 1 DAGs
[2026-08-12T04:46:15.503+0000] {logging_mixin.py:190} INFO - [2026-08-12T04:46:15.503+0000] {dag.py:4138} INFO - Setting next_dagrun for example_branch_python_operator_decorator to 2026-08-11 00:00:00+00:00, run_after=2026-08-12 00:00:00+00:00
[2026-08-12T04:46:15.525+0000] {processor.py:208} INFO - Processing /home/airflow/.local/lib/python3.12/site-packages/airflow/example_dags/example_branch_operator_decorator.py took 0.112 seconds
[2026-08-12T04:46:45.889+0000] {processor.py:186} INFO - Started process (PID=1780) to work on /home/airflow/.local/lib/python3.12/site-packages/airflow/example_dags/example_branch_operator_decorator.py
[2026-08-12T04:46:45.891+0000] {processor.py:914} INFO - Processing file /home/airflow/.local/lib/python3.12/site-packages/airflow/example_dags/example_branch_operator_decorator.py for tasks to queue
[2026-08-12T04:46:45.894+0000] {logging_mixin.py:190} INFO - [2026-08-12T04:46:45.893+0000] {dagbag.py:587} INFO - Filling up the DagBag from /home/airflow/.local/lib/python3.12/site-packages/airflow/example_dags/example_branch_operator_decorator.py
[2026-08-12T04:46:45.913+0000] {processor.py:925} INFO - DAG(s) 'example_branch_python_operator_decorator' retrieved from /home/airflow/.local/lib/python3.12/site-packages/airflow/example_dags/example_branch_operator_decorator.py
[2026-08-12T04:46:45.944+0000] {logging_mixin.py:190} INFO - [2026-08-12T04:46:45.944+0000] {dag.py:3211} INFO - Sync 1 DAGs
[2026-08-12T04:46:45.977+0000] {logging_mixin.py:190} INFO - [2026-08-12T04:46:45.977+0000] {dag.py:4138} INFO - Setting next_dagrun for example_branch_python_operator_decorator to 2026-08-11 00:00:00+00:00, run_after=2026-08-12 00:00:00+00:00
[2026-08-12T04:46:46.006+0000] {processor.py:208} INFO - Processing /home/airflow/.local/lib/python3.12/site-packages/airflow/example_dags/example_branch_operator_decorator.py took 0.123 seconds
[2026-08-12T04:47:16.307+0000] {processor.py:186} INFO - Started process (PID=1842) to work on /home/airflow/.local/lib/python3.12/site-packages/airflow/example_dags/example_branch_operator_decorator.py
[2026-08-12T04:47:16.309+0000] {processor.py:914} INFO - Processing file /home/airflow/.local/lib/python3.12/site-packages/airflow/example_dags/example_branch_operator_decorator.py for tasks to queue
[2026-08-12T04:47:16.313+0000] {logging_mixin.py:190} INFO - [2026-08-12T04:47:16.313+0000] {dagbag.py:587} INFO - Filling up the DagBag from /home/airflow/.local/lib/python3.12/site-packages/airflow/example_dags/example_branch_operator_decorator.py
[2026-08-12T04:47:16.339+0000] {processor.py:925} INFO - DAG(s) 'example_branch_python_operator_decorator' retrieved from /home/airflow/.local/lib/python3.12/site-packages/airflow/example_dags/example_branch_operator_decorator.py
[2026-08-12T04:47:16.367+0000] {logging_mixin.py:190} INFO - [2026-08-12T04:47:16.366+0000] {dag.py:3211} INFO - Sync 1 DAGs
[2026-08-12T04:47:16.392+0000] {logging_mixin.py:190} INFO - [2026-08-12T04:47:16.391+0000] {dag.py:4138} INFO - Setting next_dagrun for example_branch_python_operator_decorator to 2026-08-11 00:00:00+00:00, run_after=2026-08-12 00:00:00+00:00
[2026-08-12T04:47:16.413+0000] {processor.py:208} INFO - Processing /home/airflow/.local/lib/python3.12/site-packages/airflow/example_dags/example_branch_operator_decorator.py took 0.112 seconds
[2026-08-12T04:47:46.965+0000] {processor.py:186} INFO - Started process (PID=1904) to work on /home/airflow/.local/lib/python3.12/site-packages/airflow/example_dags/example_branch_operator_decorator.py
[2026-08-12T04:47:46.967+0000] {processor.py:914} INFO - Processing file /home/airflow/.local/lib/python3.12/site-packages/airflow/example_dags/example_branch_operator_decorator.py for tasks to queue
[2026-08-12T04:47:46.970+0000] {logging_mixin.py:190} INFO - [2026-08-12T04:47:46.969+0000] {dagbag.py:587} INFO - Filling up the DagBag from /home/airflow/.local/lib/python3.12/site-packages/airflow/example_dags/example_branch_operator_decorator.py
[2026-08-12T04:47:46.991+0000] {processor.py:925} INFO - DAG(s) 'example_branch_python_operator_decorator' retrieved from /home/airflow/.local/lib/python3.12/site-packages/airflow/example_dags/example_branch_operator_decorator.py
[2026-08-12T04:47:47.016+0000] {logging_mixin.py:190} INFO - [2026-08-12T04:47:47.016+0000] {dag.py:3211} INFO - Sync 1 DAGs
[2026-08-12T04:47:47.040+0000] {logging_mixin.py:190} INFO - [2026-08-12T04:47:47.039+0000] {dag.py:4138} INFO - Setting next_dagrun for example_branch_python_operator_decorator to 2026-08-11 00:00:00+00:00, run_after=2026-08-12 00:00:00+00:00
[2026-08-12T04:47:47.059+0000] {processor.py:208} INFO - Processing /home/airflow/.local/lib/python3.12/site-packages/airflow/example_dags/example_branch_operator_decorator.py took 0.100 seconds
[2026-08-12T04:48:17.990+0000] {processor.py:186} INFO - Started process (PID=1966) to work on /home/airflow/.local/lib/python3.12/site-packages/airflow/example_dags/example_branch_operator_decorator.py
[2026-08-12T04:48:17.998+0000] {processor.py:914} INFO - Processing file /home/airflow/.local/lib/python3.12/site-packages/airflow/example_dags/example_branch_operator_decorator.py for tasks to queue
[2026-08-12T04:48:18.008+0000] {logging_mixin.py:190} INFO - [2026-08-12T04:48:18.007+0000] {dagbag.py:587} INFO - Filling up the DagBag from /home/airflow/.local/lib/python3.12/site-packages/airflow/example_dags/example_branch_operator_decorator.py
[2026-08-12T04:48:18.032+0000] {processor.py:925} INFO - DAG(s) 'example_branch_python_operator_decorator' retrieved from /home/airflow/.local/lib/python3.12/site-packages/airflow/example_dags/example_branch_operator_decorator.py
[2026-08-12T04:48:18.067+0000] {logging_mixin.py:190} INFO - [2026-08-12T04:48:18.067+0000] {dag.py:3211} INFO - Sync 1 DAGs
[2026-08-12T04:48:18.097+0000] {logging_mixin.py:190} INFO - [2026-08-12T04:48:18.096+0000] {dag.py:4138} INFO - Setting next_dagrun for example_branch_python_operator_decorator to 2026-08-11 00:00:00+00:00, run_after=2026-08-12 00:00:00+00:00
[2026-08-12T04:48:18.119+0000] {processor.py:208} INFO - Processing /home/airflow/.local/lib/python3.12/site-packages/airflow/example_dags/example_branch_operator_decorator.py took 0.135 seconds
[2026-08-12T04:48:48.831+0000] {processor.py:186} INFO - Started process (PID=2028) to work on /home/airflow/.local/lib/python3.12/site-packages/airflow/example_dags/example_branch_operator_decorator.py
[2026-08-12T04:48:48.833+0000] {processor.py:914} INFO - Processing file /home/airflow/.local/lib/python3.12/site-packages/airflow/example_dags/example_branch_operator_decorator.py for tasks to queue
[2026-08-12T04:48:48.836+0000] {logging_mixin.py:190} INFO - [2026-08-12T04:48:48.836+0000] {dagbag.py:587} INFO - Filling up the DagBag from /home/airflow/.local/lib/python3.12/site-packages/airflow/example_dags/example_branch_operator_decorator.py
[2026-08-12T04:48:48.859+0000] {processor.py:925} INFO - DAG(s) 'example_branch_python_operator_decorator' retrieved from /home/airflow/.local/lib/python3.12/site-packages/airflow/example_dags/example_branch_operator_decorator.py
[2026-08-12T04:48:48.890+0000] {logging_mixin.py:190} INFO - [2026-08-12T04:48:48.890+0000] {dag.py:3211} INFO - Sync 1 DAGs
[2026-08-12T04:48:48.914+0000] {logging_mixin.py:190} INFO - [2026-08-12T04:48:48.913+0000] {dag.py:4138} INFO - Setting next_dagrun for example_branch_python_operator_decorator to 2026-08-11 00:00:00+00:00, run_after=2026-08-12 00:00:00+00:00
[2026-08-12T04:48:48.933+0000] {processor.py:208} INFO - Processing /home/airflow/.local/lib/python3.12/site-packages/airflow/example_dags/example_branch_operator_decorator.py took 0.109 seconds
[2026-08-12T04:49:19.433+0000] {processor.py:186} INFO - Started process (PID=2090) to work on /home/airflow/.local/lib/python3.12/site-packages/airflow/example_dags/example_branch_operator_decorator.py
[2026-08-12T04:49:19.435+0000] {processor.py:914} INFO - Processing file /home/airflow/.local/lib/python3.12/site-packages/airflow/example_dags/example_branch_operator_decorator.py for tasks to queue
[2026-08-12T04:49:19.438+0000] {logging_mixin.py:190} INFO - [2026-08-12T04:49:19.438+0000] {dagbag.py:587} INFO - Filling up the DagBag from /home/airflow/.local/lib/python3.12/site-packages/airflow/example_dags/example_branch_operator_decorator.py
[2026-08-12T04:49:19.458+0000] {processor.py:925} INFO - DAG(s) 'example_branch_python_operator_decorator' retrieved from /home/airflow/.local/lib/python3.12/site-packages/airflow/example_dags/example_branch_operator_decorator.py
[2026-08-12T04:49:19.485+0000] {logging_mixin.py:190} INFO - [2026-08-12T04:49:19.485+0000] {dag.py:3211} INFO - Sync 1 DAGs
[2026-08-12T04:49:19.508+0000] {logging_mixin.py:190} INFO - [2026-08-12T04:49:19.508+0000] {dag.py:4138} INFO - Setting next_dagrun for example_branch_python_operator_decorator to 2026-08-11 00:00:00+00:00, run_after=2026-08-12 00:00:00+00:00
[2026-08-12T04:49:19.528+0000] {processor.py:208} INFO - Processing /home/airflow/.local/lib/python3.12/site-packages/airflow/example_dags/example_branch_operator_decorator.py took 0.102 seconds
[2026-08-12T04:49:50.552+0000] {processor.py:186} INFO - Started process (PID=2152) to work on /home/airflow/.local/lib/python3.12/site-packages/airflow/example_dags/example_branch_operator_decorator.py
[2026-08-12T04:49:50.555+0000] {processor.py:914} INFO - Processing file /home/airflow/.local/lib/python3.12/site-packages/airflow/example_dags/example_branch_operator_decorator.py for tasks to queue
[2026-08-12T04:49:50.559+0000] {logging_mixin.py:190} INFO - [2026-08-12T04:49:50.558+0000] {dagbag.py:587} INFO - Filling up the DagBag from /home/airflow/.local/lib/python3.12/site-packages/airflow/example_dags/example_branch_operator_decorator.py
[2026-08-12T04:49:50.578+0000] {processor.py:925} INFO - DAG(s) 'example_branch_python_operator_decorator' retrieved from /home/airflow/.local/lib/python3.12/site-packages/airflow/example_dags/example_branch_operator_decorator.py
[2026-08-12T04:49:50.618+0000] {logging_mixin.py:190} INFO - [2026-08-12T04:49:50.617+0000] {dag.py:3211} INFO - Sync 1 DAGs
[2026-08-12T04:49:50.646+0000] {logging_mixin.py:190} INFO - [2026-08-12T04:49:50.646+0000] {dag.py:4138} INFO - Setting next_dagrun for example_branch_python_operator_decorator to 2026-08-11 00:00:00+00:00, run_after=2026-08-12 00:00:00+00:00
[2026-08-12T04:49:50.669+0000] {processor.py:208} INFO - Processing /home/airflow/.local/lib/python3.12/site-packages/airflow/example_dags/example_branch_operator_decorator.py took 0.122 seconds
[2026-08-12T04:50:21.059+0000] {processor.py:186} INFO - Started process (PID=2214) to work on /home/airflow/.local/lib/python3.12/site-packages/airflow/example_dags/example_branch_operator_decorator.py
[2026-08-12T04:50:21.060+0000] {processor.py:914} INFO - Processing file /home/airflow/.local/lib/python3.12/site-packages/airflow/example_dags/example_branch_operator_decorator.py for tasks to queue
[2026-08-12T04:50:21.063+0000] {logging_mixin.py:190} INFO - [2026-08-12T04:50:21.063+0000] {dagbag.py:587} INFO - Filling up the DagBag from /home/airflow/.local/lib/python3.12/site-packages/airflow/example_dags/example_branch_operator_decorator.py
[2026-08-12T04:50:21.083+0000] {processor.py:925} INFO - DAG(s) 'example_branch_python_operator_decorator' retrieved from /home/airflow/.local/lib/python3.12/site-packages/airflow/example_dags/example_branch_operator_decorator.py
[2026-08-12T04:50:21.112+0000] {logging_mixin.py:190} INFO - [2026-08-12T04:50:21.111+0000] {dag.py:3211} INFO - Sync 1 DAGs
[2026-08-12T04:50:21.138+0000] {logging_mixin.py:190} INFO - [2026-08-12T04:50:21.138+0000] {dag.py:4138} INFO - Setting next_dagrun for example_branch_python_operator_decorator to 2026-08-11 00:00:00+00:00, run_after=2026-08-12 00:00:00+00:00
[2026-08-12T04:50:21.162+0000] {processor.py:208} INFO - Processing /home/airflow/.local/lib/python3.12/site-packages/airflow/example_dags/example_branch_operator_decorator.py took 0.109 seconds
[2026-08-12T04:50:52.183+0000] {processor.py:186} INFO - Started process (PID=2276) to work on /home/airflow/.local/lib/python3.12/site-packages/airflow/example_dags/example_branch_operator_decorator.py
[2026-08-12T04:50:52.185+0000] {processor.py:914} INFO - Processing file /home/airflow/.local/lib/python3.12/site-packages/airflow/example_dags/example_branch_operator_decorator.py for tasks to queue
[2026-08-12T04:50:52.200+0000] {logging_mixin.py:190} INFO - [2026-08-12T04:50:52.195+0000] {dagbag.py:587} INFO - Filling up the DagBag from /home/airflow/.local/lib/python3.12/site-packages/airflow/example_dags/example_branch_operator_decorator.py
[2026-08-12T04:50:52.225+0000] {processor.py:925} INFO - DAG(s) 'example_branch_python_operator_decorator' retrieved from /home/airflow/.local/lib/python3.12/site-packages/airflow/example_dags/example_branch_operator_decorator.py
[2026-08-12T04:50:52.259+0000] {logging_mixin.py:190} INFO - [2026-08-12T04:50:52.259+0000] {dag.py:3211} INFO - Sync 1 DAGs
[2026-08-12T04:50:52.289+0000] {logging_mixin.py:190} INFO - [2026-08-12T04:50:52.288+0000] {dag.py:4138} INFO - Setting next_dagrun for example_branch_python_operator_decorator to 2026-08-11 00:00:00+00:00, run_after=2026-08-12 00:00:00+00:00
[2026-08-12T04:50:52.315+0000] {processor.py:208} INFO - Processing /home/airflow/.local/lib/python3.12/site-packages/airflow/example_dags/example_branch_operator_decorator.py took 0.138 seconds
[2026-08-12T04:51:22.719+0000] {processor.py:186} INFO - Started process (PID=2338) to work on /home/airflow/.local/lib/python3.12/site-packages/airflow/example_dags/example_branch_operator_decorator.py
[2026-08-12T04:51:22.721+0000] {processor.py:914} INFO - Processing file /home/airflow/.local/lib/python3.12/site-packages/airflow/example_dags/example_branch_operator_decorator.py for tasks to queue
[2026-08-12T04:51:22.725+0000] {logging_mixin.py:190} INFO - [2026-08-12T04:51:22.724+0000] {dagbag.py:587} INFO - Filling up the DagBag from /home/airflow/.local/lib/python3.12/site-packages/airflow/example_dags/example_branch_operator_decorator.py
[2026-08-12T04:51:22.757+0000] {processor.py:925} INFO - DAG(s) 'example_branch_python_operator_decorator' retrieved from /home/airflow/.local/lib/python3.12/site-packages/airflow/example_dags/example_branch_operator_decorator.py
[2026-08-12T04:51:22.787+0000] {logging_mixin.py:190} INFO - [2026-08-12T04:51:22.786+0000] {dag.py:3211} INFO - Sync 1 DAGs
[2026-08-12T04:51:22.817+0000] {logging_mixin.py:190} INFO - [2026-08-12T04:51:22.817+0000] {dag.py:4138} INFO - Setting next_dagrun for example_branch_python_operator_decorator to 2026-08-11 00:00:00+00:00, run_after=2026-08-12 00:00:00+00:00
[2026-08-12T04:51:22.840+0000] {processor.py:208} INFO - Processing /home/airflow/.local/lib/python3.12/site-packages/airflow/example_dags/example_branch_operator_decorator.py took 0.127 seconds
[2026-08-12T04:51:53.902+0000] {processor.py:186} INFO - Started process (PID=2400) to work on /home/airflow/.local/lib/python3.12/site-packages/airflow/example_dags/example_branch_operator_decorator.py
[2026-08-12T04:51:53.904+0000] {processor.py:914} INFO - Processing file /home/airflow/.local/lib/python3.12/site-packages/airflow/example_dags/example_branch_operator_decorator.py for tasks to queue
[2026-08-12T04:51:53.909+0000] {logging_mixin.py:190} INFO - [2026-08-12T04:51:53.908+0000] {dagbag.py:587} INFO - Filling up the DagBag from /home/airflow/.local/lib/python3.12/site-packages/airflow/example_dags/example_branch_operator_decorator.py
[2026-08-12T04:51:53.935+0000] {processor.py:925} INFO - DAG(s) 'example_branch_python_operator_decorator' retrieved from /home/airflow/.local/lib/python3.12/site-packages/airflow/example_dags/example_branch_operator_decorator.py
[2026-08-12T04:51:53.963+0000] {logging_mixin.py:190} INFO - [2026-08-12T04:51:53.963+0000] {dag.py:3211} INFO - Sync 1 DAGs
[2026-08-12T04:51:53.985+0000] {logging_mixin.py:190} INFO - [2026-08-12T04:51:53.985+0000] {dag.py:4138} INFO - Setting next_dagrun for example_branch_python_operator_decorator to 2026-08-11 00:00:00+00:00, run_after=2026-08-12 00:00:00+00:00
[2026-08-12T04:51:54.004+0000] {processor.py:208} INFO - Processing /home/airflow/.local/lib/python3.12/site-packages/airflow/example_dags/example_branch_operator_decorator.py took 0.108 seconds
[2026-08-12T04:52:25.127+0000] {processor.py:186} INFO - Started process (PID=2462) to work on /home/airflow/.local/lib/python3.12/site-packages/airflow/example_dags/example_branch_operator_decorator.py
[2026-08-12T04:52:25.129+0000] {processor.py:914} INFO - Processing file /home/airflow/.local/lib/python3.12/site-packages/airflow/example_dags/example_branch_operator_decorator.py for tasks to queue
[2026-08-12T04:52:25.132+0000] {logging_mixin.py:190} INFO - [2026-08-12T04:52:25.132+0000] {dagbag.py:587} INFO - Filling up the DagBag from /home/airflow/.local/lib/python3.12/site-packages/airflow/example_dags/example_branch_operator_decorator.py
[2026-08-12T04:52:25.155+0000] {processor.py:925} INFO - DAG(s) 'example_branch_python_operator_decorator' retrieved from /home/airflow/.local/lib/python3.12/site-packages/airflow/example_dags/example_branch_operator_decorator.py
[2026-08-12T04:52:25.182+0000] {logging_mixin.py:190} INFO - [2026-08-12T04:52:25.182+0000] {dag.py:3211} INFO - Sync 1 DAGs
[2026-08-12T04:52:25.205+0000] {logging_mixin.py:190} INFO - [2026-08-12T04:52:25.204+0000] {dag.py:4138} INFO - Setting next_dagrun for example_branch_python_operator_decorator to 2026-08-11 00:00:00+00:00, run_after=2026-08-12 00:00:00+00:00
[2026-08-12T04:52:25.224+0000] {processor.py:208} INFO - Processing /home/airflow/.local/lib/python3.12/site-packages/airflow/example_dags/example_branch_operator_decorator.py took 0.103 seconds
[2026-08-12T04:52:56.077+0000] {processor.py:186} INFO - Started process (PID=2525) to work on /home/airflow/.local/lib/python3.12/site-packages/airflow/example_dags/example_branch_operator_decorator.py
[2026-08-12T04:52:56.078+0000] {processor.py:914} INFO - Processing file /home/airflow/.local/lib/python3.12/site-packages/airflow/example_dags/example_branch_operator_decorator.py for tasks to queue
[2026-08-12T04:52:56.081+0000] {logging_mixin.py:190} INFO - [2026-08-12T04:52:56.081+0000] {dagbag.py:587} INFO - Filling up the DagBag from /home/airflow/.local/lib/python3.12/site-packages/airflow/example_dags/example_branch_operator_decorator.py
[2026-08-12T04:52:56.102+0000] {processor.py:925} INFO - DAG(s) 'example_branch_python_operator_decorator' retrieved from /home/airflow/.local/lib/python3.12/site-packages/airflow/example_dags/example_branch_operator_decorator.py
[2026-08-12T04:52:56.130+0000] {logging_mixin.py:190} INFO - [2026-08-12T04:52:56.130+0000] {dag.py:3211} INFO - Sync 1 DAGs
[2026-08-12T04:52:56.153+0000] {logging_mixin.py:190} INFO - [2026-08-12T04:52:56.153+0000] {dag.py:4138} INFO - Setting next_dagrun for example_branch_python_operator_decorator to 2026-08-11 00:00:00+00:00, run_after=2026-08-12 00:00:00+00:00
[2026-08-12T04:52:56.174+0000] {processor.py:208} INFO - Processing /home/airflow/.local/lib/python3.12/site-packages/airflow/example_dags/example_branch_operator_decorator.py took 0.103 seconds
[2026-08-12T04:53:26.561+0000] {processor.py:186} INFO - Started process (PID=2594) to work on /home/airflow/.local/lib/python3.12/site-packages/airflow/example_dags/example_branch_operator_decorator.py
[2026-08-12T04:53:26.562+0000] {processor.py:914} INFO - Processing file /home/airflow/.local/lib/python3.12/site-packages/airflow/example_dags/example_branch_operator_decorator.py for tasks to queue
[2026-08-12T04:53:26.565+0000] {logging_mixin.py:190} INFO - [2026-08-12T04:53:26.565+0000] {dagbag.py:587} INFO - Filling up the DagBag from /home/airflow/.local/lib/python3.12/site-packages/airflow/example_dags/example_branch_operator_decorator.py
[2026-08-12T04:53:26.590+0000] {processor.py:925} INFO - DAG(s) 'example_branch_python_operator_decorator' retrieved from /home/airflow/.local/lib/python3.12/site-packages/airflow/example_dags/example_branch_operator_decorator.py
[2026-08-12T04:53:26.620+0000] {logging_mixin.py:190} INFO - [2026-08-12T04:53:26.619+0000] {dag.py:3211} INFO - Sync 1 DAGs
[2026-08-12T04:53:26.648+0000] {logging_mixin.py:190} INFO - [2026-08-12T04:53:26.647+0000] {dag.py:4138} INFO - Setting next_dagrun for example_branch_python_operator_decorator to 2026-08-11 00:00:00+00:00, run_after=2026-08-12 00:00:00+00:00
[2026-08-12T04:53:26.674+0000] {processor.py:208} INFO - Processing /home/airflow/.local/lib/python3.12/site-packages/airflow/example_dags/example_branch_operator_decorator.py took 0.118 seconds
[2026-08-12T04:53:57.646+0000] {processor.py:186} INFO - Started process (PID=2657) to work on /home/airflow/.local/lib/python3.12/site-packages/airflow/example_dags/example_branch_operator_decorator.py
[2026-08-12T04:53:57.648+0000] {processor.py:914} INFO - Processing file /home/airflow/.local/lib/python3.12/site-packages/airflow/example_dags/example_branch_operator_decorator.py for tasks to queue
[2026-08-12T04:53:57.652+0000] {logging_mixin.py:190} INFO - [2026-08-12T04:53:57.651+0000] {dagbag.py:587} INFO - Filling up the DagBag from /home/airflow/.local/lib/python3.12/site-packages/airflow/example_dags/example_branch_operator_decorator.py
[2026-08-12T04:53:57.673+0000] {processor.py:925} INFO - DAG(s) 'example_branch_python_operator_decorator' retrieved from /home/airflow/.local/lib/python3.12/site-packages/airflow/example_dags/example_branch_operator_decorator.py
[2026-08-12T04:53:57.699+0000] {logging_mixin.py:190} INFO - [2026-08-12T04:53:57.698+0000] {dag.py:3211} INFO - Sync 1 DAGs
[2026-08-12T04:53:57.724+0000] {logging_mixin.py:190} INFO - [2026-08-12T04:53:57.724+0000] {dag.py:4138} INFO - Setting next_dagrun for example_branch_python_operator_decorator to 2026-08-11 00:00:00+00:00, run_after=2026-08-12 00:00:00+00:00
[2026-08-12T04:53:57.745+0000] {processor.py:208} INFO - Processing /home/airflow/.local/lib/python3.12/site-packages/airflow/example_dags/example_branch_operator_decorator.py took 0.105 seconds
[2026-08-12T04:54:28.577+0000] {processor.py:186} INFO - Started process (PID=2720) to work on /home/airflow/.local/lib/python3.12/site-packages/airflow/example_dags/example_branch_operator_decorator.py
[2026-08-12T04:54:28.579+0000] {processor.py:914} INFO - Processing file /home/airflow/.local/lib/python3.12/site-packages/airflow/example_dags/example_branch_operator_decorator.py for tasks to queue
[2026-08-12T04:54:28.583+0000] {logging_mixin.py:190} INFO - [2026-08-12T04:54:28.582+0000] {dagbag.py:587} INFO - Filling up the DagBag from /home/airflow/.local/lib/python3.12/site-packages/airflow/example_dags/example_branch_operator_decorator.py
[2026-08-12T04:54:28.605+0000] {processor.py:925} INFO - DAG(s) 'example_branch_python_operator_decorator' retrieved from /home/airflow/.local/lib/python3.12/site-packages/airflow/example_dags/example_branch_operator_decorator.py
[2026-08-12T04:54:28.633+0000] {logging_mixin.py:190} INFO - [2026-08-12T04:54:28.633+0000] {dag.py:3211} INFO - Sync 1 DAGs
[2026-08-12T04:54:28.658+0000] {logging_mixin.py:190} INFO - [2026-08-12T04:54:28.658+0000] {dag.py:4138} INFO - Setting next_dagrun for example_branch_python_operator_decorator to 2026-08-11 00:00:00+00:00, run_after=2026-08-12 00:00:00+00:00
[2026-08-12T04:54:28.679+0000] {processor.py:208} INFO - Processing /home/airflow/.local/lib/python3.12/site-packages/airflow/example_dags/example_branch_operator_decorator.py took 0.109 seconds
[2026-08-12T04:54:59.252+0000] {processor.py:186} INFO - Started process (PID=2783) to work on /home/airflow/.local/lib/python3.12/site-packages/airflow/example_dags/example_branch_operator_decorator.py
[2026-08-12T04:54:59.253+0000] {processor.py:914} INFO - Processing file /home/airflow/.local/lib/python3.12/site-packages/airflow/example_dags/example_branch_operator_decorator.py for tasks to queue
[2026-08-12T04:54:59.256+0000] {logging_mixin.py:190} INFO - [2026-08-12T04:54:59.256+0000] {dagbag.py:587} INFO - Filling up the DagBag from /home/airflow/.local/lib/python3.12/site-packages/airflow/example_dags/example_branch_operator_decorator.py
[2026-08-12T04:54:59.276+0000] {processor.py:925} INFO - DAG(s) 'example_branch_python_operator_decorator' retrieved from /home/airflow/.local/lib/python3.12/site-packages/airflow/example_dags/example_branch_operator_decorator.py
[2026-08-12T04:54:59.316+0000] {logging_mixin.py:190} INFO - [2026-08-12T04:54:59.316+0000] {dag.py:3211} INFO - Sync 1 DAGs
[2026-08-12T04:54:59.347+0000] {logging_mixin.py:190} INFO - [2026-08-12T04:54:59.346+0000] {dag.py:4138} INFO - Setting next_dagrun for example_branch_python_operator_decorator to 2026-08-11 00:00:00+00:00, run_after=2026-08-12 00:00:00+00:00
[2026-08-12T04:54:59.379+0000] {processor.py:208} INFO - Processing /home/airflow/.local/lib/python3.12/site-packages/airflow/example_dags/example_branch_operator_decorator.py took 0.133 seconds
[2026-08-12T04:55:30.078+0000] {processor.py:186} INFO - Started process (PID=2846) to work on /home/airflow/.local/lib/python3.12/site-packages/airflow/example_dags/example_branch_operator_decorator.py
[2026-08-12T04:55:30.079+0000] {processor.py:914} INFO - Processing file /home/airflow/.local/lib/python3.12/site-packages/airflow/example_dags/example_branch_operator_decorator.py for tasks to queue
[2026-08-12T04:55:30.083+0000] {logging_mixin.py:190} INFO - [2026-08-12T04:55:30.082+0000] {dagbag.py:587} INFO - Filling up the DagBag from /home/airflow/.local/lib/python3.12/site-packages/airflow/example_dags/example_branch_operator_decorator.py
[2026-08-12T04:55:30.104+0000] {processor.py:925} INFO - DAG(s) 'example_branch_python_operator_decorator' retrieved from /home/airflow/.local/lib/python3.12/site-packages/airflow/example_dags/example_branch_operator_decorator.py
[2026-08-12T04:55:30.133+0000] {logging_mixin.py:190} INFO - [2026-08-12T04:55:30.133+0000] {dag.py:3211} INFO - Sync 1 DAGs
[2026-08-12T04:55:30.157+0000] {logging_mixin.py:190} INFO - [2026-08-12T04:55:30.157+0000] {dag.py:4138} INFO - Setting next_dagrun for example_branch_python_operator_decorator to 2026-08-11 00:00:00+00:00, run_after=2026-08-12 00:00:00+00:00
[2026-08-12T04:55:30.177+0000] {processor.py:208} INFO - Processing /home/airflow/.local/lib/python3.12/site-packages/airflow/example_dags/example_branch_operator_decorator.py took 0.106 seconds
[2026-08-12T04:56:00.802+0000] {processor.py:186} INFO - Started process (PID=2909) to work on /home/airflow/.local/lib/python3.12/site-packages/airflow/example_dags/example_branch_operator_decorator.py
[2026-08-12T04:56:00.804+0000] {processor.py:914} INFO - Processing file /home/airflow/.local/lib/python3.12/site-packages/airflow/example_dags/example_branch_operator_decorator.py for tasks to queue
[2026-08-12T04:56:00.808+0000] {logging_mixin.py:190} INFO - [2026-08-12T04:56:00.808+0000] {dagbag.py:587} INFO - Filling up the DagBag from /home/airflow/.local/lib/python3.12/site-packages/airflow/example_dags/example_branch_operator_decorator.py
[2026-08-12T04:56:00.836+0000] {processor.py:925} INFO - DAG(s) 'example_branch_python_operator_decorator' retrieved from /home/airflow/.local/lib/python3.12/site-packages/airflow/example_dags/example_branch_operator_decorator.py
[2026-08-12T04:56:00.864+0000] {logging_mixin.py:190} INFO - [2026-08-12T04:56:00.863+0000] {dag.py:3211} INFO - Sync 1 DAGs
[2026-08-12T04:56:00.889+0000] {logging_mixin.py:190} INFO - [2026-08-12T04:56:00.889+0000] {dag.py:4138} INFO - Setting next_dagrun for example_branch_python_operator_decorator to 2026-08-11 00:00:00+00:00, run_after=2026-08-12 00:00:00+00:00
[2026-08-12T04:56:00.908+0000] {processor.py:208} INFO - Processing /home/airflow/.local/lib/python3.12/site-packages/airflow/example_dags/example_branch_operator_decorator.py took 0.114 seconds
[2026-08-12T04:56:31.485+0000] {processor.py:186} INFO - Started process (PID=2972) to work on /home/airflow/.local/lib/python3.12/site-packages/airflow/example_dags/example_branch_operator_decorator.py
[2026-08-12T04:56:31.486+0000] {processor.py:914} INFO - Processing file /home/airflow/.local/lib/python3.12/site-packages/airflow/example_dags/example_branch_operator_decorator.py for tasks to queue
[2026-08-12T04:56:31.489+0000] {logging_mixin.py:190} INFO - [2026-08-12T04:56:31.489+0000] {dagbag.py:587} INFO - Filling up the DagBag from /home/airflow/.local/lib/python3.12/site-packages/airflow/example_dags/example_branch_operator_decorator.py
[2026-08-12T04:56:31.508+0000] {processor.py:925} INFO - DAG(s) 'example_branch_python_operator_decorator' retrieved from /home/airflow/.local/lib/python3.12/site-packages/airflow/example_dags/example_branch_operator_decorator.py
[2026-08-12T04:56:31.535+0000] {logging_mixin.py:190} INFO - [2026-08-12T04:56:31.534+0000] {dag.py:3211} INFO - Sync 1 DAGs
[2026-08-12T04:56:31.571+0000] {logging_mixin.py:190} INFO - [2026-08-12T04:56:31.571+0000] {dag.py:4138} INFO - Setting next_dagrun for example_branch_python_operator_decorator to 2026-08-11 00:00:00+00:00, run_after=2026-08-12 00:00:00+00:00
[2026-08-12T04:56:31.591+0000] {processor.py:208} INFO - Processing /home/airflow/.local/lib/python3.12/site-packages/airflow/example_dags/example_branch_operator_decorator.py took 0.112 seconds
[2026-08-12T04:57:02.245+0000] {processor.py:186} INFO - Started process (PID=3035) to work on /home/airflow/.local/lib/python3.12/site-packages/airflow/example_dags/example_branch_operator_decorator.py
[2026-08-12T04:57:02.246+0000] {processor.py:914} INFO - Processing file /home/airflow/.local/lib/python3.12/site-packages/airflow/example_dags/example_branch_operator_decorator.py for tasks to queue
[2026-08-12T04:57:02.249+0000] {logging_mixin.py:190} INFO - [2026-08-12T04:57:02.249+0000] {dagbag.py:587} INFO - Filling up the DagBag from /home/airflow/.local/lib/python3.12/site-packages/airflow/example_dags/example_branch_operator_decorator.py
[2026-08-12T04:57:02.269+0000] {processor.py:925} INFO - DAG(s) 'example_branch_python_operator_decorator' retrieved from /home/airflow/.local/lib/python3.12/site-packages/airflow/example_dags/example_branch_operator_decorator.py
[2026-08-12T04:57:02.301+0000] {logging_mixin.py:190} INFO - [2026-08-12T04:57:02.301+0000] {dag.py:3211} INFO - Sync 1 DAGs
[2026-08-12T04:57:02.326+0000] {logging_mixin.py:190} INFO - [2026-08-12T04:57:02.325+0000] {dag.py:4138} INFO - Setting next_dagrun for example_branch_python_operator_decorator to 2026-08-11 00:00:00+00:00, run_after=2026-08-12 00:00:00+00:00
[2026-08-12T04:57:02.345+0000] {processor.py:208} INFO - Processing /home/airflow/.local/lib/python3.12/site-packages/airflow/example_dags/example_branch_operator_decorator.py took 0.106 seconds
[2026-08-12T04:57:33.179+0000] {processor.py:186} INFO - Started process (PID=3098) to work on /home/airflow/.local/lib/python3.12/site-packages/airflow/example_dags/example_branch_operator_decorator.py
[2026-08-12T04:57:33.181+0000] {processor.py:914} INFO - Processing file /home/airflow/.local/lib/python3.12/site-packages/airflow/example_dags/example_branch_operator_decorator.py for tasks to queue
[2026-08-12T04:57:33.184+0000] {logging_mixin.py:190} INFO - [2026-08-12T04:57:33.183+0000] {dagbag.py:587} INFO - Filling up the DagBag from /home/airflow/.local/lib/python3.12/site-packages/airflow/example_dags/example_branch_operator_decorator.py
[2026-08-12T04:57:33.205+0000] {processor.py:925} INFO - DAG(s) 'example_branch_python_operator_decorator' retrieved from /home/airflow/.local/lib/python3.12/site-packages/airflow/example_dags/example_branch_operator_decorator.py
[2026-08-12T04:57:33.234+0000] {logging_mixin.py:190} INFO - [2026-08-12T04:57:33.233+0000] {dag.py:3211} INFO - Sync 1 DAGs
[2026-08-12T04:57:33.255+0000] {logging_mixin.py:190} INFO - [2026-08-12T04:57:33.255+0000] {dag.py:4138} INFO - Setting next_dagrun for example_branch_python_operator_decorator to 2026-08-11 00:00:00+00:00, run_after=2026-08-12 00:00:00+00:00
[2026-08-12T04:57:33.273+0000] {processor.py:208} INFO - Processing /home/airflow/.local/lib/python3.12/site-packages/airflow/example_dags/example_branch_operator_decorator.py took 0.101 seconds
[2026-08-12T04:58:04.310+0000] {processor.py:186} INFO - Started process (PID=3161) to work on /home/airflow/.local/lib/python3.12/site-packages/airflow/example_dags/example_branch_operator_decorator.py
[2026-08-12T04:58:04.313+0000] {processor.py:914} INFO - Processing file /home/airflow/.local/lib/python3.12/site-packages/airflow/example_dags/example_branch_operator_decorator.py for tasks to queue
[2026-08-12T04:58:04.317+0000] {logging_mixin.py:190} INFO - [2026-08-12T04:58:04.317+0000] {dagbag.py:587} INFO - Filling up the DagBag from /home/airflow/.local/lib/python3.12/site-packages/airflow/example_dags/example_branch_operator_decorator.py
[2026-08-12T04:58:04.340+0000] {processor.py:925} INFO - DAG(s) 'example_branch_python_operator_decorator' retrieved from /home/airflow/.local/lib/python3.12/site-packages/airflow/example_dags/example_branch_operator_decorator.py
[2026-08-12T04:58:04.370+0000] {logging_mixin.py:190} INFO - [2026-08-12T04:58:04.370+0000] {dag.py:3211} INFO - Sync 1 DAGs
[2026-08-12T04:58:04.397+0000] {logging_mixin.py:190} INFO - [2026-08-12T04:58:04.397+0000] {dag.py:4138} INFO - Setting next_dagrun for example_branch_python_operator_decorator to 2026-08-11 00:00:00+00:00, run_after=2026-08-12 00:00:00+00:00
[2026-08-12T04:58:04.417+0000] {processor.py:208} INFO - Processing /home/airflow/.local/lib/python3.12/site-packages/airflow/example_dags/example_branch_operator_decorator.py took 0.114 seconds
[2026-08-12T04:58:34.921+0000] {processor.py:186} INFO - Started process (PID=3224) to work on /home/airflow/.local/lib/python3.12/site-packages/airflow/example_dags/example_branch_operator_decorator.py
[2026-08-12T04:58:34.923+0000] {processor.py:914} INFO - Processing file /home/airflow/.local/lib/python3.12/site-packages/airflow/example_dags/example_branch_operator_decorator.py for tasks to queue
[2026-08-12T04:58:34.926+0000] {logging_mixin.py:190} INFO - [2026-08-12T04:58:34.926+0000] {dagbag.py:587} INFO - Filling up the DagBag from /home/airflow/.local/lib/python3.12/site-packages/airflow/example_dags/example_branch_operator_decorator.py
[2026-08-12T04:58:34.949+0000] {processor.py:925} INFO - DAG(s) 'example_branch_python_operator_decorator' retrieved from /home/airflow/.local/lib/python3.12/site-packages/airflow/example_dags/example_branch_operator_decorator.py
[2026-08-12T04:58:34.976+0000] {logging_mixin.py:190} INFO - [2026-08-12T04:58:34.975+0000] {dag.py:3211} INFO - Sync 1 DAGs
[2026-08-12T04:58:35.176+0000] {logging_mixin.py:190} INFO - [2026-08-12T04:58:35.175+0000] {dag.py:4138} INFO - Setting next_dagrun for example_branch_python_operator_decorator to 2026-08-11 00:00:00+00:00, run_after=2026-08-12 00:00:00+00:00
[2026-08-12T04:58:35.194+0000] {processor.py:208} INFO - Processing /home/airflow/.local/lib/python3.12/site-packages/airflow/example_dags/example_branch_operator_decorator.py took 0.281 seconds
[2026-08-12T04:59:05.976+0000] {processor.py:186} INFO - Started process (PID=3287) to work on /home/airflow/.local/lib/python3.12/site-packages/airflow/example_dags/example_branch_operator_decorator.py
[2026-08-12T04:59:05.989+0000] {processor.py:914} INFO - Processing file /home/airflow/.local/lib/python3.12/site-packages/airflow/example_dags/example_branch_operator_decorator.py for tasks to queue
[2026-08-12T04:59:05.993+0000] {logging_mixin.py:190} INFO - [2026-08-12T04:59:05.992+0000] {dagbag.py:587} INFO - Filling up the DagBag from /home/airflow/.local/lib/python3.12/site-packages/airflow/example_dags/example_branch_operator_decorator.py
[2026-08-12T04:59:06.015+0000] {processor.py:925} INFO - DAG(s) 'example_branch_python_operator_decorator' retrieved from /home/airflow/.local/lib/python3.12/site-packages/airflow/example_dags/example_branch_operator_decorator.py
[2026-08-12T04:59:06.043+0000] {logging_mixin.py:190} INFO - [2026-08-12T04:59:06.043+0000] {dag.py:3211} INFO - Sync 1 DAGs
[2026-08-12T04:59:06.064+0000] {logging_mixin.py:190} INFO - [2026-08-12T04:59:06.064+0000] {dag.py:4138} INFO - Setting next_dagrun for example_branch_python_operator_decorator to 2026-08-11 00:00:00+00:00, run_after=2026-08-12 00:00:00+00:00
[2026-08-12T04:59:06.276+0000] {processor.py:208} INFO - Processing /home/airflow/.local/lib/python3.12/site-packages/airflow/example_dags/example_branch_operator_decorator.py took 0.305 seconds
[2026-08-12T04:59:36.571+0000] {processor.py:186} INFO - Started process (PID=3351) to work on /home/airflow/.local/lib/python3.12/site-packages/airflow/example_dags/example_branch_operator_decorator.py
[2026-08-12T04:59:36.572+0000] {processor.py:914} INFO - Processing file /home/airflow/.local/lib/python3.12/site-packages/airflow/example_dags/example_branch_operator_decorator.py for tasks to queue
[2026-08-12T04:59:36.576+0000] {logging_mixin.py:190} INFO - [2026-08-12T04:59:36.575+0000] {dagbag.py:587} INFO - Filling up the DagBag from /home/airflow/.local/lib/python3.12/site-packages/airflow/example_dags/example_branch_operator_decorator.py
[2026-08-12T04:59:36.596+0000] {processor.py:925} INFO - DAG(s) 'example_branch_python_operator_decorator' retrieved from /home/airflow/.local/lib/python3.12/site-packages/airflow/example_dags/example_branch_operator_decorator.py
[2026-08-12T04:59:36.624+0000] {logging_mixin.py:190} INFO - [2026-08-12T04:59:36.624+0000] {dag.py:3211} INFO - Sync 1 DAGs
[2026-08-12T04:59:36.648+0000] {logging_mixin.py:190} INFO - [2026-08-12T04:59:36.648+0000] {dag.py:4138} INFO - Setting next_dagrun for example_branch_python_operator_decorator to 2026-08-11 00:00:00+00:00, run_after=2026-08-12 00:00:00+00:00
[2026-08-12T04:59:36.670+0000] {processor.py:208} INFO - Processing /home/airflow/.local/lib/python3.12/site-packages/airflow/example_dags/example_branch_operator_decorator.py took 0.105 seconds
[2026-08-12T05:00:07.459+0000] {processor.py:186} INFO - Started process (PID=3414) to work on /home/airflow/.local/lib/python3.12/site-packages/airflow/example_dags/example_branch_operator_decorator.py
[2026-08-12T05:00:07.460+0000] {processor.py:914} INFO - Processing file /home/airflow/.local/lib/python3.12/site-packages/airflow/example_dags/example_branch_operator_decorator.py for tasks to queue
[2026-08-12T05:00:07.464+0000] {logging_mixin.py:190} INFO - [2026-08-12T05:00:07.463+0000] {dagbag.py:587} INFO - Filling up the DagBag from /home/airflow/.local/lib/python3.12/site-packages/airflow/example_dags/example_branch_operator_decorator.py
[2026-08-12T05:00:07.496+0000] {processor.py:925} INFO - DAG(s) 'example_branch_python_operator_decorator' retrieved from /home/airflow/.local/lib/python3.12/site-packages/airflow/example_dags/example_branch_operator_decorator.py
[2026-08-12T05:00:07.525+0000] {logging_mixin.py:190} INFO - [2026-08-12T05:00:07.525+0000] {dag.py:3211} INFO - Sync 1 DAGs
[2026-08-12T05:00:07.555+0000] {logging_mixin.py:190} INFO - [2026-08-12T05:00:07.555+0000] {dag.py:4138} INFO - Setting next_dagrun for example_branch_python_operator_decorator to 2026-08-11 00:00:00+00:00, run_after=2026-08-12 00:00:00+00:00
[2026-08-12T05:00:07.576+0000] {processor.py:208} INFO - Processing /home/airflow/.local/lib/python3.12/site-packages/airflow/example_dags/example_branch_operator_decorator.py took 0.124 seconds
[2026-08-12T05:00:38.417+0000] {processor.py:186} INFO - Started process (PID=3477) to work on /home/airflow/.local/lib/python3.12/site-packages/airflow/example_dags/example_branch_operator_decorator.py
[2026-08-12T05:00:38.419+0000] {processor.py:914} INFO - Processing file /home/airflow/.local/lib/python3.12/site-packages/airflow/example_dags/example_branch_operator_decorator.py for tasks to queue
[2026-08-12T05:00:38.423+0000] {logging_mixin.py:190} INFO - [2026-08-12T05:00:38.423+0000] {dagbag.py:587} INFO - Filling up the DagBag from /home/airflow/.local/lib/python3.12/site-packages/airflow/example_dags/example_branch_operator_decorator.py
[2026-08-12T05:00:38.448+0000] {processor.py:925} INFO - DAG(s) 'example_branch_python_operator_decorator' retrieved from /home/airflow/.local/lib/python3.12/site-packages/airflow/example_dags/example_branch_operator_decorator.py
[2026-08-12T05:00:38.658+0000] {logging_mixin.py:190} INFO - [2026-08-12T05:00:38.657+0000] {dag.py:3211} INFO - Sync 1 DAGs
[2026-08-12T05:00:38.677+0000] {logging_mixin.py:190} INFO - [2026-08-12T05:00:38.677+0000] {dag.py:4138} INFO - Setting next_dagrun for example_branch_python_operator_decorator to 2026-08-11 00:00:00+00:00, run_after=2026-08-12 00:00:00+00:00
[2026-08-12T05:00:38.695+0000] {processor.py:208} INFO - Processing /home/airflow/.local/lib/python3.12/site-packages/airflow/example_dags/example_branch_operator_decorator.py took 0.285 seconds
[2026-08-12T05:01:09.558+0000] {processor.py:186} INFO - Started process (PID=3540) to work on /home/airflow/.local/lib/python3.12/site-packages/airflow/example_dags/example_branch_operator_decorator.py
[2026-08-12T05:01:09.559+0000] {processor.py:914} INFO - Processing file /home/airflow/.local/lib/python3.12/site-packages/airflow/example_dags/example_branch_operator_decorator.py for tasks to queue
[2026-08-12T05:01:09.564+0000] {logging_mixin.py:190} INFO - [2026-08-12T05:01:09.563+0000] {dagbag.py:587} INFO - Filling up the DagBag from /home/airflow/.local/lib/python3.12/site-packages/airflow/example_dags/example_branch_operator_decorator.py
[2026-08-12T05:01:09.585+0000] {processor.py:925} INFO - DAG(s) 'example_branch_python_operator_decorator' retrieved from /home/airflow/.local/lib/python3.12/site-packages/airflow/example_dags/example_branch_operator_decorator.py
[2026-08-12T05:01:09.613+0000] {logging_mixin.py:190} INFO - [2026-08-12T05:01:09.613+0000] {dag.py:3211} INFO - Sync 1 DAGs
[2026-08-12T05:01:09.638+0000] {logging_mixin.py:190} INFO - [2026-08-12T05:01:09.637+0000] {dag.py:4138} INFO - Setting next_dagrun for example_branch_python_operator_decorator to 2026-08-11 00:00:00+00:00, run_after=2026-08-12 00:00:00+00:00
[2026-08-12T05:01:09.657+0000] {processor.py:208} INFO - Processing /home/airflow/.local/lib/python3.12/site-packages/airflow/example_dags/example_branch_operator_decorator.py took 0.105 seconds
[2026-08-12T05:01:39.918+0000] {processor.py:186} INFO - Started process (PID=3603) to work on /home/airflow/.local/lib/python3.12/site-packages/airflow/example_dags/example_branch_operator_decorator.py
[2026-08-12T05:01:39.920+0000] {processor.py:914} INFO - Processing file /home/airflow/.local/lib/python3.12/site-packages/airflow/example_dags/example_branch_operator_decorator.py for tasks to queue
[2026-08-12T05:01:39.923+0000] {logging_mixin.py:190} INFO - [2026-08-12T05:01:39.923+0000] {dagbag.py:587} INFO - Filling up the DagBag from /home/airflow/.local/lib/python3.12/site-packages/airflow/example_dags/example_branch_operator_decorator.py
[2026-08-12T05:01:39.944+0000] {processor.py:925} INFO - DAG(s) 'example_branch_python_operator_decorator' retrieved from /home/airflow/.local/lib/python3.12/site-packages/airflow/example_dags/example_branch_operator_decorator.py
[2026-08-12T05:01:39.970+0000] {logging_mixin.py:190} INFO - [2026-08-12T05:01:39.970+0000] {dag.py:3211} INFO - Sync 1 DAGs
[2026-08-12T05:01:39.992+0000] {logging_mixin.py:190} INFO - [2026-08-12T05:01:39.992+0000] {dag.py:4138} INFO - Setting next_dagrun for example_branch_python_operator_decorator to 2026-08-11 00:00:00+00:00, run_after=2026-08-12 00:00:00+00:00
[2026-08-12T05:01:40.012+0000] {processor.py:208} INFO - Processing /home/airflow/.local/lib/python3.12/site-packages/airflow/example_dags/example_branch_operator_decorator.py took 0.099 seconds
[2026-08-12T05:02:11.034+0000] {processor.py:186} INFO - Started process (PID=3667) to work on /home/airflow/.local/lib/python3.12/site-packages/airflow/example_dags/example_branch_operator_decorator.py
[2026-08-12T05:02:11.036+0000] {processor.py:914} INFO - Processing file /home/airflow/.local/lib/python3.12/site-packages/airflow/example_dags/example_branch_operator_decorator.py for tasks to queue
[2026-08-12T05:02:11.039+0000] {logging_mixin.py:190} INFO - [2026-08-12T05:02:11.039+0000] {dagbag.py:587} INFO - Filling up the DagBag from /home/airflow/.local/lib/python3.12/site-packages/airflow/example_dags/example_branch_operator_decorator.py
[2026-08-12T05:02:11.061+0000] {processor.py:925} INFO - DAG(s) 'example_branch_python_operator_decorator' retrieved from /home/airflow/.local/lib/python3.12/site-packages/airflow/example_dags/example_branch_operator_decorator.py
[2026-08-12T05:02:11.086+0000] {logging_mixin.py:190} INFO - [2026-08-12T05:02:11.086+0000] {dag.py:3211} INFO - Sync 1 DAGs
[2026-08-12T05:02:11.112+0000] {logging_mixin.py:190} INFO - [2026-08-12T05:02:11.112+0000] {dag.py:4138} INFO - Setting next_dagrun for example_branch_python_operator_decorator to 2026-08-11 00:00:00+00:00, run_after=2026-08-12 00:00:00+00:00
[2026-08-12T05:02:11.133+0000] {processor.py:208} INFO - Processing /home/airflow/.local/lib/python3.12/site-packages/airflow/example_dags/example_branch_operator_decorator.py took 0.104 seconds
[2026-08-12T05:02:41.480+0000] {processor.py:186} INFO - Started process (PID=3730) to work on /home/airflow/.local/lib/python3.12/site-packages/airflow/example_dags/example_branch_operator_decorator.py
[2026-08-12T05:02:41.482+0000] {processor.py:914} INFO - Processing file /home/airflow/.local/lib/python3.12/site-packages/airflow/example_dags/example_branch_operator_decorator.py for tasks to queue
[2026-08-12T05:02:41.486+0000] {logging_mixin.py:190} INFO - [2026-08-12T05:02:41.486+0000] {dagbag.py:587} INFO - Filling up the DagBag from /home/airflow/.local/lib/python3.12/site-packages/airflow/example_dags/example_branch_operator_decorator.py
[2026-08-12T05:02:41.520+0000] {processor.py:925} INFO - DAG(s) 'example_branch_python_operator_decorator' retrieved from /home/airflow/.local/lib/python3.12/site-packages/airflow/example_dags/example_branch_operator_decorator.py
[2026-08-12T05:02:41.546+0000] {logging_mixin.py:190} INFO - [2026-08-12T05:02:41.546+0000] {dag.py:3211} INFO - Sync 1 DAGs
[2026-08-12T05:02:41.569+0000] {logging_mixin.py:190} INFO - [2026-08-12T05:02:41.568+0000] {dag.py:4138} INFO - Setting next_dagrun for example_branch_python_operator_decorator to 2026-08-11 00:00:00+00:00, run_after=2026-08-12 00:00:00+00:00
[2026-08-12T05:02:41.592+0000] {processor.py:208} INFO - Processing /home/airflow/.local/lib/python3.12/site-packages/airflow/example_dags/example_branch_operator_decorator.py took 0.118 seconds
[2026-08-12T05:03:11.888+0000] {processor.py:186} INFO - Started process (PID=3793) to work on /home/airflow/.local/lib/python3.12/site-packages/airflow/example_dags/example_branch_operator_decorator.py
[2026-08-12T05:03:11.890+0000] {processor.py:914} INFO - Processing file /home/airflow/.local/lib/python3.12/site-packages/airflow/example_dags/example_branch_operator_decorator.py for tasks to queue
[2026-08-12T05:03:11.893+0000] {logging_mixin.py:190} INFO - [2026-08-12T05:03:11.893+0000] {dagbag.py:587} INFO - Filling up the DagBag from /home/airflow/.local/lib/python3.12/site-packages/airflow/example_dags/example_branch_operator_decorator.py
[2026-08-12T05:03:11.919+0000] {processor.py:925} INFO - DAG(s) 'example_branch_python_operator_decorator' retrieved from /home/airflow/.local/lib/python3.12/site-packages/airflow/example_dags/example_branch_operator_decorator.py
[2026-08-12T05:03:11.945+0000] {logging_mixin.py:190} INFO - [2026-08-12T05:03:11.945+0000] {dag.py:3211} INFO - Sync 1 DAGs
[2026-08-12T05:03:11.969+0000] {logging_mixin.py:190} INFO - [2026-08-12T05:03:11.969+0000] {dag.py:4138} INFO - Setting next_dagrun for example_branch_python_operator_decorator to 2026-08-11 00:00:00+00:00, run_after=2026-08-12 00:00:00+00:00
[2026-08-12T05:03:11.991+0000] {processor.py:208} INFO - Processing /home/airflow/.local/lib/python3.12/site-packages/airflow/example_dags/example_branch_operator_decorator.py took 0.110 seconds
[2026-08-12T05:03:42.272+0000] {processor.py:186} INFO - Started process (PID=3856) to work on /home/airflow/.local/lib/python3.12/site-packages/airflow/example_dags/example_branch_operator_decorator.py
[2026-08-12T05:03:42.273+0000] {processor.py:914} INFO - Processing file /home/airflow/.local/lib/python3.12/site-packages/airflow/example_dags/example_branch_operator_decorator.py for tasks to queue
[2026-08-12T05:03:42.277+0000] {logging_mixin.py:190} INFO - [2026-08-12T05:03:42.276+0000] {dagbag.py:587} INFO - Filling up the DagBag from /home/airflow/.local/lib/python3.12/site-packages/airflow/example_dags/example_branch_operator_decorator.py
[2026-08-12T05:03:42.298+0000] {processor.py:925} INFO - DAG(s) 'example_branch_python_operator_decorator' retrieved from /home/airflow/.local/lib/python3.12/site-packages/airflow/example_dags/example_branch_operator_decorator.py
[2026-08-12T05:03:42.330+0000] {logging_mixin.py:190} INFO - [2026-08-12T05:03:42.329+0000] {dag.py:3211} INFO - Sync 1 DAGs
[2026-08-12T05:03:42.358+0000] {logging_mixin.py:190} INFO - [2026-08-12T05:03:42.358+0000] {dag.py:4138} INFO - Setting next_dagrun for example_branch_python_operator_decorator to 2026-08-11 00:00:00+00:00, run_after=2026-08-12 00:00:00+00:00
[2026-08-12T05:03:42.385+0000] {processor.py:208} INFO - Processing /home/airflow/.local/lib/python3.12/site-packages/airflow/example_dags/example_branch_operator_decorator.py took 0.119 seconds
[2026-08-12T05:04:12.688+0000] {processor.py:186} INFO - Started process (PID=3919) to work on /home/airflow/.local/lib/python3.12/site-packages/airflow/example_dags/example_branch_operator_decorator.py
[2026-08-12T05:04:12.689+0000] {processor.py:914} INFO - Processing file /home/airflow/.local/lib/python3.12/site-packages/airflow/example_dags/example_branch_operator_decorator.py for tasks to queue
[2026-08-12T05:04:12.693+0000] {logging_mixin.py:190} INFO - [2026-08-12T05:04:12.692+0000] {dagbag.py:587} INFO - Filling up the DagBag from /home/airflow/.local/lib/python3.12/site-packages/airflow/example_dags/example_branch_operator_decorator.py
[2026-08-12T05:04:12.714+0000] {processor.py:925} INFO - DAG(s) 'example_branch_python_operator_decorator' retrieved from /home/airflow/.local/lib/python3.12/site-packages/airflow/example_dags/example_branch_operator_decorator.py
[2026-08-12T05:04:12.747+0000] {logging_mixin.py:190} INFO - [2026-08-12T05:04:12.746+0000] {dag.py:3211} INFO - Sync 1 DAGs
[2026-08-12T05:04:12.775+0000] {logging_mixin.py:190} INFO - [2026-08-12T05:04:12.775+0000] {dag.py:4138} INFO - Setting next_dagrun for example_branch_python_operator_decorator to 2026-08-11 00:00:00+00:00, run_after=2026-08-12 00:00:00+00:00
[2026-08-12T05:04:12.794+0000] {processor.py:208} INFO - Processing /home/airflow/.local/lib/python3.12/site-packages/airflow/example_dags/example_branch_operator_decorator.py took 0.111 seconds
[2026-08-12T05:04:42.961+0000] {processor.py:186} INFO - Started process (PID=3982) to work on /home/airflow/.local/lib/python3.12/site-packages/airflow/example_dags/example_branch_operator_decorator.py
[2026-08-12T05:04:42.963+0000] {processor.py:914} INFO - Processing file /home/airflow/.local/lib/python3.12/site-packages/airflow/example_dags/example_branch_operator_decorator.py for tasks to queue
[2026-08-12T05:04:42.966+0000] {logging_mixin.py:190} INFO - [2026-08-12T05:04:42.965+0000] {dagbag.py:587} INFO - Filling up the DagBag from /home/airflow/.local/lib/python3.12/site-packages/airflow/example_dags/example_branch_operator_decorator.py
[2026-08-12T05:04:42.984+0000] {processor.py:925} INFO - DAG(s) 'example_branch_python_operator_decorator' retrieved from /home/airflow/.local/lib/python3.12/site-packages/airflow/example_dags/example_branch_operator_decorator.py
[2026-08-12T05:04:43.011+0000] {logging_mixin.py:190} INFO - [2026-08-12T05:04:43.011+0000] {dag.py:3211} INFO - Sync 1 DAGs
[2026-08-12T05:04:43.034+0000] {logging_mixin.py:190} INFO - [2026-08-12T05:04:43.034+0000] {dag.py:4138} INFO - Setting next_dagrun for example_branch_python_operator_decorator to 2026-08-11 00:00:00+00:00, run_after=2026-08-12 00:00:00+00:00
[2026-08-12T05:04:43.055+0000] {processor.py:208} INFO - Processing /home/airflow/.local/lib/python3.12/site-packages/airflow/example_dags/example_branch_operator_decorator.py took 0.099 seconds
[2026-08-12T05:05:14.039+0000] {processor.py:186} INFO - Started process (PID=4045) to work on /home/airflow/.local/lib/python3.12/site-packages/airflow/example_dags/example_branch_operator_decorator.py
[2026-08-12T05:05:14.040+0000] {processor.py:914} INFO - Processing file /home/airflow/.local/lib/python3.12/site-packages/airflow/example_dags/example_branch_operator_decorator.py for tasks to queue
[2026-08-12T05:05:14.044+0000] {logging_mixin.py:190} INFO - [2026-08-12T05:05:14.043+0000] {dagbag.py:587} INFO - Filling up the DagBag from /home/airflow/.local/lib/python3.12/site-packages/airflow/example_dags/example_branch_operator_decorator.py
[2026-08-12T05:05:14.067+0000] {processor.py:925} INFO - DAG(s) 'example_branch_python_operator_decorator' retrieved from /home/airflow/.local/lib/python3.12/site-packages/airflow/example_dags/example_branch_operator_decorator.py
[2026-08-12T05:05:14.094+0000] {logging_mixin.py:190} INFO - [2026-08-12T05:05:14.094+0000] {dag.py:3211} INFO - Sync 1 DAGs
[2026-08-12T05:05:14.118+0000] {logging_mixin.py:190} INFO - [2026-08-12T05:05:14.117+0000] {dag.py:4138} INFO - Setting next_dagrun for example_branch_python_operator_decorator to 2026-08-11 00:00:00+00:00, run_after=2026-08-12 00:00:00+00:00
[2026-08-12T05:05:14.136+0000] {processor.py:208} INFO - Processing /home/airflow/.local/lib/python3.12/site-packages/airflow/example_dags/example_branch_operator_decorator.py took 0.105 seconds
[2026-08-12T05:05:44.545+0000] {processor.py:186} INFO - Started process (PID=4108) to work on /home/airflow/.local/lib/python3.12/site-packages/airflow/example_dags/example_branch_operator_decorator.py
[2026-08-12T05:05:44.546+0000] {processor.py:914} INFO - Processing file /home/airflow/.local/lib/python3.12/site-packages/airflow/example_dags/example_branch_operator_decorator.py for tasks to queue
[2026-08-12T05:05:44.550+0000] {logging_mixin.py:190} INFO - [2026-08-12T05:05:44.549+0000] {dagbag.py:587} INFO - Filling up the DagBag from /home/airflow/.local/lib/python3.12/site-packages/airflow/example_dags/example_branch_operator_decorator.py
[2026-08-12T05:05:44.571+0000] {processor.py:925} INFO - DAG(s) 'example_branch_python_operator_decorator' retrieved from /home/airflow/.local/lib/python3.12/site-packages/airflow/example_dags/example_branch_operator_decorator.py
[2026-08-12T05:05:44.597+0000] {logging_mixin.py:190} INFO - [2026-08-12T05:05:44.597+0000] {dag.py:3211} INFO - Sync 1 DAGs
[2026-08-12T05:05:44.620+0000] {logging_mixin.py:190} INFO - [2026-08-12T05:05:44.620+0000] {dag.py:4138} INFO - Setting next_dagrun for example_branch_python_operator_decorator to 2026-08-11 00:00:00+00:00, run_after=2026-08-12 00:00:00+00:00
[2026-08-12T05:05:44.652+0000] {processor.py:208} INFO - Processing /home/airflow/.local/lib/python3.12/site-packages/airflow/example_dags/example_branch_operator_decorator.py took 0.112 seconds
[2026-08-12T05:06:15.594+0000] {processor.py:186} INFO - Started process (PID=4171) to work on /home/airflow/.local/lib/python3.12/site-packages/airflow/example_dags/example_branch_operator_decorator.py
[2026-08-12T05:06:15.597+0000] {processor.py:914} INFO - Processing file /home/airflow/.local/lib/python3.12/site-packages/airflow/example_dags/example_branch_operator_decorator.py for tasks to queue
[2026-08-12T05:06:15.601+0000] {logging_mixin.py:190} INFO - [2026-08-12T05:06:15.600+0000] {dagbag.py:587} INFO - Filling up the DagBag from /home/airflow/.local/lib/python3.12/site-packages/airflow/example_dags/example_branch_operator_decorator.py
[2026-08-12T05:06:15.630+0000] {processor.py:925} INFO - DAG(s) 'example_branch_python_operator_decorator' retrieved from /home/airflow/.local/lib/python3.12/site-packages/airflow/example_dags/example_branch_operator_decorator.py
[2026-08-12T05:06:15.660+0000] {logging_mixin.py:190} INFO - [2026-08-12T05:06:15.660+0000] {dag.py:3211} INFO - Sync 1 DAGs
[2026-08-12T05:06:15.701+0000] {logging_mixin.py:190} INFO - [2026-08-12T05:06:15.700+0000] {dag.py:4138} INFO - Setting next_dagrun for example_branch_python_operator_decorator to 2026-08-11 00:00:00+00:00, run_after=2026-08-12 00:00:00+00:00
[2026-08-12T05:06:15.724+0000] {processor.py:208} INFO - Processing /home/airflow/.local/lib/python3.12/site-packages/airflow/example_dags/example_branch_operator_decorator.py took 0.137 seconds
[2026-08-12T05:06:46.026+0000] {processor.py:186} INFO - Started process (PID=4234) to work on /home/airflow/.local/lib/python3.12/site-packages/airflow/example_dags/example_branch_operator_decorator.py
[2026-08-12T05:06:46.028+0000] {processor.py:914} INFO - Processing file /home/airflow/.local/lib/python3.12/site-packages/airflow/example_dags/example_branch_operator_decorator.py for tasks to queue
[2026-08-12T05:06:46.031+0000] {logging_mixin.py:190} INFO - [2026-08-12T05:06:46.031+0000] {dagbag.py:587} INFO - Filling up the DagBag from /home/airflow/.local/lib/python3.12/site-packages/airflow/example_dags/example_branch_operator_decorator.py
[2026-08-12T05:06:46.058+0000] {processor.py:925} INFO - DAG(s) 'example_branch_python_operator_decorator' retrieved from /home/airflow/.local/lib/python3.12/site-packages/airflow/example_dags/example_branch_operator_decorator.py
[2026-08-12T05:06:46.090+0000] {logging_mixin.py:190} INFO - [2026-08-12T05:06:46.089+0000] {dag.py:3211} INFO - Sync 1 DAGs
[2026-08-12T05:06:46.117+0000] {logging_mixin.py:190} INFO - [2026-08-12T05:06:46.117+0000] {dag.py:4138} INFO - Setting next_dagrun for example_branch_python_operator_decorator to 2026-08-11 00:00:00+00:00, run_after=2026-08-12 00:00:00+00:00
[2026-08-12T05:06:46.140+0000] {processor.py:208} INFO - Processing /home/airflow/.local/lib/python3.12/site-packages/airflow/example_dags/example_branch_operator_decorator.py took 0.120 seconds
[2026-08-12T05:07:16.994+0000] {processor.py:186} INFO - Started process (PID=4297) to work on /home/airflow/.local/lib/python3.12/site-packages/airflow/example_dags/example_branch_operator_decorator.py
[2026-08-12T05:07:16.996+0000] {processor.py:914} INFO - Processing file /home/airflow/.local/lib/python3.12/site-packages/airflow/example_dags/example_branch_operator_decorator.py for tasks to queue
[2026-08-12T05:07:17.000+0000] {logging_mixin.py:190} INFO - [2026-08-12T05:07:16.999+0000] {dagbag.py:587} INFO - Filling up the DagBag from /home/airflow/.local/lib/python3.12/site-packages/airflow/example_dags/example_branch_operator_decorator.py
[2026-08-12T05:07:17.037+0000] {processor.py:925} INFO - DAG(s) 'example_branch_python_operator_decorator' retrieved from /home/airflow/.local/lib/python3.12/site-packages/airflow/example_dags/example_branch_operator_decorator.py
[2026-08-12T05:07:17.067+0000] {logging_mixin.py:190} INFO - [2026-08-12T05:07:17.067+0000] {dag.py:3211} INFO - Sync 1 DAGs
[2026-08-12T05:07:17.092+0000] {logging_mixin.py:190} INFO - [2026-08-12T05:07:17.092+0000] {dag.py:4138} INFO - Setting next_dagrun for example_branch_python_operator_decorator to 2026-08-11 00:00:00+00:00, run_after=2026-08-12 00:00:00+00:00
[2026-08-12T05:07:17.125+0000] {processor.py:208} INFO - Processing /home/airflow/.local/lib/python3.12/site-packages/airflow/example_dags/example_branch_operator_decorator.py took 0.137 seconds
[2026-08-12T05:07:47.656+0000] {processor.py:186} INFO - Started process (PID=4360) to work on /home/airflow/.local/lib/python3.12/site-packages/airflow/example_dags/example_branch_operator_decorator.py
[2026-08-12T05:07:47.657+0000] {processor.py:914} INFO - Processing file /home/airflow/.local/lib/python3.12/site-packages/airflow/example_dags/example_branch_operator_decorator.py for tasks to queue
[2026-08-12T05:07:47.660+0000] {logging_mixin.py:190} INFO - [2026-08-12T05:07:47.660+0000] {dagbag.py:587} INFO - Filling up the DagBag from /home/airflow/.local/lib/python3.12/site-packages/airflow/example_dags/example_branch_operator_decorator.py
[2026-08-12T05:07:47.680+0000] {processor.py:925} INFO - DAG(s) 'example_branch_python_operator_decorator' retrieved from /home/airflow/.local/lib/python3.12/site-packages/airflow/example_dags/example_branch_operator_decorator.py
[2026-08-12T05:07:47.713+0000] {logging_mixin.py:190} INFO - [2026-08-12T05:07:47.713+0000] {dag.py:3211} INFO - Sync 1 DAGs
[2026-08-12T05:07:47.738+0000] {logging_mixin.py:190} INFO - [2026-08-12T05:07:47.737+0000] {dag.py:4138} INFO - Setting next_dagrun for example_branch_python_operator_decorator to 2026-08-11 00:00:00+00:00, run_after=2026-08-12 00:00:00+00:00
[2026-08-12T05:07:47.759+0000] {processor.py:208} INFO - Processing /home/airflow/.local/lib/python3.12/site-packages/airflow/example_dags/example_branch_operator_decorator.py took 0.110 seconds
[2026-08-12T05:08:18.151+0000] {processor.py:186} INFO - Started process (PID=4423) to work on /home/airflow/.local/lib/python3.12/site-packages/airflow/example_dags/example_branch_operator_decorator.py
[2026-08-12T05:08:18.153+0000] {processor.py:914} INFO - Processing file /home/airflow/.local/lib/python3.12/site-packages/airflow/example_dags/example_branch_operator_decorator.py for tasks to queue
[2026-08-12T05:08:18.158+0000] {logging_mixin.py:190} INFO - [2026-08-12T05:08:18.158+0000] {dagbag.py:587} INFO - Filling up the DagBag from /home/airflow/.local/lib/python3.12/site-packages/airflow/example_dags/example_branch_operator_decorator.py
[2026-08-12T05:08:18.187+0000] {processor.py:925} INFO - DAG(s) 'example_branch_python_operator_decorator' retrieved from /home/airflow/.local/lib/python3.12/site-packages/airflow/example_dags/example_branch_operator_decorator.py
[2026-08-12T05:08:18.219+0000] {logging_mixin.py:190} INFO - [2026-08-12T05:08:18.219+0000] {dag.py:3211} INFO - Sync 1 DAGs
[2026-08-12T05:08:18.242+0000] {logging_mixin.py:190} INFO - [2026-08-12T05:08:18.242+0000] {dag.py:4138} INFO - Setting next_dagrun for example_branch_python_operator_decorator to 2026-08-11 00:00:00+00:00, run_after=2026-08-12 00:00:00+00:00
[2026-08-12T05:08:18.272+0000] {processor.py:208} INFO - Processing /home/airflow/.local/lib/python3.12/site-packages/airflow/example_dags/example_branch_operator_decorator.py took 0.129 seconds
[2026-08-12T05:08:48.872+0000] {processor.py:186} INFO - Started process (PID=4486) to work on /home/airflow/.local/lib/python3.12/site-packages/airflow/example_dags/example_branch_operator_decorator.py
[2026-08-12T05:08:48.873+0000] {processor.py:914} INFO - Processing file /home/airflow/.local/lib/python3.12/site-packages/airflow/example_dags/example_branch_operator_decorator.py for tasks to queue
[2026-08-12T05:08:48.876+0000] {logging_mixin.py:190} INFO - [2026-08-12T05:08:48.876+0000] {dagbag.py:587} INFO - Filling up the DagBag from /home/airflow/.local/lib/python3.12/site-packages/airflow/example_dags/example_branch_operator_decorator.py
[2026-08-12T05:08:48.901+0000] {processor.py:925} INFO - DAG(s) 'example_branch_python_operator_decorator' retrieved from /home/airflow/.local/lib/python3.12/site-packages/airflow/example_dags/example_branch_operator_decorator.py
[2026-08-12T05:08:48.931+0000] {logging_mixin.py:190} INFO - [2026-08-12T05:08:48.931+0000] {dag.py:3211} INFO - Sync 1 DAGs
[2026-08-12T05:08:48.958+0000] {logging_mixin.py:190} INFO - [2026-08-12T05:08:48.957+0000] {dag.py:4138} INFO - Setting next_dagrun for example_branch_python_operator_decorator to 2026-08-11 00:00:00+00:00, run_after=2026-08-12 00:00:00+00:00
[2026-08-12T05:08:49.028+0000] {processor.py:208} INFO - Processing /home/airflow/.local/lib/python3.12/site-packages/airflow/example_dags/example_branch_operator_decorator.py took 0.162 seconds
[2026-08-12T05:09:19.392+0000] {processor.py:186} INFO - Started process (PID=4549) to work on /home/airflow/.local/lib/python3.12/site-packages/airflow/example_dags/example_branch_operator_decorator.py
[2026-08-12T05:09:19.394+0000] {processor.py:914} INFO - Processing file /home/airflow/.local/lib/python3.12/site-packages/airflow/example_dags/example_branch_operator_decorator.py for tasks to queue
[2026-08-12T05:09:19.398+0000] {logging_mixin.py:190} INFO - [2026-08-12T05:09:19.397+0000] {dagbag.py:587} INFO - Filling up the DagBag from /home/airflow/.local/lib/python3.12/site-packages/airflow/example_dags/example_branch_operator_decorator.py
[2026-08-12T05:09:19.424+0000] {processor.py:925} INFO - DAG(s) 'example_branch_python_operator_decorator' retrieved from /home/airflow/.local/lib/python3.12/site-packages/airflow/example_dags/example_branch_operator_decorator.py
[2026-08-12T05:09:19.457+0000] {logging_mixin.py:190} INFO - [2026-08-12T05:09:19.457+0000] {dag.py:3211} INFO - Sync 1 DAGs
[2026-08-12T05:09:19.483+0000] {logging_mixin.py:190} INFO - [2026-08-12T05:09:19.483+0000] {dag.py:4138} INFO - Setting next_dagrun for example_branch_python_operator_decorator to 2026-08-11 00:00:00+00:00, run_after=2026-08-12 00:00:00+00:00
[2026-08-12T05:09:19.504+0000] {processor.py:208} INFO - Processing /home/airflow/.local/lib/python3.12/site-packages/airflow/example_dags/example_branch_operator_decorator.py took 0.120 seconds
[2026-08-12T05:09:50.101+0000] {processor.py:186} INFO - Started process (PID=4612) to work on /home/airflow/.local/lib/python3.12/site-packages/airflow/example_dags/example_branch_operator_decorator.py
[2026-08-12T05:09:50.103+0000] {processor.py:914} INFO - Processing file /home/airflow/.local/lib/python3.12/site-packages/airflow/example_dags/example_branch_operator_decorator.py for tasks to queue
[2026-08-12T05:09:50.106+0000] {logging_mixin.py:190} INFO - [2026-08-12T05:09:50.106+0000] {dagbag.py:587} INFO - Filling up the DagBag from /home/airflow/.local/lib/python3.12/site-packages/airflow/example_dags/example_branch_operator_decorator.py
[2026-08-12T05:09:50.129+0000] {processor.py:925} INFO - DAG(s) 'example_branch_python_operator_decorator' retrieved from /home/airflow/.local/lib/python3.12/site-packages/airflow/example_dags/example_branch_operator_decorator.py
[2026-08-12T05:09:50.158+0000] {logging_mixin.py:190} INFO - [2026-08-12T05:09:50.158+0000] {dag.py:3211} INFO - Sync 1 DAGs
[2026-08-12T05:09:50.194+0000] {logging_mixin.py:190} INFO - [2026-08-12T05:09:50.194+0000] {dag.py:4138} INFO - Setting next_dagrun for example_branch_python_operator_decorator to 2026-08-11 00:00:00+00:00, run_after=2026-08-12 00:00:00+00:00
[2026-08-12T05:09:50.216+0000] {processor.py:208} INFO - Processing /home/airflow/.local/lib/python3.12/site-packages/airflow/example_dags/example_branch_operator_decorator.py took 0.121 seconds
