[2026-08-12T04:30:32.873+0000] {processor.py:186} INFO - Started process (PID=69) to work on /home/airflow/.local/lib/python3.12/site-packages/airflow/example_dags/example_latest_only.py
[2026-08-12T04:30:32.875+0000] {processor.py:914} INFO - Processing file /home/airflow/.local/lib/python3.12/site-packages/airflow/example_dags/example_latest_only.py for tasks to queue
[2026-08-12T04:30:32.878+0000] {logging_mixin.py:190} INFO - [2026-08-12T04:30:32.878+0000] {dagbag.py:587} INFO - Filling up the DagBag from /home/airflow/.local/lib/python3.12/site-packages/airflow/example_dags/example_latest_only.py
[2026-08-12T04:30:32.889+0000] {processor.py:925} INFO - DAG(s) 'latest_only' retrieved from /home/airflow/.local/lib/python3.12/site-packages/airflow/example_dags/example_latest_only.py
[2026-08-12T04:30:33.092+0000] {logging_mixin.py:190} INFO - [2026-08-12T04:30:33.091+0000] {override.py:1858} INFO - Created Permission View: can edit on DAG:latest_only
[2026-08-12T04:30:33.106+0000] {logging_mixin.py:190} INFO - [2026-08-12T04:30:33.106+0000] {override.py:1858} INFO - Created Permission View: can delete on DAG:latest_only
[2026-08-12T04:30:33.117+0000] {logging_mixin.py:190} INFO - [2026-08-12T04:30:33.117+0000] {override.py:1858} INFO - Created Permission View: can read on DAG:latest_only
[2026-08-12T04:30:33.120+0000] {logging_mixin.py:190} INFO - [2026-08-12T04:30:33.119+0000] {dag.py:3211} INFO - Sync 1 DAGs
[2026-08-12T04:30:33.139+0000] {logging_mixin.py:190} INFO - [2026-08-12T04:30:33.139+0000] {dag.py:3234} INFO - Creating ORM DAG for latest_only
[2026-08-12T04:30:33.158+0000] {logging_mixin.py:190} INFO - [2026-08-12T04:30:33.157+0000] {dag.py:4138} INFO - Setting next_dagrun for latest_only to 2026-08-12 00:00:00+00:00, run_after=2026-08-12 04:00:00+00:00
[2026-08-12T04:30:33.189+0000] {processor.py:208} INFO - Processing /home/airflow/.local/lib/python3.12/site-packages/airflow/example_dags/example_latest_only.py took 0.324 seconds
[2026-08-12T04:31:03.373+0000] {processor.py:186} INFO - Started process (PID=136) to work on /home/airflow/.local/lib/python3.12/site-packages/airflow/example_dags/example_latest_only.py
[2026-08-12T04:31:03.375+0000] {processor.py:914} INFO - Processing file /home/airflow/.local/lib/python3.12/site-packages/airflow/example_dags/example_latest_only.py for tasks to queue
[2026-08-12T04:31:03.379+0000] {logging_mixin.py:190} INFO - [2026-08-12T04:31:03.379+0000] {dagbag.py:587} INFO - Filling up the DagBag from /home/airflow/.local/lib/python3.12/site-packages/airflow/example_dags/example_latest_only.py
[2026-08-12T04:31:03.393+0000] {processor.py:925} INFO - DAG(s) 'latest_only' retrieved from /home/airflow/.local/lib/python3.12/site-packages/airflow/example_dags/example_latest_only.py
[2026-08-12T04:31:03.419+0000] {logging_mixin.py:190} INFO - [2026-08-12T04:31:03.418+0000] {dag.py:3211} INFO - Sync 1 DAGs
[2026-08-12T04:31:03.449+0000] {logging_mixin.py:190} INFO - [2026-08-12T04:31:03.449+0000] {dag.py:4138} INFO - Setting next_dagrun for latest_only to 2026-08-12 00:00:00+00:00, run_after=2026-08-12 04:00:00+00:00
[2026-08-12T04:31:03.487+0000] {processor.py:208} INFO - Processing /home/airflow/.local/lib/python3.12/site-packages/airflow/example_dags/example_latest_only.py took 0.122 seconds
[2026-08-12T04:31:34.269+0000] {processor.py:186} INFO - Started process (PID=200) to work on /home/airflow/.local/lib/python3.12/site-packages/airflow/example_dags/example_latest_only.py
[2026-08-12T04:31:34.270+0000] {processor.py:914} INFO - Processing file /home/airflow/.local/lib/python3.12/site-packages/airflow/example_dags/example_latest_only.py for tasks to queue
[2026-08-12T04:31:34.273+0000] {logging_mixin.py:190} INFO - [2026-08-12T04:31:34.273+0000] {dagbag.py:587} INFO - Filling up the DagBag from /home/airflow/.local/lib/python3.12/site-packages/airflow/example_dags/example_latest_only.py
[2026-08-12T04:31:34.282+0000] {processor.py:925} INFO - DAG(s) 'latest_only' retrieved from /home/airflow/.local/lib/python3.12/site-packages/airflow/example_dags/example_latest_only.py
[2026-08-12T04:31:34.302+0000] {logging_mixin.py:190} INFO - [2026-08-12T04:31:34.302+0000] {dag.py:3211} INFO - Sync 1 DAGs
[2026-08-12T04:31:34.337+0000] {logging_mixin.py:190} INFO - [2026-08-12T04:31:34.337+0000] {dag.py:4138} INFO - Setting next_dagrun for latest_only to 2026-08-12 00:00:00+00:00, run_after=2026-08-12 04:00:00+00:00
[2026-08-12T04:31:34.358+0000] {processor.py:208} INFO - Processing /home/airflow/.local/lib/python3.12/site-packages/airflow/example_dags/example_latest_only.py took 0.095 seconds
[2026-08-12T04:32:04.843+0000] {processor.py:186} INFO - Started process (PID=262) to work on /home/airflow/.local/lib/python3.12/site-packages/airflow/example_dags/example_latest_only.py
[2026-08-12T04:32:04.845+0000] {processor.py:914} INFO - Processing file /home/airflow/.local/lib/python3.12/site-packages/airflow/example_dags/example_latest_only.py for tasks to queue
[2026-08-12T04:32:04.850+0000] {logging_mixin.py:190} INFO - [2026-08-12T04:32:04.850+0000] {dagbag.py:587} INFO - Filling up the DagBag from /home/airflow/.local/lib/python3.12/site-packages/airflow/example_dags/example_latest_only.py
[2026-08-12T04:32:04.858+0000] {processor.py:925} INFO - DAG(s) 'latest_only' retrieved from /home/airflow/.local/lib/python3.12/site-packages/airflow/example_dags/example_latest_only.py
[2026-08-12T04:32:04.877+0000] {logging_mixin.py:190} INFO - [2026-08-12T04:32:04.877+0000] {dag.py:3211} INFO - Sync 1 DAGs
[2026-08-12T04:32:04.902+0000] {logging_mixin.py:190} INFO - [2026-08-12T04:32:04.902+0000] {dag.py:4138} INFO - Setting next_dagrun for latest_only to 2026-08-12 00:00:00+00:00, run_after=2026-08-12 04:00:00+00:00
[2026-08-12T04:32:04.922+0000] {processor.py:208} INFO - Processing /home/airflow/.local/lib/python3.12/site-packages/airflow/example_dags/example_latest_only.py took 0.085 seconds
[2026-08-12T04:32:53.044+0000] {processor.py:186} INFO - Started process (PID=59) to work on /home/airflow/.local/lib/python3.12/site-packages/airflow/example_dags/example_latest_only.py
[2026-08-12T04:32:53.046+0000] {processor.py:914} INFO - Processing file /home/airflow/.local/lib/python3.12/site-packages/airflow/example_dags/example_latest_only.py for tasks to queue
[2026-08-12T04:32:53.051+0000] {logging_mixin.py:190} INFO - [2026-08-12T04:32:53.051+0000] {dagbag.py:587} INFO - Filling up the DagBag from /home/airflow/.local/lib/python3.12/site-packages/airflow/example_dags/example_latest_only.py
[2026-08-12T04:32:53.064+0000] {processor.py:925} INFO - DAG(s) 'latest_only' retrieved from /home/airflow/.local/lib/python3.12/site-packages/airflow/example_dags/example_latest_only.py
[2026-08-12T04:32:53.100+0000] {logging_mixin.py:190} INFO - [2026-08-12T04:32:53.099+0000] {dag.py:3211} INFO - Sync 1 DAGs
[2026-08-12T04:32:53.124+0000] {logging_mixin.py:190} INFO - [2026-08-12T04:32:53.124+0000] {dag.py:4138} INFO - Setting next_dagrun for latest_only to 2026-08-12 00:00:00+00:00, run_after=2026-08-12 04:00:00+00:00
[2026-08-12T04:32:53.146+0000] {processor.py:208} INFO - Processing /home/airflow/.local/lib/python3.12/site-packages/airflow/example_dags/example_latest_only.py took 0.112 seconds
[2026-08-12T04:33:23.493+0000] {processor.py:186} INFO - Started process (PID=122) to work on /home/airflow/.local/lib/python3.12/site-packages/airflow/example_dags/example_latest_only.py
[2026-08-12T04:33:23.495+0000] {processor.py:914} INFO - Processing file /home/airflow/.local/lib/python3.12/site-packages/airflow/example_dags/example_latest_only.py for tasks to queue
[2026-08-12T04:33:23.498+0000] {logging_mixin.py:190} INFO - [2026-08-12T04:33:23.498+0000] {dagbag.py:587} INFO - Filling up the DagBag from /home/airflow/.local/lib/python3.12/site-packages/airflow/example_dags/example_latest_only.py
[2026-08-12T04:33:23.508+0000] {processor.py:925} INFO - DAG(s) 'latest_only' retrieved from /home/airflow/.local/lib/python3.12/site-packages/airflow/example_dags/example_latest_only.py
[2026-08-12T04:33:23.529+0000] {logging_mixin.py:190} INFO - [2026-08-12T04:33:23.529+0000] {dag.py:3211} INFO - Sync 1 DAGs
[2026-08-12T04:33:23.552+0000] {logging_mixin.py:190} INFO - [2026-08-12T04:33:23.552+0000] {dag.py:4138} INFO - Setting next_dagrun for latest_only to 2026-08-12 00:00:00+00:00, run_after=2026-08-12 04:00:00+00:00
[2026-08-12T04:33:23.572+0000] {processor.py:208} INFO - Processing /home/airflow/.local/lib/python3.12/site-packages/airflow/example_dags/example_latest_only.py took 0.086 seconds
[2026-08-12T04:33:54.464+0000] {processor.py:186} INFO - Started process (PID=190) to work on /home/airflow/.local/lib/python3.12/site-packages/airflow/example_dags/example_latest_only.py
[2026-08-12T04:33:54.466+0000] {processor.py:914} INFO - Processing file /home/airflow/.local/lib/python3.12/site-packages/airflow/example_dags/example_latest_only.py for tasks to queue
[2026-08-12T04:33:54.469+0000] {logging_mixin.py:190} INFO - [2026-08-12T04:33:54.469+0000] {dagbag.py:587} INFO - Filling up the DagBag from /home/airflow/.local/lib/python3.12/site-packages/airflow/example_dags/example_latest_only.py
[2026-08-12T04:33:54.491+0000] {processor.py:925} INFO - DAG(s) 'latest_only' retrieved from /home/airflow/.local/lib/python3.12/site-packages/airflow/example_dags/example_latest_only.py
[2026-08-12T04:33:54.511+0000] {logging_mixin.py:190} INFO - [2026-08-12T04:33:54.511+0000] {dag.py:3211} INFO - Sync 1 DAGs
[2026-08-12T04:33:54.535+0000] {logging_mixin.py:190} INFO - [2026-08-12T04:33:54.535+0000] {dag.py:4138} INFO - Setting next_dagrun for latest_only to 2026-08-12 00:00:00+00:00, run_after=2026-08-12 04:00:00+00:00
[2026-08-12T04:33:54.555+0000] {processor.py:208} INFO - Processing /home/airflow/.local/lib/python3.12/site-packages/airflow/example_dags/example_latest_only.py took 0.097 seconds
[2026-08-12T04:34:24.925+0000] {processor.py:186} INFO - Started process (PID=252) to work on /home/airflow/.local/lib/python3.12/site-packages/airflow/example_dags/example_latest_only.py
[2026-08-12T04:34:24.927+0000] {processor.py:914} INFO - Processing file /home/airflow/.local/lib/python3.12/site-packages/airflow/example_dags/example_latest_only.py for tasks to queue
[2026-08-12T04:34:24.931+0000] {logging_mixin.py:190} INFO - [2026-08-12T04:34:24.931+0000] {dagbag.py:587} INFO - Filling up the DagBag from /home/airflow/.local/lib/python3.12/site-packages/airflow/example_dags/example_latest_only.py
[2026-08-12T04:34:24.940+0000] {processor.py:925} INFO - DAG(s) 'latest_only' retrieved from /home/airflow/.local/lib/python3.12/site-packages/airflow/example_dags/example_latest_only.py
[2026-08-12T04:34:24.960+0000] {logging_mixin.py:190} INFO - [2026-08-12T04:34:24.960+0000] {dag.py:3211} INFO - Sync 1 DAGs
[2026-08-12T04:34:24.982+0000] {logging_mixin.py:190} INFO - [2026-08-12T04:34:24.982+0000] {dag.py:4138} INFO - Setting next_dagrun for latest_only to 2026-08-12 00:00:00+00:00, run_after=2026-08-12 04:00:00+00:00
[2026-08-12T04:34:25.002+0000] {processor.py:208} INFO - Processing /home/airflow/.local/lib/python3.12/site-packages/airflow/example_dags/example_latest_only.py took 0.082 seconds
[2026-08-12T04:34:55.571+0000] {processor.py:186} INFO - Started process (PID=314) to work on /home/airflow/.local/lib/python3.12/site-packages/airflow/example_dags/example_latest_only.py
[2026-08-12T04:34:55.572+0000] {processor.py:914} INFO - Processing file /home/airflow/.local/lib/python3.12/site-packages/airflow/example_dags/example_latest_only.py for tasks to queue
[2026-08-12T04:34:55.575+0000] {logging_mixin.py:190} INFO - [2026-08-12T04:34:55.575+0000] {dagbag.py:587} INFO - Filling up the DagBag from /home/airflow/.local/lib/python3.12/site-packages/airflow/example_dags/example_latest_only.py
[2026-08-12T04:34:55.599+0000] {processor.py:925} INFO - DAG(s) 'latest_only' retrieved from /home/airflow/.local/lib/python3.12/site-packages/airflow/example_dags/example_latest_only.py
[2026-08-12T04:34:55.622+0000] {logging_mixin.py:190} INFO - [2026-08-12T04:34:55.622+0000] {dag.py:3211} INFO - Sync 1 DAGs
[2026-08-12T04:34:55.650+0000] {logging_mixin.py:190} INFO - [2026-08-12T04:34:55.650+0000] {dag.py:4138} INFO - Setting next_dagrun for latest_only to 2026-08-12 00:00:00+00:00, run_after=2026-08-12 04:00:00+00:00
[2026-08-12T04:34:55.671+0000] {processor.py:208} INFO - Processing /home/airflow/.local/lib/python3.12/site-packages/airflow/example_dags/example_latest_only.py took 0.106 seconds
[2026-08-12T04:35:26.035+0000] {processor.py:186} INFO - Started process (PID=376) to work on /home/airflow/.local/lib/python3.12/site-packages/airflow/example_dags/example_latest_only.py
[2026-08-12T04:35:26.037+0000] {processor.py:914} INFO - Processing file /home/airflow/.local/lib/python3.12/site-packages/airflow/example_dags/example_latest_only.py for tasks to queue
[2026-08-12T04:35:26.041+0000] {logging_mixin.py:190} INFO - [2026-08-12T04:35:26.040+0000] {dagbag.py:587} INFO - Filling up the DagBag from /home/airflow/.local/lib/python3.12/site-packages/airflow/example_dags/example_latest_only.py
[2026-08-12T04:35:26.053+0000] {processor.py:925} INFO - DAG(s) 'latest_only' retrieved from /home/airflow/.local/lib/python3.12/site-packages/airflow/example_dags/example_latest_only.py
[2026-08-12T04:35:26.075+0000] {logging_mixin.py:190} INFO - [2026-08-12T04:35:26.075+0000] {dag.py:3211} INFO - Sync 1 DAGs
[2026-08-12T04:35:26.104+0000] {logging_mixin.py:190} INFO - [2026-08-12T04:35:26.104+0000] {dag.py:4138} INFO - Setting next_dagrun for latest_only to 2026-08-12 00:00:00+00:00, run_after=2026-08-12 04:00:00+00:00
[2026-08-12T04:35:26.123+0000] {processor.py:208} INFO - Processing /home/airflow/.local/lib/python3.12/site-packages/airflow/example_dags/example_latest_only.py took 0.097 seconds
[2026-08-12T04:35:56.240+0000] {processor.py:186} INFO - Started process (PID=438) to work on /home/airflow/.local/lib/python3.12/site-packages/airflow/example_dags/example_latest_only.py
[2026-08-12T04:35:56.242+0000] {processor.py:914} INFO - Processing file /home/airflow/.local/lib/python3.12/site-packages/airflow/example_dags/example_latest_only.py for tasks to queue
[2026-08-12T04:35:56.257+0000] {logging_mixin.py:190} INFO - [2026-08-12T04:35:56.250+0000] {dagbag.py:587} INFO - Filling up the DagBag from /home/airflow/.local/lib/python3.12/site-packages/airflow/example_dags/example_latest_only.py
[2026-08-12T04:35:56.266+0000] {processor.py:925} INFO - DAG(s) 'latest_only' retrieved from /home/airflow/.local/lib/python3.12/site-packages/airflow/example_dags/example_latest_only.py
[2026-08-12T04:35:56.289+0000] {logging_mixin.py:190} INFO - [2026-08-12T04:35:56.288+0000] {dag.py:3211} INFO - Sync 1 DAGs
[2026-08-12T04:35:56.324+0000] {logging_mixin.py:190} INFO - [2026-08-12T04:35:56.324+0000] {dag.py:4138} INFO - Setting next_dagrun for latest_only to 2026-08-12 00:00:00+00:00, run_after=2026-08-12 04:00:00+00:00
[2026-08-12T04:35:56.357+0000] {processor.py:208} INFO - Processing /home/airflow/.local/lib/python3.12/site-packages/airflow/example_dags/example_latest_only.py took 0.122 seconds
[2026-08-12T04:36:27.217+0000] {processor.py:186} INFO - Started process (PID=500) to work on /home/airflow/.local/lib/python3.12/site-packages/airflow/example_dags/example_latest_only.py
[2026-08-12T04:36:27.219+0000] {processor.py:914} INFO - Processing file /home/airflow/.local/lib/python3.12/site-packages/airflow/example_dags/example_latest_only.py for tasks to queue
[2026-08-12T04:36:27.222+0000] {logging_mixin.py:190} INFO - [2026-08-12T04:36:27.222+0000] {dagbag.py:587} INFO - Filling up the DagBag from /home/airflow/.local/lib/python3.12/site-packages/airflow/example_dags/example_latest_only.py
[2026-08-12T04:36:27.230+0000] {processor.py:925} INFO - DAG(s) 'latest_only' retrieved from /home/airflow/.local/lib/python3.12/site-packages/airflow/example_dags/example_latest_only.py
[2026-08-12T04:36:27.250+0000] {logging_mixin.py:190} INFO - [2026-08-12T04:36:27.249+0000] {dag.py:3211} INFO - Sync 1 DAGs
[2026-08-12T04:36:27.276+0000] {logging_mixin.py:190} INFO - [2026-08-12T04:36:27.276+0000] {dag.py:4138} INFO - Setting next_dagrun for latest_only to 2026-08-12 00:00:00+00:00, run_after=2026-08-12 04:00:00+00:00
[2026-08-12T04:36:27.296+0000] {processor.py:208} INFO - Processing /home/airflow/.local/lib/python3.12/site-packages/airflow/example_dags/example_latest_only.py took 0.084 seconds
[2026-08-12T04:36:57.658+0000] {processor.py:186} INFO - Started process (PID=562) to work on /home/airflow/.local/lib/python3.12/site-packages/airflow/example_dags/example_latest_only.py
[2026-08-12T04:36:57.659+0000] {processor.py:914} INFO - Processing file /home/airflow/.local/lib/python3.12/site-packages/airflow/example_dags/example_latest_only.py for tasks to queue
[2026-08-12T04:36:57.663+0000] {logging_mixin.py:190} INFO - [2026-08-12T04:36:57.663+0000] {dagbag.py:587} INFO - Filling up the DagBag from /home/airflow/.local/lib/python3.12/site-packages/airflow/example_dags/example_latest_only.py
[2026-08-12T04:36:57.673+0000] {processor.py:925} INFO - DAG(s) 'latest_only' retrieved from /home/airflow/.local/lib/python3.12/site-packages/airflow/example_dags/example_latest_only.py
[2026-08-12T04:36:57.694+0000] {logging_mixin.py:190} INFO - [2026-08-12T04:36:57.694+0000] {dag.py:3211} INFO - Sync 1 DAGs
[2026-08-12T04:36:57.729+0000] {logging_mixin.py:190} INFO - [2026-08-12T04:36:57.728+0000] {dag.py:4138} INFO - Setting next_dagrun for latest_only to 2026-08-12 00:00:00+00:00, run_after=2026-08-12 04:00:00+00:00
[2026-08-12T04:36:57.747+0000] {processor.py:208} INFO - Processing /home/airflow/.local/lib/python3.12/site-packages/airflow/example_dags/example_latest_only.py took 0.095 seconds
[2026-08-12T04:37:28.549+0000] {processor.py:186} INFO - Started process (PID=624) to work on /home/airflow/.local/lib/python3.12/site-packages/airflow/example_dags/example_latest_only.py
[2026-08-12T04:37:28.551+0000] {processor.py:914} INFO - Processing file /home/airflow/.local/lib/python3.12/site-packages/airflow/example_dags/example_latest_only.py for tasks to queue
[2026-08-12T04:37:28.555+0000] {logging_mixin.py:190} INFO - [2026-08-12T04:37:28.554+0000] {dagbag.py:587} INFO - Filling up the DagBag from /home/airflow/.local/lib/python3.12/site-packages/airflow/example_dags/example_latest_only.py
[2026-08-12T04:37:28.563+0000] {processor.py:925} INFO - DAG(s) 'latest_only' retrieved from /home/airflow/.local/lib/python3.12/site-packages/airflow/example_dags/example_latest_only.py
[2026-08-12T04:37:28.600+0000] {logging_mixin.py:190} INFO - [2026-08-12T04:37:28.599+0000] {dag.py:3211} INFO - Sync 1 DAGs
[2026-08-12T04:37:28.638+0000] {logging_mixin.py:190} INFO - [2026-08-12T04:37:28.638+0000] {dag.py:4138} INFO - Setting next_dagrun for latest_only to 2026-08-12 00:00:00+00:00, run_after=2026-08-12 04:00:00+00:00
[2026-08-12T04:37:28.672+0000] {processor.py:208} INFO - Processing /home/airflow/.local/lib/python3.12/site-packages/airflow/example_dags/example_latest_only.py took 0.130 seconds
[2026-08-12T04:37:59.155+0000] {processor.py:186} INFO - Started process (PID=686) to work on /home/airflow/.local/lib/python3.12/site-packages/airflow/example_dags/example_latest_only.py
[2026-08-12T04:37:59.158+0000] {processor.py:914} INFO - Processing file /home/airflow/.local/lib/python3.12/site-packages/airflow/example_dags/example_latest_only.py for tasks to queue
[2026-08-12T04:37:59.162+0000] {logging_mixin.py:190} INFO - [2026-08-12T04:37:59.161+0000] {dagbag.py:587} INFO - Filling up the DagBag from /home/airflow/.local/lib/python3.12/site-packages/airflow/example_dags/example_latest_only.py
[2026-08-12T04:37:59.185+0000] {processor.py:925} INFO - DAG(s) 'latest_only' retrieved from /home/airflow/.local/lib/python3.12/site-packages/airflow/example_dags/example_latest_only.py
[2026-08-12T04:37:59.207+0000] {logging_mixin.py:190} INFO - [2026-08-12T04:37:59.207+0000] {dag.py:3211} INFO - Sync 1 DAGs
[2026-08-12T04:37:59.232+0000] {logging_mixin.py:190} INFO - [2026-08-12T04:37:59.231+0000] {dag.py:4138} INFO - Setting next_dagrun for latest_only to 2026-08-12 00:00:00+00:00, run_after=2026-08-12 04:00:00+00:00
[2026-08-12T04:37:59.254+0000] {processor.py:208} INFO - Processing /home/airflow/.local/lib/python3.12/site-packages/airflow/example_dags/example_latest_only.py took 0.107 seconds
[2026-08-12T04:38:29.918+0000] {processor.py:186} INFO - Started process (PID=748) to work on /home/airflow/.local/lib/python3.12/site-packages/airflow/example_dags/example_latest_only.py
[2026-08-12T04:38:29.920+0000] {processor.py:914} INFO - Processing file /home/airflow/.local/lib/python3.12/site-packages/airflow/example_dags/example_latest_only.py for tasks to queue
[2026-08-12T04:38:29.923+0000] {logging_mixin.py:190} INFO - [2026-08-12T04:38:29.923+0000] {dagbag.py:587} INFO - Filling up the DagBag from /home/airflow/.local/lib/python3.12/site-packages/airflow/example_dags/example_latest_only.py
[2026-08-12T04:38:29.931+0000] {processor.py:925} INFO - DAG(s) 'latest_only' retrieved from /home/airflow/.local/lib/python3.12/site-packages/airflow/example_dags/example_latest_only.py
[2026-08-12T04:38:29.954+0000] {logging_mixin.py:190} INFO - [2026-08-12T04:38:29.953+0000] {dag.py:3211} INFO - Sync 1 DAGs
[2026-08-12T04:38:29.982+0000] {logging_mixin.py:190} INFO - [2026-08-12T04:38:29.982+0000] {dag.py:4138} INFO - Setting next_dagrun for latest_only to 2026-08-12 00:00:00+00:00, run_after=2026-08-12 04:00:00+00:00
[2026-08-12T04:38:30.005+0000] {processor.py:208} INFO - Processing /home/airflow/.local/lib/python3.12/site-packages/airflow/example_dags/example_latest_only.py took 0.093 seconds
[2026-08-12T04:39:00.309+0000] {processor.py:186} INFO - Started process (PID=810) to work on /home/airflow/.local/lib/python3.12/site-packages/airflow/example_dags/example_latest_only.py
[2026-08-12T04:39:00.311+0000] {processor.py:914} INFO - Processing file /home/airflow/.local/lib/python3.12/site-packages/airflow/example_dags/example_latest_only.py for tasks to queue
[2026-08-12T04:39:00.314+0000] {logging_mixin.py:190} INFO - [2026-08-12T04:39:00.314+0000] {dagbag.py:587} INFO - Filling up the DagBag from /home/airflow/.local/lib/python3.12/site-packages/airflow/example_dags/example_latest_only.py
[2026-08-12T04:39:00.322+0000] {processor.py:925} INFO - DAG(s) 'latest_only' retrieved from /home/airflow/.local/lib/python3.12/site-packages/airflow/example_dags/example_latest_only.py
[2026-08-12T04:39:00.342+0000] {logging_mixin.py:190} INFO - [2026-08-12T04:39:00.342+0000] {dag.py:3211} INFO - Sync 1 DAGs
[2026-08-12T04:39:00.376+0000] {logging_mixin.py:190} INFO - [2026-08-12T04:39:00.375+0000] {dag.py:4138} INFO - Setting next_dagrun for latest_only to 2026-08-12 00:00:00+00:00, run_after=2026-08-12 04:00:00+00:00
[2026-08-12T04:39:00.396+0000] {processor.py:208} INFO - Processing /home/airflow/.local/lib/python3.12/site-packages/airflow/example_dags/example_latest_only.py took 0.092 seconds
[2026-08-12T04:39:30.721+0000] {processor.py:186} INFO - Started process (PID=872) to work on /home/airflow/.local/lib/python3.12/site-packages/airflow/example_dags/example_latest_only.py
[2026-08-12T04:39:30.722+0000] {processor.py:914} INFO - Processing file /home/airflow/.local/lib/python3.12/site-packages/airflow/example_dags/example_latest_only.py for tasks to queue
[2026-08-12T04:39:30.725+0000] {logging_mixin.py:190} INFO - [2026-08-12T04:39:30.724+0000] {dagbag.py:587} INFO - Filling up the DagBag from /home/airflow/.local/lib/python3.12/site-packages/airflow/example_dags/example_latest_only.py
[2026-08-12T04:39:30.732+0000] {processor.py:925} INFO - DAG(s) 'latest_only' retrieved from /home/airflow/.local/lib/python3.12/site-packages/airflow/example_dags/example_latest_only.py
[2026-08-12T04:39:30.754+0000] {logging_mixin.py:190} INFO - [2026-08-12T04:39:30.753+0000] {dag.py:3211} INFO - Sync 1 DAGs
[2026-08-12T04:39:30.774+0000] {logging_mixin.py:190} INFO - [2026-08-12T04:39:30.774+0000] {dag.py:4138} INFO - Setting next_dagrun for latest_only to 2026-08-12 00:00:00+00:00, run_after=2026-08-12 04:00:00+00:00
[2026-08-12T04:39:30.791+0000] {processor.py:208} INFO - Processing /home/airflow/.local/lib/python3.12/site-packages/airflow/example_dags/example_latest_only.py took 0.076 seconds
[2026-08-12T04:40:01.090+0000] {processor.py:186} INFO - Started process (PID=934) to work on /home/airflow/.local/lib/python3.12/site-packages/airflow/example_dags/example_latest_only.py
[2026-08-12T04:40:01.092+0000] {processor.py:914} INFO - Processing file /home/airflow/.local/lib/python3.12/site-packages/airflow/example_dags/example_latest_only.py for tasks to queue
[2026-08-12T04:40:01.096+0000] {logging_mixin.py:190} INFO - [2026-08-12T04:40:01.095+0000] {dagbag.py:587} INFO - Filling up the DagBag from /home/airflow/.local/lib/python3.12/site-packages/airflow/example_dags/example_latest_only.py
[2026-08-12T04:40:01.123+0000] {processor.py:925} INFO - DAG(s) 'latest_only' retrieved from /home/airflow/.local/lib/python3.12/site-packages/airflow/example_dags/example_latest_only.py
[2026-08-12T04:40:01.171+0000] {logging_mixin.py:190} INFO - [2026-08-12T04:40:01.171+0000] {dag.py:3211} INFO - Sync 1 DAGs
[2026-08-12T04:40:01.206+0000] {logging_mixin.py:190} INFO - [2026-08-12T04:40:01.206+0000] {dag.py:4138} INFO - Setting next_dagrun for latest_only to 2026-08-12 00:00:00+00:00, run_after=2026-08-12 04:00:00+00:00
[2026-08-12T04:40:01.227+0000] {processor.py:208} INFO - Processing /home/airflow/.local/lib/python3.12/site-packages/airflow/example_dags/example_latest_only.py took 0.147 seconds
[2026-08-12T04:40:31.473+0000] {processor.py:186} INFO - Started process (PID=996) to work on /home/airflow/.local/lib/python3.12/site-packages/airflow/example_dags/example_latest_only.py
[2026-08-12T04:40:31.475+0000] {processor.py:914} INFO - Processing file /home/airflow/.local/lib/python3.12/site-packages/airflow/example_dags/example_latest_only.py for tasks to queue
[2026-08-12T04:40:31.478+0000] {logging_mixin.py:190} INFO - [2026-08-12T04:40:31.477+0000] {dagbag.py:587} INFO - Filling up the DagBag from /home/airflow/.local/lib/python3.12/site-packages/airflow/example_dags/example_latest_only.py
[2026-08-12T04:40:31.485+0000] {processor.py:925} INFO - DAG(s) 'latest_only' retrieved from /home/airflow/.local/lib/python3.12/site-packages/airflow/example_dags/example_latest_only.py
[2026-08-12T04:40:31.504+0000] {logging_mixin.py:190} INFO - [2026-08-12T04:40:31.504+0000] {dag.py:3211} INFO - Sync 1 DAGs
[2026-08-12T04:40:31.526+0000] {logging_mixin.py:190} INFO - [2026-08-12T04:40:31.526+0000] {dag.py:4138} INFO - Setting next_dagrun for latest_only to 2026-08-12 00:00:00+00:00, run_after=2026-08-12 04:00:00+00:00
[2026-08-12T04:40:31.545+0000] {processor.py:208} INFO - Processing /home/airflow/.local/lib/python3.12/site-packages/airflow/example_dags/example_latest_only.py took 0.077 seconds
[2026-08-12T04:41:02.010+0000] {processor.py:186} INFO - Started process (PID=1057) to work on /home/airflow/.local/lib/python3.12/site-packages/airflow/example_dags/example_latest_only.py
[2026-08-12T04:41:02.012+0000] {processor.py:914} INFO - Processing file /home/airflow/.local/lib/python3.12/site-packages/airflow/example_dags/example_latest_only.py for tasks to queue
[2026-08-12T04:41:02.015+0000] {logging_mixin.py:190} INFO - [2026-08-12T04:41:02.014+0000] {dagbag.py:587} INFO - Filling up the DagBag from /home/airflow/.local/lib/python3.12/site-packages/airflow/example_dags/example_latest_only.py
[2026-08-12T04:41:02.023+0000] {processor.py:925} INFO - DAG(s) 'latest_only' retrieved from /home/airflow/.local/lib/python3.12/site-packages/airflow/example_dags/example_latest_only.py
[2026-08-12T04:41:02.042+0000] {logging_mixin.py:190} INFO - [2026-08-12T04:41:02.042+0000] {dag.py:3211} INFO - Sync 1 DAGs
[2026-08-12T04:41:02.064+0000] {logging_mixin.py:190} INFO - [2026-08-12T04:41:02.063+0000] {dag.py:4138} INFO - Setting next_dagrun for latest_only to 2026-08-12 00:00:00+00:00, run_after=2026-08-12 04:00:00+00:00
[2026-08-12T04:41:02.098+0000] {processor.py:208} INFO - Processing /home/airflow/.local/lib/python3.12/site-packages/airflow/example_dags/example_latest_only.py took 0.093 seconds
[2026-08-12T04:41:32.697+0000] {processor.py:186} INFO - Started process (PID=1119) to work on /home/airflow/.local/lib/python3.12/site-packages/airflow/example_dags/example_latest_only.py
[2026-08-12T04:41:32.699+0000] {processor.py:914} INFO - Processing file /home/airflow/.local/lib/python3.12/site-packages/airflow/example_dags/example_latest_only.py for tasks to queue
[2026-08-12T04:41:32.702+0000] {logging_mixin.py:190} INFO - [2026-08-12T04:41:32.702+0000] {dagbag.py:587} INFO - Filling up the DagBag from /home/airflow/.local/lib/python3.12/site-packages/airflow/example_dags/example_latest_only.py
[2026-08-12T04:41:32.710+0000] {processor.py:925} INFO - DAG(s) 'latest_only' retrieved from /home/airflow/.local/lib/python3.12/site-packages/airflow/example_dags/example_latest_only.py
[2026-08-12T04:41:32.738+0000] {logging_mixin.py:190} INFO - [2026-08-12T04:41:32.738+0000] {dag.py:3211} INFO - Sync 1 DAGs
[2026-08-12T04:41:32.766+0000] {logging_mixin.py:190} INFO - [2026-08-12T04:41:32.766+0000] {dag.py:4138} INFO - Setting next_dagrun for latest_only to 2026-08-12 00:00:00+00:00, run_after=2026-08-12 04:00:00+00:00
[2026-08-12T04:41:32.791+0000] {processor.py:208} INFO - Processing /home/airflow/.local/lib/python3.12/site-packages/airflow/example_dags/example_latest_only.py took 0.100 seconds
[2026-08-12T04:42:03.318+0000] {processor.py:186} INFO - Started process (PID=1182) to work on /home/airflow/.local/lib/python3.12/site-packages/airflow/example_dags/example_latest_only.py
[2026-08-12T04:42:03.320+0000] {processor.py:914} INFO - Processing file /home/airflow/.local/lib/python3.12/site-packages/airflow/example_dags/example_latest_only.py for tasks to queue
[2026-08-12T04:42:03.323+0000] {logging_mixin.py:190} INFO - [2026-08-12T04:42:03.323+0000] {dagbag.py:587} INFO - Filling up the DagBag from /home/airflow/.local/lib/python3.12/site-packages/airflow/example_dags/example_latest_only.py
[2026-08-12T04:42:03.331+0000] {processor.py:925} INFO - DAG(s) 'latest_only' retrieved from /home/airflow/.local/lib/python3.12/site-packages/airflow/example_dags/example_latest_only.py
[2026-08-12T04:42:03.351+0000] {logging_mixin.py:190} INFO - [2026-08-12T04:42:03.351+0000] {dag.py:3211} INFO - Sync 1 DAGs
[2026-08-12T04:42:03.377+0000] {logging_mixin.py:190} INFO - [2026-08-12T04:42:03.377+0000] {dag.py:4138} INFO - Setting next_dagrun for latest_only to 2026-08-12 00:00:00+00:00, run_after=2026-08-12 04:00:00+00:00
[2026-08-12T04:42:03.400+0000] {processor.py:208} INFO - Processing /home/airflow/.local/lib/python3.12/site-packages/airflow/example_dags/example_latest_only.py took 0.086 seconds
[2026-08-12T04:42:34.255+0000] {processor.py:186} INFO - Started process (PID=1244) to work on /home/airflow/.local/lib/python3.12/site-packages/airflow/example_dags/example_latest_only.py
[2026-08-12T04:42:34.256+0000] {processor.py:914} INFO - Processing file /home/airflow/.local/lib/python3.12/site-packages/airflow/example_dags/example_latest_only.py for tasks to queue
[2026-08-12T04:42:34.260+0000] {logging_mixin.py:190} INFO - [2026-08-12T04:42:34.260+0000] {dagbag.py:587} INFO - Filling up the DagBag from /home/airflow/.local/lib/python3.12/site-packages/airflow/example_dags/example_latest_only.py
[2026-08-12T04:42:34.269+0000] {processor.py:925} INFO - DAG(s) 'latest_only' retrieved from /home/airflow/.local/lib/python3.12/site-packages/airflow/example_dags/example_latest_only.py
[2026-08-12T04:42:34.289+0000] {logging_mixin.py:190} INFO - [2026-08-12T04:42:34.289+0000] {dag.py:3211} INFO - Sync 1 DAGs
[2026-08-12T04:42:34.316+0000] {logging_mixin.py:190} INFO - [2026-08-12T04:42:34.316+0000] {dag.py:4138} INFO - Setting next_dagrun for latest_only to 2026-08-12 00:00:00+00:00, run_after=2026-08-12 04:00:00+00:00
[2026-08-12T04:42:34.336+0000] {processor.py:208} INFO - Processing /home/airflow/.local/lib/python3.12/site-packages/airflow/example_dags/example_latest_only.py took 0.086 seconds
[2026-08-12T04:43:04.948+0000] {processor.py:186} INFO - Started process (PID=1306) to work on /home/airflow/.local/lib/python3.12/site-packages/airflow/example_dags/example_latest_only.py
[2026-08-12T04:43:04.949+0000] {processor.py:914} INFO - Processing file /home/airflow/.local/lib/python3.12/site-packages/airflow/example_dags/example_latest_only.py for tasks to queue
[2026-08-12T04:43:04.952+0000] {logging_mixin.py:190} INFO - [2026-08-12T04:43:04.952+0000] {dagbag.py:587} INFO - Filling up the DagBag from /home/airflow/.local/lib/python3.12/site-packages/airflow/example_dags/example_latest_only.py
[2026-08-12T04:43:04.975+0000] {processor.py:925} INFO - DAG(s) 'latest_only' retrieved from /home/airflow/.local/lib/python3.12/site-packages/airflow/example_dags/example_latest_only.py
[2026-08-12T04:43:04.999+0000] {logging_mixin.py:190} INFO - [2026-08-12T04:43:04.999+0000] {dag.py:3211} INFO - Sync 1 DAGs
[2026-08-12T04:43:05.025+0000] {logging_mixin.py:190} INFO - [2026-08-12T04:43:05.025+0000] {dag.py:4138} INFO - Setting next_dagrun for latest_only to 2026-08-12 00:00:00+00:00, run_after=2026-08-12 04:00:00+00:00
[2026-08-12T04:43:05.045+0000] {processor.py:208} INFO - Processing /home/airflow/.local/lib/python3.12/site-packages/airflow/example_dags/example_latest_only.py took 0.102 seconds
[2026-08-12T04:43:35.371+0000] {processor.py:186} INFO - Started process (PID=1368) to work on /home/airflow/.local/lib/python3.12/site-packages/airflow/example_dags/example_latest_only.py
[2026-08-12T04:43:35.373+0000] {processor.py:914} INFO - Processing file /home/airflow/.local/lib/python3.12/site-packages/airflow/example_dags/example_latest_only.py for tasks to queue
[2026-08-12T04:43:35.377+0000] {logging_mixin.py:190} INFO - [2026-08-12T04:43:35.377+0000] {dagbag.py:587} INFO - Filling up the DagBag from /home/airflow/.local/lib/python3.12/site-packages/airflow/example_dags/example_latest_only.py
[2026-08-12T04:43:35.387+0000] {processor.py:925} INFO - DAG(s) 'latest_only' retrieved from /home/airflow/.local/lib/python3.12/site-packages/airflow/example_dags/example_latest_only.py
[2026-08-12T04:43:35.416+0000] {logging_mixin.py:190} INFO - [2026-08-12T04:43:35.415+0000] {dag.py:3211} INFO - Sync 1 DAGs
[2026-08-12T04:43:35.444+0000] {logging_mixin.py:190} INFO - [2026-08-12T04:43:35.444+0000] {dag.py:4138} INFO - Setting next_dagrun for latest_only to 2026-08-12 00:00:00+00:00, run_after=2026-08-12 04:00:00+00:00
[2026-08-12T04:43:35.465+0000] {processor.py:208} INFO - Processing /home/airflow/.local/lib/python3.12/site-packages/airflow/example_dags/example_latest_only.py took 0.103 seconds
[2026-08-12T04:44:05.720+0000] {processor.py:186} INFO - Started process (PID=1430) to work on /home/airflow/.local/lib/python3.12/site-packages/airflow/example_dags/example_latest_only.py
[2026-08-12T04:44:05.722+0000] {processor.py:914} INFO - Processing file /home/airflow/.local/lib/python3.12/site-packages/airflow/example_dags/example_latest_only.py for tasks to queue
[2026-08-12T04:44:05.725+0000] {logging_mixin.py:190} INFO - [2026-08-12T04:44:05.725+0000] {dagbag.py:587} INFO - Filling up the DagBag from /home/airflow/.local/lib/python3.12/site-packages/airflow/example_dags/example_latest_only.py
[2026-08-12T04:44:05.734+0000] {processor.py:925} INFO - DAG(s) 'latest_only' retrieved from /home/airflow/.local/lib/python3.12/site-packages/airflow/example_dags/example_latest_only.py
[2026-08-12T04:44:05.757+0000] {logging_mixin.py:190} INFO - [2026-08-12T04:44:05.756+0000] {dag.py:3211} INFO - Sync 1 DAGs
[2026-08-12T04:44:05.783+0000] {logging_mixin.py:190} INFO - [2026-08-12T04:44:05.782+0000] {dag.py:4138} INFO - Setting next_dagrun for latest_only to 2026-08-12 00:00:00+00:00, run_after=2026-08-12 04:00:00+00:00
[2026-08-12T04:44:05.809+0000] {processor.py:208} INFO - Processing /home/airflow/.local/lib/python3.12/site-packages/airflow/example_dags/example_latest_only.py took 0.094 seconds
[2026-08-12T04:44:36.527+0000] {processor.py:186} INFO - Started process (PID=1492) to work on /home/airflow/.local/lib/python3.12/site-packages/airflow/example_dags/example_latest_only.py
[2026-08-12T04:44:36.529+0000] {processor.py:914} INFO - Processing file /home/airflow/.local/lib/python3.12/site-packages/airflow/example_dags/example_latest_only.py for tasks to queue
[2026-08-12T04:44:36.532+0000] {logging_mixin.py:190} INFO - [2026-08-12T04:44:36.532+0000] {dagbag.py:587} INFO - Filling up the DagBag from /home/airflow/.local/lib/python3.12/site-packages/airflow/example_dags/example_latest_only.py
[2026-08-12T04:44:36.544+0000] {processor.py:925} INFO - DAG(s) 'latest_only' retrieved from /home/airflow/.local/lib/python3.12/site-packages/airflow/example_dags/example_latest_only.py
[2026-08-12T04:44:36.567+0000] {logging_mixin.py:190} INFO - [2026-08-12T04:44:36.567+0000] {dag.py:3211} INFO - Sync 1 DAGs
[2026-08-12T04:44:36.591+0000] {logging_mixin.py:190} INFO - [2026-08-12T04:44:36.591+0000] {dag.py:4138} INFO - Setting next_dagrun for latest_only to 2026-08-12 00:00:00+00:00, run_after=2026-08-12 04:00:00+00:00
[2026-08-12T04:44:36.612+0000] {processor.py:208} INFO - Processing /home/airflow/.local/lib/python3.12/site-packages/airflow/example_dags/example_latest_only.py took 0.091 seconds
[2026-08-12T04:45:06.981+0000] {processor.py:186} INFO - Started process (PID=1554) to work on /home/airflow/.local/lib/python3.12/site-packages/airflow/example_dags/example_latest_only.py
[2026-08-12T04:45:06.983+0000] {processor.py:914} INFO - Processing file /home/airflow/.local/lib/python3.12/site-packages/airflow/example_dags/example_latest_only.py for tasks to queue
[2026-08-12T04:45:06.986+0000] {logging_mixin.py:190} INFO - [2026-08-12T04:45:06.985+0000] {dagbag.py:587} INFO - Filling up the DagBag from /home/airflow/.local/lib/python3.12/site-packages/airflow/example_dags/example_latest_only.py
[2026-08-12T04:45:06.993+0000] {processor.py:925} INFO - DAG(s) 'latest_only' retrieved from /home/airflow/.local/lib/python3.12/site-packages/airflow/example_dags/example_latest_only.py
[2026-08-12T04:45:07.014+0000] {logging_mixin.py:190} INFO - [2026-08-12T04:45:07.013+0000] {dag.py:3211} INFO - Sync 1 DAGs
[2026-08-12T04:45:07.038+0000] {logging_mixin.py:190} INFO - [2026-08-12T04:45:07.038+0000] {dag.py:4138} INFO - Setting next_dagrun for latest_only to 2026-08-12 00:00:00+00:00, run_after=2026-08-12 04:00:00+00:00
[2026-08-12T04:45:07.057+0000] {processor.py:208} INFO - Processing /home/airflow/.local/lib/python3.12/site-packages/airflow/example_dags/example_latest_only.py took 0.081 seconds
[2026-08-12T04:45:37.733+0000] {processor.py:186} INFO - Started process (PID=1616) to work on /home/airflow/.local/lib/python3.12/site-packages/airflow/example_dags/example_latest_only.py
[2026-08-12T04:45:37.735+0000] {processor.py:914} INFO - Processing file /home/airflow/.local/lib/python3.12/site-packages/airflow/example_dags/example_latest_only.py for tasks to queue
[2026-08-12T04:45:37.738+0000] {logging_mixin.py:190} INFO - [2026-08-12T04:45:37.738+0000] {dagbag.py:587} INFO - Filling up the DagBag from /home/airflow/.local/lib/python3.12/site-packages/airflow/example_dags/example_latest_only.py
[2026-08-12T04:45:37.745+0000] {processor.py:925} INFO - DAG(s) 'latest_only' retrieved from /home/airflow/.local/lib/python3.12/site-packages/airflow/example_dags/example_latest_only.py
[2026-08-12T04:45:37.765+0000] {logging_mixin.py:190} INFO - [2026-08-12T04:45:37.765+0000] {dag.py:3211} INFO - Sync 1 DAGs
[2026-08-12T04:45:37.800+0000] {logging_mixin.py:190} INFO - [2026-08-12T04:45:37.800+0000] {dag.py:4138} INFO - Setting next_dagrun for latest_only to 2026-08-12 00:00:00+00:00, run_after=2026-08-12 04:00:00+00:00
[2026-08-12T04:45:37.819+0000] {processor.py:208} INFO - Processing /home/airflow/.local/lib/python3.12/site-packages/airflow/example_dags/example_latest_only.py took 0.091 seconds
[2026-08-12T04:46:08.142+0000] {processor.py:186} INFO - Started process (PID=1678) to work on /home/airflow/.local/lib/python3.12/site-packages/airflow/example_dags/example_latest_only.py
[2026-08-12T04:46:08.144+0000] {processor.py:914} INFO - Processing file /home/airflow/.local/lib/python3.12/site-packages/airflow/example_dags/example_latest_only.py for tasks to queue
[2026-08-12T04:46:08.147+0000] {logging_mixin.py:190} INFO - [2026-08-12T04:46:08.147+0000] {dagbag.py:587} INFO - Filling up the DagBag from /home/airflow/.local/lib/python3.12/site-packages/airflow/example_dags/example_latest_only.py
[2026-08-12T04:46:08.155+0000] {processor.py:925} INFO - DAG(s) 'latest_only' retrieved from /home/airflow/.local/lib/python3.12/site-packages/airflow/example_dags/example_latest_only.py
[2026-08-12T04:46:08.175+0000] {logging_mixin.py:190} INFO - [2026-08-12T04:46:08.175+0000] {dag.py:3211} INFO - Sync 1 DAGs
[2026-08-12T04:46:08.204+0000] {logging_mixin.py:190} INFO - [2026-08-12T04:46:08.204+0000] {dag.py:4138} INFO - Setting next_dagrun for latest_only to 2026-08-12 00:00:00+00:00, run_after=2026-08-12 04:00:00+00:00
[2026-08-12T04:46:08.226+0000] {processor.py:208} INFO - Processing /home/airflow/.local/lib/python3.12/site-packages/airflow/example_dags/example_latest_only.py took 0.090 seconds
[2026-08-12T04:46:38.618+0000] {processor.py:186} INFO - Started process (PID=1740) to work on /home/airflow/.local/lib/python3.12/site-packages/airflow/example_dags/example_latest_only.py
[2026-08-12T04:46:38.620+0000] {processor.py:914} INFO - Processing file /home/airflow/.local/lib/python3.12/site-packages/airflow/example_dags/example_latest_only.py for tasks to queue
[2026-08-12T04:46:38.625+0000] {logging_mixin.py:190} INFO - [2026-08-12T04:46:38.625+0000] {dagbag.py:587} INFO - Filling up the DagBag from /home/airflow/.local/lib/python3.12/site-packages/airflow/example_dags/example_latest_only.py
[2026-08-12T04:46:38.637+0000] {processor.py:925} INFO - DAG(s) 'latest_only' retrieved from /home/airflow/.local/lib/python3.12/site-packages/airflow/example_dags/example_latest_only.py
[2026-08-12T04:46:38.671+0000] {logging_mixin.py:190} INFO - [2026-08-12T04:46:38.671+0000] {dag.py:3211} INFO - Sync 1 DAGs
[2026-08-12T04:46:38.711+0000] {logging_mixin.py:190} INFO - [2026-08-12T04:46:38.710+0000] {dag.py:4138} INFO - Setting next_dagrun for latest_only to 2026-08-12 00:00:00+00:00, run_after=2026-08-12 04:00:00+00:00
[2026-08-12T04:46:38.733+0000] {processor.py:208} INFO - Processing /home/airflow/.local/lib/python3.12/site-packages/airflow/example_dags/example_latest_only.py took 0.126 seconds
[2026-08-12T04:47:09.330+0000] {processor.py:186} INFO - Started process (PID=1802) to work on /home/airflow/.local/lib/python3.12/site-packages/airflow/example_dags/example_latest_only.py
[2026-08-12T04:47:09.332+0000] {processor.py:914} INFO - Processing file /home/airflow/.local/lib/python3.12/site-packages/airflow/example_dags/example_latest_only.py for tasks to queue
[2026-08-12T04:47:09.336+0000] {logging_mixin.py:190} INFO - [2026-08-12T04:47:09.336+0000] {dagbag.py:587} INFO - Filling up the DagBag from /home/airflow/.local/lib/python3.12/site-packages/airflow/example_dags/example_latest_only.py
[2026-08-12T04:47:09.346+0000] {processor.py:925} INFO - DAG(s) 'latest_only' retrieved from /home/airflow/.local/lib/python3.12/site-packages/airflow/example_dags/example_latest_only.py
[2026-08-12T04:47:09.369+0000] {logging_mixin.py:190} INFO - [2026-08-12T04:47:09.369+0000] {dag.py:3211} INFO - Sync 1 DAGs
[2026-08-12T04:47:09.392+0000] {logging_mixin.py:190} INFO - [2026-08-12T04:47:09.392+0000] {dag.py:4138} INFO - Setting next_dagrun for latest_only to 2026-08-12 00:00:00+00:00, run_after=2026-08-12 04:00:00+00:00
[2026-08-12T04:47:09.414+0000] {processor.py:208} INFO - Processing /home/airflow/.local/lib/python3.12/site-packages/airflow/example_dags/example_latest_only.py took 0.090 seconds
[2026-08-12T04:47:39.682+0000] {processor.py:186} INFO - Started process (PID=1864) to work on /home/airflow/.local/lib/python3.12/site-packages/airflow/example_dags/example_latest_only.py
[2026-08-12T04:47:39.683+0000] {processor.py:914} INFO - Processing file /home/airflow/.local/lib/python3.12/site-packages/airflow/example_dags/example_latest_only.py for tasks to queue
[2026-08-12T04:47:39.686+0000] {logging_mixin.py:190} INFO - [2026-08-12T04:47:39.686+0000] {dagbag.py:587} INFO - Filling up the DagBag from /home/airflow/.local/lib/python3.12/site-packages/airflow/example_dags/example_latest_only.py
[2026-08-12T04:47:39.695+0000] {processor.py:925} INFO - DAG(s) 'latest_only' retrieved from /home/airflow/.local/lib/python3.12/site-packages/airflow/example_dags/example_latest_only.py
[2026-08-12T04:47:39.717+0000] {logging_mixin.py:190} INFO - [2026-08-12T04:47:39.716+0000] {dag.py:3211} INFO - Sync 1 DAGs
[2026-08-12T04:47:39.742+0000] {logging_mixin.py:190} INFO - [2026-08-12T04:47:39.742+0000] {dag.py:4138} INFO - Setting next_dagrun for latest_only to 2026-08-12 00:00:00+00:00, run_after=2026-08-12 04:00:00+00:00
[2026-08-12T04:47:39.767+0000] {processor.py:208} INFO - Processing /home/airflow/.local/lib/python3.12/site-packages/airflow/example_dags/example_latest_only.py took 0.092 seconds
[2026-08-12T04:48:10.452+0000] {processor.py:186} INFO - Started process (PID=1926) to work on /home/airflow/.local/lib/python3.12/site-packages/airflow/example_dags/example_latest_only.py
[2026-08-12T04:48:10.454+0000] {processor.py:914} INFO - Processing file /home/airflow/.local/lib/python3.12/site-packages/airflow/example_dags/example_latest_only.py for tasks to queue
[2026-08-12T04:48:10.459+0000] {logging_mixin.py:190} INFO - [2026-08-12T04:48:10.458+0000] {dagbag.py:587} INFO - Filling up the DagBag from /home/airflow/.local/lib/python3.12/site-packages/airflow/example_dags/example_latest_only.py
[2026-08-12T04:48:10.467+0000] {processor.py:925} INFO - DAG(s) 'latest_only' retrieved from /home/airflow/.local/lib/python3.12/site-packages/airflow/example_dags/example_latest_only.py
[2026-08-12T04:48:10.493+0000] {logging_mixin.py:190} INFO - [2026-08-12T04:48:10.493+0000] {dag.py:3211} INFO - Sync 1 DAGs
[2026-08-12T04:48:10.517+0000] {logging_mixin.py:190} INFO - [2026-08-12T04:48:10.517+0000] {dag.py:4138} INFO - Setting next_dagrun for latest_only to 2026-08-12 00:00:00+00:00, run_after=2026-08-12 04:00:00+00:00
[2026-08-12T04:48:10.544+0000] {processor.py:208} INFO - Processing /home/airflow/.local/lib/python3.12/site-packages/airflow/example_dags/example_latest_only.py took 0.100 seconds
[2026-08-12T04:48:40.641+0000] {processor.py:186} INFO - Started process (PID=1988) to work on /home/airflow/.local/lib/python3.12/site-packages/airflow/example_dags/example_latest_only.py
[2026-08-12T04:48:40.643+0000] {processor.py:914} INFO - Processing file /home/airflow/.local/lib/python3.12/site-packages/airflow/example_dags/example_latest_only.py for tasks to queue
[2026-08-12T04:48:40.647+0000] {logging_mixin.py:190} INFO - [2026-08-12T04:48:40.647+0000] {dagbag.py:587} INFO - Filling up the DagBag from /home/airflow/.local/lib/python3.12/site-packages/airflow/example_dags/example_latest_only.py
[2026-08-12T04:48:40.654+0000] {processor.py:925} INFO - DAG(s) 'latest_only' retrieved from /home/airflow/.local/lib/python3.12/site-packages/airflow/example_dags/example_latest_only.py
[2026-08-12T04:48:40.676+0000] {logging_mixin.py:190} INFO - [2026-08-12T04:48:40.676+0000] {dag.py:3211} INFO - Sync 1 DAGs
[2026-08-12T04:48:40.703+0000] {logging_mixin.py:190} INFO - [2026-08-12T04:48:40.703+0000] {dag.py:4138} INFO - Setting next_dagrun for latest_only to 2026-08-12 00:00:00+00:00, run_after=2026-08-12 04:00:00+00:00
[2026-08-12T04:48:40.726+0000] {processor.py:208} INFO - Processing /home/airflow/.local/lib/python3.12/site-packages/airflow/example_dags/example_latest_only.py took 0.090 seconds
[2026-08-12T04:49:11.974+0000] {processor.py:186} INFO - Started process (PID=2050) to work on /home/airflow/.local/lib/python3.12/site-packages/airflow/example_dags/example_latest_only.py
[2026-08-12T04:49:11.977+0000] {processor.py:914} INFO - Processing file /home/airflow/.local/lib/python3.12/site-packages/airflow/example_dags/example_latest_only.py for tasks to queue
[2026-08-12T04:49:11.982+0000] {logging_mixin.py:190} INFO - [2026-08-12T04:49:11.982+0000] {dagbag.py:587} INFO - Filling up the DagBag from /home/airflow/.local/lib/python3.12/site-packages/airflow/example_dags/example_latest_only.py
[2026-08-12T04:49:11.993+0000] {processor.py:925} INFO - DAG(s) 'latest_only' retrieved from /home/airflow/.local/lib/python3.12/site-packages/airflow/example_dags/example_latest_only.py
[2026-08-12T04:49:12.028+0000] {logging_mixin.py:190} INFO - [2026-08-12T04:49:12.027+0000] {dag.py:3211} INFO - Sync 1 DAGs
[2026-08-12T04:49:12.107+0000] {logging_mixin.py:190} INFO - [2026-08-12T04:49:12.107+0000] {dag.py:4138} INFO - Setting next_dagrun for latest_only to 2026-08-12 00:00:00+00:00, run_after=2026-08-12 04:00:00+00:00
[2026-08-12T04:49:12.139+0000] {processor.py:208} INFO - Processing /home/airflow/.local/lib/python3.12/site-packages/airflow/example_dags/example_latest_only.py took 0.176 seconds
[2026-08-12T04:49:42.419+0000] {processor.py:186} INFO - Started process (PID=2112) to work on /home/airflow/.local/lib/python3.12/site-packages/airflow/example_dags/example_latest_only.py
[2026-08-12T04:49:42.421+0000] {processor.py:914} INFO - Processing file /home/airflow/.local/lib/python3.12/site-packages/airflow/example_dags/example_latest_only.py for tasks to queue
[2026-08-12T04:49:42.423+0000] {logging_mixin.py:190} INFO - [2026-08-12T04:49:42.423+0000] {dagbag.py:587} INFO - Filling up the DagBag from /home/airflow/.local/lib/python3.12/site-packages/airflow/example_dags/example_latest_only.py
[2026-08-12T04:49:42.431+0000] {processor.py:925} INFO - DAG(s) 'latest_only' retrieved from /home/airflow/.local/lib/python3.12/site-packages/airflow/example_dags/example_latest_only.py
[2026-08-12T04:49:42.453+0000] {logging_mixin.py:190} INFO - [2026-08-12T04:49:42.452+0000] {dag.py:3211} INFO - Sync 1 DAGs
[2026-08-12T04:49:42.477+0000] {logging_mixin.py:190} INFO - [2026-08-12T04:49:42.477+0000] {dag.py:4138} INFO - Setting next_dagrun for latest_only to 2026-08-12 00:00:00+00:00, run_after=2026-08-12 04:00:00+00:00
[2026-08-12T04:49:42.513+0000] {processor.py:208} INFO - Processing /home/airflow/.local/lib/python3.12/site-packages/airflow/example_dags/example_latest_only.py took 0.099 seconds
[2026-08-12T04:50:13.124+0000] {processor.py:186} INFO - Started process (PID=2174) to work on /home/airflow/.local/lib/python3.12/site-packages/airflow/example_dags/example_latest_only.py
[2026-08-12T04:50:13.125+0000] {processor.py:914} INFO - Processing file /home/airflow/.local/lib/python3.12/site-packages/airflow/example_dags/example_latest_only.py for tasks to queue
[2026-08-12T04:50:13.129+0000] {logging_mixin.py:190} INFO - [2026-08-12T04:50:13.129+0000] {dagbag.py:587} INFO - Filling up the DagBag from /home/airflow/.local/lib/python3.12/site-packages/airflow/example_dags/example_latest_only.py
[2026-08-12T04:50:13.140+0000] {processor.py:925} INFO - DAG(s) 'latest_only' retrieved from /home/airflow/.local/lib/python3.12/site-packages/airflow/example_dags/example_latest_only.py
[2026-08-12T04:50:13.163+0000] {logging_mixin.py:190} INFO - [2026-08-12T04:50:13.162+0000] {dag.py:3211} INFO - Sync 1 DAGs
[2026-08-12T04:50:13.185+0000] {logging_mixin.py:190} INFO - [2026-08-12T04:50:13.185+0000] {dag.py:4138} INFO - Setting next_dagrun for latest_only to 2026-08-12 00:00:00+00:00, run_after=2026-08-12 04:00:00+00:00
[2026-08-12T04:50:13.220+0000] {processor.py:208} INFO - Processing /home/airflow/.local/lib/python3.12/site-packages/airflow/example_dags/example_latest_only.py took 0.102 seconds
[2026-08-12T04:50:43.525+0000] {processor.py:186} INFO - Started process (PID=2235) to work on /home/airflow/.local/lib/python3.12/site-packages/airflow/example_dags/example_latest_only.py
[2026-08-12T04:50:43.527+0000] {processor.py:914} INFO - Processing file /home/airflow/.local/lib/python3.12/site-packages/airflow/example_dags/example_latest_only.py for tasks to queue
[2026-08-12T04:50:43.532+0000] {logging_mixin.py:190} INFO - [2026-08-12T04:50:43.531+0000] {dagbag.py:587} INFO - Filling up the DagBag from /home/airflow/.local/lib/python3.12/site-packages/airflow/example_dags/example_latest_only.py
[2026-08-12T04:50:43.545+0000] {processor.py:925} INFO - DAG(s) 'latest_only' retrieved from /home/airflow/.local/lib/python3.12/site-packages/airflow/example_dags/example_latest_only.py
[2026-08-12T04:50:43.573+0000] {logging_mixin.py:190} INFO - [2026-08-12T04:50:43.572+0000] {dag.py:3211} INFO - Sync 1 DAGs
[2026-08-12T04:50:43.600+0000] {logging_mixin.py:190} INFO - [2026-08-12T04:50:43.600+0000] {dag.py:4138} INFO - Setting next_dagrun for latest_only to 2026-08-12 00:00:00+00:00, run_after=2026-08-12 04:00:00+00:00
[2026-08-12T04:50:43.624+0000] {processor.py:208} INFO - Processing /home/airflow/.local/lib/python3.12/site-packages/airflow/example_dags/example_latest_only.py took 0.107 seconds
[2026-08-12T04:51:14.386+0000] {processor.py:186} INFO - Started process (PID=2298) to work on /home/airflow/.local/lib/python3.12/site-packages/airflow/example_dags/example_latest_only.py
[2026-08-12T04:51:14.387+0000] {processor.py:914} INFO - Processing file /home/airflow/.local/lib/python3.12/site-packages/airflow/example_dags/example_latest_only.py for tasks to queue
[2026-08-12T04:51:14.390+0000] {logging_mixin.py:190} INFO - [2026-08-12T04:51:14.390+0000] {dagbag.py:587} INFO - Filling up the DagBag from /home/airflow/.local/lib/python3.12/site-packages/airflow/example_dags/example_latest_only.py
[2026-08-12T04:51:14.397+0000] {processor.py:925} INFO - DAG(s) 'latest_only' retrieved from /home/airflow/.local/lib/python3.12/site-packages/airflow/example_dags/example_latest_only.py
[2026-08-12T04:51:14.418+0000] {logging_mixin.py:190} INFO - [2026-08-12T04:51:14.417+0000] {dag.py:3211} INFO - Sync 1 DAGs
[2026-08-12T04:51:14.456+0000] {logging_mixin.py:190} INFO - [2026-08-12T04:51:14.456+0000] {dag.py:4138} INFO - Setting next_dagrun for latest_only to 2026-08-12 00:00:00+00:00, run_after=2026-08-12 04:00:00+00:00
[2026-08-12T04:51:14.490+0000] {processor.py:208} INFO - Processing /home/airflow/.local/lib/python3.12/site-packages/airflow/example_dags/example_latest_only.py took 0.109 seconds
[2026-08-12T04:51:44.542+0000] {processor.py:186} INFO - Started process (PID=2359) to work on /home/airflow/.local/lib/python3.12/site-packages/airflow/example_dags/example_latest_only.py
[2026-08-12T04:51:44.544+0000] {processor.py:914} INFO - Processing file /home/airflow/.local/lib/python3.12/site-packages/airflow/example_dags/example_latest_only.py for tasks to queue
[2026-08-12T04:51:44.546+0000] {logging_mixin.py:190} INFO - [2026-08-12T04:51:44.546+0000] {dagbag.py:587} INFO - Filling up the DagBag from /home/airflow/.local/lib/python3.12/site-packages/airflow/example_dags/example_latest_only.py
[2026-08-12T04:51:44.553+0000] {processor.py:925} INFO - DAG(s) 'latest_only' retrieved from /home/airflow/.local/lib/python3.12/site-packages/airflow/example_dags/example_latest_only.py
[2026-08-12T04:51:44.573+0000] {logging_mixin.py:190} INFO - [2026-08-12T04:51:44.573+0000] {dag.py:3211} INFO - Sync 1 DAGs
[2026-08-12T04:51:44.594+0000] {logging_mixin.py:190} INFO - [2026-08-12T04:51:44.594+0000] {dag.py:4138} INFO - Setting next_dagrun for latest_only to 2026-08-12 00:00:00+00:00, run_after=2026-08-12 04:00:00+00:00
[2026-08-12T04:51:44.615+0000] {processor.py:208} INFO - Processing /home/airflow/.local/lib/python3.12/site-packages/airflow/example_dags/example_latest_only.py took 0.079 seconds
[2026-08-12T04:52:15.131+0000] {processor.py:186} INFO - Started process (PID=2421) to work on /home/airflow/.local/lib/python3.12/site-packages/airflow/example_dags/example_latest_only.py
[2026-08-12T04:52:15.133+0000] {processor.py:914} INFO - Processing file /home/airflow/.local/lib/python3.12/site-packages/airflow/example_dags/example_latest_only.py for tasks to queue
[2026-08-12T04:52:15.136+0000] {logging_mixin.py:190} INFO - [2026-08-12T04:52:15.136+0000] {dagbag.py:587} INFO - Filling up the DagBag from /home/airflow/.local/lib/python3.12/site-packages/airflow/example_dags/example_latest_only.py
[2026-08-12T04:52:15.144+0000] {processor.py:925} INFO - DAG(s) 'latest_only' retrieved from /home/airflow/.local/lib/python3.12/site-packages/airflow/example_dags/example_latest_only.py
[2026-08-12T04:52:15.163+0000] {logging_mixin.py:190} INFO - [2026-08-12T04:52:15.163+0000] {dag.py:3211} INFO - Sync 1 DAGs
[2026-08-12T04:52:15.186+0000] {logging_mixin.py:190} INFO - [2026-08-12T04:52:15.186+0000] {dag.py:4138} INFO - Setting next_dagrun for latest_only to 2026-08-12 00:00:00+00:00, run_after=2026-08-12 04:00:00+00:00
[2026-08-12T04:52:15.224+0000] {processor.py:208} INFO - Processing /home/airflow/.local/lib/python3.12/site-packages/airflow/example_dags/example_latest_only.py took 0.100 seconds
[2026-08-12T04:52:45.284+0000] {processor.py:186} INFO - Started process (PID=2483) to work on /home/airflow/.local/lib/python3.12/site-packages/airflow/example_dags/example_latest_only.py
[2026-08-12T04:52:45.286+0000] {processor.py:914} INFO - Processing file /home/airflow/.local/lib/python3.12/site-packages/airflow/example_dags/example_latest_only.py for tasks to queue
[2026-08-12T04:52:45.289+0000] {logging_mixin.py:190} INFO - [2026-08-12T04:52:45.288+0000] {dagbag.py:587} INFO - Filling up the DagBag from /home/airflow/.local/lib/python3.12/site-packages/airflow/example_dags/example_latest_only.py
[2026-08-12T04:52:45.297+0000] {processor.py:925} INFO - DAG(s) 'latest_only' retrieved from /home/airflow/.local/lib/python3.12/site-packages/airflow/example_dags/example_latest_only.py
[2026-08-12T04:52:45.318+0000] {logging_mixin.py:190} INFO - [2026-08-12T04:52:45.317+0000] {dag.py:3211} INFO - Sync 1 DAGs
[2026-08-12T04:52:45.338+0000] {logging_mixin.py:190} INFO - [2026-08-12T04:52:45.338+0000] {dag.py:4138} INFO - Setting next_dagrun for latest_only to 2026-08-12 00:00:00+00:00, run_after=2026-08-12 04:00:00+00:00
[2026-08-12T04:52:45.370+0000] {processor.py:208} INFO - Processing /home/airflow/.local/lib/python3.12/site-packages/airflow/example_dags/example_latest_only.py took 0.092 seconds
[2026-08-12T04:53:15.438+0000] {processor.py:186} INFO - Started process (PID=2546) to work on /home/airflow/.local/lib/python3.12/site-packages/airflow/example_dags/example_latest_only.py
[2026-08-12T04:53:15.439+0000] {processor.py:914} INFO - Processing file /home/airflow/.local/lib/python3.12/site-packages/airflow/example_dags/example_latest_only.py for tasks to queue
[2026-08-12T04:53:15.442+0000] {logging_mixin.py:190} INFO - [2026-08-12T04:53:15.442+0000] {dagbag.py:587} INFO - Filling up the DagBag from /home/airflow/.local/lib/python3.12/site-packages/airflow/example_dags/example_latest_only.py
[2026-08-12T04:53:15.450+0000] {processor.py:925} INFO - DAG(s) 'latest_only' retrieved from /home/airflow/.local/lib/python3.12/site-packages/airflow/example_dags/example_latest_only.py
[2026-08-12T04:53:15.469+0000] {logging_mixin.py:190} INFO - [2026-08-12T04:53:15.468+0000] {dag.py:3211} INFO - Sync 1 DAGs
[2026-08-12T04:53:15.490+0000] {logging_mixin.py:190} INFO - [2026-08-12T04:53:15.489+0000] {dag.py:4138} INFO - Setting next_dagrun for latest_only to 2026-08-12 00:00:00+00:00, run_after=2026-08-12 04:00:00+00:00
[2026-08-12T04:53:15.527+0000] {processor.py:208} INFO - Processing /home/airflow/.local/lib/python3.12/site-packages/airflow/example_dags/example_latest_only.py took 0.095 seconds
[2026-08-12T04:53:45.667+0000] {processor.py:186} INFO - Started process (PID=2609) to work on /home/airflow/.local/lib/python3.12/site-packages/airflow/example_dags/example_latest_only.py
[2026-08-12T04:53:45.669+0000] {processor.py:914} INFO - Processing file /home/airflow/.local/lib/python3.12/site-packages/airflow/example_dags/example_latest_only.py for tasks to queue
[2026-08-12T04:53:45.672+0000] {logging_mixin.py:190} INFO - [2026-08-12T04:53:45.671+0000] {dagbag.py:587} INFO - Filling up the DagBag from /home/airflow/.local/lib/python3.12/site-packages/airflow/example_dags/example_latest_only.py
[2026-08-12T04:53:45.678+0000] {processor.py:925} INFO - DAG(s) 'latest_only' retrieved from /home/airflow/.local/lib/python3.12/site-packages/airflow/example_dags/example_latest_only.py
[2026-08-12T04:53:45.700+0000] {logging_mixin.py:190} INFO - [2026-08-12T04:53:45.700+0000] {dag.py:3211} INFO - Sync 1 DAGs
[2026-08-12T04:53:45.722+0000] {logging_mixin.py:190} INFO - [2026-08-12T04:53:45.721+0000] {dag.py:4138} INFO - Setting next_dagrun for latest_only to 2026-08-12 00:00:00+00:00, run_after=2026-08-12 04:00:00+00:00
[2026-08-12T04:53:45.739+0000] {processor.py:208} INFO - Processing /home/airflow/.local/lib/python3.12/site-packages/airflow/example_dags/example_latest_only.py took 0.077 seconds
[2026-08-12T04:54:16.044+0000] {processor.py:186} INFO - Started process (PID=2672) to work on /home/airflow/.local/lib/python3.12/site-packages/airflow/example_dags/example_latest_only.py
[2026-08-12T04:54:16.045+0000] {processor.py:914} INFO - Processing file /home/airflow/.local/lib/python3.12/site-packages/airflow/example_dags/example_latest_only.py for tasks to queue
[2026-08-12T04:54:16.048+0000] {logging_mixin.py:190} INFO - [2026-08-12T04:54:16.048+0000] {dagbag.py:587} INFO - Filling up the DagBag from /home/airflow/.local/lib/python3.12/site-packages/airflow/example_dags/example_latest_only.py
[2026-08-12T04:54:16.055+0000] {processor.py:925} INFO - DAG(s) 'latest_only' retrieved from /home/airflow/.local/lib/python3.12/site-packages/airflow/example_dags/example_latest_only.py
[2026-08-12T04:54:16.074+0000] {logging_mixin.py:190} INFO - [2026-08-12T04:54:16.074+0000] {dag.py:3211} INFO - Sync 1 DAGs
[2026-08-12T04:54:16.093+0000] {logging_mixin.py:190} INFO - [2026-08-12T04:54:16.093+0000] {dag.py:4138} INFO - Setting next_dagrun for latest_only to 2026-08-12 00:00:00+00:00, run_after=2026-08-12 04:00:00+00:00
[2026-08-12T04:54:16.110+0000] {processor.py:208} INFO - Processing /home/airflow/.local/lib/python3.12/site-packages/airflow/example_dags/example_latest_only.py took 0.072 seconds
[2026-08-12T04:54:46.540+0000] {processor.py:186} INFO - Started process (PID=2735) to work on /home/airflow/.local/lib/python3.12/site-packages/airflow/example_dags/example_latest_only.py
[2026-08-12T04:54:46.541+0000] {processor.py:914} INFO - Processing file /home/airflow/.local/lib/python3.12/site-packages/airflow/example_dags/example_latest_only.py for tasks to queue
[2026-08-12T04:54:46.545+0000] {logging_mixin.py:190} INFO - [2026-08-12T04:54:46.544+0000] {dagbag.py:587} INFO - Filling up the DagBag from /home/airflow/.local/lib/python3.12/site-packages/airflow/example_dags/example_latest_only.py
[2026-08-12T04:54:46.552+0000] {processor.py:925} INFO - DAG(s) 'latest_only' retrieved from /home/airflow/.local/lib/python3.12/site-packages/airflow/example_dags/example_latest_only.py
[2026-08-12T04:54:46.572+0000] {logging_mixin.py:190} INFO - [2026-08-12T04:54:46.571+0000] {dag.py:3211} INFO - Sync 1 DAGs
[2026-08-12T04:54:46.594+0000] {logging_mixin.py:190} INFO - [2026-08-12T04:54:46.593+0000] {dag.py:4138} INFO - Setting next_dagrun for latest_only to 2026-08-12 00:00:00+00:00, run_after=2026-08-12 04:00:00+00:00
[2026-08-12T04:54:46.632+0000] {processor.py:208} INFO - Processing /home/airflow/.local/lib/python3.12/site-packages/airflow/example_dags/example_latest_only.py took 0.097 seconds
[2026-08-12T04:55:17.321+0000] {processor.py:186} INFO - Started process (PID=2798) to work on /home/airflow/.local/lib/python3.12/site-packages/airflow/example_dags/example_latest_only.py
[2026-08-12T04:55:17.323+0000] {processor.py:914} INFO - Processing file /home/airflow/.local/lib/python3.12/site-packages/airflow/example_dags/example_latest_only.py for tasks to queue
[2026-08-12T04:55:17.326+0000] {logging_mixin.py:190} INFO - [2026-08-12T04:55:17.326+0000] {dagbag.py:587} INFO - Filling up the DagBag from /home/airflow/.local/lib/python3.12/site-packages/airflow/example_dags/example_latest_only.py
[2026-08-12T04:55:17.334+0000] {processor.py:925} INFO - DAG(s) 'latest_only' retrieved from /home/airflow/.local/lib/python3.12/site-packages/airflow/example_dags/example_latest_only.py
[2026-08-12T04:55:17.356+0000] {logging_mixin.py:190} INFO - [2026-08-12T04:55:17.356+0000] {dag.py:3211} INFO - Sync 1 DAGs
[2026-08-12T04:55:17.380+0000] {logging_mixin.py:190} INFO - [2026-08-12T04:55:17.379+0000] {dag.py:4138} INFO - Setting next_dagrun for latest_only to 2026-08-12 00:00:00+00:00, run_after=2026-08-12 04:00:00+00:00
[2026-08-12T04:55:17.398+0000] {processor.py:208} INFO - Processing /home/airflow/.local/lib/python3.12/site-packages/airflow/example_dags/example_latest_only.py took 0.082 seconds
[2026-08-12T04:55:48.161+0000] {processor.py:186} INFO - Started process (PID=2861) to work on /home/airflow/.local/lib/python3.12/site-packages/airflow/example_dags/example_latest_only.py
[2026-08-12T04:55:48.163+0000] {processor.py:914} INFO - Processing file /home/airflow/.local/lib/python3.12/site-packages/airflow/example_dags/example_latest_only.py for tasks to queue
[2026-08-12T04:55:48.166+0000] {logging_mixin.py:190} INFO - [2026-08-12T04:55:48.166+0000] {dagbag.py:587} INFO - Filling up the DagBag from /home/airflow/.local/lib/python3.12/site-packages/airflow/example_dags/example_latest_only.py
[2026-08-12T04:55:48.174+0000] {processor.py:925} INFO - DAG(s) 'latest_only' retrieved from /home/airflow/.local/lib/python3.12/site-packages/airflow/example_dags/example_latest_only.py
[2026-08-12T04:55:48.192+0000] {logging_mixin.py:190} INFO - [2026-08-12T04:55:48.192+0000] {dag.py:3211} INFO - Sync 1 DAGs
[2026-08-12T04:55:48.213+0000] {logging_mixin.py:190} INFO - [2026-08-12T04:55:48.213+0000] {dag.py:4138} INFO - Setting next_dagrun for latest_only to 2026-08-12 00:00:00+00:00, run_after=2026-08-12 04:00:00+00:00
[2026-08-12T04:55:48.245+0000] {processor.py:208} INFO - Processing /home/airflow/.local/lib/python3.12/site-packages/airflow/example_dags/example_latest_only.py took 0.090 seconds
[2026-08-12T04:56:18.751+0000] {processor.py:186} INFO - Started process (PID=2924) to work on /home/airflow/.local/lib/python3.12/site-packages/airflow/example_dags/example_latest_only.py
[2026-08-12T04:56:18.753+0000] {processor.py:914} INFO - Processing file /home/airflow/.local/lib/python3.12/site-packages/airflow/example_dags/example_latest_only.py for tasks to queue
[2026-08-12T04:56:18.757+0000] {logging_mixin.py:190} INFO - [2026-08-12T04:56:18.757+0000] {dagbag.py:587} INFO - Filling up the DagBag from /home/airflow/.local/lib/python3.12/site-packages/airflow/example_dags/example_latest_only.py
[2026-08-12T04:56:18.765+0000] {processor.py:925} INFO - DAG(s) 'latest_only' retrieved from /home/airflow/.local/lib/python3.12/site-packages/airflow/example_dags/example_latest_only.py
[2026-08-12T04:56:18.787+0000] {logging_mixin.py:190} INFO - [2026-08-12T04:56:18.787+0000] {dag.py:3211} INFO - Sync 1 DAGs
[2026-08-12T04:56:18.809+0000] {logging_mixin.py:190} INFO - [2026-08-12T04:56:18.808+0000] {dag.py:4138} INFO - Setting next_dagrun for latest_only to 2026-08-12 00:00:00+00:00, run_after=2026-08-12 04:00:00+00:00
[2026-08-12T04:56:18.830+0000] {processor.py:208} INFO - Processing /home/airflow/.local/lib/python3.12/site-packages/airflow/example_dags/example_latest_only.py took 0.085 seconds
[2026-08-12T04:56:49.601+0000] {processor.py:186} INFO - Started process (PID=2987) to work on /home/airflow/.local/lib/python3.12/site-packages/airflow/example_dags/example_latest_only.py
[2026-08-12T04:56:49.602+0000] {processor.py:914} INFO - Processing file /home/airflow/.local/lib/python3.12/site-packages/airflow/example_dags/example_latest_only.py for tasks to queue
[2026-08-12T04:56:49.605+0000] {logging_mixin.py:190} INFO - [2026-08-12T04:56:49.605+0000] {dagbag.py:587} INFO - Filling up the DagBag from /home/airflow/.local/lib/python3.12/site-packages/airflow/example_dags/example_latest_only.py
[2026-08-12T04:56:49.612+0000] {processor.py:925} INFO - DAG(s) 'latest_only' retrieved from /home/airflow/.local/lib/python3.12/site-packages/airflow/example_dags/example_latest_only.py
[2026-08-12T04:56:49.630+0000] {logging_mixin.py:190} INFO - [2026-08-12T04:56:49.630+0000] {dag.py:3211} INFO - Sync 1 DAGs
[2026-08-12T04:56:49.653+0000] {logging_mixin.py:190} INFO - [2026-08-12T04:56:49.653+0000] {dag.py:4138} INFO - Setting next_dagrun for latest_only to 2026-08-12 00:00:00+00:00, run_after=2026-08-12 04:00:00+00:00
[2026-08-12T04:56:49.685+0000] {processor.py:208} INFO - Processing /home/airflow/.local/lib/python3.12/site-packages/airflow/example_dags/example_latest_only.py took 0.089 seconds
[2026-08-12T04:57:20.360+0000] {processor.py:186} INFO - Started process (PID=3050) to work on /home/airflow/.local/lib/python3.12/site-packages/airflow/example_dags/example_latest_only.py
[2026-08-12T04:57:20.362+0000] {processor.py:914} INFO - Processing file /home/airflow/.local/lib/python3.12/site-packages/airflow/example_dags/example_latest_only.py for tasks to queue
[2026-08-12T04:57:20.365+0000] {logging_mixin.py:190} INFO - [2026-08-12T04:57:20.365+0000] {dagbag.py:587} INFO - Filling up the DagBag from /home/airflow/.local/lib/python3.12/site-packages/airflow/example_dags/example_latest_only.py
[2026-08-12T04:57:20.373+0000] {processor.py:925} INFO - DAG(s) 'latest_only' retrieved from /home/airflow/.local/lib/python3.12/site-packages/airflow/example_dags/example_latest_only.py
[2026-08-12T04:57:20.393+0000] {logging_mixin.py:190} INFO - [2026-08-12T04:57:20.393+0000] {dag.py:3211} INFO - Sync 1 DAGs
[2026-08-12T04:57:20.419+0000] {logging_mixin.py:190} INFO - [2026-08-12T04:57:20.418+0000] {dag.py:4138} INFO - Setting next_dagrun for latest_only to 2026-08-12 00:00:00+00:00, run_after=2026-08-12 04:00:00+00:00
[2026-08-12T04:57:20.441+0000] {processor.py:208} INFO - Processing /home/airflow/.local/lib/python3.12/site-packages/airflow/example_dags/example_latest_only.py took 0.086 seconds
[2026-08-12T04:57:51.288+0000] {processor.py:186} INFO - Started process (PID=3113) to work on /home/airflow/.local/lib/python3.12/site-packages/airflow/example_dags/example_latest_only.py
[2026-08-12T04:57:51.290+0000] {processor.py:914} INFO - Processing file /home/airflow/.local/lib/python3.12/site-packages/airflow/example_dags/example_latest_only.py for tasks to queue
[2026-08-12T04:57:51.293+0000] {logging_mixin.py:190} INFO - [2026-08-12T04:57:51.293+0000] {dagbag.py:587} INFO - Filling up the DagBag from /home/airflow/.local/lib/python3.12/site-packages/airflow/example_dags/example_latest_only.py
[2026-08-12T04:57:51.301+0000] {processor.py:925} INFO - DAG(s) 'latest_only' retrieved from /home/airflow/.local/lib/python3.12/site-packages/airflow/example_dags/example_latest_only.py
[2026-08-12T04:57:51.320+0000] {logging_mixin.py:190} INFO - [2026-08-12T04:57:51.320+0000] {dag.py:3211} INFO - Sync 1 DAGs
[2026-08-12T04:57:51.348+0000] {logging_mixin.py:190} INFO - [2026-08-12T04:57:51.348+0000] {dag.py:4138} INFO - Setting next_dagrun for latest_only to 2026-08-12 00:00:00+00:00, run_after=2026-08-12 04:00:00+00:00
[2026-08-12T04:57:51.368+0000] {processor.py:208} INFO - Processing /home/airflow/.local/lib/python3.12/site-packages/airflow/example_dags/example_latest_only.py took 0.085 seconds
[2026-08-12T04:58:21.624+0000] {processor.py:186} INFO - Started process (PID=3176) to work on /home/airflow/.local/lib/python3.12/site-packages/airflow/example_dags/example_latest_only.py
[2026-08-12T04:58:21.626+0000] {processor.py:914} INFO - Processing file /home/airflow/.local/lib/python3.12/site-packages/airflow/example_dags/example_latest_only.py for tasks to queue
[2026-08-12T04:58:21.629+0000] {logging_mixin.py:190} INFO - [2026-08-12T04:58:21.628+0000] {dagbag.py:587} INFO - Filling up the DagBag from /home/airflow/.local/lib/python3.12/site-packages/airflow/example_dags/example_latest_only.py
[2026-08-12T04:58:21.636+0000] {processor.py:925} INFO - DAG(s) 'latest_only' retrieved from /home/airflow/.local/lib/python3.12/site-packages/airflow/example_dags/example_latest_only.py
[2026-08-12T04:58:21.656+0000] {logging_mixin.py:190} INFO - [2026-08-12T04:58:21.656+0000] {dag.py:3211} INFO - Sync 1 DAGs
[2026-08-12T04:58:21.676+0000] {logging_mixin.py:190} INFO - [2026-08-12T04:58:21.676+0000] {dag.py:4138} INFO - Setting next_dagrun for latest_only to 2026-08-12 00:00:00+00:00, run_after=2026-08-12 04:00:00+00:00
[2026-08-12T04:58:21.710+0000] {processor.py:208} INFO - Processing /home/airflow/.local/lib/python3.12/site-packages/airflow/example_dags/example_latest_only.py took 0.092 seconds
[2026-08-12T04:58:52.165+0000] {processor.py:186} INFO - Started process (PID=3239) to work on /home/airflow/.local/lib/python3.12/site-packages/airflow/example_dags/example_latest_only.py
[2026-08-12T04:58:52.166+0000] {processor.py:914} INFO - Processing file /home/airflow/.local/lib/python3.12/site-packages/airflow/example_dags/example_latest_only.py for tasks to queue
[2026-08-12T04:58:52.169+0000] {logging_mixin.py:190} INFO - [2026-08-12T04:58:52.169+0000] {dagbag.py:587} INFO - Filling up the DagBag from /home/airflow/.local/lib/python3.12/site-packages/airflow/example_dags/example_latest_only.py
[2026-08-12T04:58:52.176+0000] {processor.py:925} INFO - DAG(s) 'latest_only' retrieved from /home/airflow/.local/lib/python3.12/site-packages/airflow/example_dags/example_latest_only.py
[2026-08-12T04:58:52.196+0000] {logging_mixin.py:190} INFO - [2026-08-12T04:58:52.195+0000] {dag.py:3211} INFO - Sync 1 DAGs
[2026-08-12T04:58:52.216+0000] {logging_mixin.py:190} INFO - [2026-08-12T04:58:52.216+0000] {dag.py:4138} INFO - Setting next_dagrun for latest_only to 2026-08-12 00:00:00+00:00, run_after=2026-08-12 04:00:00+00:00
[2026-08-12T04:58:52.234+0000] {processor.py:208} INFO - Processing /home/airflow/.local/lib/python3.12/site-packages/airflow/example_dags/example_latest_only.py took 0.074 seconds
[2026-08-12T04:59:22.910+0000] {processor.py:186} INFO - Started process (PID=3302) to work on /home/airflow/.local/lib/python3.12/site-packages/airflow/example_dags/example_latest_only.py
[2026-08-12T04:59:22.911+0000] {processor.py:914} INFO - Processing file /home/airflow/.local/lib/python3.12/site-packages/airflow/example_dags/example_latest_only.py for tasks to queue
[2026-08-12T04:59:22.914+0000] {logging_mixin.py:190} INFO - [2026-08-12T04:59:22.914+0000] {dagbag.py:587} INFO - Filling up the DagBag from /home/airflow/.local/lib/python3.12/site-packages/airflow/example_dags/example_latest_only.py
[2026-08-12T04:59:22.922+0000] {processor.py:925} INFO - DAG(s) 'latest_only' retrieved from /home/airflow/.local/lib/python3.12/site-packages/airflow/example_dags/example_latest_only.py
[2026-08-12T04:59:22.941+0000] {logging_mixin.py:190} INFO - [2026-08-12T04:59:22.941+0000] {dag.py:3211} INFO - Sync 1 DAGs
[2026-08-12T04:59:23.102+0000] {logging_mixin.py:190} INFO - [2026-08-12T04:59:23.102+0000] {dag.py:4138} INFO - Setting next_dagrun for latest_only to 2026-08-12 00:00:00+00:00, run_after=2026-08-12 04:00:00+00:00
[2026-08-12T04:59:23.132+0000] {processor.py:208} INFO - Processing /home/airflow/.local/lib/python3.12/site-packages/airflow/example_dags/example_latest_only.py took 0.228 seconds
[2026-08-12T04:59:53.323+0000] {processor.py:186} INFO - Started process (PID=3366) to work on /home/airflow/.local/lib/python3.12/site-packages/airflow/example_dags/example_latest_only.py
[2026-08-12T04:59:53.325+0000] {processor.py:914} INFO - Processing file /home/airflow/.local/lib/python3.12/site-packages/airflow/example_dags/example_latest_only.py for tasks to queue
[2026-08-12T04:59:53.327+0000] {logging_mixin.py:190} INFO - [2026-08-12T04:59:53.327+0000] {dagbag.py:587} INFO - Filling up the DagBag from /home/airflow/.local/lib/python3.12/site-packages/airflow/example_dags/example_latest_only.py
[2026-08-12T04:59:53.334+0000] {processor.py:925} INFO - DAG(s) 'latest_only' retrieved from /home/airflow/.local/lib/python3.12/site-packages/airflow/example_dags/example_latest_only.py
[2026-08-12T04:59:53.353+0000] {logging_mixin.py:190} INFO - [2026-08-12T04:59:53.352+0000] {dag.py:3211} INFO - Sync 1 DAGs
[2026-08-12T04:59:53.372+0000] {logging_mixin.py:190} INFO - [2026-08-12T04:59:53.372+0000] {dag.py:4138} INFO - Setting next_dagrun for latest_only to 2026-08-12 00:00:00+00:00, run_after=2026-08-12 04:00:00+00:00
[2026-08-12T04:59:53.544+0000] {processor.py:208} INFO - Processing /home/airflow/.local/lib/python3.12/site-packages/airflow/example_dags/example_latest_only.py took 0.226 seconds
[2026-08-12T05:00:24.294+0000] {processor.py:186} INFO - Started process (PID=3429) to work on /home/airflow/.local/lib/python3.12/site-packages/airflow/example_dags/example_latest_only.py
[2026-08-12T05:00:24.295+0000] {processor.py:914} INFO - Processing file /home/airflow/.local/lib/python3.12/site-packages/airflow/example_dags/example_latest_only.py for tasks to queue
[2026-08-12T05:00:24.298+0000] {logging_mixin.py:190} INFO - [2026-08-12T05:00:24.298+0000] {dagbag.py:587} INFO - Filling up the DagBag from /home/airflow/.local/lib/python3.12/site-packages/airflow/example_dags/example_latest_only.py
[2026-08-12T05:00:24.305+0000] {processor.py:925} INFO - DAG(s) 'latest_only' retrieved from /home/airflow/.local/lib/python3.12/site-packages/airflow/example_dags/example_latest_only.py
[2026-08-12T05:00:24.323+0000] {logging_mixin.py:190} INFO - [2026-08-12T05:00:24.323+0000] {dag.py:3211} INFO - Sync 1 DAGs
[2026-08-12T05:00:24.342+0000] {logging_mixin.py:190} INFO - [2026-08-12T05:00:24.342+0000] {dag.py:4138} INFO - Setting next_dagrun for latest_only to 2026-08-12 00:00:00+00:00, run_after=2026-08-12 04:00:00+00:00
[2026-08-12T05:00:24.360+0000] {processor.py:208} INFO - Processing /home/airflow/.local/lib/python3.12/site-packages/airflow/example_dags/example_latest_only.py took 0.071 seconds
[2026-08-12T05:00:54.877+0000] {processor.py:186} INFO - Started process (PID=3492) to work on /home/airflow/.local/lib/python3.12/site-packages/airflow/example_dags/example_latest_only.py
[2026-08-12T05:00:54.878+0000] {processor.py:914} INFO - Processing file /home/airflow/.local/lib/python3.12/site-packages/airflow/example_dags/example_latest_only.py for tasks to queue
[2026-08-12T05:00:54.881+0000] {logging_mixin.py:190} INFO - [2026-08-12T05:00:54.881+0000] {dagbag.py:587} INFO - Filling up the DagBag from /home/airflow/.local/lib/python3.12/site-packages/airflow/example_dags/example_latest_only.py
[2026-08-12T05:00:54.888+0000] {processor.py:925} INFO - DAG(s) 'latest_only' retrieved from /home/airflow/.local/lib/python3.12/site-packages/airflow/example_dags/example_latest_only.py
[2026-08-12T05:00:55.089+0000] {logging_mixin.py:190} INFO - [2026-08-12T05:00:55.089+0000] {dag.py:3211} INFO - Sync 1 DAGs
[2026-08-12T05:00:55.111+0000] {logging_mixin.py:190} INFO - [2026-08-12T05:00:55.111+0000] {dag.py:4138} INFO - Setting next_dagrun for latest_only to 2026-08-12 00:00:00+00:00, run_after=2026-08-12 04:00:00+00:00
[2026-08-12T05:00:55.143+0000] {processor.py:208} INFO - Processing /home/airflow/.local/lib/python3.12/site-packages/airflow/example_dags/example_latest_only.py took 0.271 seconds
[2026-08-12T05:01:25.369+0000] {processor.py:186} INFO - Started process (PID=3555) to work on /home/airflow/.local/lib/python3.12/site-packages/airflow/example_dags/example_latest_only.py
[2026-08-12T05:01:25.370+0000] {processor.py:914} INFO - Processing file /home/airflow/.local/lib/python3.12/site-packages/airflow/example_dags/example_latest_only.py for tasks to queue
[2026-08-12T05:01:25.373+0000] {logging_mixin.py:190} INFO - [2026-08-12T05:01:25.373+0000] {dagbag.py:587} INFO - Filling up the DagBag from /home/airflow/.local/lib/python3.12/site-packages/airflow/example_dags/example_latest_only.py
[2026-08-12T05:01:25.380+0000] {processor.py:925} INFO - DAG(s) 'latest_only' retrieved from /home/airflow/.local/lib/python3.12/site-packages/airflow/example_dags/example_latest_only.py
[2026-08-12T05:01:25.400+0000] {logging_mixin.py:190} INFO - [2026-08-12T05:01:25.400+0000] {dag.py:3211} INFO - Sync 1 DAGs
[2026-08-12T05:01:25.421+0000] {logging_mixin.py:190} INFO - [2026-08-12T05:01:25.421+0000] {dag.py:4138} INFO - Setting next_dagrun for latest_only to 2026-08-12 00:00:00+00:00, run_after=2026-08-12 04:00:00+00:00
[2026-08-12T05:01:25.440+0000] {processor.py:208} INFO - Processing /home/airflow/.local/lib/python3.12/site-packages/airflow/example_dags/example_latest_only.py took 0.077 seconds
[2026-08-12T05:01:55.694+0000] {processor.py:186} INFO - Started process (PID=3618) to work on /home/airflow/.local/lib/python3.12/site-packages/airflow/example_dags/example_latest_only.py
[2026-08-12T05:01:55.696+0000] {processor.py:914} INFO - Processing file /home/airflow/.local/lib/python3.12/site-packages/airflow/example_dags/example_latest_only.py for tasks to queue
[2026-08-12T05:01:55.699+0000] {logging_mixin.py:190} INFO - [2026-08-12T05:01:55.699+0000] {dagbag.py:587} INFO - Filling up the DagBag from /home/airflow/.local/lib/python3.12/site-packages/airflow/example_dags/example_latest_only.py
[2026-08-12T05:01:55.706+0000] {processor.py:925} INFO - DAG(s) 'latest_only' retrieved from /home/airflow/.local/lib/python3.12/site-packages/airflow/example_dags/example_latest_only.py
[2026-08-12T05:01:55.728+0000] {logging_mixin.py:190} INFO - [2026-08-12T05:01:55.727+0000] {dag.py:3211} INFO - Sync 1 DAGs
[2026-08-12T05:01:55.754+0000] {logging_mixin.py:190} INFO - [2026-08-12T05:01:55.754+0000] {dag.py:4138} INFO - Setting next_dagrun for latest_only to 2026-08-12 00:00:00+00:00, run_after=2026-08-12 04:00:00+00:00
[2026-08-12T05:01:55.790+0000] {processor.py:208} INFO - Processing /home/airflow/.local/lib/python3.12/site-packages/airflow/example_dags/example_latest_only.py took 0.101 seconds
[2026-08-12T05:02:25.982+0000] {processor.py:186} INFO - Started process (PID=3682) to work on /home/airflow/.local/lib/python3.12/site-packages/airflow/example_dags/example_latest_only.py
[2026-08-12T05:02:25.983+0000] {processor.py:914} INFO - Processing file /home/airflow/.local/lib/python3.12/site-packages/airflow/example_dags/example_latest_only.py for tasks to queue
[2026-08-12T05:02:25.986+0000] {logging_mixin.py:190} INFO - [2026-08-12T05:02:25.986+0000] {dagbag.py:587} INFO - Filling up the DagBag from /home/airflow/.local/lib/python3.12/site-packages/airflow/example_dags/example_latest_only.py
[2026-08-12T05:02:25.993+0000] {processor.py:925} INFO - DAG(s) 'latest_only' retrieved from /home/airflow/.local/lib/python3.12/site-packages/airflow/example_dags/example_latest_only.py
[2026-08-12T05:02:26.015+0000] {logging_mixin.py:190} INFO - [2026-08-12T05:02:26.015+0000] {dag.py:3211} INFO - Sync 1 DAGs
[2026-08-12T05:02:26.037+0000] {logging_mixin.py:190} INFO - [2026-08-12T05:02:26.037+0000] {dag.py:4138} INFO - Setting next_dagrun for latest_only to 2026-08-12 00:00:00+00:00, run_after=2026-08-12 04:00:00+00:00
[2026-08-12T05:02:26.070+0000] {processor.py:208} INFO - Processing /home/airflow/.local/lib/python3.12/site-packages/airflow/example_dags/example_latest_only.py took 0.094 seconds
[2026-08-12T05:02:56.518+0000] {processor.py:186} INFO - Started process (PID=3745) to work on /home/airflow/.local/lib/python3.12/site-packages/airflow/example_dags/example_latest_only.py
[2026-08-12T05:02:56.519+0000] {processor.py:914} INFO - Processing file /home/airflow/.local/lib/python3.12/site-packages/airflow/example_dags/example_latest_only.py for tasks to queue
[2026-08-12T05:02:56.522+0000] {logging_mixin.py:190} INFO - [2026-08-12T05:02:56.522+0000] {dagbag.py:587} INFO - Filling up the DagBag from /home/airflow/.local/lib/python3.12/site-packages/airflow/example_dags/example_latest_only.py
[2026-08-12T05:02:56.531+0000] {processor.py:925} INFO - DAG(s) 'latest_only' retrieved from /home/airflow/.local/lib/python3.12/site-packages/airflow/example_dags/example_latest_only.py
[2026-08-12T05:02:56.551+0000] {logging_mixin.py:190} INFO - [2026-08-12T05:02:56.551+0000] {dag.py:3211} INFO - Sync 1 DAGs
[2026-08-12T05:02:56.574+0000] {logging_mixin.py:190} INFO - [2026-08-12T05:02:56.574+0000] {dag.py:4138} INFO - Setting next_dagrun for latest_only to 2026-08-12 00:00:00+00:00, run_after=2026-08-12 04:00:00+00:00
[2026-08-12T05:02:56.598+0000] {processor.py:208} INFO - Processing /home/airflow/.local/lib/python3.12/site-packages/airflow/example_dags/example_latest_only.py took 0.085 seconds
[2026-08-12T05:03:26.779+0000] {processor.py:186} INFO - Started process (PID=3808) to work on /home/airflow/.local/lib/python3.12/site-packages/airflow/example_dags/example_latest_only.py
[2026-08-12T05:03:26.781+0000] {processor.py:914} INFO - Processing file /home/airflow/.local/lib/python3.12/site-packages/airflow/example_dags/example_latest_only.py for tasks to queue
[2026-08-12T05:03:26.784+0000] {logging_mixin.py:190} INFO - [2026-08-12T05:03:26.784+0000] {dagbag.py:587} INFO - Filling up the DagBag from /home/airflow/.local/lib/python3.12/site-packages/airflow/example_dags/example_latest_only.py
[2026-08-12T05:03:26.791+0000] {processor.py:925} INFO - DAG(s) 'latest_only' retrieved from /home/airflow/.local/lib/python3.12/site-packages/airflow/example_dags/example_latest_only.py
[2026-08-12T05:03:26.811+0000] {logging_mixin.py:190} INFO - [2026-08-12T05:03:26.810+0000] {dag.py:3211} INFO - Sync 1 DAGs
[2026-08-12T05:03:26.834+0000] {logging_mixin.py:190} INFO - [2026-08-12T05:03:26.833+0000] {dag.py:4138} INFO - Setting next_dagrun for latest_only to 2026-08-12 00:00:00+00:00, run_after=2026-08-12 04:00:00+00:00
[2026-08-12T05:03:26.855+0000] {processor.py:208} INFO - Processing /home/airflow/.local/lib/python3.12/site-packages/airflow/example_dags/example_latest_only.py took 0.082 seconds
[2026-08-12T05:03:57.272+0000] {processor.py:186} INFO - Started process (PID=3871) to work on /home/airflow/.local/lib/python3.12/site-packages/airflow/example_dags/example_latest_only.py
[2026-08-12T05:03:57.273+0000] {processor.py:914} INFO - Processing file /home/airflow/.local/lib/python3.12/site-packages/airflow/example_dags/example_latest_only.py for tasks to queue
[2026-08-12T05:03:57.276+0000] {logging_mixin.py:190} INFO - [2026-08-12T05:03:57.275+0000] {dagbag.py:587} INFO - Filling up the DagBag from /home/airflow/.local/lib/python3.12/site-packages/airflow/example_dags/example_latest_only.py
[2026-08-12T05:03:57.282+0000] {processor.py:925} INFO - DAG(s) 'latest_only' retrieved from /home/airflow/.local/lib/python3.12/site-packages/airflow/example_dags/example_latest_only.py
[2026-08-12T05:03:57.302+0000] {logging_mixin.py:190} INFO - [2026-08-12T05:03:57.301+0000] {dag.py:3211} INFO - Sync 1 DAGs
[2026-08-12T05:03:57.323+0000] {logging_mixin.py:190} INFO - [2026-08-12T05:03:57.323+0000] {dag.py:4138} INFO - Setting next_dagrun for latest_only to 2026-08-12 00:00:00+00:00, run_after=2026-08-12 04:00:00+00:00
[2026-08-12T05:03:57.346+0000] {processor.py:208} INFO - Processing /home/airflow/.local/lib/python3.12/site-packages/airflow/example_dags/example_latest_only.py took 0.079 seconds
[2026-08-12T05:04:27.652+0000] {processor.py:186} INFO - Started process (PID=3934) to work on /home/airflow/.local/lib/python3.12/site-packages/airflow/example_dags/example_latest_only.py
[2026-08-12T05:04:27.654+0000] {processor.py:914} INFO - Processing file /home/airflow/.local/lib/python3.12/site-packages/airflow/example_dags/example_latest_only.py for tasks to queue
[2026-08-12T05:04:27.657+0000] {logging_mixin.py:190} INFO - [2026-08-12T05:04:27.656+0000] {dagbag.py:587} INFO - Filling up the DagBag from /home/airflow/.local/lib/python3.12/site-packages/airflow/example_dags/example_latest_only.py
[2026-08-12T05:04:27.664+0000] {processor.py:925} INFO - DAG(s) 'latest_only' retrieved from /home/airflow/.local/lib/python3.12/site-packages/airflow/example_dags/example_latest_only.py
[2026-08-12T05:04:27.684+0000] {logging_mixin.py:190} INFO - [2026-08-12T05:04:27.684+0000] {dag.py:3211} INFO - Sync 1 DAGs
[2026-08-12T05:04:27.705+0000] {logging_mixin.py:190} INFO - [2026-08-12T05:04:27.705+0000] {dag.py:4138} INFO - Setting next_dagrun for latest_only to 2026-08-12 00:00:00+00:00, run_after=2026-08-12 04:00:00+00:00
[2026-08-12T05:04:27.750+0000] {processor.py:208} INFO - Processing /home/airflow/.local/lib/python3.12/site-packages/airflow/example_dags/example_latest_only.py took 0.103 seconds
[2026-08-12T05:04:57.978+0000] {processor.py:186} INFO - Started process (PID=3997) to work on /home/airflow/.local/lib/python3.12/site-packages/airflow/example_dags/example_latest_only.py
[2026-08-12T05:04:57.980+0000] {processor.py:914} INFO - Processing file /home/airflow/.local/lib/python3.12/site-packages/airflow/example_dags/example_latest_only.py for tasks to queue
[2026-08-12T05:04:57.984+0000] {logging_mixin.py:190} INFO - [2026-08-12T05:04:57.983+0000] {dagbag.py:587} INFO - Filling up the DagBag from /home/airflow/.local/lib/python3.12/site-packages/airflow/example_dags/example_latest_only.py
[2026-08-12T05:04:57.994+0000] {processor.py:925} INFO - DAG(s) 'latest_only' retrieved from /home/airflow/.local/lib/python3.12/site-packages/airflow/example_dags/example_latest_only.py
[2026-08-12T05:04:58.021+0000] {logging_mixin.py:190} INFO - [2026-08-12T05:04:58.020+0000] {dag.py:3211} INFO - Sync 1 DAGs
[2026-08-12T05:04:58.045+0000] {logging_mixin.py:190} INFO - [2026-08-12T05:04:58.044+0000] {dag.py:4138} INFO - Setting next_dagrun for latest_only to 2026-08-12 00:00:00+00:00, run_after=2026-08-12 04:00:00+00:00
[2026-08-12T05:04:58.065+0000] {processor.py:208} INFO - Processing /home/airflow/.local/lib/python3.12/site-packages/airflow/example_dags/example_latest_only.py took 0.095 seconds
[2026-08-12T05:05:28.184+0000] {processor.py:186} INFO - Started process (PID=4066) to work on /home/airflow/.local/lib/python3.12/site-packages/airflow/example_dags/example_latest_only.py
[2026-08-12T05:05:28.185+0000] {processor.py:914} INFO - Processing file /home/airflow/.local/lib/python3.12/site-packages/airflow/example_dags/example_latest_only.py for tasks to queue
[2026-08-12T05:05:28.188+0000] {logging_mixin.py:190} INFO - [2026-08-12T05:05:28.187+0000] {dagbag.py:587} INFO - Filling up the DagBag from /home/airflow/.local/lib/python3.12/site-packages/airflow/example_dags/example_latest_only.py
[2026-08-12T05:05:28.194+0000] {processor.py:925} INFO - DAG(s) 'latest_only' retrieved from /home/airflow/.local/lib/python3.12/site-packages/airflow/example_dags/example_latest_only.py
[2026-08-12T05:05:28.215+0000] {logging_mixin.py:190} INFO - [2026-08-12T05:05:28.215+0000] {dag.py:3211} INFO - Sync 1 DAGs
[2026-08-12T05:05:28.235+0000] {logging_mixin.py:190} INFO - [2026-08-12T05:05:28.235+0000] {dag.py:4138} INFO - Setting next_dagrun for latest_only to 2026-08-12 00:00:00+00:00, run_after=2026-08-12 04:00:00+00:00
[2026-08-12T05:05:28.256+0000] {processor.py:208} INFO - Processing /home/airflow/.local/lib/python3.12/site-packages/airflow/example_dags/example_latest_only.py took 0.078 seconds
[2026-08-12T05:05:58.451+0000] {processor.py:186} INFO - Started process (PID=4129) to work on /home/airflow/.local/lib/python3.12/site-packages/airflow/example_dags/example_latest_only.py
[2026-08-12T05:05:58.452+0000] {processor.py:914} INFO - Processing file /home/airflow/.local/lib/python3.12/site-packages/airflow/example_dags/example_latest_only.py for tasks to queue
[2026-08-12T05:05:58.456+0000] {logging_mixin.py:190} INFO - [2026-08-12T05:05:58.455+0000] {dagbag.py:587} INFO - Filling up the DagBag from /home/airflow/.local/lib/python3.12/site-packages/airflow/example_dags/example_latest_only.py
[2026-08-12T05:05:58.464+0000] {processor.py:925} INFO - DAG(s) 'latest_only' retrieved from /home/airflow/.local/lib/python3.12/site-packages/airflow/example_dags/example_latest_only.py
[2026-08-12T05:05:58.489+0000] {logging_mixin.py:190} INFO - [2026-08-12T05:05:58.489+0000] {dag.py:3211} INFO - Sync 1 DAGs
[2026-08-12T05:05:58.531+0000] {logging_mixin.py:190} INFO - [2026-08-12T05:05:58.530+0000] {dag.py:4138} INFO - Setting next_dagrun for latest_only to 2026-08-12 00:00:00+00:00, run_after=2026-08-12 04:00:00+00:00
[2026-08-12T05:05:58.558+0000] {processor.py:208} INFO - Processing /home/airflow/.local/lib/python3.12/site-packages/airflow/example_dags/example_latest_only.py took 0.114 seconds
[2026-08-12T05:06:28.977+0000] {processor.py:186} INFO - Started process (PID=4192) to work on /home/airflow/.local/lib/python3.12/site-packages/airflow/example_dags/example_latest_only.py
[2026-08-12T05:06:28.979+0000] {processor.py:914} INFO - Processing file /home/airflow/.local/lib/python3.12/site-packages/airflow/example_dags/example_latest_only.py for tasks to queue
[2026-08-12T05:06:28.983+0000] {logging_mixin.py:190} INFO - [2026-08-12T05:06:28.983+0000] {dagbag.py:587} INFO - Filling up the DagBag from /home/airflow/.local/lib/python3.12/site-packages/airflow/example_dags/example_latest_only.py
[2026-08-12T05:06:28.992+0000] {processor.py:925} INFO - DAG(s) 'latest_only' retrieved from /home/airflow/.local/lib/python3.12/site-packages/airflow/example_dags/example_latest_only.py
[2026-08-12T05:06:29.019+0000] {logging_mixin.py:190} INFO - [2026-08-12T05:06:29.018+0000] {dag.py:3211} INFO - Sync 1 DAGs
[2026-08-12T05:06:29.047+0000] {logging_mixin.py:190} INFO - [2026-08-12T05:06:29.047+0000] {dag.py:4138} INFO - Setting next_dagrun for latest_only to 2026-08-12 00:00:00+00:00, run_after=2026-08-12 04:00:00+00:00
[2026-08-12T05:06:29.072+0000] {processor.py:208} INFO - Processing /home/airflow/.local/lib/python3.12/site-packages/airflow/example_dags/example_latest_only.py took 0.101 seconds
[2026-08-12T05:06:59.327+0000] {processor.py:186} INFO - Started process (PID=4255) to work on /home/airflow/.local/lib/python3.12/site-packages/airflow/example_dags/example_latest_only.py
[2026-08-12T05:06:59.329+0000] {processor.py:914} INFO - Processing file /home/airflow/.local/lib/python3.12/site-packages/airflow/example_dags/example_latest_only.py for tasks to queue
[2026-08-12T05:06:59.334+0000] {logging_mixin.py:190} INFO - [2026-08-12T05:06:59.333+0000] {dagbag.py:587} INFO - Filling up the DagBag from /home/airflow/.local/lib/python3.12/site-packages/airflow/example_dags/example_latest_only.py
[2026-08-12T05:06:59.344+0000] {processor.py:925} INFO - DAG(s) 'latest_only' retrieved from /home/airflow/.local/lib/python3.12/site-packages/airflow/example_dags/example_latest_only.py
[2026-08-12T05:06:59.370+0000] {logging_mixin.py:190} INFO - [2026-08-12T05:06:59.369+0000] {dag.py:3211} INFO - Sync 1 DAGs
[2026-08-12T05:06:59.400+0000] {logging_mixin.py:190} INFO - [2026-08-12T05:06:59.400+0000] {dag.py:4138} INFO - Setting next_dagrun for latest_only to 2026-08-12 00:00:00+00:00, run_after=2026-08-12 04:00:00+00:00
[2026-08-12T05:06:59.427+0000] {processor.py:208} INFO - Processing /home/airflow/.local/lib/python3.12/site-packages/airflow/example_dags/example_latest_only.py took 0.111 seconds
[2026-08-12T05:07:30.191+0000] {processor.py:186} INFO - Started process (PID=4318) to work on /home/airflow/.local/lib/python3.12/site-packages/airflow/example_dags/example_latest_only.py
[2026-08-12T05:07:30.193+0000] {processor.py:914} INFO - Processing file /home/airflow/.local/lib/python3.12/site-packages/airflow/example_dags/example_latest_only.py for tasks to queue
[2026-08-12T05:07:30.197+0000] {logging_mixin.py:190} INFO - [2026-08-12T05:07:30.196+0000] {dagbag.py:587} INFO - Filling up the DagBag from /home/airflow/.local/lib/python3.12/site-packages/airflow/example_dags/example_latest_only.py
[2026-08-12T05:07:30.208+0000] {processor.py:925} INFO - DAG(s) 'latest_only' retrieved from /home/airflow/.local/lib/python3.12/site-packages/airflow/example_dags/example_latest_only.py
[2026-08-12T05:07:30.236+0000] {logging_mixin.py:190} INFO - [2026-08-12T05:07:30.236+0000] {dag.py:3211} INFO - Sync 1 DAGs
[2026-08-12T05:07:30.269+0000] {logging_mixin.py:190} INFO - [2026-08-12T05:07:30.269+0000] {dag.py:4138} INFO - Setting next_dagrun for latest_only to 2026-08-12 00:00:00+00:00, run_after=2026-08-12 04:00:00+00:00
[2026-08-12T05:07:30.301+0000] {processor.py:208} INFO - Processing /home/airflow/.local/lib/python3.12/site-packages/airflow/example_dags/example_latest_only.py took 0.118 seconds
[2026-08-12T05:08:00.596+0000] {processor.py:186} INFO - Started process (PID=4381) to work on /home/airflow/.local/lib/python3.12/site-packages/airflow/example_dags/example_latest_only.py
[2026-08-12T05:08:00.598+0000] {processor.py:914} INFO - Processing file /home/airflow/.local/lib/python3.12/site-packages/airflow/example_dags/example_latest_only.py for tasks to queue
[2026-08-12T05:08:00.601+0000] {logging_mixin.py:190} INFO - [2026-08-12T05:08:00.601+0000] {dagbag.py:587} INFO - Filling up the DagBag from /home/airflow/.local/lib/python3.12/site-packages/airflow/example_dags/example_latest_only.py
[2026-08-12T05:08:00.610+0000] {processor.py:925} INFO - DAG(s) 'latest_only' retrieved from /home/airflow/.local/lib/python3.12/site-packages/airflow/example_dags/example_latest_only.py
[2026-08-12T05:08:00.656+0000] {logging_mixin.py:190} INFO - [2026-08-12T05:08:00.655+0000] {dag.py:3211} INFO - Sync 1 DAGs
[2026-08-12T05:08:00.685+0000] {logging_mixin.py:190} INFO - [2026-08-12T05:08:00.684+0000] {dag.py:4138} INFO - Setting next_dagrun for latest_only to 2026-08-12 00:00:00+00:00, run_after=2026-08-12 04:00:00+00:00
[2026-08-12T05:08:00.709+0000] {processor.py:208} INFO - Processing /home/airflow/.local/lib/python3.12/site-packages/airflow/example_dags/example_latest_only.py took 0.120 seconds
[2026-08-12T05:08:31.341+0000] {processor.py:186} INFO - Started process (PID=4444) to work on /home/airflow/.local/lib/python3.12/site-packages/airflow/example_dags/example_latest_only.py
[2026-08-12T05:08:31.343+0000] {processor.py:914} INFO - Processing file /home/airflow/.local/lib/python3.12/site-packages/airflow/example_dags/example_latest_only.py for tasks to queue
[2026-08-12T05:08:31.358+0000] {logging_mixin.py:190} INFO - [2026-08-12T05:08:31.358+0000] {dagbag.py:587} INFO - Filling up the DagBag from /home/airflow/.local/lib/python3.12/site-packages/airflow/example_dags/example_latest_only.py
[2026-08-12T05:08:31.368+0000] {processor.py:925} INFO - DAG(s) 'latest_only' retrieved from /home/airflow/.local/lib/python3.12/site-packages/airflow/example_dags/example_latest_only.py
[2026-08-12T05:08:31.390+0000] {logging_mixin.py:190} INFO - [2026-08-12T05:08:31.390+0000] {dag.py:3211} INFO - Sync 1 DAGs
[2026-08-12T05:08:31.426+0000] {logging_mixin.py:190} INFO - [2026-08-12T05:08:31.426+0000] {dag.py:4138} INFO - Setting next_dagrun for latest_only to 2026-08-12 00:00:00+00:00, run_after=2026-08-12 04:00:00+00:00
[2026-08-12T05:08:31.450+0000] {processor.py:208} INFO - Processing /home/airflow/.local/lib/python3.12/site-packages/airflow/example_dags/example_latest_only.py took 0.116 seconds
[2026-08-12T05:09:02.009+0000] {processor.py:186} INFO - Started process (PID=4507) to work on /home/airflow/.local/lib/python3.12/site-packages/airflow/example_dags/example_latest_only.py
[2026-08-12T05:09:02.010+0000] {processor.py:914} INFO - Processing file /home/airflow/.local/lib/python3.12/site-packages/airflow/example_dags/example_latest_only.py for tasks to queue
[2026-08-12T05:09:02.014+0000] {logging_mixin.py:190} INFO - [2026-08-12T05:09:02.013+0000] {dagbag.py:587} INFO - Filling up the DagBag from /home/airflow/.local/lib/python3.12/site-packages/airflow/example_dags/example_latest_only.py
[2026-08-12T05:09:02.027+0000] {processor.py:925} INFO - DAG(s) 'latest_only' retrieved from /home/airflow/.local/lib/python3.12/site-packages/airflow/example_dags/example_latest_only.py
[2026-08-12T05:09:02.080+0000] {logging_mixin.py:190} INFO - [2026-08-12T05:09:02.080+0000] {dag.py:3211} INFO - Sync 1 DAGs
[2026-08-12T05:09:02.161+0000] {logging_mixin.py:190} INFO - [2026-08-12T05:09:02.160+0000] {dag.py:4138} INFO - Setting next_dagrun for latest_only to 2026-08-12 00:00:00+00:00, run_after=2026-08-12 04:00:00+00:00
[2026-08-12T05:09:02.191+0000] {processor.py:208} INFO - Processing /home/airflow/.local/lib/python3.12/site-packages/airflow/example_dags/example_latest_only.py took 0.188 seconds
[2026-08-12T05:09:32.473+0000] {processor.py:186} INFO - Started process (PID=4570) to work on /home/airflow/.local/lib/python3.12/site-packages/airflow/example_dags/example_latest_only.py
[2026-08-12T05:09:32.475+0000] {processor.py:914} INFO - Processing file /home/airflow/.local/lib/python3.12/site-packages/airflow/example_dags/example_latest_only.py for tasks to queue
[2026-08-12T05:09:32.480+0000] {logging_mixin.py:190} INFO - [2026-08-12T05:09:32.479+0000] {dagbag.py:587} INFO - Filling up the DagBag from /home/airflow/.local/lib/python3.12/site-packages/airflow/example_dags/example_latest_only.py
[2026-08-12T05:09:32.492+0000] {processor.py:925} INFO - DAG(s) 'latest_only' retrieved from /home/airflow/.local/lib/python3.12/site-packages/airflow/example_dags/example_latest_only.py
[2026-08-12T05:09:32.520+0000] {logging_mixin.py:190} INFO - [2026-08-12T05:09:32.519+0000] {dag.py:3211} INFO - Sync 1 DAGs
[2026-08-12T05:09:32.556+0000] {logging_mixin.py:190} INFO - [2026-08-12T05:09:32.555+0000] {dag.py:4138} INFO - Setting next_dagrun for latest_only to 2026-08-12 00:00:00+00:00, run_after=2026-08-12 04:00:00+00:00
[2026-08-12T05:09:32.605+0000] {processor.py:208} INFO - Processing /home/airflow/.local/lib/python3.12/site-packages/airflow/example_dags/example_latest_only.py took 0.142 seconds
[2026-08-12T05:10:03.189+0000] {processor.py:186} INFO - Started process (PID=4634) to work on /home/airflow/.local/lib/python3.12/site-packages/airflow/example_dags/example_latest_only.py
[2026-08-12T05:10:03.191+0000] {processor.py:914} INFO - Processing file /home/airflow/.local/lib/python3.12/site-packages/airflow/example_dags/example_latest_only.py for tasks to queue
[2026-08-12T05:10:03.195+0000] {logging_mixin.py:190} INFO - [2026-08-12T05:10:03.194+0000] {dagbag.py:587} INFO - Filling up the DagBag from /home/airflow/.local/lib/python3.12/site-packages/airflow/example_dags/example_latest_only.py
[2026-08-12T05:10:03.203+0000] {processor.py:925} INFO - DAG(s) 'latest_only' retrieved from /home/airflow/.local/lib/python3.12/site-packages/airflow/example_dags/example_latest_only.py
[2026-08-12T05:10:03.223+0000] {logging_mixin.py:190} INFO - [2026-08-12T05:10:03.223+0000] {dag.py:3211} INFO - Sync 1 DAGs
[2026-08-12T05:10:03.246+0000] {logging_mixin.py:190} INFO - [2026-08-12T05:10:03.246+0000] {dag.py:4138} INFO - Setting next_dagrun for latest_only to 2026-08-12 00:00:00+00:00, run_after=2026-08-12 04:00:00+00:00
[2026-08-12T05:10:03.266+0000] {processor.py:208} INFO - Processing /home/airflow/.local/lib/python3.12/site-packages/airflow/example_dags/example_latest_only.py took 0.084 seconds
[2026-08-12T05:10:33.949+0000] {processor.py:186} INFO - Started process (PID=4696) to work on /home/airflow/.local/lib/python3.12/site-packages/airflow/example_dags/example_latest_only.py
[2026-08-12T05:10:33.951+0000] {processor.py:914} INFO - Processing file /home/airflow/.local/lib/python3.12/site-packages/airflow/example_dags/example_latest_only.py for tasks to queue
[2026-08-12T05:10:33.954+0000] {logging_mixin.py:190} INFO - [2026-08-12T05:10:33.954+0000] {dagbag.py:587} INFO - Filling up the DagBag from /home/airflow/.local/lib/python3.12/site-packages/airflow/example_dags/example_latest_only.py
[2026-08-12T05:10:33.962+0000] {processor.py:925} INFO - DAG(s) 'latest_only' retrieved from /home/airflow/.local/lib/python3.12/site-packages/airflow/example_dags/example_latest_only.py
[2026-08-12T05:10:33.988+0000] {logging_mixin.py:190} INFO - [2026-08-12T05:10:33.988+0000] {dag.py:3211} INFO - Sync 1 DAGs
[2026-08-12T05:10:34.015+0000] {logging_mixin.py:190} INFO - [2026-08-12T05:10:34.014+0000] {dag.py:4138} INFO - Setting next_dagrun for latest_only to 2026-08-12 00:00:00+00:00, run_after=2026-08-12 04:00:00+00:00
[2026-08-12T05:10:34.039+0000] {processor.py:208} INFO - Processing /home/airflow/.local/lib/python3.12/site-packages/airflow/example_dags/example_latest_only.py took 0.095 seconds
