[2026-08-12T04:30:33.966+0000] {processor.py:186} INFO - Started process (PID=81) to work on /home/airflow/.local/lib/python3.12/site-packages/airflow/example_dags/example_branch_operator.py
[2026-08-12T04:30:33.967+0000] {processor.py:914} INFO - Processing file /home/airflow/.local/lib/python3.12/site-packages/airflow/example_dags/example_branch_operator.py for tasks to queue
[2026-08-12T04:30:33.971+0000] {logging_mixin.py:190} INFO - [2026-08-12T04:30:33.970+0000] {dagbag.py:587} INFO - Filling up the DagBag from /home/airflow/.local/lib/python3.12/site-packages/airflow/example_dags/example_branch_operator.py
[2026-08-12T04:30:34.009+0000] {processor.py:925} INFO - DAG(s) 'example_branch_operator' retrieved from /home/airflow/.local/lib/python3.12/site-packages/airflow/example_dags/example_branch_operator.py
[2026-08-12T04:30:34.159+0000] {logging_mixin.py:190} INFO - [2026-08-12T04:30:34.157+0000] {override.py:1858} INFO - Created Permission View: can edit on DAG:example_branch_operator
[2026-08-12T04:30:34.173+0000] {logging_mixin.py:190} INFO - [2026-08-12T04:30:34.172+0000] {override.py:1858} INFO - Created Permission View: can delete on DAG:example_branch_operator
[2026-08-12T04:30:34.186+0000] {logging_mixin.py:190} INFO - [2026-08-12T04:30:34.185+0000] {override.py:1858} INFO - Created Permission View: can read on DAG:example_branch_operator
[2026-08-12T04:30:34.188+0000] {logging_mixin.py:190} INFO - [2026-08-12T04:30:34.187+0000] {dag.py:3211} INFO - Sync 1 DAGs
[2026-08-12T04:30:34.219+0000] {logging_mixin.py:190} INFO - [2026-08-12T04:30:34.214+0000] {dag.py:3234} INFO - Creating ORM DAG for example_branch_operator
[2026-08-12T04:30:34.238+0000] {logging_mixin.py:190} INFO - [2026-08-12T04:30:34.238+0000] {dag.py:4138} INFO - Setting next_dagrun for example_branch_operator to 2026-08-11 00:00:00+00:00, run_after=2026-08-12 00:00:00+00:00
[2026-08-12T04:30:34.259+0000] {processor.py:208} INFO - Processing /home/airflow/.local/lib/python3.12/site-packages/airflow/example_dags/example_branch_operator.py took 0.300 seconds
[2026-08-12T04:31:05.155+0000] {processor.py:186} INFO - Started process (PID=143) to work on /home/airflow/.local/lib/python3.12/site-packages/airflow/example_dags/example_branch_operator.py
[2026-08-12T04:31:05.157+0000] {processor.py:914} INFO - Processing file /home/airflow/.local/lib/python3.12/site-packages/airflow/example_dags/example_branch_operator.py for tasks to queue
[2026-08-12T04:31:05.161+0000] {logging_mixin.py:190} INFO - [2026-08-12T04:31:05.160+0000] {dagbag.py:587} INFO - Filling up the DagBag from /home/airflow/.local/lib/python3.12/site-packages/airflow/example_dags/example_branch_operator.py
[2026-08-12T04:31:05.177+0000] {processor.py:925} INFO - DAG(s) 'example_branch_operator' retrieved from /home/airflow/.local/lib/python3.12/site-packages/airflow/example_dags/example_branch_operator.py
[2026-08-12T04:31:05.204+0000] {logging_mixin.py:190} INFO - [2026-08-12T04:31:05.204+0000] {dag.py:3211} INFO - Sync 1 DAGs
[2026-08-12T04:31:05.255+0000] {logging_mixin.py:190} INFO - [2026-08-12T04:31:05.255+0000] {dag.py:4138} INFO - Setting next_dagrun for example_branch_operator to 2026-08-11 00:00:00+00:00, run_after=2026-08-12 00:00:00+00:00
[2026-08-12T04:31:05.280+0000] {processor.py:208} INFO - Processing /home/airflow/.local/lib/python3.12/site-packages/airflow/example_dags/example_branch_operator.py took 0.130 seconds
[2026-08-12T04:31:35.813+0000] {processor.py:186} INFO - Started process (PID=206) to work on /home/airflow/.local/lib/python3.12/site-packages/airflow/example_dags/example_branch_operator.py
[2026-08-12T04:31:35.815+0000] {processor.py:914} INFO - Processing file /home/airflow/.local/lib/python3.12/site-packages/airflow/example_dags/example_branch_operator.py for tasks to queue
[2026-08-12T04:31:35.821+0000] {logging_mixin.py:190} INFO - [2026-08-12T04:31:35.820+0000] {dagbag.py:587} INFO - Filling up the DagBag from /home/airflow/.local/lib/python3.12/site-packages/airflow/example_dags/example_branch_operator.py
[2026-08-12T04:31:35.880+0000] {processor.py:925} INFO - DAG(s) 'example_branch_operator' retrieved from /home/airflow/.local/lib/python3.12/site-packages/airflow/example_dags/example_branch_operator.py
[2026-08-12T04:31:35.924+0000] {logging_mixin.py:190} INFO - [2026-08-12T04:31:35.923+0000] {dag.py:3211} INFO - Sync 1 DAGs
[2026-08-12T04:31:35.957+0000] {logging_mixin.py:190} INFO - [2026-08-12T04:31:35.957+0000] {dag.py:4138} INFO - Setting next_dagrun for example_branch_operator to 2026-08-11 00:00:00+00:00, run_after=2026-08-12 00:00:00+00:00
[2026-08-12T04:31:35.986+0000] {processor.py:208} INFO - Processing /home/airflow/.local/lib/python3.12/site-packages/airflow/example_dags/example_branch_operator.py took 0.184 seconds
[2026-08-12T04:32:06.681+0000] {processor.py:186} INFO - Started process (PID=269) to work on /home/airflow/.local/lib/python3.12/site-packages/airflow/example_dags/example_branch_operator.py
[2026-08-12T04:32:06.683+0000] {processor.py:914} INFO - Processing file /home/airflow/.local/lib/python3.12/site-packages/airflow/example_dags/example_branch_operator.py for tasks to queue
[2026-08-12T04:32:06.686+0000] {logging_mixin.py:190} INFO - [2026-08-12T04:32:06.686+0000] {dagbag.py:587} INFO - Filling up the DagBag from /home/airflow/.local/lib/python3.12/site-packages/airflow/example_dags/example_branch_operator.py
[2026-08-12T04:32:06.720+0000] {processor.py:925} INFO - DAG(s) 'example_branch_operator' retrieved from /home/airflow/.local/lib/python3.12/site-packages/airflow/example_dags/example_branch_operator.py
[2026-08-12T04:32:06.766+0000] {logging_mixin.py:190} INFO - [2026-08-12T04:32:06.765+0000] {dag.py:3211} INFO - Sync 1 DAGs
[2026-08-12T04:32:06.799+0000] {logging_mixin.py:190} INFO - [2026-08-12T04:32:06.799+0000] {dag.py:4138} INFO - Setting next_dagrun for example_branch_operator to 2026-08-11 00:00:00+00:00, run_after=2026-08-12 00:00:00+00:00
[2026-08-12T04:32:06.824+0000] {processor.py:208} INFO - Processing /home/airflow/.local/lib/python3.12/site-packages/airflow/example_dags/example_branch_operator.py took 0.152 seconds
[2026-08-12T04:32:53.847+0000] {processor.py:186} INFO - Started process (PID=72) to work on /home/airflow/.local/lib/python3.12/site-packages/airflow/example_dags/example_branch_operator.py
[2026-08-12T04:32:53.853+0000] {processor.py:914} INFO - Processing file /home/airflow/.local/lib/python3.12/site-packages/airflow/example_dags/example_branch_operator.py for tasks to queue
[2026-08-12T04:32:53.861+0000] {logging_mixin.py:190} INFO - [2026-08-12T04:32:53.860+0000] {dagbag.py:587} INFO - Filling up the DagBag from /home/airflow/.local/lib/python3.12/site-packages/airflow/example_dags/example_branch_operator.py
[2026-08-12T04:32:53.914+0000] {processor.py:925} INFO - DAG(s) 'example_branch_operator' retrieved from /home/airflow/.local/lib/python3.12/site-packages/airflow/example_dags/example_branch_operator.py
[2026-08-12T04:32:54.159+0000] {logging_mixin.py:190} INFO - [2026-08-12T04:32:54.158+0000] {dag.py:3211} INFO - Sync 1 DAGs
[2026-08-12T04:32:54.210+0000] {logging_mixin.py:190} INFO - [2026-08-12T04:32:54.210+0000] {dag.py:4138} INFO - Setting next_dagrun for example_branch_operator to 2026-08-11 00:00:00+00:00, run_after=2026-08-12 00:00:00+00:00
[2026-08-12T04:32:54.252+0000] {processor.py:208} INFO - Processing /home/airflow/.local/lib/python3.12/site-packages/airflow/example_dags/example_branch_operator.py took 0.416 seconds
[2026-08-12T04:33:25.098+0000] {processor.py:186} INFO - Started process (PID=134) to work on /home/airflow/.local/lib/python3.12/site-packages/airflow/example_dags/example_branch_operator.py
[2026-08-12T04:33:25.100+0000] {processor.py:914} INFO - Processing file /home/airflow/.local/lib/python3.12/site-packages/airflow/example_dags/example_branch_operator.py for tasks to queue
[2026-08-12T04:33:25.103+0000] {logging_mixin.py:190} INFO - [2026-08-12T04:33:25.102+0000] {dagbag.py:587} INFO - Filling up the DagBag from /home/airflow/.local/lib/python3.12/site-packages/airflow/example_dags/example_branch_operator.py
[2026-08-12T04:33:25.119+0000] {processor.py:925} INFO - DAG(s) 'example_branch_operator' retrieved from /home/airflow/.local/lib/python3.12/site-packages/airflow/example_dags/example_branch_operator.py
[2026-08-12T04:33:25.160+0000] {logging_mixin.py:190} INFO - [2026-08-12T04:33:25.160+0000] {dag.py:3211} INFO - Sync 1 DAGs
[2026-08-12T04:33:25.182+0000] {logging_mixin.py:190} INFO - [2026-08-12T04:33:25.182+0000] {dag.py:4138} INFO - Setting next_dagrun for example_branch_operator to 2026-08-11 00:00:00+00:00, run_after=2026-08-12 00:00:00+00:00
[2026-08-12T04:33:25.223+0000] {processor.py:208} INFO - Processing /home/airflow/.local/lib/python3.12/site-packages/airflow/example_dags/example_branch_operator.py took 0.132 seconds
[2026-08-12T04:33:55.944+0000] {processor.py:186} INFO - Started process (PID=196) to work on /home/airflow/.local/lib/python3.12/site-packages/airflow/example_dags/example_branch_operator.py
[2026-08-12T04:33:55.946+0000] {processor.py:914} INFO - Processing file /home/airflow/.local/lib/python3.12/site-packages/airflow/example_dags/example_branch_operator.py for tasks to queue
[2026-08-12T04:33:55.949+0000] {logging_mixin.py:190} INFO - [2026-08-12T04:33:55.949+0000] {dagbag.py:587} INFO - Filling up the DagBag from /home/airflow/.local/lib/python3.12/site-packages/airflow/example_dags/example_branch_operator.py
[2026-08-12T04:33:55.968+0000] {processor.py:925} INFO - DAG(s) 'example_branch_operator' retrieved from /home/airflow/.local/lib/python3.12/site-packages/airflow/example_dags/example_branch_operator.py
[2026-08-12T04:33:55.998+0000] {logging_mixin.py:190} INFO - [2026-08-12T04:33:55.998+0000] {dag.py:3211} INFO - Sync 1 DAGs
[2026-08-12T04:33:56.021+0000] {logging_mixin.py:190} INFO - [2026-08-12T04:33:56.021+0000] {dag.py:4138} INFO - Setting next_dagrun for example_branch_operator to 2026-08-11 00:00:00+00:00, run_after=2026-08-12 00:00:00+00:00
[2026-08-12T04:33:56.046+0000] {processor.py:208} INFO - Processing /home/airflow/.local/lib/python3.12/site-packages/airflow/example_dags/example_branch_operator.py took 0.109 seconds
[2026-08-12T04:34:26.424+0000] {processor.py:186} INFO - Started process (PID=258) to work on /home/airflow/.local/lib/python3.12/site-packages/airflow/example_dags/example_branch_operator.py
[2026-08-12T04:34:26.426+0000] {processor.py:914} INFO - Processing file /home/airflow/.local/lib/python3.12/site-packages/airflow/example_dags/example_branch_operator.py for tasks to queue
[2026-08-12T04:34:26.429+0000] {logging_mixin.py:190} INFO - [2026-08-12T04:34:26.429+0000] {dagbag.py:587} INFO - Filling up the DagBag from /home/airflow/.local/lib/python3.12/site-packages/airflow/example_dags/example_branch_operator.py
[2026-08-12T04:34:26.447+0000] {processor.py:925} INFO - DAG(s) 'example_branch_operator' retrieved from /home/airflow/.local/lib/python3.12/site-packages/airflow/example_dags/example_branch_operator.py
[2026-08-12T04:34:26.474+0000] {logging_mixin.py:190} INFO - [2026-08-12T04:34:26.474+0000] {dag.py:3211} INFO - Sync 1 DAGs
[2026-08-12T04:34:26.499+0000] {logging_mixin.py:190} INFO - [2026-08-12T04:34:26.499+0000] {dag.py:4138} INFO - Setting next_dagrun for example_branch_operator to 2026-08-11 00:00:00+00:00, run_after=2026-08-12 00:00:00+00:00
[2026-08-12T04:34:26.521+0000] {processor.py:208} INFO - Processing /home/airflow/.local/lib/python3.12/site-packages/airflow/example_dags/example_branch_operator.py took 0.102 seconds
[2026-08-12T04:34:57.001+0000] {processor.py:186} INFO - Started process (PID=320) to work on /home/airflow/.local/lib/python3.12/site-packages/airflow/example_dags/example_branch_operator.py
[2026-08-12T04:34:57.003+0000] {processor.py:914} INFO - Processing file /home/airflow/.local/lib/python3.12/site-packages/airflow/example_dags/example_branch_operator.py for tasks to queue
[2026-08-12T04:34:57.006+0000] {logging_mixin.py:190} INFO - [2026-08-12T04:34:57.006+0000] {dagbag.py:587} INFO - Filling up the DagBag from /home/airflow/.local/lib/python3.12/site-packages/airflow/example_dags/example_branch_operator.py
[2026-08-12T04:34:57.023+0000] {processor.py:925} INFO - DAG(s) 'example_branch_operator' retrieved from /home/airflow/.local/lib/python3.12/site-packages/airflow/example_dags/example_branch_operator.py
[2026-08-12T04:34:57.060+0000] {logging_mixin.py:190} INFO - [2026-08-12T04:34:57.060+0000] {dag.py:3211} INFO - Sync 1 DAGs
[2026-08-12T04:34:57.088+0000] {logging_mixin.py:190} INFO - [2026-08-12T04:34:57.088+0000] {dag.py:4138} INFO - Setting next_dagrun for example_branch_operator to 2026-08-11 00:00:00+00:00, run_after=2026-08-12 00:00:00+00:00
[2026-08-12T04:34:57.111+0000] {processor.py:208} INFO - Processing /home/airflow/.local/lib/python3.12/site-packages/airflow/example_dags/example_branch_operator.py took 0.116 seconds
[2026-08-12T04:35:27.534+0000] {processor.py:186} INFO - Started process (PID=382) to work on /home/airflow/.local/lib/python3.12/site-packages/airflow/example_dags/example_branch_operator.py
[2026-08-12T04:35:27.536+0000] {processor.py:914} INFO - Processing file /home/airflow/.local/lib/python3.12/site-packages/airflow/example_dags/example_branch_operator.py for tasks to queue
[2026-08-12T04:35:27.539+0000] {logging_mixin.py:190} INFO - [2026-08-12T04:35:27.538+0000] {dagbag.py:587} INFO - Filling up the DagBag from /home/airflow/.local/lib/python3.12/site-packages/airflow/example_dags/example_branch_operator.py
[2026-08-12T04:35:27.556+0000] {processor.py:925} INFO - DAG(s) 'example_branch_operator' retrieved from /home/airflow/.local/lib/python3.12/site-packages/airflow/example_dags/example_branch_operator.py
[2026-08-12T04:35:27.585+0000] {logging_mixin.py:190} INFO - [2026-08-12T04:35:27.585+0000] {dag.py:3211} INFO - Sync 1 DAGs
[2026-08-12T04:35:27.610+0000] {logging_mixin.py:190} INFO - [2026-08-12T04:35:27.610+0000] {dag.py:4138} INFO - Setting next_dagrun for example_branch_operator to 2026-08-11 00:00:00+00:00, run_after=2026-08-12 00:00:00+00:00
[2026-08-12T04:35:27.659+0000] {processor.py:208} INFO - Processing /home/airflow/.local/lib/python3.12/site-packages/airflow/example_dags/example_branch_operator.py took 0.131 seconds
[2026-08-12T04:35:57.788+0000] {processor.py:186} INFO - Started process (PID=444) to work on /home/airflow/.local/lib/python3.12/site-packages/airflow/example_dags/example_branch_operator.py
[2026-08-12T04:35:57.790+0000] {processor.py:914} INFO - Processing file /home/airflow/.local/lib/python3.12/site-packages/airflow/example_dags/example_branch_operator.py for tasks to queue
[2026-08-12T04:35:57.794+0000] {logging_mixin.py:190} INFO - [2026-08-12T04:35:57.793+0000] {dagbag.py:587} INFO - Filling up the DagBag from /home/airflow/.local/lib/python3.12/site-packages/airflow/example_dags/example_branch_operator.py
[2026-08-12T04:35:57.811+0000] {processor.py:925} INFO - DAG(s) 'example_branch_operator' retrieved from /home/airflow/.local/lib/python3.12/site-packages/airflow/example_dags/example_branch_operator.py
[2026-08-12T04:35:57.842+0000] {logging_mixin.py:190} INFO - [2026-08-12T04:35:57.842+0000] {dag.py:3211} INFO - Sync 1 DAGs
[2026-08-12T04:35:57.866+0000] {logging_mixin.py:190} INFO - [2026-08-12T04:35:57.866+0000] {dag.py:4138} INFO - Setting next_dagrun for example_branch_operator to 2026-08-11 00:00:00+00:00, run_after=2026-08-12 00:00:00+00:00
[2026-08-12T04:35:57.896+0000] {processor.py:208} INFO - Processing /home/airflow/.local/lib/python3.12/site-packages/airflow/example_dags/example_branch_operator.py took 0.112 seconds
[2026-08-12T04:36:28.601+0000] {processor.py:186} INFO - Started process (PID=506) to work on /home/airflow/.local/lib/python3.12/site-packages/airflow/example_dags/example_branch_operator.py
[2026-08-12T04:36:28.602+0000] {processor.py:914} INFO - Processing file /home/airflow/.local/lib/python3.12/site-packages/airflow/example_dags/example_branch_operator.py for tasks to queue
[2026-08-12T04:36:28.605+0000] {logging_mixin.py:190} INFO - [2026-08-12T04:36:28.605+0000] {dagbag.py:587} INFO - Filling up the DagBag from /home/airflow/.local/lib/python3.12/site-packages/airflow/example_dags/example_branch_operator.py
[2026-08-12T04:36:28.621+0000] {processor.py:925} INFO - DAG(s) 'example_branch_operator' retrieved from /home/airflow/.local/lib/python3.12/site-packages/airflow/example_dags/example_branch_operator.py
[2026-08-12T04:36:28.646+0000] {logging_mixin.py:190} INFO - [2026-08-12T04:36:28.646+0000] {dag.py:3211} INFO - Sync 1 DAGs
[2026-08-12T04:36:28.668+0000] {logging_mixin.py:190} INFO - [2026-08-12T04:36:28.668+0000] {dag.py:4138} INFO - Setting next_dagrun for example_branch_operator to 2026-08-11 00:00:00+00:00, run_after=2026-08-12 00:00:00+00:00
[2026-08-12T04:36:28.712+0000] {processor.py:208} INFO - Processing /home/airflow/.local/lib/python3.12/site-packages/airflow/example_dags/example_branch_operator.py took 0.116 seconds
[2026-08-12T04:36:59.040+0000] {processor.py:186} INFO - Started process (PID=568) to work on /home/airflow/.local/lib/python3.12/site-packages/airflow/example_dags/example_branch_operator.py
[2026-08-12T04:36:59.042+0000] {processor.py:914} INFO - Processing file /home/airflow/.local/lib/python3.12/site-packages/airflow/example_dags/example_branch_operator.py for tasks to queue
[2026-08-12T04:36:59.045+0000] {logging_mixin.py:190} INFO - [2026-08-12T04:36:59.045+0000] {dagbag.py:587} INFO - Filling up the DagBag from /home/airflow/.local/lib/python3.12/site-packages/airflow/example_dags/example_branch_operator.py
[2026-08-12T04:36:59.064+0000] {processor.py:925} INFO - DAG(s) 'example_branch_operator' retrieved from /home/airflow/.local/lib/python3.12/site-packages/airflow/example_dags/example_branch_operator.py
[2026-08-12T04:36:59.101+0000] {logging_mixin.py:190} INFO - [2026-08-12T04:36:59.100+0000] {dag.py:3211} INFO - Sync 1 DAGs
[2026-08-12T04:36:59.130+0000] {logging_mixin.py:190} INFO - [2026-08-12T04:36:59.130+0000] {dag.py:4138} INFO - Setting next_dagrun for example_branch_operator to 2026-08-11 00:00:00+00:00, run_after=2026-08-12 00:00:00+00:00
[2026-08-12T04:36:59.162+0000] {processor.py:208} INFO - Processing /home/airflow/.local/lib/python3.12/site-packages/airflow/example_dags/example_branch_operator.py took 0.129 seconds
[2026-08-12T04:37:29.228+0000] {processor.py:186} INFO - Started process (PID=630) to work on /home/airflow/.local/lib/python3.12/site-packages/airflow/example_dags/example_branch_operator.py
[2026-08-12T04:37:29.229+0000] {processor.py:914} INFO - Processing file /home/airflow/.local/lib/python3.12/site-packages/airflow/example_dags/example_branch_operator.py for tasks to queue
[2026-08-12T04:37:29.234+0000] {logging_mixin.py:190} INFO - [2026-08-12T04:37:29.233+0000] {dagbag.py:587} INFO - Filling up the DagBag from /home/airflow/.local/lib/python3.12/site-packages/airflow/example_dags/example_branch_operator.py
[2026-08-12T04:37:29.253+0000] {processor.py:925} INFO - DAG(s) 'example_branch_operator' retrieved from /home/airflow/.local/lib/python3.12/site-packages/airflow/example_dags/example_branch_operator.py
[2026-08-12T04:37:29.286+0000] {logging_mixin.py:190} INFO - [2026-08-12T04:37:29.285+0000] {dag.py:3211} INFO - Sync 1 DAGs
[2026-08-12T04:37:29.312+0000] {logging_mixin.py:190} INFO - [2026-08-12T04:37:29.312+0000] {dag.py:4138} INFO - Setting next_dagrun for example_branch_operator to 2026-08-11 00:00:00+00:00, run_after=2026-08-12 00:00:00+00:00
[2026-08-12T04:37:29.342+0000] {processor.py:208} INFO - Processing /home/airflow/.local/lib/python3.12/site-packages/airflow/example_dags/example_branch_operator.py took 0.121 seconds
[2026-08-12T04:37:59.722+0000] {processor.py:186} INFO - Started process (PID=693) to work on /home/airflow/.local/lib/python3.12/site-packages/airflow/example_dags/example_branch_operator.py
[2026-08-12T04:37:59.725+0000] {processor.py:914} INFO - Processing file /home/airflow/.local/lib/python3.12/site-packages/airflow/example_dags/example_branch_operator.py for tasks to queue
[2026-08-12T04:37:59.728+0000] {logging_mixin.py:190} INFO - [2026-08-12T04:37:59.727+0000] {dagbag.py:587} INFO - Filling up the DagBag from /home/airflow/.local/lib/python3.12/site-packages/airflow/example_dags/example_branch_operator.py
[2026-08-12T04:37:59.748+0000] {processor.py:925} INFO - DAG(s) 'example_branch_operator' retrieved from /home/airflow/.local/lib/python3.12/site-packages/airflow/example_dags/example_branch_operator.py
[2026-08-12T04:37:59.795+0000] {logging_mixin.py:190} INFO - [2026-08-12T04:37:59.795+0000] {dag.py:3211} INFO - Sync 1 DAGs
[2026-08-12T04:37:59.831+0000] {logging_mixin.py:190} INFO - [2026-08-12T04:37:59.830+0000] {dag.py:4138} INFO - Setting next_dagrun for example_branch_operator to 2026-08-11 00:00:00+00:00, run_after=2026-08-12 00:00:00+00:00
[2026-08-12T04:37:59.854+0000] {processor.py:208} INFO - Processing /home/airflow/.local/lib/python3.12/site-packages/airflow/example_dags/example_branch_operator.py took 0.138 seconds
[2026-08-12T04:38:30.360+0000] {processor.py:186} INFO - Started process (PID=754) to work on /home/airflow/.local/lib/python3.12/site-packages/airflow/example_dags/example_branch_operator.py
[2026-08-12T04:38:30.361+0000] {processor.py:914} INFO - Processing file /home/airflow/.local/lib/python3.12/site-packages/airflow/example_dags/example_branch_operator.py for tasks to queue
[2026-08-12T04:38:30.364+0000] {logging_mixin.py:190} INFO - [2026-08-12T04:38:30.364+0000] {dagbag.py:587} INFO - Filling up the DagBag from /home/airflow/.local/lib/python3.12/site-packages/airflow/example_dags/example_branch_operator.py
[2026-08-12T04:38:30.383+0000] {processor.py:925} INFO - DAG(s) 'example_branch_operator' retrieved from /home/airflow/.local/lib/python3.12/site-packages/airflow/example_dags/example_branch_operator.py
[2026-08-12T04:38:30.416+0000] {logging_mixin.py:190} INFO - [2026-08-12T04:38:30.416+0000] {dag.py:3211} INFO - Sync 1 DAGs
[2026-08-12T04:38:30.440+0000] {logging_mixin.py:190} INFO - [2026-08-12T04:38:30.440+0000] {dag.py:4138} INFO - Setting next_dagrun for example_branch_operator to 2026-08-11 00:00:00+00:00, run_after=2026-08-12 00:00:00+00:00
[2026-08-12T04:38:30.460+0000] {processor.py:208} INFO - Processing /home/airflow/.local/lib/python3.12/site-packages/airflow/example_dags/example_branch_operator.py took 0.106 seconds
[2026-08-12T04:39:00.740+0000] {processor.py:186} INFO - Started process (PID=816) to work on /home/airflow/.local/lib/python3.12/site-packages/airflow/example_dags/example_branch_operator.py
[2026-08-12T04:39:00.742+0000] {processor.py:914} INFO - Processing file /home/airflow/.local/lib/python3.12/site-packages/airflow/example_dags/example_branch_operator.py for tasks to queue
[2026-08-12T04:39:00.746+0000] {logging_mixin.py:190} INFO - [2026-08-12T04:39:00.746+0000] {dagbag.py:587} INFO - Filling up the DagBag from /home/airflow/.local/lib/python3.12/site-packages/airflow/example_dags/example_branch_operator.py
[2026-08-12T04:39:00.768+0000] {processor.py:925} INFO - DAG(s) 'example_branch_operator' retrieved from /home/airflow/.local/lib/python3.12/site-packages/airflow/example_dags/example_branch_operator.py
[2026-08-12T04:39:00.795+0000] {logging_mixin.py:190} INFO - [2026-08-12T04:39:00.795+0000] {dag.py:3211} INFO - Sync 1 DAGs
[2026-08-12T04:39:00.822+0000] {logging_mixin.py:190} INFO - [2026-08-12T04:39:00.822+0000] {dag.py:4138} INFO - Setting next_dagrun for example_branch_operator to 2026-08-11 00:00:00+00:00, run_after=2026-08-12 00:00:00+00:00
[2026-08-12T04:39:00.844+0000] {processor.py:208} INFO - Processing /home/airflow/.local/lib/python3.12/site-packages/airflow/example_dags/example_branch_operator.py took 0.112 seconds
[2026-08-12T04:39:31.199+0000] {processor.py:186} INFO - Started process (PID=878) to work on /home/airflow/.local/lib/python3.12/site-packages/airflow/example_dags/example_branch_operator.py
[2026-08-12T04:39:31.201+0000] {processor.py:914} INFO - Processing file /home/airflow/.local/lib/python3.12/site-packages/airflow/example_dags/example_branch_operator.py for tasks to queue
[2026-08-12T04:39:31.205+0000] {logging_mixin.py:190} INFO - [2026-08-12T04:39:31.204+0000] {dagbag.py:587} INFO - Filling up the DagBag from /home/airflow/.local/lib/python3.12/site-packages/airflow/example_dags/example_branch_operator.py
[2026-08-12T04:39:31.226+0000] {processor.py:925} INFO - DAG(s) 'example_branch_operator' retrieved from /home/airflow/.local/lib/python3.12/site-packages/airflow/example_dags/example_branch_operator.py
[2026-08-12T04:39:31.256+0000] {logging_mixin.py:190} INFO - [2026-08-12T04:39:31.255+0000] {dag.py:3211} INFO - Sync 1 DAGs
[2026-08-12T04:39:31.281+0000] {logging_mixin.py:190} INFO - [2026-08-12T04:39:31.280+0000] {dag.py:4138} INFO - Setting next_dagrun for example_branch_operator to 2026-08-11 00:00:00+00:00, run_after=2026-08-12 00:00:00+00:00
[2026-08-12T04:39:31.300+0000] {processor.py:208} INFO - Processing /home/airflow/.local/lib/python3.12/site-packages/airflow/example_dags/example_branch_operator.py took 0.108 seconds
[2026-08-12T04:40:01.565+0000] {processor.py:186} INFO - Started process (PID=940) to work on /home/airflow/.local/lib/python3.12/site-packages/airflow/example_dags/example_branch_operator.py
[2026-08-12T04:40:01.567+0000] {processor.py:914} INFO - Processing file /home/airflow/.local/lib/python3.12/site-packages/airflow/example_dags/example_branch_operator.py for tasks to queue
[2026-08-12T04:40:01.571+0000] {logging_mixin.py:190} INFO - [2026-08-12T04:40:01.570+0000] {dagbag.py:587} INFO - Filling up the DagBag from /home/airflow/.local/lib/python3.12/site-packages/airflow/example_dags/example_branch_operator.py
[2026-08-12T04:40:01.591+0000] {processor.py:925} INFO - DAG(s) 'example_branch_operator' retrieved from /home/airflow/.local/lib/python3.12/site-packages/airflow/example_dags/example_branch_operator.py
[2026-08-12T04:40:01.624+0000] {logging_mixin.py:190} INFO - [2026-08-12T04:40:01.624+0000] {dag.py:3211} INFO - Sync 1 DAGs
[2026-08-12T04:40:01.649+0000] {logging_mixin.py:190} INFO - [2026-08-12T04:40:01.649+0000] {dag.py:4138} INFO - Setting next_dagrun for example_branch_operator to 2026-08-11 00:00:00+00:00, run_after=2026-08-12 00:00:00+00:00
[2026-08-12T04:40:01.668+0000] {processor.py:208} INFO - Processing /home/airflow/.local/lib/python3.12/site-packages/airflow/example_dags/example_branch_operator.py took 0.111 seconds
[2026-08-12T04:40:31.991+0000] {processor.py:186} INFO - Started process (PID=1002) to work on /home/airflow/.local/lib/python3.12/site-packages/airflow/example_dags/example_branch_operator.py
[2026-08-12T04:40:31.993+0000] {processor.py:914} INFO - Processing file /home/airflow/.local/lib/python3.12/site-packages/airflow/example_dags/example_branch_operator.py for tasks to queue
[2026-08-12T04:40:31.996+0000] {logging_mixin.py:190} INFO - [2026-08-12T04:40:31.995+0000] {dagbag.py:587} INFO - Filling up the DagBag from /home/airflow/.local/lib/python3.12/site-packages/airflow/example_dags/example_branch_operator.py
[2026-08-12T04:40:32.017+0000] {processor.py:925} INFO - DAG(s) 'example_branch_operator' retrieved from /home/airflow/.local/lib/python3.12/site-packages/airflow/example_dags/example_branch_operator.py
[2026-08-12T04:40:32.054+0000] {logging_mixin.py:190} INFO - [2026-08-12T04:40:32.054+0000] {dag.py:3211} INFO - Sync 1 DAGs
[2026-08-12T04:40:32.078+0000] {logging_mixin.py:190} INFO - [2026-08-12T04:40:32.078+0000] {dag.py:4138} INFO - Setting next_dagrun for example_branch_operator to 2026-08-11 00:00:00+00:00, run_after=2026-08-12 00:00:00+00:00
[2026-08-12T04:40:32.098+0000] {processor.py:208} INFO - Processing /home/airflow/.local/lib/python3.12/site-packages/airflow/example_dags/example_branch_operator.py took 0.113 seconds
[2026-08-12T04:41:02.728+0000] {processor.py:186} INFO - Started process (PID=1064) to work on /home/airflow/.local/lib/python3.12/site-packages/airflow/example_dags/example_branch_operator.py
[2026-08-12T04:41:02.730+0000] {processor.py:914} INFO - Processing file /home/airflow/.local/lib/python3.12/site-packages/airflow/example_dags/example_branch_operator.py for tasks to queue
[2026-08-12T04:41:02.733+0000] {logging_mixin.py:190} INFO - [2026-08-12T04:41:02.733+0000] {dagbag.py:587} INFO - Filling up the DagBag from /home/airflow/.local/lib/python3.12/site-packages/airflow/example_dags/example_branch_operator.py
[2026-08-12T04:41:02.752+0000] {processor.py:925} INFO - DAG(s) 'example_branch_operator' retrieved from /home/airflow/.local/lib/python3.12/site-packages/airflow/example_dags/example_branch_operator.py
[2026-08-12T04:41:02.792+0000] {logging_mixin.py:190} INFO - [2026-08-12T04:41:02.791+0000] {dag.py:3211} INFO - Sync 1 DAGs
[2026-08-12T04:41:02.818+0000] {logging_mixin.py:190} INFO - [2026-08-12T04:41:02.818+0000] {dag.py:4138} INFO - Setting next_dagrun for example_branch_operator to 2026-08-11 00:00:00+00:00, run_after=2026-08-12 00:00:00+00:00
[2026-08-12T04:41:02.839+0000] {processor.py:208} INFO - Processing /home/airflow/.local/lib/python3.12/site-packages/airflow/example_dags/example_branch_operator.py took 0.118 seconds
[2026-08-12T04:41:33.379+0000] {processor.py:186} INFO - Started process (PID=1126) to work on /home/airflow/.local/lib/python3.12/site-packages/airflow/example_dags/example_branch_operator.py
[2026-08-12T04:41:33.381+0000] {processor.py:914} INFO - Processing file /home/airflow/.local/lib/python3.12/site-packages/airflow/example_dags/example_branch_operator.py for tasks to queue
[2026-08-12T04:41:33.384+0000] {logging_mixin.py:190} INFO - [2026-08-12T04:41:33.383+0000] {dagbag.py:587} INFO - Filling up the DagBag from /home/airflow/.local/lib/python3.12/site-packages/airflow/example_dags/example_branch_operator.py
[2026-08-12T04:41:33.400+0000] {processor.py:925} INFO - DAG(s) 'example_branch_operator' retrieved from /home/airflow/.local/lib/python3.12/site-packages/airflow/example_dags/example_branch_operator.py
[2026-08-12T04:41:33.427+0000] {logging_mixin.py:190} INFO - [2026-08-12T04:41:33.427+0000] {dag.py:3211} INFO - Sync 1 DAGs
[2026-08-12T04:41:33.452+0000] {logging_mixin.py:190} INFO - [2026-08-12T04:41:33.452+0000] {dag.py:4138} INFO - Setting next_dagrun for example_branch_operator to 2026-08-11 00:00:00+00:00, run_after=2026-08-12 00:00:00+00:00
[2026-08-12T04:41:33.473+0000] {processor.py:208} INFO - Processing /home/airflow/.local/lib/python3.12/site-packages/airflow/example_dags/example_branch_operator.py took 0.100 seconds
[2026-08-12T04:42:04.005+0000] {processor.py:186} INFO - Started process (PID=1188) to work on /home/airflow/.local/lib/python3.12/site-packages/airflow/example_dags/example_branch_operator.py
[2026-08-12T04:42:04.007+0000] {processor.py:914} INFO - Processing file /home/airflow/.local/lib/python3.12/site-packages/airflow/example_dags/example_branch_operator.py for tasks to queue
[2026-08-12T04:42:04.011+0000] {logging_mixin.py:190} INFO - [2026-08-12T04:42:04.010+0000] {dagbag.py:587} INFO - Filling up the DagBag from /home/airflow/.local/lib/python3.12/site-packages/airflow/example_dags/example_branch_operator.py
[2026-08-12T04:42:04.033+0000] {processor.py:925} INFO - DAG(s) 'example_branch_operator' retrieved from /home/airflow/.local/lib/python3.12/site-packages/airflow/example_dags/example_branch_operator.py
[2026-08-12T04:42:04.065+0000] {logging_mixin.py:190} INFO - [2026-08-12T04:42:04.064+0000] {dag.py:3211} INFO - Sync 1 DAGs
[2026-08-12T04:42:04.096+0000] {logging_mixin.py:190} INFO - [2026-08-12T04:42:04.096+0000] {dag.py:4138} INFO - Setting next_dagrun for example_branch_operator to 2026-08-11 00:00:00+00:00, run_after=2026-08-12 00:00:00+00:00
[2026-08-12T04:42:04.121+0000] {processor.py:208} INFO - Processing /home/airflow/.local/lib/python3.12/site-packages/airflow/example_dags/example_branch_operator.py took 0.123 seconds
[2026-08-12T04:42:34.694+0000] {processor.py:186} INFO - Started process (PID=1250) to work on /home/airflow/.local/lib/python3.12/site-packages/airflow/example_dags/example_branch_operator.py
[2026-08-12T04:42:34.696+0000] {processor.py:914} INFO - Processing file /home/airflow/.local/lib/python3.12/site-packages/airflow/example_dags/example_branch_operator.py for tasks to queue
[2026-08-12T04:42:34.699+0000] {logging_mixin.py:190} INFO - [2026-08-12T04:42:34.699+0000] {dagbag.py:587} INFO - Filling up the DagBag from /home/airflow/.local/lib/python3.12/site-packages/airflow/example_dags/example_branch_operator.py
[2026-08-12T04:42:34.716+0000] {processor.py:925} INFO - DAG(s) 'example_branch_operator' retrieved from /home/airflow/.local/lib/python3.12/site-packages/airflow/example_dags/example_branch_operator.py
[2026-08-12T04:42:34.755+0000] {logging_mixin.py:190} INFO - [2026-08-12T04:42:34.754+0000] {dag.py:3211} INFO - Sync 1 DAGs
[2026-08-12T04:42:34.787+0000] {logging_mixin.py:190} INFO - [2026-08-12T04:42:34.787+0000] {dag.py:4138} INFO - Setting next_dagrun for example_branch_operator to 2026-08-11 00:00:00+00:00, run_after=2026-08-12 00:00:00+00:00
[2026-08-12T04:42:34.809+0000] {processor.py:208} INFO - Processing /home/airflow/.local/lib/python3.12/site-packages/airflow/example_dags/example_branch_operator.py took 0.120 seconds
[2026-08-12T04:43:05.592+0000] {processor.py:186} INFO - Started process (PID=1312) to work on /home/airflow/.local/lib/python3.12/site-packages/airflow/example_dags/example_branch_operator.py
[2026-08-12T04:43:05.594+0000] {processor.py:914} INFO - Processing file /home/airflow/.local/lib/python3.12/site-packages/airflow/example_dags/example_branch_operator.py for tasks to queue
[2026-08-12T04:43:05.599+0000] {logging_mixin.py:190} INFO - [2026-08-12T04:43:05.598+0000] {dagbag.py:587} INFO - Filling up the DagBag from /home/airflow/.local/lib/python3.12/site-packages/airflow/example_dags/example_branch_operator.py
[2026-08-12T04:43:05.625+0000] {processor.py:925} INFO - DAG(s) 'example_branch_operator' retrieved from /home/airflow/.local/lib/python3.12/site-packages/airflow/example_dags/example_branch_operator.py
[2026-08-12T04:43:05.662+0000] {logging_mixin.py:190} INFO - [2026-08-12T04:43:05.662+0000] {dag.py:3211} INFO - Sync 1 DAGs
[2026-08-12T04:43:05.687+0000] {logging_mixin.py:190} INFO - [2026-08-12T04:43:05.687+0000] {dag.py:4138} INFO - Setting next_dagrun for example_branch_operator to 2026-08-11 00:00:00+00:00, run_after=2026-08-12 00:00:00+00:00
[2026-08-12T04:43:05.709+0000] {processor.py:208} INFO - Processing /home/airflow/.local/lib/python3.12/site-packages/airflow/example_dags/example_branch_operator.py took 0.125 seconds
[2026-08-12T04:43:35.979+0000] {processor.py:186} INFO - Started process (PID=1374) to work on /home/airflow/.local/lib/python3.12/site-packages/airflow/example_dags/example_branch_operator.py
[2026-08-12T04:43:35.980+0000] {processor.py:914} INFO - Processing file /home/airflow/.local/lib/python3.12/site-packages/airflow/example_dags/example_branch_operator.py for tasks to queue
[2026-08-12T04:43:35.983+0000] {logging_mixin.py:190} INFO - [2026-08-12T04:43:35.983+0000] {dagbag.py:587} INFO - Filling up the DagBag from /home/airflow/.local/lib/python3.12/site-packages/airflow/example_dags/example_branch_operator.py
[2026-08-12T04:43:36.003+0000] {processor.py:925} INFO - DAG(s) 'example_branch_operator' retrieved from /home/airflow/.local/lib/python3.12/site-packages/airflow/example_dags/example_branch_operator.py
[2026-08-12T04:43:36.046+0000] {logging_mixin.py:190} INFO - [2026-08-12T04:43:36.046+0000] {dag.py:3211} INFO - Sync 1 DAGs
[2026-08-12T04:43:36.069+0000] {logging_mixin.py:190} INFO - [2026-08-12T04:43:36.069+0000] {dag.py:4138} INFO - Setting next_dagrun for example_branch_operator to 2026-08-11 00:00:00+00:00, run_after=2026-08-12 00:00:00+00:00
[2026-08-12T04:43:36.094+0000] {processor.py:208} INFO - Processing /home/airflow/.local/lib/python3.12/site-packages/airflow/example_dags/example_branch_operator.py took 0.122 seconds
[2026-08-12T04:44:06.224+0000] {processor.py:186} INFO - Started process (PID=1436) to work on /home/airflow/.local/lib/python3.12/site-packages/airflow/example_dags/example_branch_operator.py
[2026-08-12T04:44:06.226+0000] {processor.py:914} INFO - Processing file /home/airflow/.local/lib/python3.12/site-packages/airflow/example_dags/example_branch_operator.py for tasks to queue
[2026-08-12T04:44:06.229+0000] {logging_mixin.py:190} INFO - [2026-08-12T04:44:06.229+0000] {dagbag.py:587} INFO - Filling up the DagBag from /home/airflow/.local/lib/python3.12/site-packages/airflow/example_dags/example_branch_operator.py
[2026-08-12T04:44:06.248+0000] {processor.py:925} INFO - DAG(s) 'example_branch_operator' retrieved from /home/airflow/.local/lib/python3.12/site-packages/airflow/example_dags/example_branch_operator.py
[2026-08-12T04:44:06.280+0000] {logging_mixin.py:190} INFO - [2026-08-12T04:44:06.279+0000] {dag.py:3211} INFO - Sync 1 DAGs
[2026-08-12T04:44:06.306+0000] {logging_mixin.py:190} INFO - [2026-08-12T04:44:06.305+0000] {dag.py:4138} INFO - Setting next_dagrun for example_branch_operator to 2026-08-11 00:00:00+00:00, run_after=2026-08-12 00:00:00+00:00
[2026-08-12T04:44:06.326+0000] {processor.py:208} INFO - Processing /home/airflow/.local/lib/python3.12/site-packages/airflow/example_dags/example_branch_operator.py took 0.107 seconds
[2026-08-12T04:44:37.192+0000] {processor.py:186} INFO - Started process (PID=1498) to work on /home/airflow/.local/lib/python3.12/site-packages/airflow/example_dags/example_branch_operator.py
[2026-08-12T04:44:37.194+0000] {processor.py:914} INFO - Processing file /home/airflow/.local/lib/python3.12/site-packages/airflow/example_dags/example_branch_operator.py for tasks to queue
[2026-08-12T04:44:37.198+0000] {logging_mixin.py:190} INFO - [2026-08-12T04:44:37.197+0000] {dagbag.py:587} INFO - Filling up the DagBag from /home/airflow/.local/lib/python3.12/site-packages/airflow/example_dags/example_branch_operator.py
[2026-08-12T04:44:37.215+0000] {processor.py:925} INFO - DAG(s) 'example_branch_operator' retrieved from /home/airflow/.local/lib/python3.12/site-packages/airflow/example_dags/example_branch_operator.py
[2026-08-12T04:44:37.242+0000] {logging_mixin.py:190} INFO - [2026-08-12T04:44:37.241+0000] {dag.py:3211} INFO - Sync 1 DAGs
[2026-08-12T04:44:37.269+0000] {logging_mixin.py:190} INFO - [2026-08-12T04:44:37.268+0000] {dag.py:4138} INFO - Setting next_dagrun for example_branch_operator to 2026-08-11 00:00:00+00:00, run_after=2026-08-12 00:00:00+00:00
[2026-08-12T04:44:37.294+0000] {processor.py:208} INFO - Processing /home/airflow/.local/lib/python3.12/site-packages/airflow/example_dags/example_branch_operator.py took 0.108 seconds
[2026-08-12T04:45:07.367+0000] {processor.py:186} INFO - Started process (PID=1560) to work on /home/airflow/.local/lib/python3.12/site-packages/airflow/example_dags/example_branch_operator.py
[2026-08-12T04:45:07.369+0000] {processor.py:914} INFO - Processing file /home/airflow/.local/lib/python3.12/site-packages/airflow/example_dags/example_branch_operator.py for tasks to queue
[2026-08-12T04:45:07.374+0000] {logging_mixin.py:190} INFO - [2026-08-12T04:45:07.373+0000] {dagbag.py:587} INFO - Filling up the DagBag from /home/airflow/.local/lib/python3.12/site-packages/airflow/example_dags/example_branch_operator.py
[2026-08-12T04:45:07.390+0000] {processor.py:925} INFO - DAG(s) 'example_branch_operator' retrieved from /home/airflow/.local/lib/python3.12/site-packages/airflow/example_dags/example_branch_operator.py
[2026-08-12T04:45:07.427+0000] {logging_mixin.py:190} INFO - [2026-08-12T04:45:07.427+0000] {dag.py:3211} INFO - Sync 1 DAGs
[2026-08-12T04:45:07.463+0000] {logging_mixin.py:190} INFO - [2026-08-12T04:45:07.463+0000] {dag.py:4138} INFO - Setting next_dagrun for example_branch_operator to 2026-08-11 00:00:00+00:00, run_after=2026-08-12 00:00:00+00:00
[2026-08-12T04:45:07.492+0000] {processor.py:208} INFO - Processing /home/airflow/.local/lib/python3.12/site-packages/airflow/example_dags/example_branch_operator.py took 0.131 seconds
[2026-08-12T04:45:38.262+0000] {processor.py:186} INFO - Started process (PID=1622) to work on /home/airflow/.local/lib/python3.12/site-packages/airflow/example_dags/example_branch_operator.py
[2026-08-12T04:45:38.264+0000] {processor.py:914} INFO - Processing file /home/airflow/.local/lib/python3.12/site-packages/airflow/example_dags/example_branch_operator.py for tasks to queue
[2026-08-12T04:45:38.269+0000] {logging_mixin.py:190} INFO - [2026-08-12T04:45:38.268+0000] {dagbag.py:587} INFO - Filling up the DagBag from /home/airflow/.local/lib/python3.12/site-packages/airflow/example_dags/example_branch_operator.py
[2026-08-12T04:45:38.298+0000] {processor.py:925} INFO - DAG(s) 'example_branch_operator' retrieved from /home/airflow/.local/lib/python3.12/site-packages/airflow/example_dags/example_branch_operator.py
[2026-08-12T04:45:38.328+0000] {logging_mixin.py:190} INFO - [2026-08-12T04:45:38.327+0000] {dag.py:3211} INFO - Sync 1 DAGs
[2026-08-12T04:45:38.353+0000] {logging_mixin.py:190} INFO - [2026-08-12T04:45:38.353+0000] {dag.py:4138} INFO - Setting next_dagrun for example_branch_operator to 2026-08-11 00:00:00+00:00, run_after=2026-08-12 00:00:00+00:00
[2026-08-12T04:45:38.378+0000] {processor.py:208} INFO - Processing /home/airflow/.local/lib/python3.12/site-packages/airflow/example_dags/example_branch_operator.py took 0.125 seconds
[2026-08-12T04:46:08.586+0000] {processor.py:186} INFO - Started process (PID=1684) to work on /home/airflow/.local/lib/python3.12/site-packages/airflow/example_dags/example_branch_operator.py
[2026-08-12T04:46:08.588+0000] {processor.py:914} INFO - Processing file /home/airflow/.local/lib/python3.12/site-packages/airflow/example_dags/example_branch_operator.py for tasks to queue
[2026-08-12T04:46:08.592+0000] {logging_mixin.py:190} INFO - [2026-08-12T04:46:08.592+0000] {dagbag.py:587} INFO - Filling up the DagBag from /home/airflow/.local/lib/python3.12/site-packages/airflow/example_dags/example_branch_operator.py
[2026-08-12T04:46:08.614+0000] {processor.py:925} INFO - DAG(s) 'example_branch_operator' retrieved from /home/airflow/.local/lib/python3.12/site-packages/airflow/example_dags/example_branch_operator.py
[2026-08-12T04:46:08.645+0000] {logging_mixin.py:190} INFO - [2026-08-12T04:46:08.645+0000] {dag.py:3211} INFO - Sync 1 DAGs
[2026-08-12T04:46:08.672+0000] {logging_mixin.py:190} INFO - [2026-08-12T04:46:08.672+0000] {dag.py:4138} INFO - Setting next_dagrun for example_branch_operator to 2026-08-11 00:00:00+00:00, run_after=2026-08-12 00:00:00+00:00
[2026-08-12T04:46:08.695+0000] {processor.py:208} INFO - Processing /home/airflow/.local/lib/python3.12/site-packages/airflow/example_dags/example_branch_operator.py took 0.116 seconds
[2026-08-12T04:46:39.201+0000] {processor.py:186} INFO - Started process (PID=1746) to work on /home/airflow/.local/lib/python3.12/site-packages/airflow/example_dags/example_branch_operator.py
[2026-08-12T04:46:39.203+0000] {processor.py:914} INFO - Processing file /home/airflow/.local/lib/python3.12/site-packages/airflow/example_dags/example_branch_operator.py for tasks to queue
[2026-08-12T04:46:39.206+0000] {logging_mixin.py:190} INFO - [2026-08-12T04:46:39.206+0000] {dagbag.py:587} INFO - Filling up the DagBag from /home/airflow/.local/lib/python3.12/site-packages/airflow/example_dags/example_branch_operator.py
[2026-08-12T04:46:39.233+0000] {processor.py:925} INFO - DAG(s) 'example_branch_operator' retrieved from /home/airflow/.local/lib/python3.12/site-packages/airflow/example_dags/example_branch_operator.py
[2026-08-12T04:46:39.263+0000] {logging_mixin.py:190} INFO - [2026-08-12T04:46:39.262+0000] {dag.py:3211} INFO - Sync 1 DAGs
[2026-08-12T04:46:39.288+0000] {logging_mixin.py:190} INFO - [2026-08-12T04:46:39.287+0000] {dag.py:4138} INFO - Setting next_dagrun for example_branch_operator to 2026-08-11 00:00:00+00:00, run_after=2026-08-12 00:00:00+00:00
[2026-08-12T04:46:39.308+0000] {processor.py:208} INFO - Processing /home/airflow/.local/lib/python3.12/site-packages/airflow/example_dags/example_branch_operator.py took 0.114 seconds
[2026-08-12T04:47:09.717+0000] {processor.py:186} INFO - Started process (PID=1808) to work on /home/airflow/.local/lib/python3.12/site-packages/airflow/example_dags/example_branch_operator.py
[2026-08-12T04:47:09.719+0000] {processor.py:914} INFO - Processing file /home/airflow/.local/lib/python3.12/site-packages/airflow/example_dags/example_branch_operator.py for tasks to queue
[2026-08-12T04:47:09.722+0000] {logging_mixin.py:190} INFO - [2026-08-12T04:47:09.722+0000] {dagbag.py:587} INFO - Filling up the DagBag from /home/airflow/.local/lib/python3.12/site-packages/airflow/example_dags/example_branch_operator.py
[2026-08-12T04:47:09.740+0000] {processor.py:925} INFO - DAG(s) 'example_branch_operator' retrieved from /home/airflow/.local/lib/python3.12/site-packages/airflow/example_dags/example_branch_operator.py
[2026-08-12T04:47:09.769+0000] {logging_mixin.py:190} INFO - [2026-08-12T04:47:09.769+0000] {dag.py:3211} INFO - Sync 1 DAGs
[2026-08-12T04:47:09.797+0000] {logging_mixin.py:190} INFO - [2026-08-12T04:47:09.796+0000] {dag.py:4138} INFO - Setting next_dagrun for example_branch_operator to 2026-08-11 00:00:00+00:00, run_after=2026-08-12 00:00:00+00:00
[2026-08-12T04:47:09.820+0000] {processor.py:208} INFO - Processing /home/airflow/.local/lib/python3.12/site-packages/airflow/example_dags/example_branch_operator.py took 0.108 seconds
[2026-08-12T04:47:40.070+0000] {processor.py:186} INFO - Started process (PID=1870) to work on /home/airflow/.local/lib/python3.12/site-packages/airflow/example_dags/example_branch_operator.py
[2026-08-12T04:47:40.073+0000] {processor.py:914} INFO - Processing file /home/airflow/.local/lib/python3.12/site-packages/airflow/example_dags/example_branch_operator.py for tasks to queue
[2026-08-12T04:47:40.076+0000] {logging_mixin.py:190} INFO - [2026-08-12T04:47:40.075+0000] {dagbag.py:587} INFO - Filling up the DagBag from /home/airflow/.local/lib/python3.12/site-packages/airflow/example_dags/example_branch_operator.py
[2026-08-12T04:47:40.091+0000] {processor.py:925} INFO - DAG(s) 'example_branch_operator' retrieved from /home/airflow/.local/lib/python3.12/site-packages/airflow/example_dags/example_branch_operator.py
[2026-08-12T04:47:40.119+0000] {logging_mixin.py:190} INFO - [2026-08-12T04:47:40.118+0000] {dag.py:3211} INFO - Sync 1 DAGs
[2026-08-12T04:47:40.145+0000] {logging_mixin.py:190} INFO - [2026-08-12T04:47:40.145+0000] {dag.py:4138} INFO - Setting next_dagrun for example_branch_operator to 2026-08-11 00:00:00+00:00, run_after=2026-08-12 00:00:00+00:00
[2026-08-12T04:47:40.165+0000] {processor.py:208} INFO - Processing /home/airflow/.local/lib/python3.12/site-packages/airflow/example_dags/example_branch_operator.py took 0.100 seconds
[2026-08-12T04:48:10.937+0000] {processor.py:186} INFO - Started process (PID=1932) to work on /home/airflow/.local/lib/python3.12/site-packages/airflow/example_dags/example_branch_operator.py
[2026-08-12T04:48:10.939+0000] {processor.py:914} INFO - Processing file /home/airflow/.local/lib/python3.12/site-packages/airflow/example_dags/example_branch_operator.py for tasks to queue
[2026-08-12T04:48:10.942+0000] {logging_mixin.py:190} INFO - [2026-08-12T04:48:10.942+0000] {dagbag.py:587} INFO - Filling up the DagBag from /home/airflow/.local/lib/python3.12/site-packages/airflow/example_dags/example_branch_operator.py
[2026-08-12T04:48:10.968+0000] {processor.py:925} INFO - DAG(s) 'example_branch_operator' retrieved from /home/airflow/.local/lib/python3.12/site-packages/airflow/example_dags/example_branch_operator.py
[2026-08-12T04:48:11.009+0000] {logging_mixin.py:190} INFO - [2026-08-12T04:48:11.009+0000] {dag.py:3211} INFO - Sync 1 DAGs
[2026-08-12T04:48:11.040+0000] {logging_mixin.py:190} INFO - [2026-08-12T04:48:11.040+0000] {dag.py:4138} INFO - Setting next_dagrun for example_branch_operator to 2026-08-11 00:00:00+00:00, run_after=2026-08-12 00:00:00+00:00
[2026-08-12T04:48:11.065+0000] {processor.py:208} INFO - Processing /home/airflow/.local/lib/python3.12/site-packages/airflow/example_dags/example_branch_operator.py took 0.134 seconds
[2026-08-12T04:48:41.310+0000] {processor.py:186} INFO - Started process (PID=1994) to work on /home/airflow/.local/lib/python3.12/site-packages/airflow/example_dags/example_branch_operator.py
[2026-08-12T04:48:41.312+0000] {processor.py:914} INFO - Processing file /home/airflow/.local/lib/python3.12/site-packages/airflow/example_dags/example_branch_operator.py for tasks to queue
[2026-08-12T04:48:41.318+0000] {logging_mixin.py:190} INFO - [2026-08-12T04:48:41.317+0000] {dagbag.py:587} INFO - Filling up the DagBag from /home/airflow/.local/lib/python3.12/site-packages/airflow/example_dags/example_branch_operator.py
[2026-08-12T04:48:41.357+0000] {processor.py:925} INFO - DAG(s) 'example_branch_operator' retrieved from /home/airflow/.local/lib/python3.12/site-packages/airflow/example_dags/example_branch_operator.py
[2026-08-12T04:48:41.399+0000] {logging_mixin.py:190} INFO - [2026-08-12T04:48:41.399+0000] {dag.py:3211} INFO - Sync 1 DAGs
[2026-08-12T04:48:41.438+0000] {logging_mixin.py:190} INFO - [2026-08-12T04:48:41.437+0000] {dag.py:4138} INFO - Setting next_dagrun for example_branch_operator to 2026-08-11 00:00:00+00:00, run_after=2026-08-12 00:00:00+00:00
[2026-08-12T04:48:41.480+0000] {processor.py:208} INFO - Processing /home/airflow/.local/lib/python3.12/site-packages/airflow/example_dags/example_branch_operator.py took 0.181 seconds
[2026-08-12T04:49:12.722+0000] {processor.py:186} INFO - Started process (PID=2056) to work on /home/airflow/.local/lib/python3.12/site-packages/airflow/example_dags/example_branch_operator.py
[2026-08-12T04:49:12.736+0000] {processor.py:914} INFO - Processing file /home/airflow/.local/lib/python3.12/site-packages/airflow/example_dags/example_branch_operator.py for tasks to queue
[2026-08-12T04:49:12.741+0000] {logging_mixin.py:190} INFO - [2026-08-12T04:49:12.741+0000] {dagbag.py:587} INFO - Filling up the DagBag from /home/airflow/.local/lib/python3.12/site-packages/airflow/example_dags/example_branch_operator.py
[2026-08-12T04:49:12.764+0000] {processor.py:925} INFO - DAG(s) 'example_branch_operator' retrieved from /home/airflow/.local/lib/python3.12/site-packages/airflow/example_dags/example_branch_operator.py
[2026-08-12T04:49:12.798+0000] {logging_mixin.py:190} INFO - [2026-08-12T04:49:12.797+0000] {dag.py:3211} INFO - Sync 1 DAGs
[2026-08-12T04:49:12.828+0000] {logging_mixin.py:190} INFO - [2026-08-12T04:49:12.827+0000] {dag.py:4138} INFO - Setting next_dagrun for example_branch_operator to 2026-08-11 00:00:00+00:00, run_after=2026-08-12 00:00:00+00:00
[2026-08-12T04:49:12.852+0000] {processor.py:208} INFO - Processing /home/airflow/.local/lib/python3.12/site-packages/airflow/example_dags/example_branch_operator.py took 0.137 seconds
[2026-08-12T04:49:43.020+0000] {processor.py:186} INFO - Started process (PID=2118) to work on /home/airflow/.local/lib/python3.12/site-packages/airflow/example_dags/example_branch_operator.py
[2026-08-12T04:49:43.022+0000] {processor.py:914} INFO - Processing file /home/airflow/.local/lib/python3.12/site-packages/airflow/example_dags/example_branch_operator.py for tasks to queue
[2026-08-12T04:49:43.026+0000] {logging_mixin.py:190} INFO - [2026-08-12T04:49:43.026+0000] {dagbag.py:587} INFO - Filling up the DagBag from /home/airflow/.local/lib/python3.12/site-packages/airflow/example_dags/example_branch_operator.py
[2026-08-12T04:49:43.050+0000] {processor.py:925} INFO - DAG(s) 'example_branch_operator' retrieved from /home/airflow/.local/lib/python3.12/site-packages/airflow/example_dags/example_branch_operator.py
[2026-08-12T04:49:43.083+0000] {logging_mixin.py:190} INFO - [2026-08-12T04:49:43.083+0000] {dag.py:3211} INFO - Sync 1 DAGs
[2026-08-12T04:49:43.113+0000] {logging_mixin.py:190} INFO - [2026-08-12T04:49:43.112+0000] {dag.py:4138} INFO - Setting next_dagrun for example_branch_operator to 2026-08-11 00:00:00+00:00, run_after=2026-08-12 00:00:00+00:00
[2026-08-12T04:49:43.138+0000] {processor.py:208} INFO - Processing /home/airflow/.local/lib/python3.12/site-packages/airflow/example_dags/example_branch_operator.py took 0.128 seconds
[2026-08-12T04:50:13.956+0000] {processor.py:186} INFO - Started process (PID=2180) to work on /home/airflow/.local/lib/python3.12/site-packages/airflow/example_dags/example_branch_operator.py
[2026-08-12T04:50:13.958+0000] {processor.py:914} INFO - Processing file /home/airflow/.local/lib/python3.12/site-packages/airflow/example_dags/example_branch_operator.py for tasks to queue
[2026-08-12T04:50:13.962+0000] {logging_mixin.py:190} INFO - [2026-08-12T04:50:13.961+0000] {dagbag.py:587} INFO - Filling up the DagBag from /home/airflow/.local/lib/python3.12/site-packages/airflow/example_dags/example_branch_operator.py
[2026-08-12T04:50:13.985+0000] {processor.py:925} INFO - DAG(s) 'example_branch_operator' retrieved from /home/airflow/.local/lib/python3.12/site-packages/airflow/example_dags/example_branch_operator.py
[2026-08-12T04:50:14.013+0000] {logging_mixin.py:190} INFO - [2026-08-12T04:50:14.013+0000] {dag.py:3211} INFO - Sync 1 DAGs
[2026-08-12T04:50:14.039+0000] {logging_mixin.py:190} INFO - [2026-08-12T04:50:14.039+0000] {dag.py:4138} INFO - Setting next_dagrun for example_branch_operator to 2026-08-11 00:00:00+00:00, run_after=2026-08-12 00:00:00+00:00
[2026-08-12T04:50:14.062+0000] {processor.py:208} INFO - Processing /home/airflow/.local/lib/python3.12/site-packages/airflow/example_dags/example_branch_operator.py took 0.113 seconds
[2026-08-12T04:50:44.191+0000] {processor.py:186} INFO - Started process (PID=2242) to work on /home/airflow/.local/lib/python3.12/site-packages/airflow/example_dags/example_branch_operator.py
[2026-08-12T04:50:44.193+0000] {processor.py:914} INFO - Processing file /home/airflow/.local/lib/python3.12/site-packages/airflow/example_dags/example_branch_operator.py for tasks to queue
[2026-08-12T04:50:44.197+0000] {logging_mixin.py:190} INFO - [2026-08-12T04:50:44.196+0000] {dagbag.py:587} INFO - Filling up the DagBag from /home/airflow/.local/lib/python3.12/site-packages/airflow/example_dags/example_branch_operator.py
[2026-08-12T04:50:44.213+0000] {processor.py:925} INFO - DAG(s) 'example_branch_operator' retrieved from /home/airflow/.local/lib/python3.12/site-packages/airflow/example_dags/example_branch_operator.py
[2026-08-12T04:50:44.240+0000] {logging_mixin.py:190} INFO - [2026-08-12T04:50:44.240+0000] {dag.py:3211} INFO - Sync 1 DAGs
[2026-08-12T04:50:44.265+0000] {logging_mixin.py:190} INFO - [2026-08-12T04:50:44.265+0000] {dag.py:4138} INFO - Setting next_dagrun for example_branch_operator to 2026-08-11 00:00:00+00:00, run_after=2026-08-12 00:00:00+00:00
[2026-08-12T04:50:44.287+0000] {processor.py:208} INFO - Processing /home/airflow/.local/lib/python3.12/site-packages/airflow/example_dags/example_branch_operator.py took 0.101 seconds
[2026-08-12T04:51:15.016+0000] {processor.py:186} INFO - Started process (PID=2304) to work on /home/airflow/.local/lib/python3.12/site-packages/airflow/example_dags/example_branch_operator.py
[2026-08-12T04:51:15.017+0000] {processor.py:914} INFO - Processing file /home/airflow/.local/lib/python3.12/site-packages/airflow/example_dags/example_branch_operator.py for tasks to queue
[2026-08-12T04:51:15.020+0000] {logging_mixin.py:190} INFO - [2026-08-12T04:51:15.020+0000] {dagbag.py:587} INFO - Filling up the DagBag from /home/airflow/.local/lib/python3.12/site-packages/airflow/example_dags/example_branch_operator.py
[2026-08-12T04:51:15.036+0000] {processor.py:925} INFO - DAG(s) 'example_branch_operator' retrieved from /home/airflow/.local/lib/python3.12/site-packages/airflow/example_dags/example_branch_operator.py
[2026-08-12T04:51:15.078+0000] {logging_mixin.py:190} INFO - [2026-08-12T04:51:15.078+0000] {dag.py:3211} INFO - Sync 1 DAGs
[2026-08-12T04:51:15.103+0000] {logging_mixin.py:190} INFO - [2026-08-12T04:51:15.103+0000] {dag.py:4138} INFO - Setting next_dagrun for example_branch_operator to 2026-08-11 00:00:00+00:00, run_after=2026-08-12 00:00:00+00:00
[2026-08-12T04:51:15.124+0000] {processor.py:208} INFO - Processing /home/airflow/.local/lib/python3.12/site-packages/airflow/example_dags/example_branch_operator.py took 0.114 seconds
[2026-08-12T04:51:46.223+0000] {processor.py:186} INFO - Started process (PID=2366) to work on /home/airflow/.local/lib/python3.12/site-packages/airflow/example_dags/example_branch_operator.py
[2026-08-12T04:51:46.225+0000] {processor.py:914} INFO - Processing file /home/airflow/.local/lib/python3.12/site-packages/airflow/example_dags/example_branch_operator.py for tasks to queue
[2026-08-12T04:51:46.228+0000] {logging_mixin.py:190} INFO - [2026-08-12T04:51:46.228+0000] {dagbag.py:587} INFO - Filling up the DagBag from /home/airflow/.local/lib/python3.12/site-packages/airflow/example_dags/example_branch_operator.py
[2026-08-12T04:51:46.248+0000] {processor.py:925} INFO - DAG(s) 'example_branch_operator' retrieved from /home/airflow/.local/lib/python3.12/site-packages/airflow/example_dags/example_branch_operator.py
[2026-08-12T04:51:46.275+0000] {logging_mixin.py:190} INFO - [2026-08-12T04:51:46.275+0000] {dag.py:3211} INFO - Sync 1 DAGs
[2026-08-12T04:51:46.301+0000] {logging_mixin.py:190} INFO - [2026-08-12T04:51:46.301+0000] {dag.py:4138} INFO - Setting next_dagrun for example_branch_operator to 2026-08-11 00:00:00+00:00, run_after=2026-08-12 00:00:00+00:00
[2026-08-12T04:51:46.323+0000] {processor.py:208} INFO - Processing /home/airflow/.local/lib/python3.12/site-packages/airflow/example_dags/example_branch_operator.py took 0.106 seconds
[2026-08-12T04:52:16.773+0000] {processor.py:186} INFO - Started process (PID=2428) to work on /home/airflow/.local/lib/python3.12/site-packages/airflow/example_dags/example_branch_operator.py
[2026-08-12T04:52:16.775+0000] {processor.py:914} INFO - Processing file /home/airflow/.local/lib/python3.12/site-packages/airflow/example_dags/example_branch_operator.py for tasks to queue
[2026-08-12T04:52:16.778+0000] {logging_mixin.py:190} INFO - [2026-08-12T04:52:16.778+0000] {dagbag.py:587} INFO - Filling up the DagBag from /home/airflow/.local/lib/python3.12/site-packages/airflow/example_dags/example_branch_operator.py
[2026-08-12T04:52:16.800+0000] {processor.py:925} INFO - DAG(s) 'example_branch_operator' retrieved from /home/airflow/.local/lib/python3.12/site-packages/airflow/example_dags/example_branch_operator.py
[2026-08-12T04:52:16.832+0000] {logging_mixin.py:190} INFO - [2026-08-12T04:52:16.831+0000] {dag.py:3211} INFO - Sync 1 DAGs
[2026-08-12T04:52:16.855+0000] {logging_mixin.py:190} INFO - [2026-08-12T04:52:16.855+0000] {dag.py:4138} INFO - Setting next_dagrun for example_branch_operator to 2026-08-11 00:00:00+00:00, run_after=2026-08-12 00:00:00+00:00
[2026-08-12T04:52:16.878+0000] {processor.py:208} INFO - Processing /home/airflow/.local/lib/python3.12/site-packages/airflow/example_dags/example_branch_operator.py took 0.112 seconds
[2026-08-12T04:52:48.051+0000] {processor.py:186} INFO - Started process (PID=2490) to work on /home/airflow/.local/lib/python3.12/site-packages/airflow/example_dags/example_branch_operator.py
[2026-08-12T04:52:48.053+0000] {processor.py:914} INFO - Processing file /home/airflow/.local/lib/python3.12/site-packages/airflow/example_dags/example_branch_operator.py for tasks to queue
[2026-08-12T04:52:48.056+0000] {logging_mixin.py:190} INFO - [2026-08-12T04:52:48.056+0000] {dagbag.py:587} INFO - Filling up the DagBag from /home/airflow/.local/lib/python3.12/site-packages/airflow/example_dags/example_branch_operator.py
[2026-08-12T04:52:48.072+0000] {processor.py:925} INFO - DAG(s) 'example_branch_operator' retrieved from /home/airflow/.local/lib/python3.12/site-packages/airflow/example_dags/example_branch_operator.py
[2026-08-12T04:52:48.098+0000] {logging_mixin.py:190} INFO - [2026-08-12T04:52:48.098+0000] {dag.py:3211} INFO - Sync 1 DAGs
[2026-08-12T04:52:48.122+0000] {logging_mixin.py:190} INFO - [2026-08-12T04:52:48.122+0000] {dag.py:4138} INFO - Setting next_dagrun for example_branch_operator to 2026-08-11 00:00:00+00:00, run_after=2026-08-12 00:00:00+00:00
[2026-08-12T04:52:48.143+0000] {processor.py:208} INFO - Processing /home/airflow/.local/lib/python3.12/site-packages/airflow/example_dags/example_branch_operator.py took 0.097 seconds
[2026-08-12T04:53:19.006+0000] {processor.py:186} INFO - Started process (PID=2553) to work on /home/airflow/.local/lib/python3.12/site-packages/airflow/example_dags/example_branch_operator.py
[2026-08-12T04:53:19.008+0000] {processor.py:914} INFO - Processing file /home/airflow/.local/lib/python3.12/site-packages/airflow/example_dags/example_branch_operator.py for tasks to queue
[2026-08-12T04:53:19.011+0000] {logging_mixin.py:190} INFO - [2026-08-12T04:53:19.011+0000] {dagbag.py:587} INFO - Filling up the DagBag from /home/airflow/.local/lib/python3.12/site-packages/airflow/example_dags/example_branch_operator.py
[2026-08-12T04:53:19.027+0000] {processor.py:925} INFO - DAG(s) 'example_branch_operator' retrieved from /home/airflow/.local/lib/python3.12/site-packages/airflow/example_dags/example_branch_operator.py
[2026-08-12T04:53:19.052+0000] {logging_mixin.py:190} INFO - [2026-08-12T04:53:19.051+0000] {dag.py:3211} INFO - Sync 1 DAGs
[2026-08-12T04:53:19.076+0000] {logging_mixin.py:190} INFO - [2026-08-12T04:53:19.075+0000] {dag.py:4138} INFO - Setting next_dagrun for example_branch_operator to 2026-08-11 00:00:00+00:00, run_after=2026-08-12 00:00:00+00:00
[2026-08-12T04:53:19.097+0000] {processor.py:208} INFO - Processing /home/airflow/.local/lib/python3.12/site-packages/airflow/example_dags/example_branch_operator.py took 0.095 seconds
[2026-08-12T04:53:49.328+0000] {processor.py:186} INFO - Started process (PID=2616) to work on /home/airflow/.local/lib/python3.12/site-packages/airflow/example_dags/example_branch_operator.py
[2026-08-12T04:53:49.330+0000] {processor.py:914} INFO - Processing file /home/airflow/.local/lib/python3.12/site-packages/airflow/example_dags/example_branch_operator.py for tasks to queue
[2026-08-12T04:53:49.333+0000] {logging_mixin.py:190} INFO - [2026-08-12T04:53:49.332+0000] {dagbag.py:587} INFO - Filling up the DagBag from /home/airflow/.local/lib/python3.12/site-packages/airflow/example_dags/example_branch_operator.py
[2026-08-12T04:53:49.348+0000] {processor.py:925} INFO - DAG(s) 'example_branch_operator' retrieved from /home/airflow/.local/lib/python3.12/site-packages/airflow/example_dags/example_branch_operator.py
[2026-08-12T04:53:49.375+0000] {logging_mixin.py:190} INFO - [2026-08-12T04:53:49.375+0000] {dag.py:3211} INFO - Sync 1 DAGs
[2026-08-12T04:53:49.399+0000] {logging_mixin.py:190} INFO - [2026-08-12T04:53:49.399+0000] {dag.py:4138} INFO - Setting next_dagrun for example_branch_operator to 2026-08-11 00:00:00+00:00, run_after=2026-08-12 00:00:00+00:00
[2026-08-12T04:53:49.420+0000] {processor.py:208} INFO - Processing /home/airflow/.local/lib/python3.12/site-packages/airflow/example_dags/example_branch_operator.py took 0.096 seconds
[2026-08-12T04:54:19.490+0000] {processor.py:186} INFO - Started process (PID=2679) to work on /home/airflow/.local/lib/python3.12/site-packages/airflow/example_dags/example_branch_operator.py
[2026-08-12T04:54:19.491+0000] {processor.py:914} INFO - Processing file /home/airflow/.local/lib/python3.12/site-packages/airflow/example_dags/example_branch_operator.py for tasks to queue
[2026-08-12T04:54:19.495+0000] {logging_mixin.py:190} INFO - [2026-08-12T04:54:19.495+0000] {dagbag.py:587} INFO - Filling up the DagBag from /home/airflow/.local/lib/python3.12/site-packages/airflow/example_dags/example_branch_operator.py
[2026-08-12T04:54:19.511+0000] {processor.py:925} INFO - DAG(s) 'example_branch_operator' retrieved from /home/airflow/.local/lib/python3.12/site-packages/airflow/example_dags/example_branch_operator.py
[2026-08-12T04:54:19.538+0000] {logging_mixin.py:190} INFO - [2026-08-12T04:54:19.537+0000] {dag.py:3211} INFO - Sync 1 DAGs
[2026-08-12T04:54:19.560+0000] {logging_mixin.py:190} INFO - [2026-08-12T04:54:19.560+0000] {dag.py:4138} INFO - Setting next_dagrun for example_branch_operator to 2026-08-11 00:00:00+00:00, run_after=2026-08-12 00:00:00+00:00
[2026-08-12T04:54:19.592+0000] {processor.py:208} INFO - Processing /home/airflow/.local/lib/python3.12/site-packages/airflow/example_dags/example_branch_operator.py took 0.108 seconds
[2026-08-12T04:54:50.095+0000] {processor.py:186} INFO - Started process (PID=2741) to work on /home/airflow/.local/lib/python3.12/site-packages/airflow/example_dags/example_branch_operator.py
[2026-08-12T04:54:50.097+0000] {processor.py:914} INFO - Processing file /home/airflow/.local/lib/python3.12/site-packages/airflow/example_dags/example_branch_operator.py for tasks to queue
[2026-08-12T04:54:50.101+0000] {logging_mixin.py:190} INFO - [2026-08-12T04:54:50.100+0000] {dagbag.py:587} INFO - Filling up the DagBag from /home/airflow/.local/lib/python3.12/site-packages/airflow/example_dags/example_branch_operator.py
[2026-08-12T04:54:50.123+0000] {processor.py:925} INFO - DAG(s) 'example_branch_operator' retrieved from /home/airflow/.local/lib/python3.12/site-packages/airflow/example_dags/example_branch_operator.py
[2026-08-12T04:54:50.155+0000] {logging_mixin.py:190} INFO - [2026-08-12T04:54:50.155+0000] {dag.py:3211} INFO - Sync 1 DAGs
[2026-08-12T04:54:50.181+0000] {logging_mixin.py:190} INFO - [2026-08-12T04:54:50.180+0000] {dag.py:4138} INFO - Setting next_dagrun for example_branch_operator to 2026-08-11 00:00:00+00:00, run_after=2026-08-12 00:00:00+00:00
[2026-08-12T04:54:50.201+0000] {processor.py:208} INFO - Processing /home/airflow/.local/lib/python3.12/site-packages/airflow/example_dags/example_branch_operator.py took 0.112 seconds
[2026-08-12T04:55:20.859+0000] {processor.py:186} INFO - Started process (PID=2804) to work on /home/airflow/.local/lib/python3.12/site-packages/airflow/example_dags/example_branch_operator.py
[2026-08-12T04:55:20.860+0000] {processor.py:914} INFO - Processing file /home/airflow/.local/lib/python3.12/site-packages/airflow/example_dags/example_branch_operator.py for tasks to queue
[2026-08-12T04:55:20.863+0000] {logging_mixin.py:190} INFO - [2026-08-12T04:55:20.862+0000] {dagbag.py:587} INFO - Filling up the DagBag from /home/airflow/.local/lib/python3.12/site-packages/airflow/example_dags/example_branch_operator.py
[2026-08-12T04:55:20.878+0000] {processor.py:925} INFO - DAG(s) 'example_branch_operator' retrieved from /home/airflow/.local/lib/python3.12/site-packages/airflow/example_dags/example_branch_operator.py
[2026-08-12T04:55:20.905+0000] {logging_mixin.py:190} INFO - [2026-08-12T04:55:20.905+0000] {dag.py:3211} INFO - Sync 1 DAGs
[2026-08-12T04:55:20.926+0000] {logging_mixin.py:190} INFO - [2026-08-12T04:55:20.926+0000] {dag.py:4138} INFO - Setting next_dagrun for example_branch_operator to 2026-08-11 00:00:00+00:00, run_after=2026-08-12 00:00:00+00:00
[2026-08-12T04:55:20.945+0000] {processor.py:208} INFO - Processing /home/airflow/.local/lib/python3.12/site-packages/airflow/example_dags/example_branch_operator.py took 0.092 seconds
[2026-08-12T04:55:51.571+0000] {processor.py:186} INFO - Started process (PID=2867) to work on /home/airflow/.local/lib/python3.12/site-packages/airflow/example_dags/example_branch_operator.py
[2026-08-12T04:55:51.573+0000] {processor.py:914} INFO - Processing file /home/airflow/.local/lib/python3.12/site-packages/airflow/example_dags/example_branch_operator.py for tasks to queue
[2026-08-12T04:55:51.576+0000] {logging_mixin.py:190} INFO - [2026-08-12T04:55:51.575+0000] {dagbag.py:587} INFO - Filling up the DagBag from /home/airflow/.local/lib/python3.12/site-packages/airflow/example_dags/example_branch_operator.py
[2026-08-12T04:55:51.592+0000] {processor.py:925} INFO - DAG(s) 'example_branch_operator' retrieved from /home/airflow/.local/lib/python3.12/site-packages/airflow/example_dags/example_branch_operator.py
[2026-08-12T04:55:51.619+0000] {logging_mixin.py:190} INFO - [2026-08-12T04:55:51.618+0000] {dag.py:3211} INFO - Sync 1 DAGs
[2026-08-12T04:55:51.644+0000] {logging_mixin.py:190} INFO - [2026-08-12T04:55:51.643+0000] {dag.py:4138} INFO - Setting next_dagrun for example_branch_operator to 2026-08-11 00:00:00+00:00, run_after=2026-08-12 00:00:00+00:00
[2026-08-12T04:55:51.666+0000] {processor.py:208} INFO - Processing /home/airflow/.local/lib/python3.12/site-packages/airflow/example_dags/example_branch_operator.py took 0.100 seconds
[2026-08-12T04:56:22.147+0000] {processor.py:186} INFO - Started process (PID=2930) to work on /home/airflow/.local/lib/python3.12/site-packages/airflow/example_dags/example_branch_operator.py
[2026-08-12T04:56:22.149+0000] {processor.py:914} INFO - Processing file /home/airflow/.local/lib/python3.12/site-packages/airflow/example_dags/example_branch_operator.py for tasks to queue
[2026-08-12T04:56:22.152+0000] {logging_mixin.py:190} INFO - [2026-08-12T04:56:22.152+0000] {dagbag.py:587} INFO - Filling up the DagBag from /home/airflow/.local/lib/python3.12/site-packages/airflow/example_dags/example_branch_operator.py
[2026-08-12T04:56:22.168+0000] {processor.py:925} INFO - DAG(s) 'example_branch_operator' retrieved from /home/airflow/.local/lib/python3.12/site-packages/airflow/example_dags/example_branch_operator.py
[2026-08-12T04:56:22.195+0000] {logging_mixin.py:190} INFO - [2026-08-12T04:56:22.195+0000] {dag.py:3211} INFO - Sync 1 DAGs
[2026-08-12T04:56:22.222+0000] {logging_mixin.py:190} INFO - [2026-08-12T04:56:22.222+0000] {dag.py:4138} INFO - Setting next_dagrun for example_branch_operator to 2026-08-11 00:00:00+00:00, run_after=2026-08-12 00:00:00+00:00
[2026-08-12T04:56:22.425+0000] {processor.py:208} INFO - Processing /home/airflow/.local/lib/python3.12/site-packages/airflow/example_dags/example_branch_operator.py took 0.283 seconds
[2026-08-12T04:56:53.165+0000] {processor.py:186} INFO - Started process (PID=2993) to work on /home/airflow/.local/lib/python3.12/site-packages/airflow/example_dags/example_branch_operator.py
[2026-08-12T04:56:53.167+0000] {processor.py:914} INFO - Processing file /home/airflow/.local/lib/python3.12/site-packages/airflow/example_dags/example_branch_operator.py for tasks to queue
[2026-08-12T04:56:53.171+0000] {logging_mixin.py:190} INFO - [2026-08-12T04:56:53.171+0000] {dagbag.py:587} INFO - Filling up the DagBag from /home/airflow/.local/lib/python3.12/site-packages/airflow/example_dags/example_branch_operator.py
[2026-08-12T04:56:53.191+0000] {processor.py:925} INFO - DAG(s) 'example_branch_operator' retrieved from /home/airflow/.local/lib/python3.12/site-packages/airflow/example_dags/example_branch_operator.py
[2026-08-12T04:56:53.217+0000] {logging_mixin.py:190} INFO - [2026-08-12T04:56:53.217+0000] {dag.py:3211} INFO - Sync 1 DAGs
[2026-08-12T04:56:53.243+0000] {logging_mixin.py:190} INFO - [2026-08-12T04:56:53.243+0000] {dag.py:4138} INFO - Setting next_dagrun for example_branch_operator to 2026-08-11 00:00:00+00:00, run_after=2026-08-12 00:00:00+00:00
[2026-08-12T04:56:53.469+0000] {processor.py:208} INFO - Processing /home/airflow/.local/lib/python3.12/site-packages/airflow/example_dags/example_branch_operator.py took 0.311 seconds
[2026-08-12T04:57:23.945+0000] {processor.py:186} INFO - Started process (PID=3056) to work on /home/airflow/.local/lib/python3.12/site-packages/airflow/example_dags/example_branch_operator.py
[2026-08-12T04:57:23.946+0000] {processor.py:914} INFO - Processing file /home/airflow/.local/lib/python3.12/site-packages/airflow/example_dags/example_branch_operator.py for tasks to queue
[2026-08-12T04:57:23.949+0000] {logging_mixin.py:190} INFO - [2026-08-12T04:57:23.949+0000] {dagbag.py:587} INFO - Filling up the DagBag from /home/airflow/.local/lib/python3.12/site-packages/airflow/example_dags/example_branch_operator.py
[2026-08-12T04:57:23.968+0000] {processor.py:925} INFO - DAG(s) 'example_branch_operator' retrieved from /home/airflow/.local/lib/python3.12/site-packages/airflow/example_dags/example_branch_operator.py
[2026-08-12T04:57:24.003+0000] {logging_mixin.py:190} INFO - [2026-08-12T04:57:24.003+0000] {dag.py:3211} INFO - Sync 1 DAGs
[2026-08-12T04:57:24.036+0000] {logging_mixin.py:190} INFO - [2026-08-12T04:57:24.036+0000] {dag.py:4138} INFO - Setting next_dagrun for example_branch_operator to 2026-08-11 00:00:00+00:00, run_after=2026-08-12 00:00:00+00:00
[2026-08-12T04:57:24.258+0000] {processor.py:208} INFO - Processing /home/airflow/.local/lib/python3.12/site-packages/airflow/example_dags/example_branch_operator.py took 0.320 seconds
[2026-08-12T04:57:54.940+0000] {processor.py:186} INFO - Started process (PID=3119) to work on /home/airflow/.local/lib/python3.12/site-packages/airflow/example_dags/example_branch_operator.py
[2026-08-12T04:57:54.942+0000] {processor.py:914} INFO - Processing file /home/airflow/.local/lib/python3.12/site-packages/airflow/example_dags/example_branch_operator.py for tasks to queue
[2026-08-12T04:57:54.945+0000] {logging_mixin.py:190} INFO - [2026-08-12T04:57:54.945+0000] {dagbag.py:587} INFO - Filling up the DagBag from /home/airflow/.local/lib/python3.12/site-packages/airflow/example_dags/example_branch_operator.py
[2026-08-12T04:57:54.967+0000] {processor.py:925} INFO - DAG(s) 'example_branch_operator' retrieved from /home/airflow/.local/lib/python3.12/site-packages/airflow/example_dags/example_branch_operator.py
[2026-08-12T04:57:54.996+0000] {logging_mixin.py:190} INFO - [2026-08-12T04:57:54.996+0000] {dag.py:3211} INFO - Sync 1 DAGs
[2026-08-12T04:57:55.021+0000] {logging_mixin.py:190} INFO - [2026-08-12T04:57:55.020+0000] {dag.py:4138} INFO - Setting next_dagrun for example_branch_operator to 2026-08-11 00:00:00+00:00, run_after=2026-08-12 00:00:00+00:00
[2026-08-12T04:57:55.281+0000] {processor.py:208} INFO - Processing /home/airflow/.local/lib/python3.12/site-packages/airflow/example_dags/example_branch_operator.py took 0.347 seconds
[2026-08-12T04:58:25.438+0000] {processor.py:186} INFO - Started process (PID=3184) to work on /home/airflow/.local/lib/python3.12/site-packages/airflow/example_dags/example_branch_operator.py
[2026-08-12T04:58:25.440+0000] {processor.py:914} INFO - Processing file /home/airflow/.local/lib/python3.12/site-packages/airflow/example_dags/example_branch_operator.py for tasks to queue
[2026-08-12T04:58:25.444+0000] {logging_mixin.py:190} INFO - [2026-08-12T04:58:25.444+0000] {dagbag.py:587} INFO - Filling up the DagBag from /home/airflow/.local/lib/python3.12/site-packages/airflow/example_dags/example_branch_operator.py
[2026-08-12T04:58:25.467+0000] {processor.py:925} INFO - DAG(s) 'example_branch_operator' retrieved from /home/airflow/.local/lib/python3.12/site-packages/airflow/example_dags/example_branch_operator.py
[2026-08-12T04:58:25.500+0000] {logging_mixin.py:190} INFO - [2026-08-12T04:58:25.500+0000] {dag.py:3211} INFO - Sync 1 DAGs
[2026-08-12T04:58:25.527+0000] {logging_mixin.py:190} INFO - [2026-08-12T04:58:25.527+0000] {dag.py:4138} INFO - Setting next_dagrun for example_branch_operator to 2026-08-11 00:00:00+00:00, run_after=2026-08-12 00:00:00+00:00
[2026-08-12T04:58:25.550+0000] {processor.py:208} INFO - Processing /home/airflow/.local/lib/python3.12/site-packages/airflow/example_dags/example_branch_operator.py took 0.122 seconds
[2026-08-12T04:58:55.818+0000] {processor.py:186} INFO - Started process (PID=3247) to work on /home/airflow/.local/lib/python3.12/site-packages/airflow/example_dags/example_branch_operator.py
[2026-08-12T04:58:55.819+0000] {processor.py:914} INFO - Processing file /home/airflow/.local/lib/python3.12/site-packages/airflow/example_dags/example_branch_operator.py for tasks to queue
[2026-08-12T04:58:55.822+0000] {logging_mixin.py:190} INFO - [2026-08-12T04:58:55.822+0000] {dagbag.py:587} INFO - Filling up the DagBag from /home/airflow/.local/lib/python3.12/site-packages/airflow/example_dags/example_branch_operator.py
[2026-08-12T04:58:55.839+0000] {processor.py:925} INFO - DAG(s) 'example_branch_operator' retrieved from /home/airflow/.local/lib/python3.12/site-packages/airflow/example_dags/example_branch_operator.py
[2026-08-12T04:58:55.867+0000] {logging_mixin.py:190} INFO - [2026-08-12T04:58:55.867+0000] {dag.py:3211} INFO - Sync 1 DAGs
[2026-08-12T04:58:55.893+0000] {logging_mixin.py:190} INFO - [2026-08-12T04:58:55.893+0000] {dag.py:4138} INFO - Setting next_dagrun for example_branch_operator to 2026-08-11 00:00:00+00:00, run_after=2026-08-12 00:00:00+00:00
[2026-08-12T04:58:55.916+0000] {processor.py:208} INFO - Processing /home/airflow/.local/lib/python3.12/site-packages/airflow/example_dags/example_branch_operator.py took 0.103 seconds
[2026-08-12T04:59:26.925+0000] {processor.py:186} INFO - Started process (PID=3308) to work on /home/airflow/.local/lib/python3.12/site-packages/airflow/example_dags/example_branch_operator.py
[2026-08-12T04:59:26.927+0000] {processor.py:914} INFO - Processing file /home/airflow/.local/lib/python3.12/site-packages/airflow/example_dags/example_branch_operator.py for tasks to queue
[2026-08-12T04:59:26.930+0000] {logging_mixin.py:190} INFO - [2026-08-12T04:59:26.929+0000] {dagbag.py:587} INFO - Filling up the DagBag from /home/airflow/.local/lib/python3.12/site-packages/airflow/example_dags/example_branch_operator.py
[2026-08-12T04:59:26.948+0000] {processor.py:925} INFO - DAG(s) 'example_branch_operator' retrieved from /home/airflow/.local/lib/python3.12/site-packages/airflow/example_dags/example_branch_operator.py
[2026-08-12T04:59:26.977+0000] {logging_mixin.py:190} INFO - [2026-08-12T04:59:26.976+0000] {dag.py:3211} INFO - Sync 1 DAGs
[2026-08-12T04:59:27.179+0000] {logging_mixin.py:190} INFO - [2026-08-12T04:59:27.179+0000] {dag.py:4138} INFO - Setting next_dagrun for example_branch_operator to 2026-08-11 00:00:00+00:00, run_after=2026-08-12 00:00:00+00:00
[2026-08-12T04:59:27.219+0000] {processor.py:208} INFO - Processing /home/airflow/.local/lib/python3.12/site-packages/airflow/example_dags/example_branch_operator.py took 0.299 seconds
[2026-08-12T04:59:57.350+0000] {processor.py:186} INFO - Started process (PID=3378) to work on /home/airflow/.local/lib/python3.12/site-packages/airflow/example_dags/example_branch_operator.py
[2026-08-12T04:59:57.351+0000] {processor.py:914} INFO - Processing file /home/airflow/.local/lib/python3.12/site-packages/airflow/example_dags/example_branch_operator.py for tasks to queue
[2026-08-12T04:59:57.354+0000] {logging_mixin.py:190} INFO - [2026-08-12T04:59:57.354+0000] {dagbag.py:587} INFO - Filling up the DagBag from /home/airflow/.local/lib/python3.12/site-packages/airflow/example_dags/example_branch_operator.py
[2026-08-12T04:59:57.371+0000] {processor.py:925} INFO - DAG(s) 'example_branch_operator' retrieved from /home/airflow/.local/lib/python3.12/site-packages/airflow/example_dags/example_branch_operator.py
[2026-08-12T04:59:57.403+0000] {logging_mixin.py:190} INFO - [2026-08-12T04:59:57.402+0000] {dag.py:3211} INFO - Sync 1 DAGs
[2026-08-12T04:59:57.615+0000] {logging_mixin.py:190} INFO - [2026-08-12T04:59:57.615+0000] {dag.py:4138} INFO - Setting next_dagrun for example_branch_operator to 2026-08-11 00:00:00+00:00, run_after=2026-08-12 00:00:00+00:00
[2026-08-12T04:59:57.643+0000] {processor.py:208} INFO - Processing /home/airflow/.local/lib/python3.12/site-packages/airflow/example_dags/example_branch_operator.py took 0.298 seconds
[2026-08-12T05:00:27.834+0000] {processor.py:186} INFO - Started process (PID=3441) to work on /home/airflow/.local/lib/python3.12/site-packages/airflow/example_dags/example_branch_operator.py
[2026-08-12T05:00:27.836+0000] {processor.py:914} INFO - Processing file /home/airflow/.local/lib/python3.12/site-packages/airflow/example_dags/example_branch_operator.py for tasks to queue
[2026-08-12T05:00:27.839+0000] {logging_mixin.py:190} INFO - [2026-08-12T05:00:27.839+0000] {dagbag.py:587} INFO - Filling up the DagBag from /home/airflow/.local/lib/python3.12/site-packages/airflow/example_dags/example_branch_operator.py
[2026-08-12T05:00:27.858+0000] {processor.py:925} INFO - DAG(s) 'example_branch_operator' retrieved from /home/airflow/.local/lib/python3.12/site-packages/airflow/example_dags/example_branch_operator.py
[2026-08-12T05:00:27.885+0000] {logging_mixin.py:190} INFO - [2026-08-12T05:00:27.885+0000] {dag.py:3211} INFO - Sync 1 DAGs
[2026-08-12T05:00:27.910+0000] {logging_mixin.py:190} INFO - [2026-08-12T05:00:27.910+0000] {dag.py:4138} INFO - Setting next_dagrun for example_branch_operator to 2026-08-11 00:00:00+00:00, run_after=2026-08-12 00:00:00+00:00
[2026-08-12T05:00:28.108+0000] {processor.py:208} INFO - Processing /home/airflow/.local/lib/python3.12/site-packages/airflow/example_dags/example_branch_operator.py took 0.283 seconds
[2026-08-12T05:00:58.709+0000] {processor.py:186} INFO - Started process (PID=3504) to work on /home/airflow/.local/lib/python3.12/site-packages/airflow/example_dags/example_branch_operator.py
[2026-08-12T05:00:58.711+0000] {processor.py:914} INFO - Processing file /home/airflow/.local/lib/python3.12/site-packages/airflow/example_dags/example_branch_operator.py for tasks to queue
[2026-08-12T05:00:58.714+0000] {logging_mixin.py:190} INFO - [2026-08-12T05:00:58.714+0000] {dagbag.py:587} INFO - Filling up the DagBag from /home/airflow/.local/lib/python3.12/site-packages/airflow/example_dags/example_branch_operator.py
[2026-08-12T05:00:58.900+0000] {processor.py:925} INFO - DAG(s) 'example_branch_operator' retrieved from /home/airflow/.local/lib/python3.12/site-packages/airflow/example_dags/example_branch_operator.py
[2026-08-12T05:00:58.924+0000] {logging_mixin.py:190} INFO - [2026-08-12T05:00:58.923+0000] {dag.py:3211} INFO - Sync 1 DAGs
[2026-08-12T05:00:58.944+0000] {logging_mixin.py:190} INFO - [2026-08-12T05:00:58.944+0000] {dag.py:4138} INFO - Setting next_dagrun for example_branch_operator to 2026-08-11 00:00:00+00:00, run_after=2026-08-12 00:00:00+00:00
[2026-08-12T05:00:58.976+0000] {processor.py:208} INFO - Processing /home/airflow/.local/lib/python3.12/site-packages/airflow/example_dags/example_branch_operator.py took 0.274 seconds
[2026-08-12T05:01:29.910+0000] {processor.py:186} INFO - Started process (PID=3567) to work on /home/airflow/.local/lib/python3.12/site-packages/airflow/example_dags/example_branch_operator.py
[2026-08-12T05:01:29.911+0000] {processor.py:914} INFO - Processing file /home/airflow/.local/lib/python3.12/site-packages/airflow/example_dags/example_branch_operator.py for tasks to queue
[2026-08-12T05:01:29.915+0000] {logging_mixin.py:190} INFO - [2026-08-12T05:01:29.915+0000] {dagbag.py:587} INFO - Filling up the DagBag from /home/airflow/.local/lib/python3.12/site-packages/airflow/example_dags/example_branch_operator.py
[2026-08-12T05:01:29.932+0000] {processor.py:925} INFO - DAG(s) 'example_branch_operator' retrieved from /home/airflow/.local/lib/python3.12/site-packages/airflow/example_dags/example_branch_operator.py
[2026-08-12T05:01:29.957+0000] {logging_mixin.py:190} INFO - [2026-08-12T05:01:29.957+0000] {dag.py:3211} INFO - Sync 1 DAGs
[2026-08-12T05:01:29.979+0000] {logging_mixin.py:190} INFO - [2026-08-12T05:01:29.979+0000] {dag.py:4138} INFO - Setting next_dagrun for example_branch_operator to 2026-08-11 00:00:00+00:00, run_after=2026-08-12 00:00:00+00:00
[2026-08-12T05:01:30.011+0000] {processor.py:208} INFO - Processing /home/airflow/.local/lib/python3.12/site-packages/airflow/example_dags/example_branch_operator.py took 0.108 seconds
[2026-08-12T05:02:00.178+0000] {processor.py:186} INFO - Started process (PID=3631) to work on /home/airflow/.local/lib/python3.12/site-packages/airflow/example_dags/example_branch_operator.py
[2026-08-12T05:02:00.180+0000] {processor.py:914} INFO - Processing file /home/airflow/.local/lib/python3.12/site-packages/airflow/example_dags/example_branch_operator.py for tasks to queue
[2026-08-12T05:02:00.184+0000] {logging_mixin.py:190} INFO - [2026-08-12T05:02:00.183+0000] {dagbag.py:587} INFO - Filling up the DagBag from /home/airflow/.local/lib/python3.12/site-packages/airflow/example_dags/example_branch_operator.py
[2026-08-12T05:02:00.203+0000] {processor.py:925} INFO - DAG(s) 'example_branch_operator' retrieved from /home/airflow/.local/lib/python3.12/site-packages/airflow/example_dags/example_branch_operator.py
[2026-08-12T05:02:00.234+0000] {logging_mixin.py:190} INFO - [2026-08-12T05:02:00.234+0000] {dag.py:3211} INFO - Sync 1 DAGs
[2026-08-12T05:02:00.260+0000] {logging_mixin.py:190} INFO - [2026-08-12T05:02:00.260+0000] {dag.py:4138} INFO - Setting next_dagrun for example_branch_operator to 2026-08-11 00:00:00+00:00, run_after=2026-08-12 00:00:00+00:00
[2026-08-12T05:02:00.283+0000] {processor.py:208} INFO - Processing /home/airflow/.local/lib/python3.12/site-packages/airflow/example_dags/example_branch_operator.py took 0.112 seconds
[2026-08-12T05:02:30.468+0000] {processor.py:186} INFO - Started process (PID=3694) to work on /home/airflow/.local/lib/python3.12/site-packages/airflow/example_dags/example_branch_operator.py
[2026-08-12T05:02:30.469+0000] {processor.py:914} INFO - Processing file /home/airflow/.local/lib/python3.12/site-packages/airflow/example_dags/example_branch_operator.py for tasks to queue
[2026-08-12T05:02:30.473+0000] {logging_mixin.py:190} INFO - [2026-08-12T05:02:30.473+0000] {dagbag.py:587} INFO - Filling up the DagBag from /home/airflow/.local/lib/python3.12/site-packages/airflow/example_dags/example_branch_operator.py
[2026-08-12T05:02:30.491+0000] {processor.py:925} INFO - DAG(s) 'example_branch_operator' retrieved from /home/airflow/.local/lib/python3.12/site-packages/airflow/example_dags/example_branch_operator.py
[2026-08-12T05:02:30.518+0000] {logging_mixin.py:190} INFO - [2026-08-12T05:02:30.518+0000] {dag.py:3211} INFO - Sync 1 DAGs
[2026-08-12T05:02:30.540+0000] {logging_mixin.py:190} INFO - [2026-08-12T05:02:30.540+0000] {dag.py:4138} INFO - Setting next_dagrun for example_branch_operator to 2026-08-11 00:00:00+00:00, run_after=2026-08-12 00:00:00+00:00
[2026-08-12T05:02:30.572+0000] {processor.py:208} INFO - Processing /home/airflow/.local/lib/python3.12/site-packages/airflow/example_dags/example_branch_operator.py took 0.112 seconds
[2026-08-12T05:03:00.970+0000] {processor.py:186} INFO - Started process (PID=3757) to work on /home/airflow/.local/lib/python3.12/site-packages/airflow/example_dags/example_branch_operator.py
[2026-08-12T05:03:00.972+0000] {processor.py:914} INFO - Processing file /home/airflow/.local/lib/python3.12/site-packages/airflow/example_dags/example_branch_operator.py for tasks to queue
[2026-08-12T05:03:00.975+0000] {logging_mixin.py:190} INFO - [2026-08-12T05:03:00.974+0000] {dagbag.py:587} INFO - Filling up the DagBag from /home/airflow/.local/lib/python3.12/site-packages/airflow/example_dags/example_branch_operator.py
[2026-08-12T05:03:00.990+0000] {processor.py:925} INFO - DAG(s) 'example_branch_operator' retrieved from /home/airflow/.local/lib/python3.12/site-packages/airflow/example_dags/example_branch_operator.py
[2026-08-12T05:03:01.018+0000] {logging_mixin.py:190} INFO - [2026-08-12T05:03:01.018+0000] {dag.py:3211} INFO - Sync 1 DAGs
[2026-08-12T05:03:01.041+0000] {logging_mixin.py:190} INFO - [2026-08-12T05:03:01.041+0000] {dag.py:4138} INFO - Setting next_dagrun for example_branch_operator to 2026-08-11 00:00:00+00:00, run_after=2026-08-12 00:00:00+00:00
[2026-08-12T05:03:01.072+0000] {processor.py:208} INFO - Processing /home/airflow/.local/lib/python3.12/site-packages/airflow/example_dags/example_branch_operator.py took 0.107 seconds
[2026-08-12T05:03:31.231+0000] {processor.py:186} INFO - Started process (PID=3820) to work on /home/airflow/.local/lib/python3.12/site-packages/airflow/example_dags/example_branch_operator.py
[2026-08-12T05:03:31.233+0000] {processor.py:914} INFO - Processing file /home/airflow/.local/lib/python3.12/site-packages/airflow/example_dags/example_branch_operator.py for tasks to queue
[2026-08-12T05:03:31.236+0000] {logging_mixin.py:190} INFO - [2026-08-12T05:03:31.236+0000] {dagbag.py:587} INFO - Filling up the DagBag from /home/airflow/.local/lib/python3.12/site-packages/airflow/example_dags/example_branch_operator.py
[2026-08-12T05:03:31.261+0000] {processor.py:925} INFO - DAG(s) 'example_branch_operator' retrieved from /home/airflow/.local/lib/python3.12/site-packages/airflow/example_dags/example_branch_operator.py
[2026-08-12T05:03:31.290+0000] {logging_mixin.py:190} INFO - [2026-08-12T05:03:31.290+0000] {dag.py:3211} INFO - Sync 1 DAGs
[2026-08-12T05:03:31.318+0000] {logging_mixin.py:190} INFO - [2026-08-12T05:03:31.317+0000] {dag.py:4138} INFO - Setting next_dagrun for example_branch_operator to 2026-08-11 00:00:00+00:00, run_after=2026-08-12 00:00:00+00:00
[2026-08-12T05:03:31.355+0000] {processor.py:208} INFO - Processing /home/airflow/.local/lib/python3.12/site-packages/airflow/example_dags/example_branch_operator.py took 0.131 seconds
[2026-08-12T05:04:01.738+0000] {processor.py:186} INFO - Started process (PID=3883) to work on /home/airflow/.local/lib/python3.12/site-packages/airflow/example_dags/example_branch_operator.py
[2026-08-12T05:04:01.739+0000] {processor.py:914} INFO - Processing file /home/airflow/.local/lib/python3.12/site-packages/airflow/example_dags/example_branch_operator.py for tasks to queue
[2026-08-12T05:04:01.742+0000] {logging_mixin.py:190} INFO - [2026-08-12T05:04:01.742+0000] {dagbag.py:587} INFO - Filling up the DagBag from /home/airflow/.local/lib/python3.12/site-packages/airflow/example_dags/example_branch_operator.py
[2026-08-12T05:04:01.762+0000] {processor.py:925} INFO - DAG(s) 'example_branch_operator' retrieved from /home/airflow/.local/lib/python3.12/site-packages/airflow/example_dags/example_branch_operator.py
[2026-08-12T05:04:01.790+0000] {logging_mixin.py:190} INFO - [2026-08-12T05:04:01.790+0000] {dag.py:3211} INFO - Sync 1 DAGs
[2026-08-12T05:04:01.813+0000] {logging_mixin.py:190} INFO - [2026-08-12T05:04:01.813+0000] {dag.py:4138} INFO - Setting next_dagrun for example_branch_operator to 2026-08-11 00:00:00+00:00, run_after=2026-08-12 00:00:00+00:00
[2026-08-12T05:04:01.841+0000] {processor.py:208} INFO - Processing /home/airflow/.local/lib/python3.12/site-packages/airflow/example_dags/example_branch_operator.py took 0.110 seconds
[2026-08-12T05:04:32.130+0000] {processor.py:186} INFO - Started process (PID=3946) to work on /home/airflow/.local/lib/python3.12/site-packages/airflow/example_dags/example_branch_operator.py
[2026-08-12T05:04:32.132+0000] {processor.py:914} INFO - Processing file /home/airflow/.local/lib/python3.12/site-packages/airflow/example_dags/example_branch_operator.py for tasks to queue
[2026-08-12T05:04:32.135+0000] {logging_mixin.py:190} INFO - [2026-08-12T05:04:32.135+0000] {dagbag.py:587} INFO - Filling up the DagBag from /home/airflow/.local/lib/python3.12/site-packages/airflow/example_dags/example_branch_operator.py
[2026-08-12T05:04:32.152+0000] {processor.py:925} INFO - DAG(s) 'example_branch_operator' retrieved from /home/airflow/.local/lib/python3.12/site-packages/airflow/example_dags/example_branch_operator.py
[2026-08-12T05:04:32.183+0000] {logging_mixin.py:190} INFO - [2026-08-12T05:04:32.183+0000] {dag.py:3211} INFO - Sync 1 DAGs
[2026-08-12T05:04:32.209+0000] {logging_mixin.py:190} INFO - [2026-08-12T05:04:32.209+0000] {dag.py:4138} INFO - Setting next_dagrun for example_branch_operator to 2026-08-11 00:00:00+00:00, run_after=2026-08-12 00:00:00+00:00
[2026-08-12T05:04:32.236+0000] {processor.py:208} INFO - Processing /home/airflow/.local/lib/python3.12/site-packages/airflow/example_dags/example_branch_operator.py took 0.111 seconds
[2026-08-12T05:05:02.435+0000] {processor.py:186} INFO - Started process (PID=4009) to work on /home/airflow/.local/lib/python3.12/site-packages/airflow/example_dags/example_branch_operator.py
[2026-08-12T05:05:02.437+0000] {processor.py:914} INFO - Processing file /home/airflow/.local/lib/python3.12/site-packages/airflow/example_dags/example_branch_operator.py for tasks to queue
[2026-08-12T05:05:02.441+0000] {logging_mixin.py:190} INFO - [2026-08-12T05:05:02.440+0000] {dagbag.py:587} INFO - Filling up the DagBag from /home/airflow/.local/lib/python3.12/site-packages/airflow/example_dags/example_branch_operator.py
[2026-08-12T05:05:02.461+0000] {processor.py:925} INFO - DAG(s) 'example_branch_operator' retrieved from /home/airflow/.local/lib/python3.12/site-packages/airflow/example_dags/example_branch_operator.py
[2026-08-12T05:05:02.492+0000] {logging_mixin.py:190} INFO - [2026-08-12T05:05:02.491+0000] {dag.py:3211} INFO - Sync 1 DAGs
[2026-08-12T05:05:02.541+0000] {logging_mixin.py:190} INFO - [2026-08-12T05:05:02.541+0000] {dag.py:4138} INFO - Setting next_dagrun for example_branch_operator to 2026-08-11 00:00:00+00:00, run_after=2026-08-12 00:00:00+00:00
[2026-08-12T05:05:02.581+0000] {processor.py:208} INFO - Processing /home/airflow/.local/lib/python3.12/site-packages/airflow/example_dags/example_branch_operator.py took 0.154 seconds
[2026-08-12T05:05:32.797+0000] {processor.py:186} INFO - Started process (PID=4072) to work on /home/airflow/.local/lib/python3.12/site-packages/airflow/example_dags/example_branch_operator.py
[2026-08-12T05:05:32.798+0000] {processor.py:914} INFO - Processing file /home/airflow/.local/lib/python3.12/site-packages/airflow/example_dags/example_branch_operator.py for tasks to queue
[2026-08-12T05:05:32.802+0000] {logging_mixin.py:190} INFO - [2026-08-12T05:05:32.801+0000] {dagbag.py:587} INFO - Filling up the DagBag from /home/airflow/.local/lib/python3.12/site-packages/airflow/example_dags/example_branch_operator.py
[2026-08-12T05:05:32.819+0000] {processor.py:925} INFO - DAG(s) 'example_branch_operator' retrieved from /home/airflow/.local/lib/python3.12/site-packages/airflow/example_dags/example_branch_operator.py
[2026-08-12T05:05:32.858+0000] {logging_mixin.py:190} INFO - [2026-08-12T05:05:32.858+0000] {dag.py:3211} INFO - Sync 1 DAGs
[2026-08-12T05:05:32.882+0000] {logging_mixin.py:190} INFO - [2026-08-12T05:05:32.882+0000] {dag.py:4138} INFO - Setting next_dagrun for example_branch_operator to 2026-08-11 00:00:00+00:00, run_after=2026-08-12 00:00:00+00:00
[2026-08-12T05:05:32.902+0000] {processor.py:208} INFO - Processing /home/airflow/.local/lib/python3.12/site-packages/airflow/example_dags/example_branch_operator.py took 0.110 seconds
[2026-08-12T05:06:03.071+0000] {processor.py:186} INFO - Started process (PID=4135) to work on /home/airflow/.local/lib/python3.12/site-packages/airflow/example_dags/example_branch_operator.py
[2026-08-12T05:06:03.074+0000] {processor.py:914} INFO - Processing file /home/airflow/.local/lib/python3.12/site-packages/airflow/example_dags/example_branch_operator.py for tasks to queue
[2026-08-12T05:06:03.078+0000] {logging_mixin.py:190} INFO - [2026-08-12T05:06:03.077+0000] {dagbag.py:587} INFO - Filling up the DagBag from /home/airflow/.local/lib/python3.12/site-packages/airflow/example_dags/example_branch_operator.py
[2026-08-12T05:06:03.109+0000] {processor.py:925} INFO - DAG(s) 'example_branch_operator' retrieved from /home/airflow/.local/lib/python3.12/site-packages/airflow/example_dags/example_branch_operator.py
[2026-08-12T05:06:03.155+0000] {logging_mixin.py:190} INFO - [2026-08-12T05:06:03.154+0000] {dag.py:3211} INFO - Sync 1 DAGs
[2026-08-12T05:06:03.190+0000] {logging_mixin.py:190} INFO - [2026-08-12T05:06:03.189+0000] {dag.py:4138} INFO - Setting next_dagrun for example_branch_operator to 2026-08-11 00:00:00+00:00, run_after=2026-08-12 00:00:00+00:00
[2026-08-12T05:06:03.224+0000] {processor.py:208} INFO - Processing /home/airflow/.local/lib/python3.12/site-packages/airflow/example_dags/example_branch_operator.py took 0.161 seconds
[2026-08-12T05:06:33.427+0000] {processor.py:186} INFO - Started process (PID=4198) to work on /home/airflow/.local/lib/python3.12/site-packages/airflow/example_dags/example_branch_operator.py
[2026-08-12T05:06:33.429+0000] {processor.py:914} INFO - Processing file /home/airflow/.local/lib/python3.12/site-packages/airflow/example_dags/example_branch_operator.py for tasks to queue
[2026-08-12T05:06:33.432+0000] {logging_mixin.py:190} INFO - [2026-08-12T05:06:33.432+0000] {dagbag.py:587} INFO - Filling up the DagBag from /home/airflow/.local/lib/python3.12/site-packages/airflow/example_dags/example_branch_operator.py
[2026-08-12T05:06:33.454+0000] {processor.py:925} INFO - DAG(s) 'example_branch_operator' retrieved from /home/airflow/.local/lib/python3.12/site-packages/airflow/example_dags/example_branch_operator.py
[2026-08-12T05:06:33.485+0000] {logging_mixin.py:190} INFO - [2026-08-12T05:06:33.484+0000] {dag.py:3211} INFO - Sync 1 DAGs
[2026-08-12T05:06:33.509+0000] {logging_mixin.py:190} INFO - [2026-08-12T05:06:33.509+0000] {dag.py:4138} INFO - Setting next_dagrun for example_branch_operator to 2026-08-11 00:00:00+00:00, run_after=2026-08-12 00:00:00+00:00
[2026-08-12T05:06:33.529+0000] {processor.py:208} INFO - Processing /home/airflow/.local/lib/python3.12/site-packages/airflow/example_dags/example_branch_operator.py took 0.121 seconds
[2026-08-12T05:07:03.816+0000] {processor.py:186} INFO - Started process (PID=4261) to work on /home/airflow/.local/lib/python3.12/site-packages/airflow/example_dags/example_branch_operator.py
[2026-08-12T05:07:03.818+0000] {processor.py:914} INFO - Processing file /home/airflow/.local/lib/python3.12/site-packages/airflow/example_dags/example_branch_operator.py for tasks to queue
[2026-08-12T05:07:03.821+0000] {logging_mixin.py:190} INFO - [2026-08-12T05:07:03.821+0000] {dagbag.py:587} INFO - Filling up the DagBag from /home/airflow/.local/lib/python3.12/site-packages/airflow/example_dags/example_branch_operator.py
[2026-08-12T05:07:03.841+0000] {processor.py:925} INFO - DAG(s) 'example_branch_operator' retrieved from /home/airflow/.local/lib/python3.12/site-packages/airflow/example_dags/example_branch_operator.py
[2026-08-12T05:07:03.873+0000] {logging_mixin.py:190} INFO - [2026-08-12T05:07:03.873+0000] {dag.py:3211} INFO - Sync 1 DAGs
[2026-08-12T05:07:03.899+0000] {logging_mixin.py:190} INFO - [2026-08-12T05:07:03.898+0000] {dag.py:4138} INFO - Setting next_dagrun for example_branch_operator to 2026-08-11 00:00:00+00:00, run_after=2026-08-12 00:00:00+00:00
[2026-08-12T05:07:03.922+0000] {processor.py:208} INFO - Processing /home/airflow/.local/lib/python3.12/site-packages/airflow/example_dags/example_branch_operator.py took 0.112 seconds
[2026-08-12T05:07:34.706+0000] {processor.py:186} INFO - Started process (PID=4325) to work on /home/airflow/.local/lib/python3.12/site-packages/airflow/example_dags/example_branch_operator.py
[2026-08-12T05:07:34.708+0000] {processor.py:914} INFO - Processing file /home/airflow/.local/lib/python3.12/site-packages/airflow/example_dags/example_branch_operator.py for tasks to queue
[2026-08-12T05:07:34.711+0000] {logging_mixin.py:190} INFO - [2026-08-12T05:07:34.710+0000] {dagbag.py:587} INFO - Filling up the DagBag from /home/airflow/.local/lib/python3.12/site-packages/airflow/example_dags/example_branch_operator.py
[2026-08-12T05:07:34.728+0000] {processor.py:925} INFO - DAG(s) 'example_branch_operator' retrieved from /home/airflow/.local/lib/python3.12/site-packages/airflow/example_dags/example_branch_operator.py
[2026-08-12T05:07:34.754+0000] {logging_mixin.py:190} INFO - [2026-08-12T05:07:34.754+0000] {dag.py:3211} INFO - Sync 1 DAGs
[2026-08-12T05:07:34.780+0000] {logging_mixin.py:190} INFO - [2026-08-12T05:07:34.780+0000] {dag.py:4138} INFO - Setting next_dagrun for example_branch_operator to 2026-08-11 00:00:00+00:00, run_after=2026-08-12 00:00:00+00:00
[2026-08-12T05:07:34.802+0000] {processor.py:208} INFO - Processing /home/airflow/.local/lib/python3.12/site-packages/airflow/example_dags/example_branch_operator.py took 0.101 seconds
[2026-08-12T05:08:05.131+0000] {processor.py:186} INFO - Started process (PID=4388) to work on /home/airflow/.local/lib/python3.12/site-packages/airflow/example_dags/example_branch_operator.py
[2026-08-12T05:08:05.133+0000] {processor.py:914} INFO - Processing file /home/airflow/.local/lib/python3.12/site-packages/airflow/example_dags/example_branch_operator.py for tasks to queue
[2026-08-12T05:08:05.136+0000] {logging_mixin.py:190} INFO - [2026-08-12T05:08:05.136+0000] {dagbag.py:587} INFO - Filling up the DagBag from /home/airflow/.local/lib/python3.12/site-packages/airflow/example_dags/example_branch_operator.py
[2026-08-12T05:08:05.155+0000] {processor.py:925} INFO - DAG(s) 'example_branch_operator' retrieved from /home/airflow/.local/lib/python3.12/site-packages/airflow/example_dags/example_branch_operator.py
[2026-08-12T05:08:05.200+0000] {logging_mixin.py:190} INFO - [2026-08-12T05:08:05.200+0000] {dag.py:3211} INFO - Sync 1 DAGs
[2026-08-12T05:08:05.226+0000] {logging_mixin.py:190} INFO - [2026-08-12T05:08:05.226+0000] {dag.py:4138} INFO - Setting next_dagrun for example_branch_operator to 2026-08-11 00:00:00+00:00, run_after=2026-08-12 00:00:00+00:00
[2026-08-12T05:08:05.251+0000] {processor.py:208} INFO - Processing /home/airflow/.local/lib/python3.12/site-packages/airflow/example_dags/example_branch_operator.py took 0.127 seconds
[2026-08-12T05:08:35.895+0000] {processor.py:186} INFO - Started process (PID=4451) to work on /home/airflow/.local/lib/python3.12/site-packages/airflow/example_dags/example_branch_operator.py
[2026-08-12T05:08:35.897+0000] {processor.py:914} INFO - Processing file /home/airflow/.local/lib/python3.12/site-packages/airflow/example_dags/example_branch_operator.py for tasks to queue
[2026-08-12T05:08:35.901+0000] {logging_mixin.py:190} INFO - [2026-08-12T05:08:35.900+0000] {dagbag.py:587} INFO - Filling up the DagBag from /home/airflow/.local/lib/python3.12/site-packages/airflow/example_dags/example_branch_operator.py
[2026-08-12T05:08:35.921+0000] {processor.py:925} INFO - DAG(s) 'example_branch_operator' retrieved from /home/airflow/.local/lib/python3.12/site-packages/airflow/example_dags/example_branch_operator.py
[2026-08-12T05:08:35.958+0000] {logging_mixin.py:190} INFO - [2026-08-12T05:08:35.958+0000] {dag.py:3211} INFO - Sync 1 DAGs
[2026-08-12T05:08:35.987+0000] {logging_mixin.py:190} INFO - [2026-08-12T05:08:35.987+0000] {dag.py:4138} INFO - Setting next_dagrun for example_branch_operator to 2026-08-11 00:00:00+00:00, run_after=2026-08-12 00:00:00+00:00
[2026-08-12T05:08:36.025+0000] {processor.py:208} INFO - Processing /home/airflow/.local/lib/python3.12/site-packages/airflow/example_dags/example_branch_operator.py took 0.136 seconds
[2026-08-12T05:09:06.577+0000] {processor.py:186} INFO - Started process (PID=4514) to work on /home/airflow/.local/lib/python3.12/site-packages/airflow/example_dags/example_branch_operator.py
[2026-08-12T05:09:06.579+0000] {processor.py:914} INFO - Processing file /home/airflow/.local/lib/python3.12/site-packages/airflow/example_dags/example_branch_operator.py for tasks to queue
[2026-08-12T05:09:06.582+0000] {logging_mixin.py:190} INFO - [2026-08-12T05:09:06.582+0000] {dagbag.py:587} INFO - Filling up the DagBag from /home/airflow/.local/lib/python3.12/site-packages/airflow/example_dags/example_branch_operator.py
[2026-08-12T05:09:06.598+0000] {processor.py:925} INFO - DAG(s) 'example_branch_operator' retrieved from /home/airflow/.local/lib/python3.12/site-packages/airflow/example_dags/example_branch_operator.py
[2026-08-12T05:09:06.627+0000] {logging_mixin.py:190} INFO - [2026-08-12T05:09:06.627+0000] {dag.py:3211} INFO - Sync 1 DAGs
[2026-08-12T05:09:06.651+0000] {logging_mixin.py:190} INFO - [2026-08-12T05:09:06.651+0000] {dag.py:4138} INFO - Setting next_dagrun for example_branch_operator to 2026-08-11 00:00:00+00:00, run_after=2026-08-12 00:00:00+00:00
[2026-08-12T05:09:06.687+0000] {processor.py:208} INFO - Processing /home/airflow/.local/lib/python3.12/site-packages/airflow/example_dags/example_branch_operator.py took 0.116 seconds
[2026-08-12T05:09:37.117+0000] {processor.py:186} INFO - Started process (PID=4577) to work on /home/airflow/.local/lib/python3.12/site-packages/airflow/example_dags/example_branch_operator.py
[2026-08-12T05:09:37.119+0000] {processor.py:914} INFO - Processing file /home/airflow/.local/lib/python3.12/site-packages/airflow/example_dags/example_branch_operator.py for tasks to queue
[2026-08-12T05:09:37.122+0000] {logging_mixin.py:190} INFO - [2026-08-12T05:09:37.122+0000] {dagbag.py:587} INFO - Filling up the DagBag from /home/airflow/.local/lib/python3.12/site-packages/airflow/example_dags/example_branch_operator.py
[2026-08-12T05:09:37.138+0000] {processor.py:925} INFO - DAG(s) 'example_branch_operator' retrieved from /home/airflow/.local/lib/python3.12/site-packages/airflow/example_dags/example_branch_operator.py
[2026-08-12T05:09:37.168+0000] {logging_mixin.py:190} INFO - [2026-08-12T05:09:37.167+0000] {dag.py:3211} INFO - Sync 1 DAGs
[2026-08-12T05:09:37.191+0000] {logging_mixin.py:190} INFO - [2026-08-12T05:09:37.190+0000] {dag.py:4138} INFO - Setting next_dagrun for example_branch_operator to 2026-08-11 00:00:00+00:00, run_after=2026-08-12 00:00:00+00:00
[2026-08-12T05:09:37.227+0000] {processor.py:208} INFO - Processing /home/airflow/.local/lib/python3.12/site-packages/airflow/example_dags/example_branch_operator.py took 0.115 seconds
[2026-08-12T05:10:07.756+0000] {processor.py:186} INFO - Started process (PID=4641) to work on /home/airflow/.local/lib/python3.12/site-packages/airflow/example_dags/example_branch_operator.py
[2026-08-12T05:10:07.758+0000] {processor.py:914} INFO - Processing file /home/airflow/.local/lib/python3.12/site-packages/airflow/example_dags/example_branch_operator.py for tasks to queue
[2026-08-12T05:10:07.762+0000] {logging_mixin.py:190} INFO - [2026-08-12T05:10:07.762+0000] {dagbag.py:587} INFO - Filling up the DagBag from /home/airflow/.local/lib/python3.12/site-packages/airflow/example_dags/example_branch_operator.py
[2026-08-12T05:10:07.791+0000] {processor.py:925} INFO - DAG(s) 'example_branch_operator' retrieved from /home/airflow/.local/lib/python3.12/site-packages/airflow/example_dags/example_branch_operator.py
[2026-08-12T05:10:07.825+0000] {logging_mixin.py:190} INFO - [2026-08-12T05:10:07.825+0000] {dag.py:3211} INFO - Sync 1 DAGs
[2026-08-12T05:10:07.883+0000] {logging_mixin.py:190} INFO - [2026-08-12T05:10:07.883+0000] {dag.py:4138} INFO - Setting next_dagrun for example_branch_operator to 2026-08-11 00:00:00+00:00, run_after=2026-08-12 00:00:00+00:00
[2026-08-12T05:10:07.911+0000] {processor.py:208} INFO - Processing /home/airflow/.local/lib/python3.12/site-packages/airflow/example_dags/example_branch_operator.py took 0.164 seconds
[2026-08-12T05:10:38.525+0000] {processor.py:186} INFO - Started process (PID=4703) to work on /home/airflow/.local/lib/python3.12/site-packages/airflow/example_dags/example_branch_operator.py
[2026-08-12T05:10:38.526+0000] {processor.py:914} INFO - Processing file /home/airflow/.local/lib/python3.12/site-packages/airflow/example_dags/example_branch_operator.py for tasks to queue
[2026-08-12T05:10:38.531+0000] {logging_mixin.py:190} INFO - [2026-08-12T05:10:38.530+0000] {dagbag.py:587} INFO - Filling up the DagBag from /home/airflow/.local/lib/python3.12/site-packages/airflow/example_dags/example_branch_operator.py
[2026-08-12T05:10:38.550+0000] {processor.py:925} INFO - DAG(s) 'example_branch_operator' retrieved from /home/airflow/.local/lib/python3.12/site-packages/airflow/example_dags/example_branch_operator.py
[2026-08-12T05:10:38.582+0000] {logging_mixin.py:190} INFO - [2026-08-12T05:10:38.582+0000] {dag.py:3211} INFO - Sync 1 DAGs
[2026-08-12T05:10:38.607+0000] {logging_mixin.py:190} INFO - [2026-08-12T05:10:38.606+0000] {dag.py:4138} INFO - Setting next_dagrun for example_branch_operator to 2026-08-11 00:00:00+00:00, run_after=2026-08-12 00:00:00+00:00
[2026-08-12T05:10:38.633+0000] {processor.py:208} INFO - Processing /home/airflow/.local/lib/python3.12/site-packages/airflow/example_dags/example_branch_operator.py took 0.116 seconds
