[2026-08-12T04:30:39.635+0000] {processor.py:186} INFO - Started process (PID=110) to work on /home/airflow/.local/lib/python3.12/site-packages/airflow/example_dags/tutorial_taskflow_api.py
[2026-08-12T04:30:39.636+0000] {processor.py:914} INFO - Processing file /home/airflow/.local/lib/python3.12/site-packages/airflow/example_dags/tutorial_taskflow_api.py for tasks to queue
[2026-08-12T04:30:39.639+0000] {logging_mixin.py:190} INFO - [2026-08-12T04:30:39.639+0000] {dagbag.py:587} INFO - Filling up the DagBag from /home/airflow/.local/lib/python3.12/site-packages/airflow/example_dags/tutorial_taskflow_api.py
[2026-08-12T04:30:39.650+0000] {processor.py:925} INFO - DAG(s) 'tutorial_taskflow_api' retrieved from /home/airflow/.local/lib/python3.12/site-packages/airflow/example_dags/tutorial_taskflow_api.py
[2026-08-12T04:30:39.759+0000] {logging_mixin.py:190} INFO - [2026-08-12T04:30:39.758+0000] {override.py:1858} INFO - Created Permission View: can edit on DAG:tutorial_taskflow_api
[2026-08-12T04:30:39.774+0000] {logging_mixin.py:190} INFO - [2026-08-12T04:30:39.774+0000] {override.py:1858} INFO - Created Permission View: can delete on DAG:tutorial_taskflow_api
[2026-08-12T04:30:39.783+0000] {logging_mixin.py:190} INFO - [2026-08-12T04:30:39.783+0000] {override.py:1858} INFO - Created Permission View: can read on DAG:tutorial_taskflow_api
[2026-08-12T04:30:39.785+0000] {logging_mixin.py:190} INFO - [2026-08-12T04:30:39.784+0000] {dag.py:3211} INFO - Sync 1 DAGs
[2026-08-12T04:30:39.813+0000] {logging_mixin.py:190} INFO - [2026-08-12T04:30:39.812+0000] {dag.py:3234} INFO - Creating ORM DAG for tutorial_taskflow_api
[2026-08-12T04:30:39.840+0000] {logging_mixin.py:190} INFO - [2026-08-12T04:30:39.840+0000] {dag.py:4138} INFO - Setting next_dagrun for tutorial_taskflow_api to None, run_after=None
[2026-08-12T04:30:39.889+0000] {processor.py:208} INFO - Processing /home/airflow/.local/lib/python3.12/site-packages/airflow/example_dags/tutorial_taskflow_api.py took 0.260 seconds
[2026-08-12T04:31:10.520+0000] {processor.py:186} INFO - Started process (PID=172) to work on /home/airflow/.local/lib/python3.12/site-packages/airflow/example_dags/tutorial_taskflow_api.py
[2026-08-12T04:31:10.522+0000] {processor.py:914} INFO - Processing file /home/airflow/.local/lib/python3.12/site-packages/airflow/example_dags/tutorial_taskflow_api.py for tasks to queue
[2026-08-12T04:31:10.526+0000] {logging_mixin.py:190} INFO - [2026-08-12T04:31:10.525+0000] {dagbag.py:587} INFO - Filling up the DagBag from /home/airflow/.local/lib/python3.12/site-packages/airflow/example_dags/tutorial_taskflow_api.py
[2026-08-12T04:31:10.536+0000] {processor.py:925} INFO - DAG(s) 'tutorial_taskflow_api' retrieved from /home/airflow/.local/lib/python3.12/site-packages/airflow/example_dags/tutorial_taskflow_api.py
[2026-08-12T04:31:10.557+0000] {logging_mixin.py:190} INFO - [2026-08-12T04:31:10.556+0000] {dag.py:3211} INFO - Sync 1 DAGs
[2026-08-12T04:31:10.576+0000] {logging_mixin.py:190} INFO - [2026-08-12T04:31:10.576+0000] {dag.py:4138} INFO - Setting next_dagrun for tutorial_taskflow_api to None, run_after=None
[2026-08-12T04:31:10.600+0000] {processor.py:208} INFO - Processing /home/airflow/.local/lib/python3.12/site-packages/airflow/example_dags/tutorial_taskflow_api.py took 0.085 seconds
[2026-08-12T04:31:41.199+0000] {processor.py:186} INFO - Started process (PID=235) to work on /home/airflow/.local/lib/python3.12/site-packages/airflow/example_dags/tutorial_taskflow_api.py
[2026-08-12T04:31:41.201+0000] {processor.py:914} INFO - Processing file /home/airflow/.local/lib/python3.12/site-packages/airflow/example_dags/tutorial_taskflow_api.py for tasks to queue
[2026-08-12T04:31:41.203+0000] {logging_mixin.py:190} INFO - [2026-08-12T04:31:41.203+0000] {dagbag.py:587} INFO - Filling up the DagBag from /home/airflow/.local/lib/python3.12/site-packages/airflow/example_dags/tutorial_taskflow_api.py
[2026-08-12T04:31:41.212+0000] {processor.py:925} INFO - DAG(s) 'tutorial_taskflow_api' retrieved from /home/airflow/.local/lib/python3.12/site-packages/airflow/example_dags/tutorial_taskflow_api.py
[2026-08-12T04:31:41.232+0000] {logging_mixin.py:190} INFO - [2026-08-12T04:31:41.231+0000] {dag.py:3211} INFO - Sync 1 DAGs
[2026-08-12T04:31:41.246+0000] {logging_mixin.py:190} INFO - [2026-08-12T04:31:41.245+0000] {dag.py:4138} INFO - Setting next_dagrun for tutorial_taskflow_api to None, run_after=None
[2026-08-12T04:31:41.271+0000] {processor.py:208} INFO - Processing /home/airflow/.local/lib/python3.12/site-packages/airflow/example_dags/tutorial_taskflow_api.py took 0.078 seconds
[2026-08-12T04:32:57.414+0000] {processor.py:186} INFO - Started process (PID=101) to work on /home/airflow/.local/lib/python3.12/site-packages/airflow/example_dags/tutorial_taskflow_api.py
[2026-08-12T04:32:57.415+0000] {processor.py:914} INFO - Processing file /home/airflow/.local/lib/python3.12/site-packages/airflow/example_dags/tutorial_taskflow_api.py for tasks to queue
[2026-08-12T04:32:57.420+0000] {logging_mixin.py:190} INFO - [2026-08-12T04:32:57.419+0000] {dagbag.py:587} INFO - Filling up the DagBag from /home/airflow/.local/lib/python3.12/site-packages/airflow/example_dags/tutorial_taskflow_api.py
[2026-08-12T04:32:57.429+0000] {processor.py:925} INFO - DAG(s) 'tutorial_taskflow_api' retrieved from /home/airflow/.local/lib/python3.12/site-packages/airflow/example_dags/tutorial_taskflow_api.py
[2026-08-12T04:32:57.455+0000] {logging_mixin.py:190} INFO - [2026-08-12T04:32:57.455+0000] {dag.py:3211} INFO - Sync 1 DAGs
[2026-08-12T04:32:57.476+0000] {logging_mixin.py:190} INFO - [2026-08-12T04:32:57.476+0000] {dag.py:4138} INFO - Setting next_dagrun for tutorial_taskflow_api to None, run_after=None
[2026-08-12T04:32:57.501+0000] {processor.py:208} INFO - Processing /home/airflow/.local/lib/python3.12/site-packages/airflow/example_dags/tutorial_taskflow_api.py took 0.093 seconds
[2026-08-12T04:33:27.638+0000] {processor.py:186} INFO - Started process (PID=163) to work on /home/airflow/.local/lib/python3.12/site-packages/airflow/example_dags/tutorial_taskflow_api.py
[2026-08-12T04:33:27.639+0000] {processor.py:914} INFO - Processing file /home/airflow/.local/lib/python3.12/site-packages/airflow/example_dags/tutorial_taskflow_api.py for tasks to queue
[2026-08-12T04:33:27.642+0000] {logging_mixin.py:190} INFO - [2026-08-12T04:33:27.642+0000] {dagbag.py:587} INFO - Filling up the DagBag from /home/airflow/.local/lib/python3.12/site-packages/airflow/example_dags/tutorial_taskflow_api.py
[2026-08-12T04:33:27.650+0000] {processor.py:925} INFO - DAG(s) 'tutorial_taskflow_api' retrieved from /home/airflow/.local/lib/python3.12/site-packages/airflow/example_dags/tutorial_taskflow_api.py
[2026-08-12T04:33:27.670+0000] {logging_mixin.py:190} INFO - [2026-08-12T04:33:27.670+0000] {dag.py:3211} INFO - Sync 1 DAGs
[2026-08-12T04:33:27.684+0000] {logging_mixin.py:190} INFO - [2026-08-12T04:33:27.684+0000] {dag.py:4138} INFO - Setting next_dagrun for tutorial_taskflow_api to None, run_after=None
[2026-08-12T04:33:27.704+0000] {processor.py:208} INFO - Processing /home/airflow/.local/lib/python3.12/site-packages/airflow/example_dags/tutorial_taskflow_api.py took 0.071 seconds
[2026-08-12T04:33:57.788+0000] {processor.py:186} INFO - Started process (PID=224) to work on /home/airflow/.local/lib/python3.12/site-packages/airflow/example_dags/tutorial_taskflow_api.py
[2026-08-12T04:33:57.790+0000] {processor.py:914} INFO - Processing file /home/airflow/.local/lib/python3.12/site-packages/airflow/example_dags/tutorial_taskflow_api.py for tasks to queue
[2026-08-12T04:33:57.795+0000] {logging_mixin.py:190} INFO - [2026-08-12T04:33:57.794+0000] {dagbag.py:587} INFO - Filling up the DagBag from /home/airflow/.local/lib/python3.12/site-packages/airflow/example_dags/tutorial_taskflow_api.py
[2026-08-12T04:33:57.806+0000] {processor.py:925} INFO - DAG(s) 'tutorial_taskflow_api' retrieved from /home/airflow/.local/lib/python3.12/site-packages/airflow/example_dags/tutorial_taskflow_api.py
[2026-08-12T04:33:57.833+0000] {logging_mixin.py:190} INFO - [2026-08-12T04:33:57.833+0000] {dag.py:3211} INFO - Sync 1 DAGs
[2026-08-12T04:33:57.851+0000] {logging_mixin.py:190} INFO - [2026-08-12T04:33:57.851+0000] {dag.py:4138} INFO - Setting next_dagrun for tutorial_taskflow_api to None, run_after=None
[2026-08-12T04:33:57.874+0000] {processor.py:208} INFO - Processing /home/airflow/.local/lib/python3.12/site-packages/airflow/example_dags/tutorial_taskflow_api.py took 0.095 seconds
[2026-08-12T04:34:28.706+0000] {processor.py:186} INFO - Started process (PID=286) to work on /home/airflow/.local/lib/python3.12/site-packages/airflow/example_dags/tutorial_taskflow_api.py
[2026-08-12T04:34:28.707+0000] {processor.py:914} INFO - Processing file /home/airflow/.local/lib/python3.12/site-packages/airflow/example_dags/tutorial_taskflow_api.py for tasks to queue
[2026-08-12T04:34:28.710+0000] {logging_mixin.py:190} INFO - [2026-08-12T04:34:28.710+0000] {dagbag.py:587} INFO - Filling up the DagBag from /home/airflow/.local/lib/python3.12/site-packages/airflow/example_dags/tutorial_taskflow_api.py
[2026-08-12T04:34:28.718+0000] {processor.py:925} INFO - DAG(s) 'tutorial_taskflow_api' retrieved from /home/airflow/.local/lib/python3.12/site-packages/airflow/example_dags/tutorial_taskflow_api.py
[2026-08-12T04:34:28.739+0000] {logging_mixin.py:190} INFO - [2026-08-12T04:34:28.739+0000] {dag.py:3211} INFO - Sync 1 DAGs
[2026-08-12T04:34:28.756+0000] {logging_mixin.py:190} INFO - [2026-08-12T04:34:28.756+0000] {dag.py:4138} INFO - Setting next_dagrun for tutorial_taskflow_api to None, run_after=None
[2026-08-12T04:34:28.777+0000] {processor.py:208} INFO - Processing /home/airflow/.local/lib/python3.12/site-packages/airflow/example_dags/tutorial_taskflow_api.py took 0.077 seconds
[2026-08-12T04:34:58.832+0000] {processor.py:186} INFO - Started process (PID=348) to work on /home/airflow/.local/lib/python3.12/site-packages/airflow/example_dags/tutorial_taskflow_api.py
[2026-08-12T04:34:58.833+0000] {processor.py:914} INFO - Processing file /home/airflow/.local/lib/python3.12/site-packages/airflow/example_dags/tutorial_taskflow_api.py for tasks to queue
[2026-08-12T04:34:58.837+0000] {logging_mixin.py:190} INFO - [2026-08-12T04:34:58.836+0000] {dagbag.py:587} INFO - Filling up the DagBag from /home/airflow/.local/lib/python3.12/site-packages/airflow/example_dags/tutorial_taskflow_api.py
[2026-08-12T04:34:58.845+0000] {processor.py:925} INFO - DAG(s) 'tutorial_taskflow_api' retrieved from /home/airflow/.local/lib/python3.12/site-packages/airflow/example_dags/tutorial_taskflow_api.py
[2026-08-12T04:34:58.867+0000] {logging_mixin.py:190} INFO - [2026-08-12T04:34:58.866+0000] {dag.py:3211} INFO - Sync 1 DAGs
[2026-08-12T04:34:58.884+0000] {logging_mixin.py:190} INFO - [2026-08-12T04:34:58.883+0000] {dag.py:4138} INFO - Setting next_dagrun for tutorial_taskflow_api to None, run_after=None
[2026-08-12T04:34:58.904+0000] {processor.py:208} INFO - Processing /home/airflow/.local/lib/python3.12/site-packages/airflow/example_dags/tutorial_taskflow_api.py took 0.078 seconds
[2026-08-12T04:35:29.421+0000] {processor.py:186} INFO - Started process (PID=410) to work on /home/airflow/.local/lib/python3.12/site-packages/airflow/example_dags/tutorial_taskflow_api.py
[2026-08-12T04:35:29.423+0000] {processor.py:914} INFO - Processing file /home/airflow/.local/lib/python3.12/site-packages/airflow/example_dags/tutorial_taskflow_api.py for tasks to queue
[2026-08-12T04:35:29.426+0000] {logging_mixin.py:190} INFO - [2026-08-12T04:35:29.426+0000] {dagbag.py:587} INFO - Filling up the DagBag from /home/airflow/.local/lib/python3.12/site-packages/airflow/example_dags/tutorial_taskflow_api.py
[2026-08-12T04:35:29.437+0000] {processor.py:925} INFO - DAG(s) 'tutorial_taskflow_api' retrieved from /home/airflow/.local/lib/python3.12/site-packages/airflow/example_dags/tutorial_taskflow_api.py
[2026-08-12T04:35:29.465+0000] {logging_mixin.py:190} INFO - [2026-08-12T04:35:29.465+0000] {dag.py:3211} INFO - Sync 1 DAGs
[2026-08-12T04:35:29.484+0000] {logging_mixin.py:190} INFO - [2026-08-12T04:35:29.484+0000] {dag.py:4138} INFO - Setting next_dagrun for tutorial_taskflow_api to None, run_after=None
[2026-08-12T04:35:29.509+0000] {processor.py:208} INFO - Processing /home/airflow/.local/lib/python3.12/site-packages/airflow/example_dags/tutorial_taskflow_api.py took 0.094 seconds
[2026-08-12T04:36:00.312+0000] {processor.py:186} INFO - Started process (PID=472) to work on /home/airflow/.local/lib/python3.12/site-packages/airflow/example_dags/tutorial_taskflow_api.py
[2026-08-12T04:36:00.314+0000] {processor.py:914} INFO - Processing file /home/airflow/.local/lib/python3.12/site-packages/airflow/example_dags/tutorial_taskflow_api.py for tasks to queue
[2026-08-12T04:36:00.318+0000] {logging_mixin.py:190} INFO - [2026-08-12T04:36:00.318+0000] {dagbag.py:587} INFO - Filling up the DagBag from /home/airflow/.local/lib/python3.12/site-packages/airflow/example_dags/tutorial_taskflow_api.py
[2026-08-12T04:36:00.331+0000] {processor.py:925} INFO - DAG(s) 'tutorial_taskflow_api' retrieved from /home/airflow/.local/lib/python3.12/site-packages/airflow/example_dags/tutorial_taskflow_api.py
[2026-08-12T04:36:00.365+0000] {logging_mixin.py:190} INFO - [2026-08-12T04:36:00.364+0000] {dag.py:3211} INFO - Sync 1 DAGs
[2026-08-12T04:36:00.383+0000] {logging_mixin.py:190} INFO - [2026-08-12T04:36:00.382+0000] {dag.py:4138} INFO - Setting next_dagrun for tutorial_taskflow_api to None, run_after=None
[2026-08-12T04:36:00.408+0000] {processor.py:208} INFO - Processing /home/airflow/.local/lib/python3.12/site-packages/airflow/example_dags/tutorial_taskflow_api.py took 0.102 seconds
[2026-08-12T04:36:30.695+0000] {processor.py:186} INFO - Started process (PID=534) to work on /home/airflow/.local/lib/python3.12/site-packages/airflow/example_dags/tutorial_taskflow_api.py
[2026-08-12T04:36:30.696+0000] {processor.py:914} INFO - Processing file /home/airflow/.local/lib/python3.12/site-packages/airflow/example_dags/tutorial_taskflow_api.py for tasks to queue
[2026-08-12T04:36:30.699+0000] {logging_mixin.py:190} INFO - [2026-08-12T04:36:30.699+0000] {dagbag.py:587} INFO - Filling up the DagBag from /home/airflow/.local/lib/python3.12/site-packages/airflow/example_dags/tutorial_taskflow_api.py
[2026-08-12T04:36:30.708+0000] {processor.py:925} INFO - DAG(s) 'tutorial_taskflow_api' retrieved from /home/airflow/.local/lib/python3.12/site-packages/airflow/example_dags/tutorial_taskflow_api.py
[2026-08-12T04:36:30.731+0000] {logging_mixin.py:190} INFO - [2026-08-12T04:36:30.731+0000] {dag.py:3211} INFO - Sync 1 DAGs
[2026-08-12T04:36:30.746+0000] {logging_mixin.py:190} INFO - [2026-08-12T04:36:30.746+0000] {dag.py:4138} INFO - Setting next_dagrun for tutorial_taskflow_api to None, run_after=None
[2026-08-12T04:36:30.768+0000] {processor.py:208} INFO - Processing /home/airflow/.local/lib/python3.12/site-packages/airflow/example_dags/tutorial_taskflow_api.py took 0.079 seconds
[2026-08-12T04:37:01.468+0000] {processor.py:186} INFO - Started process (PID=596) to work on /home/airflow/.local/lib/python3.12/site-packages/airflow/example_dags/tutorial_taskflow_api.py
[2026-08-12T04:37:01.470+0000] {processor.py:914} INFO - Processing file /home/airflow/.local/lib/python3.12/site-packages/airflow/example_dags/tutorial_taskflow_api.py for tasks to queue
[2026-08-12T04:37:01.473+0000] {logging_mixin.py:190} INFO - [2026-08-12T04:37:01.473+0000] {dagbag.py:587} INFO - Filling up the DagBag from /home/airflow/.local/lib/python3.12/site-packages/airflow/example_dags/tutorial_taskflow_api.py
[2026-08-12T04:37:01.483+0000] {processor.py:925} INFO - DAG(s) 'tutorial_taskflow_api' retrieved from /home/airflow/.local/lib/python3.12/site-packages/airflow/example_dags/tutorial_taskflow_api.py
[2026-08-12T04:37:01.509+0000] {logging_mixin.py:190} INFO - [2026-08-12T04:37:01.509+0000] {dag.py:3211} INFO - Sync 1 DAGs
[2026-08-12T04:37:01.527+0000] {logging_mixin.py:190} INFO - [2026-08-12T04:37:01.527+0000] {dag.py:4138} INFO - Setting next_dagrun for tutorial_taskflow_api to None, run_after=None
[2026-08-12T04:37:01.551+0000] {processor.py:208} INFO - Processing /home/airflow/.local/lib/python3.12/site-packages/airflow/example_dags/tutorial_taskflow_api.py took 0.090 seconds
[2026-08-12T04:37:31.745+0000] {processor.py:186} INFO - Started process (PID=658) to work on /home/airflow/.local/lib/python3.12/site-packages/airflow/example_dags/tutorial_taskflow_api.py
[2026-08-12T04:37:31.747+0000] {processor.py:914} INFO - Processing file /home/airflow/.local/lib/python3.12/site-packages/airflow/example_dags/tutorial_taskflow_api.py for tasks to queue
[2026-08-12T04:37:31.752+0000] {logging_mixin.py:190} INFO - [2026-08-12T04:37:31.751+0000] {dagbag.py:587} INFO - Filling up the DagBag from /home/airflow/.local/lib/python3.12/site-packages/airflow/example_dags/tutorial_taskflow_api.py
[2026-08-12T04:37:31.766+0000] {processor.py:925} INFO - DAG(s) 'tutorial_taskflow_api' retrieved from /home/airflow/.local/lib/python3.12/site-packages/airflow/example_dags/tutorial_taskflow_api.py
[2026-08-12T04:37:31.792+0000] {logging_mixin.py:190} INFO - [2026-08-12T04:37:31.792+0000] {dag.py:3211} INFO - Sync 1 DAGs
[2026-08-12T04:37:31.808+0000] {logging_mixin.py:190} INFO - [2026-08-12T04:37:31.808+0000] {dag.py:4138} INFO - Setting next_dagrun for tutorial_taskflow_api to None, run_after=None
[2026-08-12T04:37:31.829+0000] {processor.py:208} INFO - Processing /home/airflow/.local/lib/python3.12/site-packages/airflow/example_dags/tutorial_taskflow_api.py took 0.096 seconds
[2026-08-12T04:38:02.604+0000] {processor.py:186} INFO - Started process (PID=720) to work on /home/airflow/.local/lib/python3.12/site-packages/airflow/example_dags/tutorial_taskflow_api.py
[2026-08-12T04:38:02.607+0000] {processor.py:914} INFO - Processing file /home/airflow/.local/lib/python3.12/site-packages/airflow/example_dags/tutorial_taskflow_api.py for tasks to queue
[2026-08-12T04:38:02.611+0000] {logging_mixin.py:190} INFO - [2026-08-12T04:38:02.611+0000] {dagbag.py:587} INFO - Filling up the DagBag from /home/airflow/.local/lib/python3.12/site-packages/airflow/example_dags/tutorial_taskflow_api.py
[2026-08-12T04:38:02.621+0000] {processor.py:925} INFO - DAG(s) 'tutorial_taskflow_api' retrieved from /home/airflow/.local/lib/python3.12/site-packages/airflow/example_dags/tutorial_taskflow_api.py
[2026-08-12T04:38:02.643+0000] {logging_mixin.py:190} INFO - [2026-08-12T04:38:02.642+0000] {dag.py:3211} INFO - Sync 1 DAGs
[2026-08-12T04:38:02.657+0000] {logging_mixin.py:190} INFO - [2026-08-12T04:38:02.657+0000] {dag.py:4138} INFO - Setting next_dagrun for tutorial_taskflow_api to None, run_after=None
[2026-08-12T04:38:02.677+0000] {processor.py:208} INFO - Processing /home/airflow/.local/lib/python3.12/site-packages/airflow/example_dags/tutorial_taskflow_api.py took 0.082 seconds
[2026-08-12T04:38:33.366+0000] {processor.py:186} INFO - Started process (PID=782) to work on /home/airflow/.local/lib/python3.12/site-packages/airflow/example_dags/tutorial_taskflow_api.py
[2026-08-12T04:38:33.368+0000] {processor.py:914} INFO - Processing file /home/airflow/.local/lib/python3.12/site-packages/airflow/example_dags/tutorial_taskflow_api.py for tasks to queue
[2026-08-12T04:38:33.371+0000] {logging_mixin.py:190} INFO - [2026-08-12T04:38:33.371+0000] {dagbag.py:587} INFO - Filling up the DagBag from /home/airflow/.local/lib/python3.12/site-packages/airflow/example_dags/tutorial_taskflow_api.py
[2026-08-12T04:38:33.380+0000] {processor.py:925} INFO - DAG(s) 'tutorial_taskflow_api' retrieved from /home/airflow/.local/lib/python3.12/site-packages/airflow/example_dags/tutorial_taskflow_api.py
[2026-08-12T04:38:33.402+0000] {logging_mixin.py:190} INFO - [2026-08-12T04:38:33.402+0000] {dag.py:3211} INFO - Sync 1 DAGs
[2026-08-12T04:38:33.417+0000] {logging_mixin.py:190} INFO - [2026-08-12T04:38:33.417+0000] {dag.py:4138} INFO - Setting next_dagrun for tutorial_taskflow_api to None, run_after=None
[2026-08-12T04:38:33.437+0000] {processor.py:208} INFO - Processing /home/airflow/.local/lib/python3.12/site-packages/airflow/example_dags/tutorial_taskflow_api.py took 0.077 seconds
[2026-08-12T04:39:03.714+0000] {processor.py:186} INFO - Started process (PID=844) to work on /home/airflow/.local/lib/python3.12/site-packages/airflow/example_dags/tutorial_taskflow_api.py
[2026-08-12T04:39:03.716+0000] {processor.py:914} INFO - Processing file /home/airflow/.local/lib/python3.12/site-packages/airflow/example_dags/tutorial_taskflow_api.py for tasks to queue
[2026-08-12T04:39:03.721+0000] {logging_mixin.py:190} INFO - [2026-08-12T04:39:03.720+0000] {dagbag.py:587} INFO - Filling up the DagBag from /home/airflow/.local/lib/python3.12/site-packages/airflow/example_dags/tutorial_taskflow_api.py
[2026-08-12T04:39:03.731+0000] {processor.py:925} INFO - DAG(s) 'tutorial_taskflow_api' retrieved from /home/airflow/.local/lib/python3.12/site-packages/airflow/example_dags/tutorial_taskflow_api.py
[2026-08-12T04:39:03.762+0000] {logging_mixin.py:190} INFO - [2026-08-12T04:39:03.761+0000] {dag.py:3211} INFO - Sync 1 DAGs
[2026-08-12T04:39:03.777+0000] {logging_mixin.py:190} INFO - [2026-08-12T04:39:03.776+0000] {dag.py:4138} INFO - Setting next_dagrun for tutorial_taskflow_api to None, run_after=None
[2026-08-12T04:39:03.794+0000] {processor.py:208} INFO - Processing /home/airflow/.local/lib/python3.12/site-packages/airflow/example_dags/tutorial_taskflow_api.py took 0.098 seconds
[2026-08-12T04:39:34.066+0000] {processor.py:186} INFO - Started process (PID=906) to work on /home/airflow/.local/lib/python3.12/site-packages/airflow/example_dags/tutorial_taskflow_api.py
[2026-08-12T04:39:34.068+0000] {processor.py:914} INFO - Processing file /home/airflow/.local/lib/python3.12/site-packages/airflow/example_dags/tutorial_taskflow_api.py for tasks to queue
[2026-08-12T04:39:34.072+0000] {logging_mixin.py:190} INFO - [2026-08-12T04:39:34.072+0000] {dagbag.py:587} INFO - Filling up the DagBag from /home/airflow/.local/lib/python3.12/site-packages/airflow/example_dags/tutorial_taskflow_api.py
[2026-08-12T04:39:34.085+0000] {processor.py:925} INFO - DAG(s) 'tutorial_taskflow_api' retrieved from /home/airflow/.local/lib/python3.12/site-packages/airflow/example_dags/tutorial_taskflow_api.py
[2026-08-12T04:39:34.109+0000] {logging_mixin.py:190} INFO - [2026-08-12T04:39:34.109+0000] {dag.py:3211} INFO - Sync 1 DAGs
[2026-08-12T04:39:34.127+0000] {logging_mixin.py:190} INFO - [2026-08-12T04:39:34.126+0000] {dag.py:4138} INFO - Setting next_dagrun for tutorial_taskflow_api to None, run_after=None
[2026-08-12T04:39:34.148+0000] {processor.py:208} INFO - Processing /home/airflow/.local/lib/python3.12/site-packages/airflow/example_dags/tutorial_taskflow_api.py took 0.089 seconds
[2026-08-12T04:40:04.449+0000] {processor.py:186} INFO - Started process (PID=968) to work on /home/airflow/.local/lib/python3.12/site-packages/airflow/example_dags/tutorial_taskflow_api.py
[2026-08-12T04:40:04.451+0000] {processor.py:914} INFO - Processing file /home/airflow/.local/lib/python3.12/site-packages/airflow/example_dags/tutorial_taskflow_api.py for tasks to queue
[2026-08-12T04:40:04.469+0000] {logging_mixin.py:190} INFO - [2026-08-12T04:40:04.468+0000] {dagbag.py:587} INFO - Filling up the DagBag from /home/airflow/.local/lib/python3.12/site-packages/airflow/example_dags/tutorial_taskflow_api.py
[2026-08-12T04:40:04.481+0000] {processor.py:925} INFO - DAG(s) 'tutorial_taskflow_api' retrieved from /home/airflow/.local/lib/python3.12/site-packages/airflow/example_dags/tutorial_taskflow_api.py
[2026-08-12T04:40:04.505+0000] {logging_mixin.py:190} INFO - [2026-08-12T04:40:04.504+0000] {dag.py:3211} INFO - Sync 1 DAGs
[2026-08-12T04:40:04.525+0000] {logging_mixin.py:190} INFO - [2026-08-12T04:40:04.524+0000] {dag.py:4138} INFO - Setting next_dagrun for tutorial_taskflow_api to None, run_after=None
[2026-08-12T04:40:04.547+0000] {processor.py:208} INFO - Processing /home/airflow/.local/lib/python3.12/site-packages/airflow/example_dags/tutorial_taskflow_api.py took 0.104 seconds
[2026-08-12T04:40:35.423+0000] {processor.py:186} INFO - Started process (PID=1030) to work on /home/airflow/.local/lib/python3.12/site-packages/airflow/example_dags/tutorial_taskflow_api.py
[2026-08-12T04:40:35.425+0000] {processor.py:914} INFO - Processing file /home/airflow/.local/lib/python3.12/site-packages/airflow/example_dags/tutorial_taskflow_api.py for tasks to queue
[2026-08-12T04:40:35.428+0000] {logging_mixin.py:190} INFO - [2026-08-12T04:40:35.428+0000] {dagbag.py:587} INFO - Filling up the DagBag from /home/airflow/.local/lib/python3.12/site-packages/airflow/example_dags/tutorial_taskflow_api.py
[2026-08-12T04:40:35.451+0000] {processor.py:925} INFO - DAG(s) 'tutorial_taskflow_api' retrieved from /home/airflow/.local/lib/python3.12/site-packages/airflow/example_dags/tutorial_taskflow_api.py
[2026-08-12T04:40:35.484+0000] {logging_mixin.py:190} INFO - [2026-08-12T04:40:35.484+0000] {dag.py:3211} INFO - Sync 1 DAGs
[2026-08-12T04:40:35.500+0000] {logging_mixin.py:190} INFO - [2026-08-12T04:40:35.499+0000] {dag.py:4138} INFO - Setting next_dagrun for tutorial_taskflow_api to None, run_after=None
[2026-08-12T04:40:35.523+0000] {processor.py:208} INFO - Processing /home/airflow/.local/lib/python3.12/site-packages/airflow/example_dags/tutorial_taskflow_api.py took 0.106 seconds
[2026-08-12T04:41:05.965+0000] {processor.py:186} INFO - Started process (PID=1092) to work on /home/airflow/.local/lib/python3.12/site-packages/airflow/example_dags/tutorial_taskflow_api.py
[2026-08-12T04:41:05.967+0000] {processor.py:914} INFO - Processing file /home/airflow/.local/lib/python3.12/site-packages/airflow/example_dags/tutorial_taskflow_api.py for tasks to queue
[2026-08-12T04:41:05.972+0000] {logging_mixin.py:190} INFO - [2026-08-12T04:41:05.971+0000] {dagbag.py:587} INFO - Filling up the DagBag from /home/airflow/.local/lib/python3.12/site-packages/airflow/example_dags/tutorial_taskflow_api.py
[2026-08-12T04:41:05.987+0000] {processor.py:925} INFO - DAG(s) 'tutorial_taskflow_api' retrieved from /home/airflow/.local/lib/python3.12/site-packages/airflow/example_dags/tutorial_taskflow_api.py
[2026-08-12T04:41:06.013+0000] {logging_mixin.py:190} INFO - [2026-08-12T04:41:06.012+0000] {dag.py:3211} INFO - Sync 1 DAGs
[2026-08-12T04:41:06.030+0000] {logging_mixin.py:190} INFO - [2026-08-12T04:41:06.030+0000] {dag.py:4138} INFO - Setting next_dagrun for tutorial_taskflow_api to None, run_after=None
[2026-08-12T04:41:06.051+0000] {processor.py:208} INFO - Processing /home/airflow/.local/lib/python3.12/site-packages/airflow/example_dags/tutorial_taskflow_api.py took 0.095 seconds
[2026-08-12T04:41:36.562+0000] {processor.py:186} INFO - Started process (PID=1154) to work on /home/airflow/.local/lib/python3.12/site-packages/airflow/example_dags/tutorial_taskflow_api.py
[2026-08-12T04:41:36.564+0000] {processor.py:914} INFO - Processing file /home/airflow/.local/lib/python3.12/site-packages/airflow/example_dags/tutorial_taskflow_api.py for tasks to queue
[2026-08-12T04:41:36.566+0000] {logging_mixin.py:190} INFO - [2026-08-12T04:41:36.566+0000] {dagbag.py:587} INFO - Filling up the DagBag from /home/airflow/.local/lib/python3.12/site-packages/airflow/example_dags/tutorial_taskflow_api.py
[2026-08-12T04:41:36.586+0000] {processor.py:925} INFO - DAG(s) 'tutorial_taskflow_api' retrieved from /home/airflow/.local/lib/python3.12/site-packages/airflow/example_dags/tutorial_taskflow_api.py
[2026-08-12T04:41:36.607+0000] {logging_mixin.py:190} INFO - [2026-08-12T04:41:36.607+0000] {dag.py:3211} INFO - Sync 1 DAGs
[2026-08-12T04:41:36.622+0000] {logging_mixin.py:190} INFO - [2026-08-12T04:41:36.621+0000] {dag.py:4138} INFO - Setting next_dagrun for tutorial_taskflow_api to None, run_after=None
[2026-08-12T04:41:36.643+0000] {processor.py:208} INFO - Processing /home/airflow/.local/lib/python3.12/site-packages/airflow/example_dags/tutorial_taskflow_api.py took 0.086 seconds
[2026-08-12T04:42:07.209+0000] {processor.py:186} INFO - Started process (PID=1216) to work on /home/airflow/.local/lib/python3.12/site-packages/airflow/example_dags/tutorial_taskflow_api.py
[2026-08-12T04:42:07.211+0000] {processor.py:914} INFO - Processing file /home/airflow/.local/lib/python3.12/site-packages/airflow/example_dags/tutorial_taskflow_api.py for tasks to queue
[2026-08-12T04:42:07.214+0000] {logging_mixin.py:190} INFO - [2026-08-12T04:42:07.214+0000] {dagbag.py:587} INFO - Filling up the DagBag from /home/airflow/.local/lib/python3.12/site-packages/airflow/example_dags/tutorial_taskflow_api.py
[2026-08-12T04:42:07.224+0000] {processor.py:925} INFO - DAG(s) 'tutorial_taskflow_api' retrieved from /home/airflow/.local/lib/python3.12/site-packages/airflow/example_dags/tutorial_taskflow_api.py
[2026-08-12T04:42:07.247+0000] {logging_mixin.py:190} INFO - [2026-08-12T04:42:07.246+0000] {dag.py:3211} INFO - Sync 1 DAGs
[2026-08-12T04:42:07.269+0000] {logging_mixin.py:190} INFO - [2026-08-12T04:42:07.269+0000] {dag.py:4138} INFO - Setting next_dagrun for tutorial_taskflow_api to None, run_after=None
[2026-08-12T04:42:07.297+0000] {processor.py:208} INFO - Processing /home/airflow/.local/lib/python3.12/site-packages/airflow/example_dags/tutorial_taskflow_api.py took 0.093 seconds
[2026-08-12T04:42:37.784+0000] {processor.py:186} INFO - Started process (PID=1278) to work on /home/airflow/.local/lib/python3.12/site-packages/airflow/example_dags/tutorial_taskflow_api.py
[2026-08-12T04:42:37.786+0000] {processor.py:914} INFO - Processing file /home/airflow/.local/lib/python3.12/site-packages/airflow/example_dags/tutorial_taskflow_api.py for tasks to queue
[2026-08-12T04:42:37.789+0000] {logging_mixin.py:190} INFO - [2026-08-12T04:42:37.788+0000] {dagbag.py:587} INFO - Filling up the DagBag from /home/airflow/.local/lib/python3.12/site-packages/airflow/example_dags/tutorial_taskflow_api.py
[2026-08-12T04:42:37.797+0000] {processor.py:925} INFO - DAG(s) 'tutorial_taskflow_api' retrieved from /home/airflow/.local/lib/python3.12/site-packages/airflow/example_dags/tutorial_taskflow_api.py
[2026-08-12T04:42:37.817+0000] {logging_mixin.py:190} INFO - [2026-08-12T04:42:37.816+0000] {dag.py:3211} INFO - Sync 1 DAGs
[2026-08-12T04:42:37.830+0000] {logging_mixin.py:190} INFO - [2026-08-12T04:42:37.830+0000] {dag.py:4138} INFO - Setting next_dagrun for tutorial_taskflow_api to None, run_after=None
[2026-08-12T04:42:37.848+0000] {processor.py:208} INFO - Processing /home/airflow/.local/lib/python3.12/site-packages/airflow/example_dags/tutorial_taskflow_api.py took 0.069 seconds
[2026-08-12T04:43:08.524+0000] {processor.py:186} INFO - Started process (PID=1340) to work on /home/airflow/.local/lib/python3.12/site-packages/airflow/example_dags/tutorial_taskflow_api.py
[2026-08-12T04:43:08.525+0000] {processor.py:914} INFO - Processing file /home/airflow/.local/lib/python3.12/site-packages/airflow/example_dags/tutorial_taskflow_api.py for tasks to queue
[2026-08-12T04:43:08.528+0000] {logging_mixin.py:190} INFO - [2026-08-12T04:43:08.528+0000] {dagbag.py:587} INFO - Filling up the DagBag from /home/airflow/.local/lib/python3.12/site-packages/airflow/example_dags/tutorial_taskflow_api.py
[2026-08-12T04:43:08.536+0000] {processor.py:925} INFO - DAG(s) 'tutorial_taskflow_api' retrieved from /home/airflow/.local/lib/python3.12/site-packages/airflow/example_dags/tutorial_taskflow_api.py
[2026-08-12T04:43:08.556+0000] {logging_mixin.py:190} INFO - [2026-08-12T04:43:08.556+0000] {dag.py:3211} INFO - Sync 1 DAGs
[2026-08-12T04:43:08.576+0000] {logging_mixin.py:190} INFO - [2026-08-12T04:43:08.575+0000] {dag.py:4138} INFO - Setting next_dagrun for tutorial_taskflow_api to None, run_after=None
[2026-08-12T04:43:08.598+0000] {processor.py:208} INFO - Processing /home/airflow/.local/lib/python3.12/site-packages/airflow/example_dags/tutorial_taskflow_api.py took 0.080 seconds
[2026-08-12T04:43:39.659+0000] {processor.py:186} INFO - Started process (PID=1402) to work on /home/airflow/.local/lib/python3.12/site-packages/airflow/example_dags/tutorial_taskflow_api.py
[2026-08-12T04:43:39.662+0000] {processor.py:914} INFO - Processing file /home/airflow/.local/lib/python3.12/site-packages/airflow/example_dags/tutorial_taskflow_api.py for tasks to queue
[2026-08-12T04:43:39.666+0000] {logging_mixin.py:190} INFO - [2026-08-12T04:43:39.666+0000] {dagbag.py:587} INFO - Filling up the DagBag from /home/airflow/.local/lib/python3.12/site-packages/airflow/example_dags/tutorial_taskflow_api.py
[2026-08-12T04:43:39.685+0000] {processor.py:925} INFO - DAG(s) 'tutorial_taskflow_api' retrieved from /home/airflow/.local/lib/python3.12/site-packages/airflow/example_dags/tutorial_taskflow_api.py
[2026-08-12T04:43:39.714+0000] {logging_mixin.py:190} INFO - [2026-08-12T04:43:39.714+0000] {dag.py:3211} INFO - Sync 1 DAGs
[2026-08-12T04:43:39.732+0000] {logging_mixin.py:190} INFO - [2026-08-12T04:43:39.732+0000] {dag.py:4138} INFO - Setting next_dagrun for tutorial_taskflow_api to None, run_after=None
[2026-08-12T04:43:39.761+0000] {processor.py:208} INFO - Processing /home/airflow/.local/lib/python3.12/site-packages/airflow/example_dags/tutorial_taskflow_api.py took 0.112 seconds
[2026-08-12T04:44:10.399+0000] {processor.py:186} INFO - Started process (PID=1464) to work on /home/airflow/.local/lib/python3.12/site-packages/airflow/example_dags/tutorial_taskflow_api.py
[2026-08-12T04:44:10.401+0000] {processor.py:914} INFO - Processing file /home/airflow/.local/lib/python3.12/site-packages/airflow/example_dags/tutorial_taskflow_api.py for tasks to queue
[2026-08-12T04:44:10.404+0000] {logging_mixin.py:190} INFO - [2026-08-12T04:44:10.404+0000] {dagbag.py:587} INFO - Filling up the DagBag from /home/airflow/.local/lib/python3.12/site-packages/airflow/example_dags/tutorial_taskflow_api.py
[2026-08-12T04:44:10.413+0000] {processor.py:925} INFO - DAG(s) 'tutorial_taskflow_api' retrieved from /home/airflow/.local/lib/python3.12/site-packages/airflow/example_dags/tutorial_taskflow_api.py
[2026-08-12T04:44:10.433+0000] {logging_mixin.py:190} INFO - [2026-08-12T04:44:10.432+0000] {dag.py:3211} INFO - Sync 1 DAGs
[2026-08-12T04:44:10.447+0000] {logging_mixin.py:190} INFO - [2026-08-12T04:44:10.447+0000] {dag.py:4138} INFO - Setting next_dagrun for tutorial_taskflow_api to None, run_after=None
[2026-08-12T04:44:10.466+0000] {processor.py:208} INFO - Processing /home/airflow/.local/lib/python3.12/site-packages/airflow/example_dags/tutorial_taskflow_api.py took 0.073 seconds
[2026-08-12T04:44:41.143+0000] {processor.py:186} INFO - Started process (PID=1526) to work on /home/airflow/.local/lib/python3.12/site-packages/airflow/example_dags/tutorial_taskflow_api.py
[2026-08-12T04:44:41.145+0000] {processor.py:914} INFO - Processing file /home/airflow/.local/lib/python3.12/site-packages/airflow/example_dags/tutorial_taskflow_api.py for tasks to queue
[2026-08-12T04:44:41.149+0000] {logging_mixin.py:190} INFO - [2026-08-12T04:44:41.149+0000] {dagbag.py:587} INFO - Filling up the DagBag from /home/airflow/.local/lib/python3.12/site-packages/airflow/example_dags/tutorial_taskflow_api.py
[2026-08-12T04:44:41.159+0000] {processor.py:925} INFO - DAG(s) 'tutorial_taskflow_api' retrieved from /home/airflow/.local/lib/python3.12/site-packages/airflow/example_dags/tutorial_taskflow_api.py
[2026-08-12T04:44:41.183+0000] {logging_mixin.py:190} INFO - [2026-08-12T04:44:41.183+0000] {dag.py:3211} INFO - Sync 1 DAGs
[2026-08-12T04:44:41.200+0000] {logging_mixin.py:190} INFO - [2026-08-12T04:44:41.199+0000] {dag.py:4138} INFO - Setting next_dagrun for tutorial_taskflow_api to None, run_after=None
[2026-08-12T04:44:41.223+0000] {processor.py:208} INFO - Processing /home/airflow/.local/lib/python3.12/site-packages/airflow/example_dags/tutorial_taskflow_api.py took 0.088 seconds
[2026-08-12T04:45:11.870+0000] {processor.py:186} INFO - Started process (PID=1588) to work on /home/airflow/.local/lib/python3.12/site-packages/airflow/example_dags/tutorial_taskflow_api.py
[2026-08-12T04:45:11.872+0000] {processor.py:914} INFO - Processing file /home/airflow/.local/lib/python3.12/site-packages/airflow/example_dags/tutorial_taskflow_api.py for tasks to queue
[2026-08-12T04:45:11.875+0000] {logging_mixin.py:190} INFO - [2026-08-12T04:45:11.874+0000] {dagbag.py:587} INFO - Filling up the DagBag from /home/airflow/.local/lib/python3.12/site-packages/airflow/example_dags/tutorial_taskflow_api.py
[2026-08-12T04:45:11.883+0000] {processor.py:925} INFO - DAG(s) 'tutorial_taskflow_api' retrieved from /home/airflow/.local/lib/python3.12/site-packages/airflow/example_dags/tutorial_taskflow_api.py
[2026-08-12T04:45:11.903+0000] {logging_mixin.py:190} INFO - [2026-08-12T04:45:11.903+0000] {dag.py:3211} INFO - Sync 1 DAGs
[2026-08-12T04:45:11.919+0000] {logging_mixin.py:190} INFO - [2026-08-12T04:45:11.919+0000] {dag.py:4138} INFO - Setting next_dagrun for tutorial_taskflow_api to None, run_after=None
[2026-08-12T04:45:11.941+0000] {processor.py:208} INFO - Processing /home/airflow/.local/lib/python3.12/site-packages/airflow/example_dags/tutorial_taskflow_api.py took 0.077 seconds
[2026-08-12T04:45:42.263+0000] {processor.py:186} INFO - Started process (PID=1650) to work on /home/airflow/.local/lib/python3.12/site-packages/airflow/example_dags/tutorial_taskflow_api.py
[2026-08-12T04:45:42.265+0000] {processor.py:914} INFO - Processing file /home/airflow/.local/lib/python3.12/site-packages/airflow/example_dags/tutorial_taskflow_api.py for tasks to queue
[2026-08-12T04:45:42.268+0000] {logging_mixin.py:190} INFO - [2026-08-12T04:45:42.267+0000] {dagbag.py:587} INFO - Filling up the DagBag from /home/airflow/.local/lib/python3.12/site-packages/airflow/example_dags/tutorial_taskflow_api.py
[2026-08-12T04:45:42.277+0000] {processor.py:925} INFO - DAG(s) 'tutorial_taskflow_api' retrieved from /home/airflow/.local/lib/python3.12/site-packages/airflow/example_dags/tutorial_taskflow_api.py
[2026-08-12T04:45:42.299+0000] {logging_mixin.py:190} INFO - [2026-08-12T04:45:42.299+0000] {dag.py:3211} INFO - Sync 1 DAGs
[2026-08-12T04:45:42.314+0000] {logging_mixin.py:190} INFO - [2026-08-12T04:45:42.314+0000] {dag.py:4138} INFO - Setting next_dagrun for tutorial_taskflow_api to None, run_after=None
[2026-08-12T04:45:42.358+0000] {processor.py:208} INFO - Processing /home/airflow/.local/lib/python3.12/site-packages/airflow/example_dags/tutorial_taskflow_api.py took 0.100 seconds
[2026-08-12T04:46:12.840+0000] {processor.py:186} INFO - Started process (PID=1712) to work on /home/airflow/.local/lib/python3.12/site-packages/airflow/example_dags/tutorial_taskflow_api.py
[2026-08-12T04:46:12.842+0000] {processor.py:914} INFO - Processing file /home/airflow/.local/lib/python3.12/site-packages/airflow/example_dags/tutorial_taskflow_api.py for tasks to queue
[2026-08-12T04:46:12.846+0000] {logging_mixin.py:190} INFO - [2026-08-12T04:46:12.846+0000] {dagbag.py:587} INFO - Filling up the DagBag from /home/airflow/.local/lib/python3.12/site-packages/airflow/example_dags/tutorial_taskflow_api.py
[2026-08-12T04:46:12.854+0000] {processor.py:925} INFO - DAG(s) 'tutorial_taskflow_api' retrieved from /home/airflow/.local/lib/python3.12/site-packages/airflow/example_dags/tutorial_taskflow_api.py
[2026-08-12T04:46:12.874+0000] {logging_mixin.py:190} INFO - [2026-08-12T04:46:12.874+0000] {dag.py:3211} INFO - Sync 1 DAGs
[2026-08-12T04:46:12.887+0000] {logging_mixin.py:190} INFO - [2026-08-12T04:46:12.887+0000] {dag.py:4138} INFO - Setting next_dagrun for tutorial_taskflow_api to None, run_after=None
[2026-08-12T04:46:12.905+0000] {processor.py:208} INFO - Processing /home/airflow/.local/lib/python3.12/site-packages/airflow/example_dags/tutorial_taskflow_api.py took 0.070 seconds
[2026-08-12T04:46:43.338+0000] {processor.py:186} INFO - Started process (PID=1774) to work on /home/airflow/.local/lib/python3.12/site-packages/airflow/example_dags/tutorial_taskflow_api.py
[2026-08-12T04:46:43.340+0000] {processor.py:914} INFO - Processing file /home/airflow/.local/lib/python3.12/site-packages/airflow/example_dags/tutorial_taskflow_api.py for tasks to queue
[2026-08-12T04:46:43.343+0000] {logging_mixin.py:190} INFO - [2026-08-12T04:46:43.343+0000] {dagbag.py:587} INFO - Filling up the DagBag from /home/airflow/.local/lib/python3.12/site-packages/airflow/example_dags/tutorial_taskflow_api.py
[2026-08-12T04:46:43.354+0000] {processor.py:925} INFO - DAG(s) 'tutorial_taskflow_api' retrieved from /home/airflow/.local/lib/python3.12/site-packages/airflow/example_dags/tutorial_taskflow_api.py
[2026-08-12T04:46:43.380+0000] {logging_mixin.py:190} INFO - [2026-08-12T04:46:43.380+0000] {dag.py:3211} INFO - Sync 1 DAGs
[2026-08-12T04:46:43.400+0000] {logging_mixin.py:190} INFO - [2026-08-12T04:46:43.400+0000] {dag.py:4138} INFO - Setting next_dagrun for tutorial_taskflow_api to None, run_after=None
[2026-08-12T04:46:43.424+0000] {processor.py:208} INFO - Processing /home/airflow/.local/lib/python3.12/site-packages/airflow/example_dags/tutorial_taskflow_api.py took 0.092 seconds
[2026-08-12T04:47:13.719+0000] {processor.py:186} INFO - Started process (PID=1836) to work on /home/airflow/.local/lib/python3.12/site-packages/airflow/example_dags/tutorial_taskflow_api.py
[2026-08-12T04:47:13.721+0000] {processor.py:914} INFO - Processing file /home/airflow/.local/lib/python3.12/site-packages/airflow/example_dags/tutorial_taskflow_api.py for tasks to queue
[2026-08-12T04:47:13.725+0000] {logging_mixin.py:190} INFO - [2026-08-12T04:47:13.725+0000] {dagbag.py:587} INFO - Filling up the DagBag from /home/airflow/.local/lib/python3.12/site-packages/airflow/example_dags/tutorial_taskflow_api.py
[2026-08-12T04:47:13.735+0000] {processor.py:925} INFO - DAG(s) 'tutorial_taskflow_api' retrieved from /home/airflow/.local/lib/python3.12/site-packages/airflow/example_dags/tutorial_taskflow_api.py
[2026-08-12T04:47:13.764+0000] {logging_mixin.py:190} INFO - [2026-08-12T04:47:13.764+0000] {dag.py:3211} INFO - Sync 1 DAGs
[2026-08-12T04:47:13.782+0000] {logging_mixin.py:190} INFO - [2026-08-12T04:47:13.781+0000] {dag.py:4138} INFO - Setting next_dagrun for tutorial_taskflow_api to None, run_after=None
[2026-08-12T04:47:13.804+0000] {processor.py:208} INFO - Processing /home/airflow/.local/lib/python3.12/site-packages/airflow/example_dags/tutorial_taskflow_api.py took 0.090 seconds
[2026-08-12T04:47:44.296+0000] {processor.py:186} INFO - Started process (PID=1898) to work on /home/airflow/.local/lib/python3.12/site-packages/airflow/example_dags/tutorial_taskflow_api.py
[2026-08-12T04:47:44.298+0000] {processor.py:914} INFO - Processing file /home/airflow/.local/lib/python3.12/site-packages/airflow/example_dags/tutorial_taskflow_api.py for tasks to queue
[2026-08-12T04:47:44.301+0000] {logging_mixin.py:190} INFO - [2026-08-12T04:47:44.301+0000] {dagbag.py:587} INFO - Filling up the DagBag from /home/airflow/.local/lib/python3.12/site-packages/airflow/example_dags/tutorial_taskflow_api.py
[2026-08-12T04:47:44.312+0000] {processor.py:925} INFO - DAG(s) 'tutorial_taskflow_api' retrieved from /home/airflow/.local/lib/python3.12/site-packages/airflow/example_dags/tutorial_taskflow_api.py
[2026-08-12T04:47:44.334+0000] {logging_mixin.py:190} INFO - [2026-08-12T04:47:44.333+0000] {dag.py:3211} INFO - Sync 1 DAGs
[2026-08-12T04:47:44.350+0000] {logging_mixin.py:190} INFO - [2026-08-12T04:47:44.350+0000] {dag.py:4138} INFO - Setting next_dagrun for tutorial_taskflow_api to None, run_after=None
[2026-08-12T04:47:44.374+0000] {processor.py:208} INFO - Processing /home/airflow/.local/lib/python3.12/site-packages/airflow/example_dags/tutorial_taskflow_api.py took 0.084 seconds
[2026-08-12T04:48:15.130+0000] {processor.py:186} INFO - Started process (PID=1960) to work on /home/airflow/.local/lib/python3.12/site-packages/airflow/example_dags/tutorial_taskflow_api.py
[2026-08-12T04:48:15.132+0000] {processor.py:914} INFO - Processing file /home/airflow/.local/lib/python3.12/site-packages/airflow/example_dags/tutorial_taskflow_api.py for tasks to queue
[2026-08-12T04:48:15.135+0000] {logging_mixin.py:190} INFO - [2026-08-12T04:48:15.135+0000] {dagbag.py:587} INFO - Filling up the DagBag from /home/airflow/.local/lib/python3.12/site-packages/airflow/example_dags/tutorial_taskflow_api.py
[2026-08-12T04:48:15.146+0000] {processor.py:925} INFO - DAG(s) 'tutorial_taskflow_api' retrieved from /home/airflow/.local/lib/python3.12/site-packages/airflow/example_dags/tutorial_taskflow_api.py
[2026-08-12T04:48:15.169+0000] {logging_mixin.py:190} INFO - [2026-08-12T04:48:15.169+0000] {dag.py:3211} INFO - Sync 1 DAGs
[2026-08-12T04:48:15.185+0000] {logging_mixin.py:190} INFO - [2026-08-12T04:48:15.185+0000] {dag.py:4138} INFO - Setting next_dagrun for tutorial_taskflow_api to None, run_after=None
[2026-08-12T04:48:15.206+0000] {processor.py:208} INFO - Processing /home/airflow/.local/lib/python3.12/site-packages/airflow/example_dags/tutorial_taskflow_api.py took 0.083 seconds
[2026-08-12T04:48:46.070+0000] {processor.py:186} INFO - Started process (PID=2022) to work on /home/airflow/.local/lib/python3.12/site-packages/airflow/example_dags/tutorial_taskflow_api.py
[2026-08-12T04:48:46.072+0000] {processor.py:914} INFO - Processing file /home/airflow/.local/lib/python3.12/site-packages/airflow/example_dags/tutorial_taskflow_api.py for tasks to queue
[2026-08-12T04:48:46.075+0000] {logging_mixin.py:190} INFO - [2026-08-12T04:48:46.075+0000] {dagbag.py:587} INFO - Filling up the DagBag from /home/airflow/.local/lib/python3.12/site-packages/airflow/example_dags/tutorial_taskflow_api.py
[2026-08-12T04:48:46.086+0000] {processor.py:925} INFO - DAG(s) 'tutorial_taskflow_api' retrieved from /home/airflow/.local/lib/python3.12/site-packages/airflow/example_dags/tutorial_taskflow_api.py
[2026-08-12T04:48:46.107+0000] {logging_mixin.py:190} INFO - [2026-08-12T04:48:46.106+0000] {dag.py:3211} INFO - Sync 1 DAGs
[2026-08-12T04:48:46.121+0000] {logging_mixin.py:190} INFO - [2026-08-12T04:48:46.121+0000] {dag.py:4138} INFO - Setting next_dagrun for tutorial_taskflow_api to None, run_after=None
[2026-08-12T04:48:46.141+0000] {processor.py:208} INFO - Processing /home/airflow/.local/lib/python3.12/site-packages/airflow/example_dags/tutorial_taskflow_api.py took 0.077 seconds
[2026-08-12T04:49:16.571+0000] {processor.py:186} INFO - Started process (PID=2084) to work on /home/airflow/.local/lib/python3.12/site-packages/airflow/example_dags/tutorial_taskflow_api.py
[2026-08-12T04:49:16.573+0000] {processor.py:914} INFO - Processing file /home/airflow/.local/lib/python3.12/site-packages/airflow/example_dags/tutorial_taskflow_api.py for tasks to queue
[2026-08-12T04:49:16.576+0000] {logging_mixin.py:190} INFO - [2026-08-12T04:49:16.576+0000] {dagbag.py:587} INFO - Filling up the DagBag from /home/airflow/.local/lib/python3.12/site-packages/airflow/example_dags/tutorial_taskflow_api.py
[2026-08-12T04:49:16.585+0000] {processor.py:925} INFO - DAG(s) 'tutorial_taskflow_api' retrieved from /home/airflow/.local/lib/python3.12/site-packages/airflow/example_dags/tutorial_taskflow_api.py
[2026-08-12T04:49:16.608+0000] {logging_mixin.py:190} INFO - [2026-08-12T04:49:16.608+0000] {dag.py:3211} INFO - Sync 1 DAGs
[2026-08-12T04:49:16.624+0000] {logging_mixin.py:190} INFO - [2026-08-12T04:49:16.624+0000] {dag.py:4138} INFO - Setting next_dagrun for tutorial_taskflow_api to None, run_after=None
[2026-08-12T04:49:16.648+0000] {processor.py:208} INFO - Processing /home/airflow/.local/lib/python3.12/site-packages/airflow/example_dags/tutorial_taskflow_api.py took 0.085 seconds
[2026-08-12T04:49:46.818+0000] {processor.py:186} INFO - Started process (PID=2146) to work on /home/airflow/.local/lib/python3.12/site-packages/airflow/example_dags/tutorial_taskflow_api.py
[2026-08-12T04:49:46.820+0000] {processor.py:914} INFO - Processing file /home/airflow/.local/lib/python3.12/site-packages/airflow/example_dags/tutorial_taskflow_api.py for tasks to queue
[2026-08-12T04:49:46.823+0000] {logging_mixin.py:190} INFO - [2026-08-12T04:49:46.822+0000] {dagbag.py:587} INFO - Filling up the DagBag from /home/airflow/.local/lib/python3.12/site-packages/airflow/example_dags/tutorial_taskflow_api.py
[2026-08-12T04:49:46.832+0000] {processor.py:925} INFO - DAG(s) 'tutorial_taskflow_api' retrieved from /home/airflow/.local/lib/python3.12/site-packages/airflow/example_dags/tutorial_taskflow_api.py
[2026-08-12T04:49:46.853+0000] {logging_mixin.py:190} INFO - [2026-08-12T04:49:46.853+0000] {dag.py:3211} INFO - Sync 1 DAGs
[2026-08-12T04:49:46.867+0000] {logging_mixin.py:190} INFO - [2026-08-12T04:49:46.867+0000] {dag.py:4138} INFO - Setting next_dagrun for tutorial_taskflow_api to None, run_after=None
[2026-08-12T04:49:46.891+0000] {processor.py:208} INFO - Processing /home/airflow/.local/lib/python3.12/site-packages/airflow/example_dags/tutorial_taskflow_api.py took 0.078 seconds
[2026-08-12T04:50:17.269+0000] {processor.py:186} INFO - Started process (PID=2208) to work on /home/airflow/.local/lib/python3.12/site-packages/airflow/example_dags/tutorial_taskflow_api.py
[2026-08-12T04:50:17.271+0000] {processor.py:914} INFO - Processing file /home/airflow/.local/lib/python3.12/site-packages/airflow/example_dags/tutorial_taskflow_api.py for tasks to queue
[2026-08-12T04:50:17.274+0000] {logging_mixin.py:190} INFO - [2026-08-12T04:50:17.274+0000] {dagbag.py:587} INFO - Filling up the DagBag from /home/airflow/.local/lib/python3.12/site-packages/airflow/example_dags/tutorial_taskflow_api.py
[2026-08-12T04:50:17.284+0000] {processor.py:925} INFO - DAG(s) 'tutorial_taskflow_api' retrieved from /home/airflow/.local/lib/python3.12/site-packages/airflow/example_dags/tutorial_taskflow_api.py
[2026-08-12T04:50:17.307+0000] {logging_mixin.py:190} INFO - [2026-08-12T04:50:17.307+0000] {dag.py:3211} INFO - Sync 1 DAGs
[2026-08-12T04:50:17.323+0000] {logging_mixin.py:190} INFO - [2026-08-12T04:50:17.322+0000] {dag.py:4138} INFO - Setting next_dagrun for tutorial_taskflow_api to None, run_after=None
[2026-08-12T04:50:17.347+0000] {processor.py:208} INFO - Processing /home/airflow/.local/lib/python3.12/site-packages/airflow/example_dags/tutorial_taskflow_api.py took 0.084 seconds
[2026-08-12T04:50:48.092+0000] {processor.py:186} INFO - Started process (PID=2269) to work on /home/airflow/.local/lib/python3.12/site-packages/airflow/example_dags/tutorial_taskflow_api.py
[2026-08-12T04:50:48.094+0000] {processor.py:914} INFO - Processing file /home/airflow/.local/lib/python3.12/site-packages/airflow/example_dags/tutorial_taskflow_api.py for tasks to queue
[2026-08-12T04:50:48.098+0000] {logging_mixin.py:190} INFO - [2026-08-12T04:50:48.098+0000] {dagbag.py:587} INFO - Filling up the DagBag from /home/airflow/.local/lib/python3.12/site-packages/airflow/example_dags/tutorial_taskflow_api.py
[2026-08-12T04:50:48.110+0000] {processor.py:925} INFO - DAG(s) 'tutorial_taskflow_api' retrieved from /home/airflow/.local/lib/python3.12/site-packages/airflow/example_dags/tutorial_taskflow_api.py
[2026-08-12T04:50:48.138+0000] {logging_mixin.py:190} INFO - [2026-08-12T04:50:48.138+0000] {dag.py:3211} INFO - Sync 1 DAGs
[2026-08-12T04:50:48.159+0000] {logging_mixin.py:190} INFO - [2026-08-12T04:50:48.158+0000] {dag.py:4138} INFO - Setting next_dagrun for tutorial_taskflow_api to None, run_after=None
[2026-08-12T04:50:48.186+0000] {processor.py:208} INFO - Processing /home/airflow/.local/lib/python3.12/site-packages/airflow/example_dags/tutorial_taskflow_api.py took 0.101 seconds
[2026-08-12T04:51:18.855+0000] {processor.py:186} INFO - Started process (PID=2331) to work on /home/airflow/.local/lib/python3.12/site-packages/airflow/example_dags/tutorial_taskflow_api.py
[2026-08-12T04:51:18.857+0000] {processor.py:914} INFO - Processing file /home/airflow/.local/lib/python3.12/site-packages/airflow/example_dags/tutorial_taskflow_api.py for tasks to queue
[2026-08-12T04:51:18.862+0000] {logging_mixin.py:190} INFO - [2026-08-12T04:51:18.861+0000] {dagbag.py:587} INFO - Filling up the DagBag from /home/airflow/.local/lib/python3.12/site-packages/airflow/example_dags/tutorial_taskflow_api.py
[2026-08-12T04:51:18.876+0000] {processor.py:925} INFO - DAG(s) 'tutorial_taskflow_api' retrieved from /home/airflow/.local/lib/python3.12/site-packages/airflow/example_dags/tutorial_taskflow_api.py
[2026-08-12T04:51:18.908+0000] {logging_mixin.py:190} INFO - [2026-08-12T04:51:18.908+0000] {dag.py:3211} INFO - Sync 1 DAGs
[2026-08-12T04:51:18.931+0000] {logging_mixin.py:190} INFO - [2026-08-12T04:51:18.930+0000] {dag.py:4138} INFO - Setting next_dagrun for tutorial_taskflow_api to None, run_after=None
[2026-08-12T04:51:18.958+0000] {processor.py:208} INFO - Processing /home/airflow/.local/lib/python3.12/site-packages/airflow/example_dags/tutorial_taskflow_api.py took 0.111 seconds
[2026-08-12T04:51:49.040+0000] {processor.py:186} INFO - Started process (PID=2393) to work on /home/airflow/.local/lib/python3.12/site-packages/airflow/example_dags/tutorial_taskflow_api.py
[2026-08-12T04:51:49.042+0000] {processor.py:914} INFO - Processing file /home/airflow/.local/lib/python3.12/site-packages/airflow/example_dags/tutorial_taskflow_api.py for tasks to queue
[2026-08-12T04:51:49.045+0000] {logging_mixin.py:190} INFO - [2026-08-12T04:51:49.044+0000] {dagbag.py:587} INFO - Filling up the DagBag from /home/airflow/.local/lib/python3.12/site-packages/airflow/example_dags/tutorial_taskflow_api.py
[2026-08-12T04:51:49.054+0000] {processor.py:925} INFO - DAG(s) 'tutorial_taskflow_api' retrieved from /home/airflow/.local/lib/python3.12/site-packages/airflow/example_dags/tutorial_taskflow_api.py
[2026-08-12T04:51:49.073+0000] {logging_mixin.py:190} INFO - [2026-08-12T04:51:49.073+0000] {dag.py:3211} INFO - Sync 1 DAGs
[2026-08-12T04:51:49.086+0000] {logging_mixin.py:190} INFO - [2026-08-12T04:51:49.086+0000] {dag.py:4138} INFO - Setting next_dagrun for tutorial_taskflow_api to None, run_after=None
[2026-08-12T04:51:49.105+0000] {processor.py:208} INFO - Processing /home/airflow/.local/lib/python3.12/site-packages/airflow/example_dags/tutorial_taskflow_api.py took 0.070 seconds
[2026-08-12T04:52:19.940+0000] {processor.py:186} INFO - Started process (PID=2455) to work on /home/airflow/.local/lib/python3.12/site-packages/airflow/example_dags/tutorial_taskflow_api.py
[2026-08-12T04:52:19.941+0000] {processor.py:914} INFO - Processing file /home/airflow/.local/lib/python3.12/site-packages/airflow/example_dags/tutorial_taskflow_api.py for tasks to queue
[2026-08-12T04:52:19.944+0000] {logging_mixin.py:190} INFO - [2026-08-12T04:52:19.943+0000] {dagbag.py:587} INFO - Filling up the DagBag from /home/airflow/.local/lib/python3.12/site-packages/airflow/example_dags/tutorial_taskflow_api.py
[2026-08-12T04:52:19.951+0000] {processor.py:925} INFO - DAG(s) 'tutorial_taskflow_api' retrieved from /home/airflow/.local/lib/python3.12/site-packages/airflow/example_dags/tutorial_taskflow_api.py
[2026-08-12T04:52:19.970+0000] {logging_mixin.py:190} INFO - [2026-08-12T04:52:19.970+0000] {dag.py:3211} INFO - Sync 1 DAGs
[2026-08-12T04:52:19.984+0000] {logging_mixin.py:190} INFO - [2026-08-12T04:52:19.984+0000] {dag.py:4138} INFO - Setting next_dagrun for tutorial_taskflow_api to None, run_after=None
[2026-08-12T04:52:20.002+0000] {processor.py:208} INFO - Processing /home/airflow/.local/lib/python3.12/site-packages/airflow/example_dags/tutorial_taskflow_api.py took 0.067 seconds
[2026-08-12T04:52:50.151+0000] {processor.py:186} INFO - Started process (PID=2517) to work on /home/airflow/.local/lib/python3.12/site-packages/airflow/example_dags/tutorial_taskflow_api.py
[2026-08-12T04:52:50.152+0000] {processor.py:914} INFO - Processing file /home/airflow/.local/lib/python3.12/site-packages/airflow/example_dags/tutorial_taskflow_api.py for tasks to queue
[2026-08-12T04:52:50.155+0000] {logging_mixin.py:190} INFO - [2026-08-12T04:52:50.155+0000] {dagbag.py:587} INFO - Filling up the DagBag from /home/airflow/.local/lib/python3.12/site-packages/airflow/example_dags/tutorial_taskflow_api.py
[2026-08-12T04:52:50.164+0000] {processor.py:925} INFO - DAG(s) 'tutorial_taskflow_api' retrieved from /home/airflow/.local/lib/python3.12/site-packages/airflow/example_dags/tutorial_taskflow_api.py
[2026-08-12T04:52:50.186+0000] {logging_mixin.py:190} INFO - [2026-08-12T04:52:50.185+0000] {dag.py:3211} INFO - Sync 1 DAGs
[2026-08-12T04:52:50.201+0000] {logging_mixin.py:190} INFO - [2026-08-12T04:52:50.201+0000] {dag.py:4138} INFO - Setting next_dagrun for tutorial_taskflow_api to None, run_after=None
[2026-08-12T04:52:50.222+0000] {processor.py:208} INFO - Processing /home/airflow/.local/lib/python3.12/site-packages/airflow/example_dags/tutorial_taskflow_api.py took 0.076 seconds
[2026-08-12T04:53:20.679+0000] {processor.py:186} INFO - Started process (PID=2580) to work on /home/airflow/.local/lib/python3.12/site-packages/airflow/example_dags/tutorial_taskflow_api.py
[2026-08-12T04:53:20.680+0000] {processor.py:914} INFO - Processing file /home/airflow/.local/lib/python3.12/site-packages/airflow/example_dags/tutorial_taskflow_api.py for tasks to queue
[2026-08-12T04:53:20.683+0000] {logging_mixin.py:190} INFO - [2026-08-12T04:53:20.683+0000] {dagbag.py:587} INFO - Filling up the DagBag from /home/airflow/.local/lib/python3.12/site-packages/airflow/example_dags/tutorial_taskflow_api.py
[2026-08-12T04:53:20.692+0000] {processor.py:925} INFO - DAG(s) 'tutorial_taskflow_api' retrieved from /home/airflow/.local/lib/python3.12/site-packages/airflow/example_dags/tutorial_taskflow_api.py
[2026-08-12T04:53:20.715+0000] {logging_mixin.py:190} INFO - [2026-08-12T04:53:20.714+0000] {dag.py:3211} INFO - Sync 1 DAGs
[2026-08-12T04:53:20.730+0000] {logging_mixin.py:190} INFO - [2026-08-12T04:53:20.730+0000] {dag.py:4138} INFO - Setting next_dagrun for tutorial_taskflow_api to None, run_after=None
[2026-08-12T04:53:20.764+0000] {processor.py:208} INFO - Processing /home/airflow/.local/lib/python3.12/site-packages/airflow/example_dags/tutorial_taskflow_api.py took 0.091 seconds
[2026-08-12T04:53:51.491+0000] {processor.py:186} INFO - Started process (PID=2643) to work on /home/airflow/.local/lib/python3.12/site-packages/airflow/example_dags/tutorial_taskflow_api.py
[2026-08-12T04:53:51.492+0000] {processor.py:914} INFO - Processing file /home/airflow/.local/lib/python3.12/site-packages/airflow/example_dags/tutorial_taskflow_api.py for tasks to queue
[2026-08-12T04:53:51.495+0000] {logging_mixin.py:190} INFO - [2026-08-12T04:53:51.495+0000] {dagbag.py:587} INFO - Filling up the DagBag from /home/airflow/.local/lib/python3.12/site-packages/airflow/example_dags/tutorial_taskflow_api.py
[2026-08-12T04:53:51.503+0000] {processor.py:925} INFO - DAG(s) 'tutorial_taskflow_api' retrieved from /home/airflow/.local/lib/python3.12/site-packages/airflow/example_dags/tutorial_taskflow_api.py
[2026-08-12T04:53:51.524+0000] {logging_mixin.py:190} INFO - [2026-08-12T04:53:51.524+0000] {dag.py:3211} INFO - Sync 1 DAGs
[2026-08-12T04:53:51.539+0000] {logging_mixin.py:190} INFO - [2026-08-12T04:53:51.539+0000] {dag.py:4138} INFO - Setting next_dagrun for tutorial_taskflow_api to None, run_after=None
[2026-08-12T04:53:51.573+0000] {processor.py:208} INFO - Processing /home/airflow/.local/lib/python3.12/site-packages/airflow/example_dags/tutorial_taskflow_api.py took 0.087 seconds
[2026-08-12T04:54:21.721+0000] {processor.py:186} INFO - Started process (PID=2706) to work on /home/airflow/.local/lib/python3.12/site-packages/airflow/example_dags/tutorial_taskflow_api.py
[2026-08-12T04:54:21.722+0000] {processor.py:914} INFO - Processing file /home/airflow/.local/lib/python3.12/site-packages/airflow/example_dags/tutorial_taskflow_api.py for tasks to queue
[2026-08-12T04:54:21.725+0000] {logging_mixin.py:190} INFO - [2026-08-12T04:54:21.725+0000] {dagbag.py:587} INFO - Filling up the DagBag from /home/airflow/.local/lib/python3.12/site-packages/airflow/example_dags/tutorial_taskflow_api.py
[2026-08-12T04:54:21.735+0000] {processor.py:925} INFO - DAG(s) 'tutorial_taskflow_api' retrieved from /home/airflow/.local/lib/python3.12/site-packages/airflow/example_dags/tutorial_taskflow_api.py
[2026-08-12T04:54:21.758+0000] {logging_mixin.py:190} INFO - [2026-08-12T04:54:21.758+0000] {dag.py:3211} INFO - Sync 1 DAGs
[2026-08-12T04:54:21.772+0000] {logging_mixin.py:190} INFO - [2026-08-12T04:54:21.772+0000] {dag.py:4138} INFO - Setting next_dagrun for tutorial_taskflow_api to None, run_after=None
[2026-08-12T04:54:21.792+0000] {processor.py:208} INFO - Processing /home/airflow/.local/lib/python3.12/site-packages/airflow/example_dags/tutorial_taskflow_api.py took 0.078 seconds
[2026-08-12T04:54:52.399+0000] {processor.py:186} INFO - Started process (PID=2769) to work on /home/airflow/.local/lib/python3.12/site-packages/airflow/example_dags/tutorial_taskflow_api.py
[2026-08-12T04:54:52.400+0000] {processor.py:914} INFO - Processing file /home/airflow/.local/lib/python3.12/site-packages/airflow/example_dags/tutorial_taskflow_api.py for tasks to queue
[2026-08-12T04:54:52.403+0000] {logging_mixin.py:190} INFO - [2026-08-12T04:54:52.403+0000] {dagbag.py:587} INFO - Filling up the DagBag from /home/airflow/.local/lib/python3.12/site-packages/airflow/example_dags/tutorial_taskflow_api.py
[2026-08-12T04:54:52.411+0000] {processor.py:925} INFO - DAG(s) 'tutorial_taskflow_api' retrieved from /home/airflow/.local/lib/python3.12/site-packages/airflow/example_dags/tutorial_taskflow_api.py
[2026-08-12T04:54:52.431+0000] {logging_mixin.py:190} INFO - [2026-08-12T04:54:52.430+0000] {dag.py:3211} INFO - Sync 1 DAGs
[2026-08-12T04:54:52.444+0000] {logging_mixin.py:190} INFO - [2026-08-12T04:54:52.444+0000] {dag.py:4138} INFO - Setting next_dagrun for tutorial_taskflow_api to None, run_after=None
[2026-08-12T04:54:52.464+0000] {processor.py:208} INFO - Processing /home/airflow/.local/lib/python3.12/site-packages/airflow/example_dags/tutorial_taskflow_api.py took 0.071 seconds
[2026-08-12T04:55:22.845+0000] {processor.py:186} INFO - Started process (PID=2832) to work on /home/airflow/.local/lib/python3.12/site-packages/airflow/example_dags/tutorial_taskflow_api.py
[2026-08-12T04:55:22.846+0000] {processor.py:914} INFO - Processing file /home/airflow/.local/lib/python3.12/site-packages/airflow/example_dags/tutorial_taskflow_api.py for tasks to queue
[2026-08-12T04:55:22.849+0000] {logging_mixin.py:190} INFO - [2026-08-12T04:55:22.849+0000] {dagbag.py:587} INFO - Filling up the DagBag from /home/airflow/.local/lib/python3.12/site-packages/airflow/example_dags/tutorial_taskflow_api.py
[2026-08-12T04:55:22.869+0000] {processor.py:925} INFO - DAG(s) 'tutorial_taskflow_api' retrieved from /home/airflow/.local/lib/python3.12/site-packages/airflow/example_dags/tutorial_taskflow_api.py
[2026-08-12T04:55:22.891+0000] {logging_mixin.py:190} INFO - [2026-08-12T04:55:22.891+0000] {dag.py:3211} INFO - Sync 1 DAGs
[2026-08-12T04:55:22.907+0000] {logging_mixin.py:190} INFO - [2026-08-12T04:55:22.906+0000] {dag.py:4138} INFO - Setting next_dagrun for tutorial_taskflow_api to None, run_after=None
[2026-08-12T04:55:22.928+0000] {processor.py:208} INFO - Processing /home/airflow/.local/lib/python3.12/site-packages/airflow/example_dags/tutorial_taskflow_api.py took 0.089 seconds
[2026-08-12T04:55:53.543+0000] {processor.py:186} INFO - Started process (PID=2895) to work on /home/airflow/.local/lib/python3.12/site-packages/airflow/example_dags/tutorial_taskflow_api.py
[2026-08-12T04:55:53.544+0000] {processor.py:914} INFO - Processing file /home/airflow/.local/lib/python3.12/site-packages/airflow/example_dags/tutorial_taskflow_api.py for tasks to queue
[2026-08-12T04:55:53.549+0000] {logging_mixin.py:190} INFO - [2026-08-12T04:55:53.549+0000] {dagbag.py:587} INFO - Filling up the DagBag from /home/airflow/.local/lib/python3.12/site-packages/airflow/example_dags/tutorial_taskflow_api.py
[2026-08-12T04:55:53.560+0000] {processor.py:925} INFO - DAG(s) 'tutorial_taskflow_api' retrieved from /home/airflow/.local/lib/python3.12/site-packages/airflow/example_dags/tutorial_taskflow_api.py
[2026-08-12T04:55:53.589+0000] {logging_mixin.py:190} INFO - [2026-08-12T04:55:53.589+0000] {dag.py:3211} INFO - Sync 1 DAGs
[2026-08-12T04:55:53.607+0000] {logging_mixin.py:190} INFO - [2026-08-12T04:55:53.607+0000] {dag.py:4138} INFO - Setting next_dagrun for tutorial_taskflow_api to None, run_after=None
[2026-08-12T04:55:53.630+0000] {processor.py:208} INFO - Processing /home/airflow/.local/lib/python3.12/site-packages/airflow/example_dags/tutorial_taskflow_api.py took 0.093 seconds
[2026-08-12T04:56:24.300+0000] {processor.py:186} INFO - Started process (PID=2958) to work on /home/airflow/.local/lib/python3.12/site-packages/airflow/example_dags/tutorial_taskflow_api.py
[2026-08-12T04:56:24.302+0000] {processor.py:914} INFO - Processing file /home/airflow/.local/lib/python3.12/site-packages/airflow/example_dags/tutorial_taskflow_api.py for tasks to queue
[2026-08-12T04:56:24.305+0000] {logging_mixin.py:190} INFO - [2026-08-12T04:56:24.305+0000] {dagbag.py:587} INFO - Filling up the DagBag from /home/airflow/.local/lib/python3.12/site-packages/airflow/example_dags/tutorial_taskflow_api.py
[2026-08-12T04:56:24.313+0000] {processor.py:925} INFO - DAG(s) 'tutorial_taskflow_api' retrieved from /home/airflow/.local/lib/python3.12/site-packages/airflow/example_dags/tutorial_taskflow_api.py
[2026-08-12T04:56:24.333+0000] {logging_mixin.py:190} INFO - [2026-08-12T04:56:24.333+0000] {dag.py:3211} INFO - Sync 1 DAGs
[2026-08-12T04:56:24.349+0000] {logging_mixin.py:190} INFO - [2026-08-12T04:56:24.349+0000] {dag.py:4138} INFO - Setting next_dagrun for tutorial_taskflow_api to None, run_after=None
[2026-08-12T04:56:24.371+0000] {processor.py:208} INFO - Processing /home/airflow/.local/lib/python3.12/site-packages/airflow/example_dags/tutorial_taskflow_api.py took 0.076 seconds
[2026-08-12T04:56:55.299+0000] {processor.py:186} INFO - Started process (PID=3021) to work on /home/airflow/.local/lib/python3.12/site-packages/airflow/example_dags/tutorial_taskflow_api.py
[2026-08-12T04:56:55.300+0000] {processor.py:914} INFO - Processing file /home/airflow/.local/lib/python3.12/site-packages/airflow/example_dags/tutorial_taskflow_api.py for tasks to queue
[2026-08-12T04:56:55.304+0000] {logging_mixin.py:190} INFO - [2026-08-12T04:56:55.304+0000] {dagbag.py:587} INFO - Filling up the DagBag from /home/airflow/.local/lib/python3.12/site-packages/airflow/example_dags/tutorial_taskflow_api.py
[2026-08-12T04:56:55.316+0000] {processor.py:925} INFO - DAG(s) 'tutorial_taskflow_api' retrieved from /home/airflow/.local/lib/python3.12/site-packages/airflow/example_dags/tutorial_taskflow_api.py
[2026-08-12T04:56:55.340+0000] {logging_mixin.py:190} INFO - [2026-08-12T04:56:55.339+0000] {dag.py:3211} INFO - Sync 1 DAGs
[2026-08-12T04:56:55.368+0000] {logging_mixin.py:190} INFO - [2026-08-12T04:56:55.368+0000] {dag.py:4138} INFO - Setting next_dagrun for tutorial_taskflow_api to None, run_after=None
[2026-08-12T04:56:55.390+0000] {processor.py:208} INFO - Processing /home/airflow/.local/lib/python3.12/site-packages/airflow/example_dags/tutorial_taskflow_api.py took 0.098 seconds
[2026-08-12T04:57:26.291+0000] {processor.py:186} INFO - Started process (PID=3084) to work on /home/airflow/.local/lib/python3.12/site-packages/airflow/example_dags/tutorial_taskflow_api.py
[2026-08-12T04:57:26.292+0000] {processor.py:914} INFO - Processing file /home/airflow/.local/lib/python3.12/site-packages/airflow/example_dags/tutorial_taskflow_api.py for tasks to queue
[2026-08-12T04:57:26.295+0000] {logging_mixin.py:190} INFO - [2026-08-12T04:57:26.295+0000] {dagbag.py:587} INFO - Filling up the DagBag from /home/airflow/.local/lib/python3.12/site-packages/airflow/example_dags/tutorial_taskflow_api.py
[2026-08-12T04:57:26.304+0000] {processor.py:925} INFO - DAG(s) 'tutorial_taskflow_api' retrieved from /home/airflow/.local/lib/python3.12/site-packages/airflow/example_dags/tutorial_taskflow_api.py
[2026-08-12T04:57:26.324+0000] {logging_mixin.py:190} INFO - [2026-08-12T04:57:26.324+0000] {dag.py:3211} INFO - Sync 1 DAGs
[2026-08-12T04:57:26.339+0000] {logging_mixin.py:190} INFO - [2026-08-12T04:57:26.339+0000] {dag.py:4138} INFO - Setting next_dagrun for tutorial_taskflow_api to None, run_after=None
[2026-08-12T04:57:26.359+0000] {processor.py:208} INFO - Processing /home/airflow/.local/lib/python3.12/site-packages/airflow/example_dags/tutorial_taskflow_api.py took 0.074 seconds
[2026-08-12T04:57:58.924+0000] {processor.py:186} INFO - Started process (PID=3153) to work on /home/airflow/.local/lib/python3.12/site-packages/airflow/example_dags/tutorial_taskflow_api.py
[2026-08-12T04:57:58.926+0000] {processor.py:914} INFO - Processing file /home/airflow/.local/lib/python3.12/site-packages/airflow/example_dags/tutorial_taskflow_api.py for tasks to queue
[2026-08-12T04:57:58.930+0000] {logging_mixin.py:190} INFO - [2026-08-12T04:57:58.929+0000] {dagbag.py:587} INFO - Filling up the DagBag from /home/airflow/.local/lib/python3.12/site-packages/airflow/example_dags/tutorial_taskflow_api.py
[2026-08-12T04:57:58.940+0000] {processor.py:925} INFO - DAG(s) 'tutorial_taskflow_api' retrieved from /home/airflow/.local/lib/python3.12/site-packages/airflow/example_dags/tutorial_taskflow_api.py
[2026-08-12T04:57:58.969+0000] {logging_mixin.py:190} INFO - [2026-08-12T04:57:58.968+0000] {dag.py:3211} INFO - Sync 1 DAGs
[2026-08-12T04:57:58.995+0000] {logging_mixin.py:190} INFO - [2026-08-12T04:57:58.995+0000] {dag.py:4138} INFO - Setting next_dagrun for tutorial_taskflow_api to None, run_after=None
[2026-08-12T04:57:59.225+0000] {processor.py:208} INFO - Processing /home/airflow/.local/lib/python3.12/site-packages/airflow/example_dags/tutorial_taskflow_api.py took 0.306 seconds
[2026-08-12T04:58:29.763+0000] {processor.py:186} INFO - Started process (PID=3217) to work on /home/airflow/.local/lib/python3.12/site-packages/airflow/example_dags/tutorial_taskflow_api.py
[2026-08-12T04:58:29.764+0000] {processor.py:914} INFO - Processing file /home/airflow/.local/lib/python3.12/site-packages/airflow/example_dags/tutorial_taskflow_api.py for tasks to queue
[2026-08-12T04:58:29.767+0000] {logging_mixin.py:190} INFO - [2026-08-12T04:58:29.767+0000] {dagbag.py:587} INFO - Filling up the DagBag from /home/airflow/.local/lib/python3.12/site-packages/airflow/example_dags/tutorial_taskflow_api.py
[2026-08-12T04:58:29.775+0000] {processor.py:925} INFO - DAG(s) 'tutorial_taskflow_api' retrieved from /home/airflow/.local/lib/python3.12/site-packages/airflow/example_dags/tutorial_taskflow_api.py
[2026-08-12T04:58:29.795+0000] {logging_mixin.py:190} INFO - [2026-08-12T04:58:29.795+0000] {dag.py:3211} INFO - Sync 1 DAGs
[2026-08-12T04:58:29.810+0000] {logging_mixin.py:190} INFO - [2026-08-12T04:58:29.809+0000] {dag.py:4138} INFO - Setting next_dagrun for tutorial_taskflow_api to None, run_after=None
[2026-08-12T04:58:29.830+0000] {processor.py:208} INFO - Processing /home/airflow/.local/lib/python3.12/site-packages/airflow/example_dags/tutorial_taskflow_api.py took 0.072 seconds
[2026-08-12T04:58:59.956+0000] {processor.py:186} INFO - Started process (PID=3279) to work on /home/airflow/.local/lib/python3.12/site-packages/airflow/example_dags/tutorial_taskflow_api.py
[2026-08-12T04:58:59.957+0000] {processor.py:914} INFO - Processing file /home/airflow/.local/lib/python3.12/site-packages/airflow/example_dags/tutorial_taskflow_api.py for tasks to queue
[2026-08-12T04:58:59.960+0000] {logging_mixin.py:190} INFO - [2026-08-12T04:58:59.959+0000] {dagbag.py:587} INFO - Filling up the DagBag from /home/airflow/.local/lib/python3.12/site-packages/airflow/example_dags/tutorial_taskflow_api.py
[2026-08-12T04:58:59.968+0000] {processor.py:925} INFO - DAG(s) 'tutorial_taskflow_api' retrieved from /home/airflow/.local/lib/python3.12/site-packages/airflow/example_dags/tutorial_taskflow_api.py
[2026-08-12T04:58:59.988+0000] {logging_mixin.py:190} INFO - [2026-08-12T04:58:59.988+0000] {dag.py:3211} INFO - Sync 1 DAGs
[2026-08-12T04:59:00.001+0000] {logging_mixin.py:190} INFO - [2026-08-12T04:59:00.001+0000] {dag.py:4138} INFO - Setting next_dagrun for tutorial_taskflow_api to None, run_after=None
[2026-08-12T04:59:00.023+0000] {processor.py:208} INFO - Processing /home/airflow/.local/lib/python3.12/site-packages/airflow/example_dags/tutorial_taskflow_api.py took 0.073 seconds
[2026-08-12T04:59:30.685+0000] {processor.py:186} INFO - Started process (PID=3343) to work on /home/airflow/.local/lib/python3.12/site-packages/airflow/example_dags/tutorial_taskflow_api.py
[2026-08-12T04:59:30.687+0000] {processor.py:914} INFO - Processing file /home/airflow/.local/lib/python3.12/site-packages/airflow/example_dags/tutorial_taskflow_api.py for tasks to queue
[2026-08-12T04:59:30.691+0000] {logging_mixin.py:190} INFO - [2026-08-12T04:59:30.691+0000] {dagbag.py:587} INFO - Filling up the DagBag from /home/airflow/.local/lib/python3.12/site-packages/airflow/example_dags/tutorial_taskflow_api.py
[2026-08-12T04:59:30.701+0000] {processor.py:925} INFO - DAG(s) 'tutorial_taskflow_api' retrieved from /home/airflow/.local/lib/python3.12/site-packages/airflow/example_dags/tutorial_taskflow_api.py
[2026-08-12T04:59:30.724+0000] {logging_mixin.py:190} INFO - [2026-08-12T04:59:30.723+0000] {dag.py:3211} INFO - Sync 1 DAGs
[2026-08-12T04:59:30.741+0000] {logging_mixin.py:190} INFO - [2026-08-12T04:59:30.740+0000] {dag.py:4138} INFO - Setting next_dagrun for tutorial_taskflow_api to None, run_after=None
[2026-08-12T04:59:30.762+0000] {processor.py:208} INFO - Processing /home/airflow/.local/lib/python3.12/site-packages/airflow/example_dags/tutorial_taskflow_api.py took 0.085 seconds
[2026-08-12T05:00:02.578+0000] {processor.py:186} INFO - Started process (PID=3407) to work on /home/airflow/.local/lib/python3.12/site-packages/airflow/example_dags/tutorial_taskflow_api.py
[2026-08-12T05:00:02.579+0000] {processor.py:914} INFO - Processing file /home/airflow/.local/lib/python3.12/site-packages/airflow/example_dags/tutorial_taskflow_api.py for tasks to queue
[2026-08-12T05:00:02.582+0000] {logging_mixin.py:190} INFO - [2026-08-12T05:00:02.582+0000] {dagbag.py:587} INFO - Filling up the DagBag from /home/airflow/.local/lib/python3.12/site-packages/airflow/example_dags/tutorial_taskflow_api.py
[2026-08-12T05:00:02.593+0000] {processor.py:925} INFO - DAG(s) 'tutorial_taskflow_api' retrieved from /home/airflow/.local/lib/python3.12/site-packages/airflow/example_dags/tutorial_taskflow_api.py
[2026-08-12T05:00:02.616+0000] {logging_mixin.py:190} INFO - [2026-08-12T05:00:02.615+0000] {dag.py:3211} INFO - Sync 1 DAGs
[2026-08-12T05:00:02.631+0000] {logging_mixin.py:190} INFO - [2026-08-12T05:00:02.631+0000] {dag.py:4138} INFO - Setting next_dagrun for tutorial_taskflow_api to None, run_after=None
[2026-08-12T05:00:02.655+0000] {processor.py:208} INFO - Processing /home/airflow/.local/lib/python3.12/site-packages/airflow/example_dags/tutorial_taskflow_api.py took 0.084 seconds
[2026-08-12T05:00:33.833+0000] {processor.py:186} INFO - Started process (PID=3470) to work on /home/airflow/.local/lib/python3.12/site-packages/airflow/example_dags/tutorial_taskflow_api.py
[2026-08-12T05:00:33.834+0000] {processor.py:914} INFO - Processing file /home/airflow/.local/lib/python3.12/site-packages/airflow/example_dags/tutorial_taskflow_api.py for tasks to queue
[2026-08-12T05:00:33.838+0000] {logging_mixin.py:190} INFO - [2026-08-12T05:00:33.837+0000] {dagbag.py:587} INFO - Filling up the DagBag from /home/airflow/.local/lib/python3.12/site-packages/airflow/example_dags/tutorial_taskflow_api.py
[2026-08-12T05:00:33.847+0000] {processor.py:925} INFO - DAG(s) 'tutorial_taskflow_api' retrieved from /home/airflow/.local/lib/python3.12/site-packages/airflow/example_dags/tutorial_taskflow_api.py
[2026-08-12T05:00:33.871+0000] {logging_mixin.py:190} INFO - [2026-08-12T05:00:33.870+0000] {dag.py:3211} INFO - Sync 1 DAGs
[2026-08-12T05:00:34.060+0000] {logging_mixin.py:190} INFO - [2026-08-12T05:00:34.060+0000] {dag.py:4138} INFO - Setting next_dagrun for tutorial_taskflow_api to None, run_after=None
[2026-08-12T05:00:34.092+0000] {processor.py:208} INFO - Processing /home/airflow/.local/lib/python3.12/site-packages/airflow/example_dags/tutorial_taskflow_api.py took 0.267 seconds
[2026-08-12T05:01:04.855+0000] {processor.py:186} INFO - Started process (PID=3533) to work on /home/airflow/.local/lib/python3.12/site-packages/airflow/example_dags/tutorial_taskflow_api.py
[2026-08-12T05:01:04.857+0000] {processor.py:914} INFO - Processing file /home/airflow/.local/lib/python3.12/site-packages/airflow/example_dags/tutorial_taskflow_api.py for tasks to queue
[2026-08-12T05:01:04.860+0000] {logging_mixin.py:190} INFO - [2026-08-12T05:01:04.860+0000] {dagbag.py:587} INFO - Filling up the DagBag from /home/airflow/.local/lib/python3.12/site-packages/airflow/example_dags/tutorial_taskflow_api.py
[2026-08-12T05:01:04.869+0000] {processor.py:925} INFO - DAG(s) 'tutorial_taskflow_api' retrieved from /home/airflow/.local/lib/python3.12/site-packages/airflow/example_dags/tutorial_taskflow_api.py
[2026-08-12T05:01:04.891+0000] {logging_mixin.py:190} INFO - [2026-08-12T05:01:04.891+0000] {dag.py:3211} INFO - Sync 1 DAGs
[2026-08-12T05:01:04.906+0000] {logging_mixin.py:190} INFO - [2026-08-12T05:01:04.906+0000] {dag.py:4138} INFO - Setting next_dagrun for tutorial_taskflow_api to None, run_after=None
[2026-08-12T05:01:04.927+0000] {processor.py:208} INFO - Processing /home/airflow/.local/lib/python3.12/site-packages/airflow/example_dags/tutorial_taskflow_api.py took 0.079 seconds
[2026-08-12T05:01:35.018+0000] {processor.py:186} INFO - Started process (PID=3596) to work on /home/airflow/.local/lib/python3.12/site-packages/airflow/example_dags/tutorial_taskflow_api.py
[2026-08-12T05:01:35.021+0000] {processor.py:914} INFO - Processing file /home/airflow/.local/lib/python3.12/site-packages/airflow/example_dags/tutorial_taskflow_api.py for tasks to queue
[2026-08-12T05:01:35.024+0000] {logging_mixin.py:190} INFO - [2026-08-12T05:01:35.024+0000] {dagbag.py:587} INFO - Filling up the DagBag from /home/airflow/.local/lib/python3.12/site-packages/airflow/example_dags/tutorial_taskflow_api.py
[2026-08-12T05:01:35.034+0000] {processor.py:925} INFO - DAG(s) 'tutorial_taskflow_api' retrieved from /home/airflow/.local/lib/python3.12/site-packages/airflow/example_dags/tutorial_taskflow_api.py
[2026-08-12T05:01:35.056+0000] {logging_mixin.py:190} INFO - [2026-08-12T05:01:35.056+0000] {dag.py:3211} INFO - Sync 1 DAGs
[2026-08-12T05:01:35.070+0000] {logging_mixin.py:190} INFO - [2026-08-12T05:01:35.070+0000] {dag.py:4138} INFO - Setting next_dagrun for tutorial_taskflow_api to None, run_after=None
[2026-08-12T05:01:35.103+0000] {processor.py:208} INFO - Processing /home/airflow/.local/lib/python3.12/site-packages/airflow/example_dags/tutorial_taskflow_api.py took 0.091 seconds
[2026-08-12T05:02:05.360+0000] {processor.py:186} INFO - Started process (PID=3660) to work on /home/airflow/.local/lib/python3.12/site-packages/airflow/example_dags/tutorial_taskflow_api.py
[2026-08-12T05:02:05.362+0000] {processor.py:914} INFO - Processing file /home/airflow/.local/lib/python3.12/site-packages/airflow/example_dags/tutorial_taskflow_api.py for tasks to queue
[2026-08-12T05:02:05.365+0000] {logging_mixin.py:190} INFO - [2026-08-12T05:02:05.365+0000] {dagbag.py:587} INFO - Filling up the DagBag from /home/airflow/.local/lib/python3.12/site-packages/airflow/example_dags/tutorial_taskflow_api.py
[2026-08-12T05:02:05.376+0000] {processor.py:925} INFO - DAG(s) 'tutorial_taskflow_api' retrieved from /home/airflow/.local/lib/python3.12/site-packages/airflow/example_dags/tutorial_taskflow_api.py
[2026-08-12T05:02:05.398+0000] {logging_mixin.py:190} INFO - [2026-08-12T05:02:05.397+0000] {dag.py:3211} INFO - Sync 1 DAGs
[2026-08-12T05:02:05.410+0000] {logging_mixin.py:190} INFO - [2026-08-12T05:02:05.410+0000] {dag.py:4138} INFO - Setting next_dagrun for tutorial_taskflow_api to None, run_after=None
[2026-08-12T05:02:05.432+0000] {processor.py:208} INFO - Processing /home/airflow/.local/lib/python3.12/site-packages/airflow/example_dags/tutorial_taskflow_api.py took 0.078 seconds
[2026-08-12T05:02:35.586+0000] {processor.py:186} INFO - Started process (PID=3723) to work on /home/airflow/.local/lib/python3.12/site-packages/airflow/example_dags/tutorial_taskflow_api.py
[2026-08-12T05:02:35.587+0000] {processor.py:914} INFO - Processing file /home/airflow/.local/lib/python3.12/site-packages/airflow/example_dags/tutorial_taskflow_api.py for tasks to queue
[2026-08-12T05:02:35.590+0000] {logging_mixin.py:190} INFO - [2026-08-12T05:02:35.590+0000] {dagbag.py:587} INFO - Filling up the DagBag from /home/airflow/.local/lib/python3.12/site-packages/airflow/example_dags/tutorial_taskflow_api.py
[2026-08-12T05:02:35.598+0000] {processor.py:925} INFO - DAG(s) 'tutorial_taskflow_api' retrieved from /home/airflow/.local/lib/python3.12/site-packages/airflow/example_dags/tutorial_taskflow_api.py
[2026-08-12T05:02:35.620+0000] {logging_mixin.py:190} INFO - [2026-08-12T05:02:35.620+0000] {dag.py:3211} INFO - Sync 1 DAGs
[2026-08-12T05:02:35.635+0000] {logging_mixin.py:190} INFO - [2026-08-12T05:02:35.635+0000] {dag.py:4138} INFO - Setting next_dagrun for tutorial_taskflow_api to None, run_after=None
[2026-08-12T05:02:35.670+0000] {processor.py:208} INFO - Processing /home/airflow/.local/lib/python3.12/site-packages/airflow/example_dags/tutorial_taskflow_api.py took 0.090 seconds
[2026-08-12T05:03:06.114+0000] {processor.py:186} INFO - Started process (PID=3786) to work on /home/airflow/.local/lib/python3.12/site-packages/airflow/example_dags/tutorial_taskflow_api.py
[2026-08-12T05:03:06.116+0000] {processor.py:914} INFO - Processing file /home/airflow/.local/lib/python3.12/site-packages/airflow/example_dags/tutorial_taskflow_api.py for tasks to queue
[2026-08-12T05:03:06.120+0000] {logging_mixin.py:190} INFO - [2026-08-12T05:03:06.119+0000] {dagbag.py:587} INFO - Filling up the DagBag from /home/airflow/.local/lib/python3.12/site-packages/airflow/example_dags/tutorial_taskflow_api.py
[2026-08-12T05:03:06.129+0000] {processor.py:925} INFO - DAG(s) 'tutorial_taskflow_api' retrieved from /home/airflow/.local/lib/python3.12/site-packages/airflow/example_dags/tutorial_taskflow_api.py
[2026-08-12T05:03:06.152+0000] {logging_mixin.py:190} INFO - [2026-08-12T05:03:06.152+0000] {dag.py:3211} INFO - Sync 1 DAGs
[2026-08-12T05:03:06.167+0000] {logging_mixin.py:190} INFO - [2026-08-12T05:03:06.167+0000] {dag.py:4138} INFO - Setting next_dagrun for tutorial_taskflow_api to None, run_after=None
[2026-08-12T05:03:06.187+0000] {processor.py:208} INFO - Processing /home/airflow/.local/lib/python3.12/site-packages/airflow/example_dags/tutorial_taskflow_api.py took 0.079 seconds
[2026-08-12T05:03:36.325+0000] {processor.py:186} INFO - Started process (PID=3849) to work on /home/airflow/.local/lib/python3.12/site-packages/airflow/example_dags/tutorial_taskflow_api.py
[2026-08-12T05:03:36.327+0000] {processor.py:914} INFO - Processing file /home/airflow/.local/lib/python3.12/site-packages/airflow/example_dags/tutorial_taskflow_api.py for tasks to queue
[2026-08-12T05:03:36.330+0000] {logging_mixin.py:190} INFO - [2026-08-12T05:03:36.329+0000] {dagbag.py:587} INFO - Filling up the DagBag from /home/airflow/.local/lib/python3.12/site-packages/airflow/example_dags/tutorial_taskflow_api.py
[2026-08-12T05:03:36.341+0000] {processor.py:925} INFO - DAG(s) 'tutorial_taskflow_api' retrieved from /home/airflow/.local/lib/python3.12/site-packages/airflow/example_dags/tutorial_taskflow_api.py
[2026-08-12T05:03:36.362+0000] {logging_mixin.py:190} INFO - [2026-08-12T05:03:36.362+0000] {dag.py:3211} INFO - Sync 1 DAGs
[2026-08-12T05:03:36.377+0000] {logging_mixin.py:190} INFO - [2026-08-12T05:03:36.377+0000] {dag.py:4138} INFO - Setting next_dagrun for tutorial_taskflow_api to None, run_after=None
[2026-08-12T05:03:36.412+0000] {processor.py:208} INFO - Processing /home/airflow/.local/lib/python3.12/site-packages/airflow/example_dags/tutorial_taskflow_api.py took 0.092 seconds
[2026-08-12T05:04:06.812+0000] {processor.py:186} INFO - Started process (PID=3912) to work on /home/airflow/.local/lib/python3.12/site-packages/airflow/example_dags/tutorial_taskflow_api.py
[2026-08-12T05:04:06.814+0000] {processor.py:914} INFO - Processing file /home/airflow/.local/lib/python3.12/site-packages/airflow/example_dags/tutorial_taskflow_api.py for tasks to queue
[2026-08-12T05:04:06.817+0000] {logging_mixin.py:190} INFO - [2026-08-12T05:04:06.817+0000] {dagbag.py:587} INFO - Filling up the DagBag from /home/airflow/.local/lib/python3.12/site-packages/airflow/example_dags/tutorial_taskflow_api.py
[2026-08-12T05:04:06.826+0000] {processor.py:925} INFO - DAG(s) 'tutorial_taskflow_api' retrieved from /home/airflow/.local/lib/python3.12/site-packages/airflow/example_dags/tutorial_taskflow_api.py
[2026-08-12T05:04:06.849+0000] {logging_mixin.py:190} INFO - [2026-08-12T05:04:06.848+0000] {dag.py:3211} INFO - Sync 1 DAGs
[2026-08-12T05:04:06.863+0000] {logging_mixin.py:190} INFO - [2026-08-12T05:04:06.863+0000] {dag.py:4138} INFO - Setting next_dagrun for tutorial_taskflow_api to None, run_after=None
[2026-08-12T05:04:06.899+0000] {processor.py:208} INFO - Processing /home/airflow/.local/lib/python3.12/site-packages/airflow/example_dags/tutorial_taskflow_api.py took 0.093 seconds
[2026-08-12T05:04:37.140+0000] {processor.py:186} INFO - Started process (PID=3975) to work on /home/airflow/.local/lib/python3.12/site-packages/airflow/example_dags/tutorial_taskflow_api.py
[2026-08-12T05:04:37.141+0000] {processor.py:914} INFO - Processing file /home/airflow/.local/lib/python3.12/site-packages/airflow/example_dags/tutorial_taskflow_api.py for tasks to queue
[2026-08-12T05:04:37.145+0000] {logging_mixin.py:190} INFO - [2026-08-12T05:04:37.144+0000] {dagbag.py:587} INFO - Filling up the DagBag from /home/airflow/.local/lib/python3.12/site-packages/airflow/example_dags/tutorial_taskflow_api.py
[2026-08-12T05:04:37.154+0000] {processor.py:925} INFO - DAG(s) 'tutorial_taskflow_api' retrieved from /home/airflow/.local/lib/python3.12/site-packages/airflow/example_dags/tutorial_taskflow_api.py
[2026-08-12T05:04:37.177+0000] {logging_mixin.py:190} INFO - [2026-08-12T05:04:37.176+0000] {dag.py:3211} INFO - Sync 1 DAGs
[2026-08-12T05:04:37.192+0000] {logging_mixin.py:190} INFO - [2026-08-12T05:04:37.191+0000] {dag.py:4138} INFO - Setting next_dagrun for tutorial_taskflow_api to None, run_after=None
[2026-08-12T05:04:37.226+0000] {processor.py:208} INFO - Processing /home/airflow/.local/lib/python3.12/site-packages/airflow/example_dags/tutorial_taskflow_api.py took 0.093 seconds
[2026-08-12T05:05:07.365+0000] {processor.py:186} INFO - Started process (PID=4038) to work on /home/airflow/.local/lib/python3.12/site-packages/airflow/example_dags/tutorial_taskflow_api.py
[2026-08-12T05:05:07.367+0000] {processor.py:914} INFO - Processing file /home/airflow/.local/lib/python3.12/site-packages/airflow/example_dags/tutorial_taskflow_api.py for tasks to queue
[2026-08-12T05:05:07.370+0000] {logging_mixin.py:190} INFO - [2026-08-12T05:05:07.370+0000] {dagbag.py:587} INFO - Filling up the DagBag from /home/airflow/.local/lib/python3.12/site-packages/airflow/example_dags/tutorial_taskflow_api.py
[2026-08-12T05:05:07.379+0000] {processor.py:925} INFO - DAG(s) 'tutorial_taskflow_api' retrieved from /home/airflow/.local/lib/python3.12/site-packages/airflow/example_dags/tutorial_taskflow_api.py
[2026-08-12T05:05:07.400+0000] {logging_mixin.py:190} INFO - [2026-08-12T05:05:07.400+0000] {dag.py:3211} INFO - Sync 1 DAGs
[2026-08-12T05:05:07.415+0000] {logging_mixin.py:190} INFO - [2026-08-12T05:05:07.414+0000] {dag.py:4138} INFO - Setting next_dagrun for tutorial_taskflow_api to None, run_after=None
[2026-08-12T05:05:07.449+0000] {processor.py:208} INFO - Processing /home/airflow/.local/lib/python3.12/site-packages/airflow/example_dags/tutorial_taskflow_api.py took 0.091 seconds
[2026-08-12T05:05:37.811+0000] {processor.py:186} INFO - Started process (PID=4101) to work on /home/airflow/.local/lib/python3.12/site-packages/airflow/example_dags/tutorial_taskflow_api.py
[2026-08-12T05:05:37.813+0000] {processor.py:914} INFO - Processing file /home/airflow/.local/lib/python3.12/site-packages/airflow/example_dags/tutorial_taskflow_api.py for tasks to queue
[2026-08-12T05:05:37.817+0000] {logging_mixin.py:190} INFO - [2026-08-12T05:05:37.816+0000] {dagbag.py:587} INFO - Filling up the DagBag from /home/airflow/.local/lib/python3.12/site-packages/airflow/example_dags/tutorial_taskflow_api.py
[2026-08-12T05:05:37.827+0000] {processor.py:925} INFO - DAG(s) 'tutorial_taskflow_api' retrieved from /home/airflow/.local/lib/python3.12/site-packages/airflow/example_dags/tutorial_taskflow_api.py
[2026-08-12T05:05:37.870+0000] {logging_mixin.py:190} INFO - [2026-08-12T05:05:37.870+0000] {dag.py:3211} INFO - Sync 1 DAGs
[2026-08-12T05:05:37.896+0000] {logging_mixin.py:190} INFO - [2026-08-12T05:05:37.896+0000] {dag.py:4138} INFO - Setting next_dagrun for tutorial_taskflow_api to None, run_after=None
[2026-08-12T05:05:37.925+0000] {processor.py:208} INFO - Processing /home/airflow/.local/lib/python3.12/site-packages/airflow/example_dags/tutorial_taskflow_api.py took 0.122 seconds
[2026-08-12T05:06:08.855+0000] {processor.py:186} INFO - Started process (PID=4164) to work on /home/airflow/.local/lib/python3.12/site-packages/airflow/example_dags/tutorial_taskflow_api.py
[2026-08-12T05:06:08.857+0000] {processor.py:914} INFO - Processing file /home/airflow/.local/lib/python3.12/site-packages/airflow/example_dags/tutorial_taskflow_api.py for tasks to queue
[2026-08-12T05:06:08.861+0000] {logging_mixin.py:190} INFO - [2026-08-12T05:06:08.861+0000] {dagbag.py:587} INFO - Filling up the DagBag from /home/airflow/.local/lib/python3.12/site-packages/airflow/example_dags/tutorial_taskflow_api.py
[2026-08-12T05:06:08.874+0000] {processor.py:925} INFO - DAG(s) 'tutorial_taskflow_api' retrieved from /home/airflow/.local/lib/python3.12/site-packages/airflow/example_dags/tutorial_taskflow_api.py
[2026-08-12T05:06:08.902+0000] {logging_mixin.py:190} INFO - [2026-08-12T05:06:08.901+0000] {dag.py:3211} INFO - Sync 1 DAGs
[2026-08-12T05:06:08.922+0000] {logging_mixin.py:190} INFO - [2026-08-12T05:06:08.922+0000] {dag.py:4138} INFO - Setting next_dagrun for tutorial_taskflow_api to None, run_after=None
[2026-08-12T05:06:08.949+0000] {processor.py:208} INFO - Processing /home/airflow/.local/lib/python3.12/site-packages/airflow/example_dags/tutorial_taskflow_api.py took 0.101 seconds
[2026-08-12T05:06:39.336+0000] {processor.py:186} INFO - Started process (PID=4227) to work on /home/airflow/.local/lib/python3.12/site-packages/airflow/example_dags/tutorial_taskflow_api.py
[2026-08-12T05:06:39.339+0000] {processor.py:914} INFO - Processing file /home/airflow/.local/lib/python3.12/site-packages/airflow/example_dags/tutorial_taskflow_api.py for tasks to queue
[2026-08-12T05:06:39.343+0000] {logging_mixin.py:190} INFO - [2026-08-12T05:06:39.342+0000] {dagbag.py:587} INFO - Filling up the DagBag from /home/airflow/.local/lib/python3.12/site-packages/airflow/example_dags/tutorial_taskflow_api.py
[2026-08-12T05:06:39.354+0000] {processor.py:925} INFO - DAG(s) 'tutorial_taskflow_api' retrieved from /home/airflow/.local/lib/python3.12/site-packages/airflow/example_dags/tutorial_taskflow_api.py
[2026-08-12T05:06:39.384+0000] {logging_mixin.py:190} INFO - [2026-08-12T05:06:39.383+0000] {dag.py:3211} INFO - Sync 1 DAGs
[2026-08-12T05:06:39.404+0000] {logging_mixin.py:190} INFO - [2026-08-12T05:06:39.404+0000] {dag.py:4138} INFO - Setting next_dagrun for tutorial_taskflow_api to None, run_after=None
[2026-08-12T05:06:39.428+0000] {processor.py:208} INFO - Processing /home/airflow/.local/lib/python3.12/site-packages/airflow/example_dags/tutorial_taskflow_api.py took 0.100 seconds
[2026-08-12T05:07:10.140+0000] {processor.py:186} INFO - Started process (PID=4290) to work on /home/airflow/.local/lib/python3.12/site-packages/airflow/example_dags/tutorial_taskflow_api.py
[2026-08-12T05:07:10.141+0000] {processor.py:914} INFO - Processing file /home/airflow/.local/lib/python3.12/site-packages/airflow/example_dags/tutorial_taskflow_api.py for tasks to queue
[2026-08-12T05:07:10.144+0000] {logging_mixin.py:190} INFO - [2026-08-12T05:07:10.144+0000] {dagbag.py:587} INFO - Filling up the DagBag from /home/airflow/.local/lib/python3.12/site-packages/airflow/example_dags/tutorial_taskflow_api.py
[2026-08-12T05:07:10.155+0000] {processor.py:925} INFO - DAG(s) 'tutorial_taskflow_api' retrieved from /home/airflow/.local/lib/python3.12/site-packages/airflow/example_dags/tutorial_taskflow_api.py
[2026-08-12T05:07:10.177+0000] {logging_mixin.py:190} INFO - [2026-08-12T05:07:10.177+0000] {dag.py:3211} INFO - Sync 1 DAGs
[2026-08-12T05:07:10.192+0000] {logging_mixin.py:190} INFO - [2026-08-12T05:07:10.192+0000] {dag.py:4138} INFO - Setting next_dagrun for tutorial_taskflow_api to None, run_after=None
[2026-08-12T05:07:10.213+0000] {processor.py:208} INFO - Processing /home/airflow/.local/lib/python3.12/site-packages/airflow/example_dags/tutorial_taskflow_api.py took 0.079 seconds
[2026-08-12T05:07:40.976+0000] {processor.py:186} INFO - Started process (PID=4353) to work on /home/airflow/.local/lib/python3.12/site-packages/airflow/example_dags/tutorial_taskflow_api.py
[2026-08-12T05:07:40.978+0000] {processor.py:914} INFO - Processing file /home/airflow/.local/lib/python3.12/site-packages/airflow/example_dags/tutorial_taskflow_api.py for tasks to queue
[2026-08-12T05:07:40.981+0000] {logging_mixin.py:190} INFO - [2026-08-12T05:07:40.980+0000] {dagbag.py:587} INFO - Filling up the DagBag from /home/airflow/.local/lib/python3.12/site-packages/airflow/example_dags/tutorial_taskflow_api.py
[2026-08-12T05:07:40.989+0000] {processor.py:925} INFO - DAG(s) 'tutorial_taskflow_api' retrieved from /home/airflow/.local/lib/python3.12/site-packages/airflow/example_dags/tutorial_taskflow_api.py
[2026-08-12T05:07:41.012+0000] {logging_mixin.py:190} INFO - [2026-08-12T05:07:41.012+0000] {dag.py:3211} INFO - Sync 1 DAGs
[2026-08-12T05:07:41.026+0000] {logging_mixin.py:190} INFO - [2026-08-12T05:07:41.026+0000] {dag.py:4138} INFO - Setting next_dagrun for tutorial_taskflow_api to None, run_after=None
[2026-08-12T05:07:41.047+0000] {processor.py:208} INFO - Processing /home/airflow/.local/lib/python3.12/site-packages/airflow/example_dags/tutorial_taskflow_api.py took 0.077 seconds
[2026-08-12T05:08:11.256+0000] {processor.py:186} INFO - Started process (PID=4416) to work on /home/airflow/.local/lib/python3.12/site-packages/airflow/example_dags/tutorial_taskflow_api.py
[2026-08-12T05:08:11.258+0000] {processor.py:914} INFO - Processing file /home/airflow/.local/lib/python3.12/site-packages/airflow/example_dags/tutorial_taskflow_api.py for tasks to queue
[2026-08-12T05:08:11.262+0000] {logging_mixin.py:190} INFO - [2026-08-12T05:08:11.262+0000] {dagbag.py:587} INFO - Filling up the DagBag from /home/airflow/.local/lib/python3.12/site-packages/airflow/example_dags/tutorial_taskflow_api.py
[2026-08-12T05:08:11.272+0000] {processor.py:925} INFO - DAG(s) 'tutorial_taskflow_api' retrieved from /home/airflow/.local/lib/python3.12/site-packages/airflow/example_dags/tutorial_taskflow_api.py
[2026-08-12T05:08:11.293+0000] {logging_mixin.py:190} INFO - [2026-08-12T05:08:11.293+0000] {dag.py:3211} INFO - Sync 1 DAGs
[2026-08-12T05:08:11.307+0000] {logging_mixin.py:190} INFO - [2026-08-12T05:08:11.306+0000] {dag.py:4138} INFO - Setting next_dagrun for tutorial_taskflow_api to None, run_after=None
[2026-08-12T05:08:11.326+0000] {processor.py:208} INFO - Processing /home/airflow/.local/lib/python3.12/site-packages/airflow/example_dags/tutorial_taskflow_api.py took 0.076 seconds
[2026-08-12T05:08:42.027+0000] {processor.py:186} INFO - Started process (PID=4479) to work on /home/airflow/.local/lib/python3.12/site-packages/airflow/example_dags/tutorial_taskflow_api.py
[2026-08-12T05:08:42.028+0000] {processor.py:914} INFO - Processing file /home/airflow/.local/lib/python3.12/site-packages/airflow/example_dags/tutorial_taskflow_api.py for tasks to queue
[2026-08-12T05:08:42.032+0000] {logging_mixin.py:190} INFO - [2026-08-12T05:08:42.032+0000] {dagbag.py:587} INFO - Filling up the DagBag from /home/airflow/.local/lib/python3.12/site-packages/airflow/example_dags/tutorial_taskflow_api.py
[2026-08-12T05:08:42.044+0000] {processor.py:925} INFO - DAG(s) 'tutorial_taskflow_api' retrieved from /home/airflow/.local/lib/python3.12/site-packages/airflow/example_dags/tutorial_taskflow_api.py
[2026-08-12T05:08:42.072+0000] {logging_mixin.py:190} INFO - [2026-08-12T05:08:42.072+0000] {dag.py:3211} INFO - Sync 1 DAGs
[2026-08-12T05:08:42.093+0000] {logging_mixin.py:190} INFO - [2026-08-12T05:08:42.092+0000] {dag.py:4138} INFO - Setting next_dagrun for tutorial_taskflow_api to None, run_after=None
[2026-08-12T05:08:42.118+0000] {processor.py:208} INFO - Processing /home/airflow/.local/lib/python3.12/site-packages/airflow/example_dags/tutorial_taskflow_api.py took 0.110 seconds
[2026-08-12T05:09:12.590+0000] {processor.py:186} INFO - Started process (PID=4542) to work on /home/airflow/.local/lib/python3.12/site-packages/airflow/example_dags/tutorial_taskflow_api.py
[2026-08-12T05:09:12.592+0000] {processor.py:914} INFO - Processing file /home/airflow/.local/lib/python3.12/site-packages/airflow/example_dags/tutorial_taskflow_api.py for tasks to queue
[2026-08-12T05:09:12.596+0000] {logging_mixin.py:190} INFO - [2026-08-12T05:09:12.595+0000] {dagbag.py:587} INFO - Filling up the DagBag from /home/airflow/.local/lib/python3.12/site-packages/airflow/example_dags/tutorial_taskflow_api.py
[2026-08-12T05:09:12.606+0000] {processor.py:925} INFO - DAG(s) 'tutorial_taskflow_api' retrieved from /home/airflow/.local/lib/python3.12/site-packages/airflow/example_dags/tutorial_taskflow_api.py
[2026-08-12T05:09:12.628+0000] {logging_mixin.py:190} INFO - [2026-08-12T05:09:12.627+0000] {dag.py:3211} INFO - Sync 1 DAGs
[2026-08-12T05:09:12.655+0000] {logging_mixin.py:190} INFO - [2026-08-12T05:09:12.655+0000] {dag.py:4138} INFO - Setting next_dagrun for tutorial_taskflow_api to None, run_after=None
[2026-08-12T05:09:12.677+0000] {processor.py:208} INFO - Processing /home/airflow/.local/lib/python3.12/site-packages/airflow/example_dags/tutorial_taskflow_api.py took 0.095 seconds
[2026-08-12T05:09:43.425+0000] {processor.py:186} INFO - Started process (PID=4605) to work on /home/airflow/.local/lib/python3.12/site-packages/airflow/example_dags/tutorial_taskflow_api.py
[2026-08-12T05:09:43.426+0000] {processor.py:914} INFO - Processing file /home/airflow/.local/lib/python3.12/site-packages/airflow/example_dags/tutorial_taskflow_api.py for tasks to queue
[2026-08-12T05:09:43.429+0000] {logging_mixin.py:190} INFO - [2026-08-12T05:09:43.429+0000] {dagbag.py:587} INFO - Filling up the DagBag from /home/airflow/.local/lib/python3.12/site-packages/airflow/example_dags/tutorial_taskflow_api.py
[2026-08-12T05:09:43.439+0000] {processor.py:925} INFO - DAG(s) 'tutorial_taskflow_api' retrieved from /home/airflow/.local/lib/python3.12/site-packages/airflow/example_dags/tutorial_taskflow_api.py
[2026-08-12T05:09:43.472+0000] {logging_mixin.py:190} INFO - [2026-08-12T05:09:43.472+0000] {dag.py:3211} INFO - Sync 1 DAGs
[2026-08-12T05:09:43.488+0000] {logging_mixin.py:190} INFO - [2026-08-12T05:09:43.487+0000] {dag.py:4138} INFO - Setting next_dagrun for tutorial_taskflow_api to None, run_after=None
[2026-08-12T05:09:43.513+0000] {processor.py:208} INFO - Processing /home/airflow/.local/lib/python3.12/site-packages/airflow/example_dags/tutorial_taskflow_api.py took 0.094 seconds
